{"type":"FeatureCollection","features":[{"type":"Feature","properties":{"ID":"113","Elevation":"6.843","Length(cm)":"50","width(cm)":"50","Depth(m)":"1","Condition":"Good","Material":"Metal\n"},"geometry":{"type":"Point","coordinates":[79.86383987610812,6.91183736853703]}},{"type":"Feature","properties":{"ID":"114","Elevation":"6.802","Length(cm)":"50","width(cm)":"50","Depth(m)":"1","Condition":"Good","Material":"Metal\n"},"geometry":{"type":"Point","coordinates":[79.86367519619294,6.911838861422339]}},{"type":"Feature","properties":{"ID":"115","Elevation":"6.807","Length(cm)":"50","width(cm)":"35","Depth(m)":"1","Condition":"Good","Material":"Metal\n"},"geometry":{"type":"Point","coordinates":[79.8635096027921,6.9118448735461]}},{"type":"Feature","properties":{"ID":"116","Elevation":"6.686","Length(cm)":"50","width(cm)":"40","Depth(m)":"1","Condition":"Good","Material":"Metal\n"},"geometry":{"type":"Point","coordinates":[79.86330602102704,6.911843579116233]}},{"type":"Feature","properties":{"ID":"117","Elevation":"6.552","Length(cm)":"50","width(cm)":"40","Depth(m)":"1","Condition":"Good","Material":"Metal\n"},"geometry":{"type":"Point","coordinates":[79.86312143171932,6.911846842061354]}},{"type":"Feature","properties":{"ID":"118","Elevation":"6.449","Length(cm)":"50","width(cm)":"40","Depth(m)":"1","Condition":"Good","Material":"Metal\n"},"geometry":{"type":"Point","coordinates":[79.86293956033761,6.911848301728706]}},{"type":"Feature","properties":{"ID":"119","Elevation":"6.388","Length(cm)":"50","width(cm)":"50","Depth(m)":"1","Condition":"Good","Material":"Metal\n"},"geometry":{"type":"Point","coordinates":[79.8627477359944,6.9118497422351535]}},{"type":"Feature","properties":{"ID":"120","Elevation":"6.346","Length(cm)":"50","width(cm)":"30","Depth(m)":"1","Condition":"Good","Material":"Metal\n"},"geometry":{"type":"Point","coordinates":[79.86255681473841,6.911852088605839]}},{"type":"Feature","properties":{"ID":"121","Elevation":"6.297","Length(cm)":"50","width(cm)":"50","Depth(m)":"1","Condition":"Good","Material":"Metal\n"},"geometry":{"type":"Point","coordinates":[79.86225009972229,6.911842457965047]}},{"type":"Feature","properties":{"ID":"122","Elevation":"6.203","Length(cm)":"50","width(cm)":"50","Depth(m)":"1","Condition":"Good","Material":"Metal\n"},"geometry":{"type":"Point","coordinates":[79.8619370788509,6.91181834768005]}},{"type":"Feature","properties":{"ID":"124","Elevation":"6.143","Length(cm)":"50","width(cm)":"50","Depth(m)":"1","Condition":"Good","Material":"Metal\n"},"geometry":{"type":"Point","coordinates":[79.86186100083097,6.911809394620859]}},{"type":"Feature","properties":{"ID":"125","Elevation":"6.174","Length(cm)":"50","width(cm)":"40","Depth(m)":"1","Condition":"Good","Material":"Metal\n"},"geometry":{"type":"Point","coordinates":[79.86163006773648,6.911783940754825]}},{"type":"Feature","properties":{"ID":"128","Elevation":"6.2","Length(cm)":"50","width(cm)":"30","Depth(m)":"1","Condition":"Good","Material":"Metal\n"},"geometry":{"type":"Point","coordinates":[79.86139719985353,6.911776531069759]}},{"type":"Feature","properties":{"ID":"129","Elevation":"6.194","Length(cm)":"50","width(cm)":"40","Depth(m)":"1","Condition":"Good","Material":"Metal\n"},"geometry":{"type":"Point","coordinates":[79.86112970920452,6.9117855384681945]}},{"type":"Feature","properties":{"ID":"130","Elevation":"6.194","Length(cm)":"50","width(cm)":"50","Depth(m)":"1","Condition":"Good","Material":"Metal\n"},"geometry":{"type":"Point","coordinates":[79.8609659870457,6.911792502720457]}},{"type":"Feature","properties":{"ID":"131","Elevation":"6.18","Length(cm)":"50","width(cm)":"30","Depth(m)":"1","Condition":"Good","Material":"Metal\n"},"geometry":{"type":"Point","coordinates":[79.86078182150268,6.911801308372273]}},{"type":"Feature","properties":{"ID":"133","Elevation":"6.119","Length(cm)":"50","width(cm)":"50","Depth(m)":"1","Condition":"Good","Material":"Metal\n"},"geometry":{"type":"Point","coordinates":[79.86049187258239,6.911815381015631]}},{"type":"Feature","properties":{"ID":"134","Elevation":"5.916","Length(cm)":"50","width(cm)":"50","Depth(m)":"1","Condition":"Good","Material":"Metal\n"},"geometry":{"type":"Point","coordinates":[79.86031995987416,6.911823360091302]}},{"type":"Feature","properties":{"ID":"135","Elevation":"5.587","Length(cm)":"50","width(cm)":"30","Depth(m)":"1","Condition":"Good","Material":"Metal\n"},"geometry":{"type":"Point","coordinates":[79.86007814399696,6.911834441698308]}},{"type":"Feature","properties":{"ID":"136","Elevation":"5.448","Length(cm)":"50","width(cm)":"40","Depth(m)":"1","Condition":"Good","Material":"Metal\n"},"geometry":{"type":"Point","coordinates":[79.8599447977536,6.911840803958358]}},{"type":"Feature","properties":{"ID":"139","Elevation":"5.148","Length(cm)":"50","width(cm)":"50","Depth(m)":"1","Condition":"Good","Material":"Metal\n"},"geometry":{"type":"Point","coordinates":[79.85966418899531,6.91185361912855]}},{"type":"Feature","properties":{"ID":"140","Elevation":"4.919","Length(cm)":"50","width(cm)":"40","Depth(m)":"1","Condition":"Good","Material":"Metal\n"},"geometry":{"type":"Point","coordinates":[79.85942332022161,6.911861546535094]}},{"type":"Feature","properties":{"ID":"142","Elevation":"4.772","Length(cm)":"50","width(cm)":"50","Depth(m)":"1","Condition":"Good","Material":"Metal\n"},"geometry":{"type":"Point","coordinates":[79.85930939488246,6.911889556579356]}},{"type":"Feature","properties":{"ID":"154","Elevation":"4.409","Length(cm)":"50","width(cm)":"50","Depth(m)":"1","Condition":"Good","Material":"Metal\n"},"geometry":{"type":"Point","coordinates":[79.85858684213157,6.9118949644783525]}},{"type":"Feature","properties":{"ID":"155","Elevation":"4.402","Length(cm)":"50","width(cm)":"50","Depth(m)":"1","Condition":"Good","Material":"Metal\n"},"geometry":{"type":"Point","coordinates":[79.85848264923796,6.911910650631447]}},{"type":"Feature","properties":{"ID":"156","Elevation":"4.394","Length(cm)":"50","width(cm)":"50","Depth(m)":"1","Condition":"Good","Material":"Metal\n"},"geometry":{"type":"Point","coordinates":[79.85847592398893,6.911911921646331]}},{"type":"Feature","properties":{"ID":"157","Elevation":"4.408","Length(cm)":"50","width(cm)":"50","Depth(m)":"1","Condition":"Good","Material":"Metal\n"},"geometry":{"type":"Point","coordinates":[79.85846828505181,6.911913100479483]}},{"type":"Feature","properties":{"ID":"158","Elevation":"4.494","Length(cm)":"50","width(cm)":"50","Depth(m)":"1","Condition":"Good","Material":"Metal\n"},"geometry":{"type":"Point","coordinates":[79.85843412405741,6.911910548072378]}},{"type":"Feature","properties":{"ID":"159","Elevation":"4.417","Length(cm)":"50","width(cm)":"50","Depth(m)":"1","Condition":"Good","Material":"Metal\n"},"geometry":{"type":"Point","coordinates":[79.85841914626351,6.911907444899191]}},{"type":"Feature","properties":{"ID":"160","Elevation":"4.411","Length(cm)":"50","width(cm)":"40","Depth(m)":"1","Condition":"Good","Material":"Metal\n"},"geometry":{"type":"Point","coordinates":[79.85836447530879,6.911913099335459]}},{"type":"Feature","properties":{"ID":"161","Elevation":"4.401","Length(cm)":"50","width(cm)":"40","Depth(m)":"1","Condition":"Good","Material":"Metal\n"},"geometry":{"type":"Point","coordinates":[79.85835962309528,6.91191433779039]}},{"type":"Feature","properties":{"ID":"166","Elevation":"4.419","Length(cm)":"50","width(cm)":"50","Depth(m)":"1","Condition":"Good","Material":"Metal\n"},"geometry":{"type":"Point","coordinates":[79.85824562375228,6.911961914487959]}},{"type":"Feature","properties":{"ID":"167","Elevation":"4.411","Length(cm)":"50","width(cm)":"50","Depth(m)":"1","Condition":"Good","Material":"Metal\n"},"geometry":{"type":"Point","coordinates":[79.85821173238305,6.911993116667125]}},{"type":"Feature","properties":{"ID":"168","Elevation":"4.506","Length(cm)":"50","width(cm)":"50","Depth(m)":"1","Condition":"Good","Material":"Metal\n"},"geometry":{"type":"Point","coordinates":[79.85814124226411,6.9120705979851165]}},{"type":"Feature","properties":{"ID":"169","Elevation":"4.363","Length(cm)":"50","width(cm)":"50","Depth(m)":"1","Condition":"Good","Material":"Metal\n"},"geometry":{"type":"Point","coordinates":[79.85810053092355,6.912208365993126]}},{"type":"Feature","properties":{"ID":"174","Elevation":"4.419","Length(cm)":"50","width(cm)":"40","Depth(m)":"1","Condition":"Good","Material":"Metal\n"},"geometry":{"type":"Point","coordinates":[79.85808831033088,6.912267477628779]}},{"type":"Feature","properties":{"ID":"175","Elevation":"4.394","Length(cm)":"50","width(cm)":"50","Depth(m)":"1","Condition":"Good","Material":"Metal\n"},"geometry":{"type":"Point","coordinates":[79.85837706523549,6.9116954083993285]}},{"type":"Feature","properties":{"ID":"176","Elevation":"4.442","Length(cm)":"50","width(cm)":"50","Depth(m)":"1","Condition":"Good","Material":"Metal\n"},"geometry":{"type":"Point","coordinates":[79.85825718970368,6.911688793640223]}},{"type":"Feature","properties":{"ID":"177","Elevation":"4.599","Length(cm)":"50","width(cm)":"50","Depth(m)":"1","Condition":"Good","Material":"Metal\n"},"geometry":{"type":"Point","coordinates":[79.85820813591542,6.911667242229325]}},{"type":"Feature","properties":{"ID":"182","Elevation":"4.396","Length(cm)":"50","width(cm)":"50","Depth(m)":"1","Condition":"Good","Material":"Metal\n"},"geometry":{"type":"Point","coordinates":[79.85847656555664,6.911663853411799]}},{"type":"Feature","properties":{"ID":"184","Elevation":"4.357","Length(cm)":"50","width(cm)":"50","Depth(m)":"1","Condition":"Good","Material":"Metal\n"},"geometry":{"type":"Point","coordinates":[79.85861197300845,6.911691195364866]}},{"type":"Feature","properties":{"ID":"187","Elevation":"4.466","Length(cm)":"50","width(cm)":"50","Depth(m)":"1","Condition":"Good","Material":"Metal\n"},"geometry":{"type":"Point","coordinates":[79.85879408035927,6.9116845386021835]}},{"type":"Feature","properties":{"ID":"190","Elevation":"4.527","Length(cm)":"50","width(cm)":"40","Depth(m)":"1","Condition":"Good","Material":"Metal\n"},"geometry":{"type":"Point","coordinates":[79.85896641268727,6.911679436264245]}},{"type":"Feature","properties":{"ID":"192","Elevation":"4.656","Length(cm)":"50","width(cm)":"30","Depth(m)":"1","Condition":"Good","Material":"Metal\n"},"geometry":{"type":"Point","coordinates":[79.85915341545713,6.911672598908016]}},{"type":"Feature","properties":{"ID":"193","Elevation":"4.808","Length(cm)":"50","width(cm)":"40","Depth(m)":"1","Condition":"Good","Material":"Metal\n"},"geometry":{"type":"Point","coordinates":[79.85936425088026,6.9116658887400115]}},{"type":"Feature","properties":{"ID":"197","Elevation":"5.023","Length(cm)":"50","width(cm)":"35","Depth(m)":"1","Condition":"Good","Material":"Metal\n"},"geometry":{"type":"Point","coordinates":[79.85953064044328,6.911664509135308]}},{"type":"Feature","properties":{"ID":"199","Elevation":"5.144","Length(cm)":"50","width(cm)":"40","Depth(m)":"1","Condition":"Good","Material":"Metal\n"},"geometry":{"type":"Point","coordinates":[79.85971682898256,6.911657624778327]}},{"type":"Feature","properties":{"ID":"202","Elevation":"5.395","Length(cm)":"50","width(cm)":"40","Depth(m)":"1","Condition":"Good","Material":"Metal\n"},"geometry":{"type":"Point","coordinates":[79.85989048600469,6.911650634857274]}},{"type":"Feature","properties":{"ID":"203","Elevation":"5.603","Length(cm)":"50","width(cm)":"40","Depth(m)":"1","Condition":"Good","Material":"Metal\n"},"geometry":{"type":"Point","coordinates":[79.8600694339039,6.911640146721814]}},{"type":"Feature","properties":{"ID":"205","Elevation":"5.712","Length(cm)":"50","width(cm)":"50","Depth(m)":"1","Condition":"Good","Material":"Metal\n"},"geometry":{"type":"Point","coordinates":[79.86023199745455,6.911633370427985]}},{"type":"Feature","properties":{"ID":"207","Elevation":"5.952","Length(cm)":"50","width(cm)":"40","Depth(m)":"1","Condition":"Good","Material":"Metal\n"},"geometry":{"type":"Point","coordinates":[79.8604248684824,6.911623930692067]}},{"type":"Feature","properties":{"ID":"208","Elevation":"6.081","Length(cm)":"50","width(cm)":"40","Depth(m)":"1","Condition":"Good","Material":"Metal\n"},"geometry":{"type":"Point","coordinates":[79.86061064423596,6.911615272939353]}},{"type":"Feature","properties":{"ID":"209","Elevation":"6.057","Length(cm)":"50","width(cm)":"30","Depth(m)":"1","Condition":"Good","Material":"Metal\n"},"geometry":{"type":"Point","coordinates":[79.86078429568752,6.9116064833028465]}},{"type":"Feature","properties":{"ID":"211","Elevation":"6.185","Length(cm)":"50","width(cm)":"40","Depth(m)":"1","Condition":"Good","Material":"Metal\n"},"geometry":{"type":"Point","coordinates":[79.86097192567192,6.911598163528889]}},{"type":"Feature","properties":{"ID":"213","Elevation":"6.144","Length(cm)":"50","width(cm)":"50","Depth(m)":"1","Condition":"Good","Material":"Metal\n"},"geometry":{"type":"Point","coordinates":[79.86115928990392,6.911586886407121]}},{"type":"Feature","properties":{"ID":"214","Elevation":"6.218","Length(cm)":"50","width(cm)":"50","Depth(m)":"1","Condition":"Good","Material":"Metal\n"},"geometry":{"type":"Point","coordinates":[79.86136580178996,6.911579425585858]}},{"type":"Feature","properties":{"ID":"216","Elevation":"6.201","Length(cm)":"50","width(cm)":"50","Depth(m)":"1","Condition":"Good","Material":"Metal\n"},"geometry":{"type":"Point","coordinates":[79.86156632895,6.9115786895356495]}},{"type":"Feature","properties":{"ID":"218","Elevation":"6.176","Length(cm)":"50","width(cm)":"50","Depth(m)":"1","Condition":"Good","Material":"Metal\n"},"geometry":{"type":"Point","coordinates":[79.86170513789422,6.911587672680769]}},{"type":"Feature","properties":{"ID":"219","Elevation":"6.166","Length(cm)":"50","width(cm)":"50","Depth(m)":"1","Condition":"Good","Material":"Metal\n"},"geometry":{"type":"Point","coordinates":[79.86178123753331,6.911594772173372]}},{"type":"Feature","properties":{"ID":"221","Elevation":"6.195","Length(cm)":"50","width(cm)":"50","Depth(m)":"1","Condition":"Good","Material":"Metal\n"},"geometry":{"type":"Point","coordinates":[79.8619373157586,6.911615100063895]}},{"type":"Feature","properties":{"ID":"223","Elevation":"6.146","Length(cm)":"50","width(cm)":"50","Depth(m)":"1","Condition":"Good","Material":"Metal\n"},"geometry":{"type":"Point","coordinates":[79.86210764527826,6.911630518279114]}},{"type":"Feature","properties":{"ID":"224","Elevation":"6.197","Length(cm)":"50","width(cm)":"50","Depth(m)":"1","Condition":"poor","Material":"Metal\n"},"geometry":{"type":"Point","coordinates":[79.86227698808212,6.911646187719733]}},{"type":"Feature","properties":{"ID":"227","Elevation":"6.612","Length(cm)":"50","width(cm)":"50","Depth(m)":"1","Condition":"Good","Material":"Metal\n"},"geometry":{"type":"Point","coordinates":[79.86242476173845,6.911651552943264]}},{"type":"Feature","properties":{"ID":"231","Elevation":"6.358","Length(cm)":"50","width(cm)":"50","Depth(m)":"1","Condition":"Good","Material":"Metal\n"},"geometry":{"type":"Point","coordinates":[79.86276147991754,6.91165202711521]}},{"type":"Feature","properties":{"ID":"232","Elevation":"6.473","Length(cm)":"50","width(cm)":"50","Depth(m)":"1","Condition":"Good","Material":"Metal\n"},"geometry":{"type":"Point","coordinates":[79.86291034851237,6.911652638149228]}},{"type":"Feature","properties":{"ID":"234","Elevation":"6.534","Length(cm)":"50","width(cm)":"50","Depth(m)":"1","Condition":"Good","Material":"Metal\n"},"geometry":{"type":"Point","coordinates":[79.86300026260854,6.9116514452193645]}},{"type":"Feature","properties":{"ID":"237","Elevation":"6.817","Length(cm)":"50","width(cm)":"35","Depth(m)":"1","Condition":"Good","Material":"Metal\n"},"geometry":{"type":"Point","coordinates":[79.86361203299779,6.911634949695389]}},{"type":"Feature","properties":{"ID":"238","Elevation":"6.859","Length(cm)":"50","width(cm)":"40","Depth(m)":"1","Condition":"Good","Material":"Metal\n"},"geometry":{"type":"Point","coordinates":[79.86370084898348,6.9116354725259805]}},{"type":"Feature","properties":{"ID":"239","Elevation":"6.878","Length(cm)":"50","width(cm)":"50","Depth(m)":"1","Condition":"Good","Material":"Metal\n"},"geometry":{"type":"Point","coordinates":[79.86378915354628,6.911633742878949]}},{"type":"Feature","properties":{"ID":"240","Elevation":"6.926","Length(cm)":"50","width(cm)":"50","Depth(m)":"1","Condition":"Good","Material":"Metal\n"},"geometry":{"type":"Point","coordinates":[79.86391957055517,6.911630873207147]}},{"type":"Feature","properties":{"ID":"241","Elevation":"6.992","Length(cm)":"50","width(cm)":"40","Depth(m)":"1","Condition":"Good","Material":"Metal\n"},"geometry":{"type":"Point","coordinates":[79.86407266957018,6.911628942110615]}},{"type":"Feature","properties":{"ID":"242","Elevation":"7.118","Length(cm)":"50","width(cm)":"50","Depth(m)":"1","Condition":"Good","Material":"Metal\n"},"geometry":{"type":"Point","coordinates":[79.86421538381835,6.911606809123126]}},{"type":"Feature","properties":{"ID":"1002","Elevation":"6.71","Length(cm)":"50","width(cm)":"50","Depth(m)":"1","Condition":"Good","Material":"Metal\n"},"geometry":{"type":"Point","coordinates":[79.86372880518523,6.907476153837124]}},{"type":"Feature","properties":{"ID":"1003","Elevation":"6.696","Length(cm)":"50","width(cm)":"50","Depth(m)":"1","Condition":"Good","Material":"Metal\n"},"geometry":{"type":"Point","coordinates":[79.86378214027516,6.907501573832114]}},{"type":"Feature","properties":{"ID":"1009","Elevation":"6.884","Length(cm)":"50","width(cm)":"50","Depth(m)":"1","Condition":"Good","Material":"Metal\n"},"geometry":{"type":"Point","coordinates":[79.86388519471085,6.907550598464565]}},{"type":"Feature","properties":{"ID":"1019","Elevation":"6.974","Length(cm)":"50","width(cm)":"40","Depth(m)":"1","Condition":"Good","Material":"Metal\n"},"geometry":{"type":"Point","coordinates":[79.86407374130467,6.907370117509656]}},{"type":"Feature","properties":{"ID":"1023","Elevation":"7.022","Length(cm)":"50","width(cm)":"40","Depth(m)":"1","Condition":"Good","Material":"Metal\n"},"geometry":{"type":"Point","coordinates":[79.86405134816447,6.907251623193058]}},{"type":"Feature","properties":{"ID":"1024","Elevation":"7.037","Length(cm)":"50","width(cm)":"40","Depth(m)":"1","Condition":"Good","Material":"Metal\n"},"geometry":{"type":"Point","coordinates":[79.86404329502412,6.907204588880835]}},{"type":"Feature","properties":{"ID":"1025","Elevation":"7.022","Length(cm)":"50","width(cm)":"30","Depth(m)":"1","Condition":"Good","Material":"Metal\n"},"geometry":{"type":"Point","coordinates":[79.86403524015165,6.907158458774832]}},{"type":"Feature","properties":{"ID":"1030","Elevation":"7.141","Length(cm)":"50","width(cm)":"30","Depth(m)":"1","Condition":"Good","Material":"Metal\n"},"geometry":{"type":"Point","coordinates":[79.86382009554535,6.906582065436809]}},{"type":"Feature","properties":{"ID":"1032","Elevation":"7.191","Length(cm)":"50","width(cm)":"30","Depth(m)":"1","Condition":"Good","Material":"Metal\n"},"geometry":{"type":"Point","coordinates":[79.86372540299075,6.9064191264286485]}},{"type":"Feature","properties":{"ID":"1035","Elevation":"7.195","Length(cm)":"50","width(cm)":"30","Depth(m)":"1","Condition":"Good","Material":"Metal\n"},"geometry":{"type":"Point","coordinates":[79.86366495786459,6.906326781325475]}},{"type":"Feature","properties":{"ID":"1036","Elevation":"7.198","Length(cm)":"50","width(cm)":"30","Depth(m)":"1","Condition":"Good","Material":"Metal\n"},"geometry":{"type":"Point","coordinates":[79.86356298188996,6.906187337797559]}},{"type":"Feature","properties":{"ID":"1039","Elevation":"7.174","Length(cm)":"50","width(cm)":"30","Depth(m)":"1","Condition":"Good","Material":"Metal\n"},"geometry":{"type":"Point","coordinates":[79.86346550225251,6.906062370216965]}},{"type":"Feature","properties":{"ID":"1040","Elevation":"7.185","Length(cm)":"50","width(cm)":"40","Depth(m)":"1","Condition":"Good","Material":"Metal\n"},"geometry":{"type":"Point","coordinates":[79.86340051238699,6.905980866901105]}},{"type":"Feature","properties":{"ID":"1042","Elevation":"7.171","Length(cm)":"50","width(cm)":"40","Depth(m)":"1","Condition":"Good","Material":"Metal\n"},"geometry":{"type":"Point","coordinates":[79.86334725551824,6.905914757611665]}},{"type":"Feature","properties":{"ID":"1043","Elevation":"7.181","Length(cm)":"50","width(cm)":"30","Depth(m)":"1","Condition":"Good","Material":"Metal\n"},"geometry":{"type":"Point","coordinates":[79.86328857851012,6.905844116889167]}},{"type":"Feature","properties":{"ID":"1044","Elevation":"7.178","Length(cm)":"50","width(cm)":"50","Depth(m)":"1","Condition":"Good","Material":"Metal\n"},"geometry":{"type":"Point","coordinates":[79.86321546107631,6.9057544601029655]}},{"type":"Feature","properties":{"ID":"1045","Elevation":"7.215","Length(cm)":"50","width(cm)":"30","Depth(m)":"1","Condition":"Good","Material":"Metal\n"},"geometry":{"type":"Point","coordinates":[79.86315406796072,6.905684718375161]}},{"type":"Feature","properties":{"ID":"1046","Elevation":"7.214","Length(cm)":"50","width(cm)":"50","Depth(m)":"1","Condition":"Good","Material":"Metal\n"},"geometry":{"type":"Point","coordinates":[79.86309538927372,6.905614981841737]}},{"type":"Feature","properties":{"ID":"1056","Elevation":"7.128","Length(cm)":"50","width(cm)":"50","Depth(m)":"1","Condition":"Good","Material":"Metal\n"},"geometry":{"type":"Point","coordinates":[79.86276987776144,6.905029334706211]}},{"type":"Feature","properties":{"ID":"1059","Elevation":"7.101","Length(cm)":"50","width(cm)":"40","Depth(m)":"1","Condition":"Good","Material":"Metal\n"},"geometry":{"type":"Point","coordinates":[79.86286999509706,6.9051940926488315]}},{"type":"Feature","properties":{"ID":"1061","Elevation":"7.107","Length(cm)":"50","width(cm)":"40","Depth(m)":"1","Condition":"Good","Material":"Metal\n"},"geometry":{"type":"Point","coordinates":[79.86298914285194,6.905343515479716]}},{"type":"Feature","properties":{"ID":"1067","Elevation":"7.088","Length(cm)":"50","width(cm)":"50","Depth(m)":"1","Condition":"Good","Material":"Metal\n"},"geometry":{"type":"Point","coordinates":[79.86309208053555,6.90545312202276]}},{"type":"Feature","properties":{"ID":"1071","Elevation":"7.15","Length(cm)":"50","width(cm)":"50","Depth(m)":"1","Condition":"Good","Material":"Metal\n"},"geometry":{"type":"Point","coordinates":[79.86319681399878,6.905569965664337]}},{"type":"Feature","properties":{"ID":"1074","Elevation":"7.161","Length(cm)":"50","width(cm)":"50","Depth(m)":"1","Condition":"Good","Material":"Metal\n"},"geometry":{"type":"Point","coordinates":[79.86327174621503,6.905656913297706]}},{"type":"Feature","properties":{"ID":"1076","Elevation":"7.142","Length(cm)":"50","width(cm)":"50","Depth(m)":"1","Condition":"Good","Material":"Metal\n"},"geometry":{"type":"Point","coordinates":[79.8633881936658,6.905799097209372]}},{"type":"Feature","properties":{"ID":"1078","Elevation":"7.154","Length(cm)":"50","width(cm)":"50","Depth(m)":"1","Condition":"Good","Material":"Metal\n"},"geometry":{"type":"Point","coordinates":[79.86346131287524,6.905887849767925]}},{"type":"Feature","properties":{"ID":"1081","Elevation":"7.119","Length(cm)":"50","width(cm)":"50","Depth(m)":"1","Condition":"Good","Material":"Metal\n"},"geometry":{"type":"Point","coordinates":[79.86355969555251,6.906013723284215]}},{"type":"Feature","properties":{"ID":"1083","Elevation":"7.129","Length(cm)":"50","width(cm)":"50","Depth(m)":"1","Condition":"Good","Material":"Metal\n"},"geometry":{"type":"Point","coordinates":[79.86362558505566,6.906097940933435]}},{"type":"Feature","properties":{"ID":"1087","Elevation":"7.152","Length(cm)":"50","width(cm)":"50","Depth(m)":"1","Condition":"Good","Material":"Metal\n"},"geometry":{"type":"Point","coordinates":[79.86368154426397,6.906170384839534]}},{"type":"Feature","properties":{"ID":"1088","Elevation":"7.164","Length(cm)":"50","width(cm)":"50","Depth(m)":"1","Condition":"Good","Material":"Metal\n"},"geometry":{"type":"Point","coordinates":[79.86375193529938,6.90626636581911]}},{"type":"Feature","properties":{"ID":"1092","Elevation":"7.156","Length(cm)":"50","width(cm)":"40","Depth(m)":"1","Condition":"Good","Material":"Metal\n"},"geometry":{"type":"Point","coordinates":[79.8638042597243,6.906346940642078]}},{"type":"Feature","properties":{"ID":"1093","Elevation":"7.123","Length(cm)":"50","width(cm)":"50","Depth(m)":"1","Condition":"Good","Material":"Metal\n"},"geometry":{"type":"Point","coordinates":[79.86387733055959,6.90646101093032]}},{"type":"Feature","properties":{"ID":"1098","Elevation":"7.119","Length(cm)":"50","width(cm)":"50","Depth(m)":"1","Condition":"Good","Material":"Metal\n"},"geometry":{"type":"Point","coordinates":[79.86394047456265,6.906561499065837]}},{"type":"Feature","properties":{"ID":"1102","Elevation":"7.111","Length(cm)":"50","width(cm)":"50","Depth(m)":"1","Condition":"Good","Material":"Metal\n"},"geometry":{"type":"Point","coordinates":[79.86402703782878,6.906717188806743]}},{"type":"Feature","properties":{"ID":"1105","Elevation":"7.178","Length(cm)":"50","width(cm)":"50","Depth(m)":"1","Condition":"Good","Material":"Metal\n"},"geometry":{"type":"Point","coordinates":[79.86412162136793,6.906937092769332]}},{"type":"Feature","properties":{"ID":"1108","Elevation":"7.24","Length(cm)":"50","width(cm)":"50","Depth(m)":"1","Condition":"Good","Material":"Metal\n"},"geometry":{"type":"Point","coordinates":[79.86415851048925,6.907045668523139]}},{"type":"Feature","properties":{"ID":"1112","Elevation":"7.25","Length(cm)":"50","width(cm)":"50","Depth(m)":"1","Condition":"Good","Material":"Metal\n"},"geometry":{"type":"Point","coordinates":[79.86419089638423,6.907143385142077]}},{"type":"Feature","properties":{"ID":"1113","Elevation":"7.313","Length(cm)":"50","width(cm)":"50","Depth(m)":"1","Condition":"Good","Material":"Metal\n"},"geometry":{"type":"Point","coordinates":[79.8642475509337,6.907325239698611]}},{"type":"Feature","properties":{"ID":"1114","Elevation":"7.333","Length(cm)":"50","width(cm)":"50","Depth(m)":"1","Condition":"Good","Material":"Metal\n"},"geometry":{"type":"Point","coordinates":[79.864315974947,6.907503499937501]}},{"type":"Feature","properties":{"ID":"1120","Elevation":"7.232","Length(cm)":"50","width(cm)":"50","Depth(m)":"1","Condition":"Good","Material":"Metal\n"},"geometry":{"type":"Point","coordinates":[79.86444680129705,6.907697251144764]}},{"type":"Feature","properties":{"ID":"1124","Elevation":"7.279","Length(cm)":"50","width(cm)":"50","Depth(m)":"1","Condition":"Good","Material":"Metal\n"},"geometry":{"type":"Point","coordinates":[79.86457507788884,6.907805097531837]}},{"type":"Feature","properties":{"ID":"1128","Elevation":"7.304","Length(cm)":"50","width(cm)":"50","Depth(m)":"1","Condition":"Good","Material":"Metal\n"},"geometry":{"type":"Point","coordinates":[79.86471074369327,6.9078342917832405]}},{"type":"Feature","properties":{"ID":"1132","Elevation":"7.307","Length(cm)":"50","width(cm)":"30","Depth(m)":"1","Condition":"Good","Material":"Metal\n"},"geometry":{"type":"Point","coordinates":[79.86478224779303,6.907821769626104]}},{"type":"Feature","properties":{"ID":"1137","Elevation":"7.316","Length(cm)":"50","width(cm)":"40","Depth(m)":"1","Condition":"Good","Material":"Metal\n"},"geometry":{"type":"Point","coordinates":[79.86490567143964,6.908101406505233]}},{"type":"Feature","properties":{"ID":"1139","Elevation":"7.302","Length(cm)":"50","width(cm)":"30","Depth(m)":"1","Condition":"Good","Material":"Metal\n"},"geometry":{"type":"Point","coordinates":[79.86485014385778,6.908275812774609]}},{"type":"Feature","properties":{"ID":"1145","Elevation":"7.247","Length(cm)":"50","width(cm)":"40","Depth(m)":"1","Condition":"Good","Material":"Metal\n"},"geometry":{"type":"Point","coordinates":[79.8646102395203,6.908343169553364]}},{"type":"Feature","properties":{"ID":"1153","Elevation":"7.025","Length(cm)":"50","width(cm)":"40","Depth(m)":"1","Condition":"Good","Material":"Metal\n"},"geometry":{"type":"Point","coordinates":[79.86442336366822,6.908595990655396]}},{"type":"Feature","properties":{"ID":"1161","Elevation":"6.822","Length(cm)":"50","width(cm)":"40","Depth(m)":"1","Condition":"Good","Material":"Metal\n"},"geometry":{"type":"Point","coordinates":[79.86409495067923,6.909050179420727]}},{"type":"Feature","properties":{"ID":"1164","Elevation":"6.811","Length(cm)":"50","width(cm)":"50","Depth(m)":"1","Condition":"Good","Material":"Metal\n"},"geometry":{"type":"Point","coordinates":[79.8640314440558,6.909138670357689]}},{"type":"Feature","properties":{"ID":"1165","Elevation":"6.808","Length(cm)":"50","width(cm)":"50","Depth(m)":"1","Condition":"Good","Material":"Metal\n"},"geometry":{"type":"Point","coordinates":[79.86400877004759,6.909166657436242]}},{"type":"Feature","properties":{"ID":"1169","Elevation":"6.747","Length(cm)":"50","width(cm)":"40","Depth(m)":"1","Condition":"Good","Material":"Metal\n"},"geometry":{"type":"Point","coordinates":[79.86391440619518,6.909303916576554]}},{"type":"Feature","properties":{"ID":"1177","Elevation":"6.615","Length(cm)":"50","width(cm)":"30","Depth(m)":"1","Condition":"Good","Material":"Metal\n"},"geometry":{"type":"Point","coordinates":[79.86369031783259,6.909616343837358]}},{"type":"Feature","properties":{"ID":"1179","Elevation":"6.499","Length(cm)":"50","width(cm)":"40","Depth(m)":"1","Condition":"Good","Material":"Metal\n"},"geometry":{"type":"Point","coordinates":[79.8636249823485,6.909714777498281]}},{"type":"Feature","properties":{"ID":"1181","Elevation":"6.518","Length(cm)":"50","width(cm)":"50","Depth(m)":"1","Condition":"Good","Material":"Metal\n"},"geometry":{"type":"Point","coordinates":[79.86360136878339,6.909760846937323]}},{"type":"Feature","properties":{"ID":"1188","Elevation":"6.882","Length(cm)":"50","width(cm)":"40","Depth(m)":"1","Condition":"Good","Material":"Metal\n"},"geometry":{"type":"Point","coordinates":[79.86394505295523,6.910308551950258]}},{"type":"Feature","properties":{"ID":"1193","Elevation":"6.837","Length(cm)":"50","width(cm)":"40","Depth(m)":"1","Condition":"Good","Material":"Metal\n"},"geometry":{"type":"Point","coordinates":[79.864299807127,6.910745964442458]}},{"type":"Feature","properties":{"ID":"1195","Elevation":"6.782","Length(cm)":"50","width(cm)":"50","Depth(m)":"1","Condition":"Good","Material":"Metal\n"},"geometry":{"type":"Point","coordinates":[79.86433771222859,6.910796672746193]}},{"type":"Feature","properties":{"ID":"1201","Elevation":"6.797","Length(cm)":"50","width(cm)":"50","Depth(m)":"1","Condition":"Good","Material":"Metal\n"},"geometry":{"type":"Point","coordinates":[79.86451448032605,6.911097208708653]}},{"type":"Feature","properties":{"ID":"1202","Elevation":"6.788","Length(cm)":"50","width(cm)":"40","Depth(m)":"1","Condition":"Good","Material":"Metal\n"},"geometry":{"type":"Point","coordinates":[79.86457669068416,6.911213066612235]}},{"type":"Feature","properties":{"ID":"1227","Elevation":"6.328","Length(cm)":"50","width(cm)":"50","Depth(m)":"1","Condition":"Good","Material":"Metal\n"},"geometry":{"type":"Point","coordinates":[79.86338062077407,6.909746860836365]}},{"type":"Feature","properties":{"ID":"1228","Elevation":"6.371","Length(cm)":"50","width(cm)":"50","Depth(m)":"1","Condition":"Good","Material":"Metal\n"},"geometry":{"type":"Point","coordinates":[79.86341048129076,6.909746013846791]}},{"type":"Feature","properties":{"ID":"1234","Elevation":"6.695","Length(cm)":"50","width(cm)":"40","Depth(m)":"1","Condition":"Good","Material":"Metal\n"},"geometry":{"type":"Point","coordinates":[79.86392746886365,6.909097781835777]}},{"type":"Feature","properties":{"ID":"1237","Elevation":"6.735","Length(cm)":"50","width(cm)":"40","Depth(m)":"1","Condition":"Good","Material":"Metal\n"},"geometry":{"type":"Point","coordinates":[79.86400186096039,6.9089948444058225]}},{"type":"Feature","properties":{"ID":"1239","Elevation":"6.837","Length(cm)":"50","width(cm)":"50","Depth(m)":"1","Condition":"Good","Material":"Metal\n"},"geometry":{"type":"Point","coordinates":[79.86406173619099,6.908912675984333]}},{"type":"Feature","properties":{"ID":"1250","Elevation":"7.098","Length(cm)":"50","width(cm)":"30","Depth(m)":"1","Condition":"Good","Material":"Metal\n"},"geometry":{"type":"Point","coordinates":[79.86449812114486,6.90830226559026]}},{"type":"Feature","properties":{"ID":"1251","Elevation":"6.795","Length(cm)":"50","width(cm)":"30","Depth(m)":"1","Condition":"Good","Material":"Metal\n"},"geometry":{"type":"Point","coordinates":[79.86334109963919,6.910066875189069]}},{"type":"Feature","properties":{"ID":"1253","Elevation":"6.708","Length(cm)":"50","width(cm)":"30","Depth(m)":"1","Condition":"Good","Material":"Metal\n"},"geometry":{"type":"Point","coordinates":[79.86344317338559,6.910155683307584]}},{"type":"Feature","properties":{"ID":"1254","Elevation":"6.665","Length(cm)":"50","width(cm)":"30","Depth(m)":"1","Condition":"Good","Material":"Metal\n"},"geometry":{"type":"Point","coordinates":[79.8635389117481,6.910245383479148]}},{"type":"Feature","properties":{"ID":"1256","Elevation":"6.687","Length(cm)":"50","width(cm)":"30","Depth(m)":"1","Condition":"Good","Material":"Metal\n"},"geometry":{"type":"Point","coordinates":[79.86363464494295,6.910337796253917]}},{"type":"Feature","properties":{"ID":"1257","Elevation":"6.74","Length(cm)":"50","width(cm)":"30","Depth(m)":"1","Condition":"Good","Material":"Metal\n"},"geometry":{"type":"Point","coordinates":[79.86372043737454,6.91042386050458]}},{"type":"Feature","properties":{"ID":"1259","Elevation":"6.779","Length(cm)":"50","width(cm)":"30","Depth(m)":"1","Condition":"Good","Material":"Metal\n"},"geometry":{"type":"Point","coordinates":[79.8638107296212,6.910522592294514]}},{"type":"Feature","properties":{"ID":"1260","Elevation":"6.776","Length(cm)":"50","width(cm)":"30","Depth(m)":"1","Condition":"Good","Material":"Metal\n"},"geometry":{"type":"Point","coordinates":[79.86390011188877,6.910624034956965]}},{"type":"Feature","properties":{"ID":"1261","Elevation":"6.853","Length(cm)":"50","width(cm)":"30","Depth(m)":"1","Condition":"Good","Material":"Metal\n"},"geometry":{"type":"Point","coordinates":[79.86398044952632,6.910723651865472]}},{"type":"Feature","properties":{"ID":"1262","Elevation":"6.792","Length(cm)":"50","width(cm)":"30","Depth(m)":"1","Condition":"Good","Material":"Metal\n"},"geometry":{"type":"Point","coordinates":[79.86404994503737,6.910815110115321]}},{"type":"Feature","properties":{"ID":"1264","Elevation":"6.852","Length(cm)":"50","width(cm)":"40","Depth(m)":"1","Condition":"Good","Material":"Metal\n"},"geometry":{"type":"Point","coordinates":[79.8641374779014,6.910937346020915]}},{"type":"Feature","properties":{"ID":"1265","Elevation":"6.81","Length(cm)":"50","width(cm)":"40","Depth(m)":"1","Condition":"Good","Material":"Metal\n"},"geometry":{"type":"Point","coordinates":[79.86422228943059,6.911063193542483]}},{"type":"Feature","properties":{"ID":"1266","Elevation":"6.847","Length(cm)":"50","width(cm)":"30","Depth(m)":"1","Condition":"Good","Material":"Metal\n"},"geometry":{"type":"Point","coordinates":[79.86428992339532,6.911181774487931]}},{"type":"Feature","properties":{"ID":"1267","Elevation":"6.863","Length(cm)":"50","width(cm)":"30","Depth(m)":"1","Condition":"Good","Material":"Metal\n"},"geometry":{"type":"Point","coordinates":[79.8643250603388,6.911260507989535]}},{"type":"Feature","properties":{"ID":"1268","Elevation":"6.894","Length(cm)":"50","width(cm)":"30","Depth(m)":"1","Condition":"Good","Material":"Metal\n"},"geometry":{"type":"Point","coordinates":[79.86434661640206,6.911343736534504]}},{"type":"Feature","properties":{"ID":"2001","Elevation":"7.21","Length(cm)":"50","width(cm)":"35","Depth(m)":"1","Condition":"Good","Material":"Metal\n"},"geometry":{"type":"Point","coordinates":[79.86429182615615,6.9078289691801]}},{"type":"Feature","properties":{"ID":"2005","Elevation":"6.978","Length(cm)":"50","width(cm)":"40","Depth(m)":"1","Condition":"Good","Material":"Metal\n"},"geometry":{"type":"Point","coordinates":[79.86407123669552,6.907732700745786]}},{"type":"Feature","properties":{"ID":"2009","Elevation":"6.984","Length(cm)":"50","width(cm)":"40","Depth(m)":"1","Condition":"Good","Material":"Metal\n"},"geometry":{"type":"Point","coordinates":[79.8639934873499,6.907699096153631]}},{"type":"Feature","properties":{"ID":"2014","Elevation":"6.708","Length(cm)":"50","width(cm)":"40","Depth(m)":"1","Condition":"Good","Material":"Metal\n"},"geometry":{"type":"Point","coordinates":[79.86377020614027,6.907591067718685]}},{"type":"Feature","properties":{"ID":"2022","Elevation":"6.694","Length(cm)":"50","width(cm)":"35","Depth(m)":"1","Condition":"Good","Material":"Metal\n"},"geometry":{"type":"Point","coordinates":[79.86359120164279,6.90751386711382]}},{"type":"Feature","properties":{"ID":"2029","Elevation":"6.596","Length(cm)":"50","width(cm)":"35","Depth(m)":"1","Condition":"Good","Material":"Metal\n"},"geometry":{"type":"Point","coordinates":[79.86337331304982,6.907424837240004]}},{"type":"Feature","properties":{"ID":"2038","Elevation":"6.676","Length(cm)":"50","width(cm)":"35","Depth(m)":"1","Condition":"Good","Material":"Metal\n"},"geometry":{"type":"Point","coordinates":[79.86320425463275,6.907351272395916]}},{"type":"Feature","properties":{"ID":"2039","Elevation":"6.694","Length(cm)":"50","width(cm)":"35","Depth(m)":"1","Condition":"Good","Material":"Metal\n"},"geometry":{"type":"Point","coordinates":[79.8631174313332,6.907331213430535]}},{"type":"Feature","properties":{"ID":"2044","Elevation":"6.765","Length(cm)":"50","width(cm)":"35","Depth(m)":"1","Condition":"Good","Material":"Metal\n"},"geometry":{"type":"Point","coordinates":[79.86296099170765,6.907282990548633]}},{"type":"Feature","properties":{"ID":"2046","Elevation":"6.831","Length(cm)":"100","width(cm)":"50","Depth(m)":"1","Condition":"Good","Material":"Metal\n"},"geometry":{"type":"Point","coordinates":[79.86292482026003,6.907272070714075]}},{"type":"Feature","properties":{"ID":"2048","Elevation":"6.69","Length(cm)":"50","width(cm)":"40","Depth(m)":"1","Condition":"Good","Material":"Metal\n"},"geometry":{"type":"Point","coordinates":[79.86289757020329,6.9073271752528695]}},{"type":"Feature","properties":{"ID":"2054","Elevation":"6.65","Length(cm)":"50","width(cm)":"40","Depth(m)":"1","Condition":"Good","Material":"Metal\n"},"geometry":{"type":"Point","coordinates":[79.86284058646245,6.907317119731224]}},{"type":"Feature","properties":{"ID":"2055","Elevation":"6.828","Length(cm)":"50","width(cm)":"40","Depth(m)":"1","Condition":"Good","Material":"Metal\n"},"geometry":{"type":"Point","coordinates":[79.8628389087413,6.907248396611686]}},{"type":"Feature","properties":{"ID":"2060","Elevation":"6.904","Length(cm)":"50","width(cm)":"40","Depth(m)":"1","Condition":"Good","Material":"Metal\n"},"geometry":{"type":"Point","coordinates":[79.86271139695695,6.9072137922387755]}},{"type":"Feature","properties":{"ID":"2064","Elevation":"6.872","Length(cm)":"50","width(cm)":"40","Depth(m)":"1","Condition":"Good","Material":"Metal\n"},"geometry":{"type":"Point","coordinates":[79.86255765622302,6.907173712290958]}},{"type":"Feature","properties":{"ID":"2068","Elevation":"6.894","Length(cm)":"50","width(cm)":"40","Depth(m)":"1","Condition":"Good","Material":"Metal\n"},"geometry":{"type":"Point","coordinates":[79.86242017252019,6.907149035026905]}},{"type":"Feature","properties":{"ID":"2071","Elevation":"6.904","Length(cm)":"50","width(cm)":"40","Depth(m)":"1","Condition":"Good","Material":"Metal\n"},"geometry":{"type":"Point","coordinates":[79.86232971966474,6.907134394221757]}},{"type":"Feature","properties":{"ID":"2076","Elevation":"7.001","Length(cm)":"50","width(cm)":"40","Depth(m)":"1","Condition":"Good","Material":"Metal\n"},"geometry":{"type":"Point","coordinates":[79.86216599140229,6.907112379183235]}},{"type":"Feature","properties":{"ID":"2082","Elevation":"6.955","Length(cm)":"50","width(cm)":"40","Depth(m)":"1","Condition":"Good","Material":"Metal\n"},"geometry":{"type":"Point","coordinates":[79.8620357218846,6.907100374577523]}},{"type":"Feature","properties":{"ID":"2087","Elevation":"6.999","Length(cm)":"50","width(cm)":"40","Depth(m)":"1","Condition":"Good","Material":"Metal\n"},"geometry":{"type":"Point","coordinates":[79.86187277686132,6.907141655576121]}},{"type":"Feature","properties":{"ID":"2092","Elevation":"6.876","Length(cm)":"50","width(cm)":"40","Depth(m)":"1","Condition":"Good","Material":"Metal\n"},"geometry":{"type":"Point","coordinates":[79.86162500071542,6.907067939171325]}},{"type":"Feature","properties":{"ID":"2094","Elevation":"6.729","Length(cm)":"50","width(cm)":"40","Depth(m)":"1","Condition":"Good","Material":"Metal\n"},"geometry":{"type":"Point","coordinates":[79.86148115393935,6.907058620986187]}},{"type":"Feature","properties":{"ID":"2097","Elevation":"6.606","Length(cm)":"150","width(cm)":"50","Depth(m)":"1","Condition":"Good","Material":"Metal\n"},"geometry":{"type":"Point","coordinates":[79.8612937669772,6.90710618432697]}},{"type":"Feature","properties":{"ID":"2099","Elevation":"6.591","Length(cm)":"50","width(cm)":"40","Depth(m)":"1","Condition":"Good","Material":"Metal\n"},"geometry":{"type":"Point","coordinates":[79.86125666993068,6.907106113101846]}},{"type":"Feature","properties":{"ID":"2101","Elevation":"6.451","Length(cm)":"50","width(cm)":"40","Depth(m)":"1","Condition":"Good","Material":"Metal\n"},"geometry":{"type":"Point","coordinates":[79.8611862237127,6.907039066383609]}},{"type":"Feature","properties":{"ID":"2105","Elevation":"6.414","Length(cm)":"50","width(cm)":"50","Depth(m)":"1","Condition":"Good","Material":"Metal\n"},"geometry":{"type":"Point","coordinates":[79.86106409752693,6.907027077154236]}},{"type":"Feature","properties":{"ID":"2110","Elevation":"5.97","Length(cm)":"50","width(cm)":"40","Depth(m)":"1","Condition":"Good","Material":"Metal\n"},"geometry":{"type":"Point","coordinates":[79.860826140564,6.907023003289827]}},{"type":"Feature","properties":{"ID":"2113","Elevation":"5.71","Length(cm)":"50","width(cm)":"50","Depth(m)":"1","Condition":"Good","Material":"Metal\n"},"geometry":{"type":"Point","coordinates":[79.86066779434445,6.907025411724536]}},{"type":"Feature","properties":{"ID":"2115","Elevation":"5.542","Length(cm)":"50","width(cm)":"50","Depth(m)":"1","Condition":"Good","Material":"Metal\n"},"geometry":{"type":"Point","coordinates":[79.86050490670391,6.907036853466794]}},{"type":"Feature","properties":{"ID":"2116","Elevation":"5.568","Length(cm)":"50","width(cm)":"40","Depth(m)":"1","Condition":"Good","Material":"Metal\n"},"geometry":{"type":"Point","coordinates":[79.8604976665186,6.907037743762948]}},{"type":"Feature","properties":{"ID":"2123","Elevation":"5.547","Length(cm)":"50","width(cm)":"40","Depth(m)":"1","Condition":"Good","Material":"Metal\n"},"geometry":{"type":"Point","coordinates":[79.86043882631074,6.907052098032023]}},{"type":"Feature","properties":{"ID":"2124","Elevation":"5.541","Length(cm)":"60","width(cm)":"50","Depth(m)":"1","Condition":"Good","Material":"Metal\n"},"geometry":{"type":"Point","coordinates":[79.86043339747654,6.9070520875993635]}},{"type":"Feature","properties":{"ID":"2125","Elevation":"5.572","Length(cm)":"50","width(cm)":"40","Depth(m)":"1","Condition":"Good","Material":"Metal\n"},"geometry":{"type":"Point","coordinates":[79.8603428473035,6.9070880819250124]}},{"type":"Feature","properties":{"ID":"2127","Elevation":"5.572","Length(cm)":"50","width(cm)":"40","Depth(m)":"1","Condition":"Good","Material":"Metal\n"},"geometry":{"type":"Point","coordinates":[79.86024683347772,6.907142149902413]}},{"type":"Feature","properties":{"ID":"2147","Elevation":"6.737","Length(cm)":"50","width(cm)":"40","Depth(m)":"1","Condition":"Good","Material":"Metal\n"},"geometry":{"type":"Point","coordinates":[79.86378214374255,6.907499765419789]}},{"type":"Feature","properties":{"ID":"2148","Elevation":"6.908","Length(cm)":"50","width(cm)":"40","Depth(m)":"1","Condition":"Good","Material":"Metal\n"},"geometry":{"type":"Point","coordinates":[79.86388519644436,6.9075496942583765]}},{"type":"Feature","properties":{"ID":"2149","Elevation":"6.69","Length(cm)":"50","width(cm)":"40","Depth(m)":"1","Condition":"Good","Material":"Metal\n"},"geometry":{"type":"Point","coordinates":[79.86372880345145,6.907477058043278]}},{"type":"Feature","properties":{"ID":"2151","Elevation":"6.576","Length(cm)":"50","width(cm)":"50","Depth(m)":"1","Condition":"Good","Material":"Metal\n"},"geometry":{"type":"Point","coordinates":[79.86364834322282,6.90744163979293]}},{"type":"Feature","properties":{"ID":"2156","Elevation":"6.672","Length(cm)":"50","width(cm)":"50","Depth(m)":"1","Condition":"Good","Material":"Metal\n"},"geometry":{"type":"Point","coordinates":[79.86354708804996,6.907398043817894]}},{"type":"Feature","properties":{"ID":"2157","Elevation":"6.609","Length(cm)":"50","width(cm)":"50","Depth(m)":"1","Condition":"Good","Material":"Metal\n"},"geometry":{"type":"Point","coordinates":[79.86345938592649,6.907364420087573]}},{"type":"Feature","properties":{"ID":"2158","Elevation":"6.803","Length(cm)":"50","width(cm)":"50","Depth(m)":"1","Condition":"Good","Material":"Metal\n"},"geometry":{"type":"Point","coordinates":[79.8633364206285,6.90731806985883]}},{"type":"Feature","properties":{"ID":"2164","Elevation":"6.824","Length(cm)":"50","width(cm)":"50","Depth(m)":"1","Condition":"Good","Material":"Metal\n"},"geometry":{"type":"Point","coordinates":[79.86318542369447,6.9072626237999755]}},{"type":"Feature","properties":{"ID":"2165","Elevation":"6.83","Length(cm)":"50","width(cm)":"50","Depth(m)":"1","Condition":"Good","Material":"Metal\n"},"geometry":{"type":"Point","coordinates":[79.8630787241581,6.907227155187983]}},{"type":"Feature","properties":{"ID":"2168","Elevation":"6.852","Length(cm)":"50","width(cm)":"50","Depth(m)":"1","Condition":"Good","Material":"Metal\n"},"geometry":{"type":"Point","coordinates":[79.86302356391612,6.907209869508974]}},{"type":"Feature","properties":{"ID":"2176","Elevation":"6.874","Length(cm)":"50","width(cm)":"50","Depth(m)":"1","Condition":"Good","Material":"Metal\n"},"geometry":{"type":"Point","coordinates":[79.86276311845363,6.907137033599346]}},{"type":"Feature","properties":{"ID":"2177","Elevation":"6.943","Length(cm)":"50","width(cm)":"50","Depth(m)":"1","Condition":"Good","Material":"Metal\n"},"geometry":{"type":"Point","coordinates":[79.86267449081541,6.907114258474197]}},{"type":"Feature","properties":{"ID":"2183","Elevation":"6.896","Length(cm)":"50","width(cm)":"50","Depth(m)":"1","Condition":"Good","Material":"Metal\n"},"geometry":{"type":"Point","coordinates":[79.86249360419328,6.907075030679214]}},{"type":"Feature","properties":{"ID":"2187","Elevation":"6.908","Length(cm)":"50","width(cm)":"50","Depth(m)":"1","Condition":"Good","Material":"Metal\n"},"geometry":{"type":"Point","coordinates":[79.86232988635392,6.907047590463734]}},{"type":"Feature","properties":{"ID":"2190","Elevation":"6.947","Length(cm)":"50","width(cm)":"50","Depth(m)":"1","Condition":"Good","Material":"Metal\n"},"geometry":{"type":"Point","coordinates":[79.8622412413981,6.907033857320768]}},{"type":"Feature","properties":{"ID":"2191","Elevation":"6.977","Length(cm)":"50","width(cm)":"50","Depth(m)":"1","Condition":"Good","Material":"Metal\n"},"geometry":{"type":"Point","coordinates":[79.86207298220026,6.907015450401552]}},{"type":"Feature","properties":{"ID":"2194","Elevation":"6.964","Length(cm)":"50","width(cm)":"50","Depth(m)":"1","Condition":"Good","Material":"Metal\n"},"geometry":{"type":"Point","coordinates":[79.8619743809241,6.907003506529803]}},{"type":"Feature","properties":{"ID":"2197","Elevation":"6.921","Length(cm)":"50","width(cm)":"50","Depth(m)":"1","Condition":"Good","Material":"Metal\n"},"geometry":{"type":"Point","coordinates":[79.86183234723306,6.906992383512579]}},{"type":"Feature","properties":{"ID":"2201","Elevation":"6.938","Length(cm)":"50","width(cm)":"50","Depth(m)":"1","Condition":"Good","Material":"Metal\n"},"geometry":{"type":"Point","coordinates":[79.86175454608522,6.906985904760858]}},{"type":"Feature","properties":{"ID":"2202","Elevation":"6.918","Length(cm)":"100","width(cm)":"50","Depth(m)":"1","Condition":"Good","Material":"Metal\n"},"geometry":{"type":"Point","coordinates":[79.86166317459065,6.906978495744804]}},{"type":"Feature","properties":{"ID":"2206","Elevation":"6.838","Length(cm)":"50","width(cm)":"50","Depth(m)":"1","Condition":"Good","Material":"Metal\n"},"geometry":{"type":"Point","coordinates":[79.86154194624673,6.906970125197197]}},{"type":"Feature","properties":{"ID":"2211","Elevation":"6.745","Length(cm)":"50","width(cm)":"50","Depth(m)":"1","Condition":"Good","Material":"Metal\n"},"geometry":{"type":"Point","coordinates":[79.8614406201622,6.906963601241578]}},{"type":"Feature","properties":{"ID":"2226","Elevation":"6.463","Length(cm)":"50","width(cm)":"50","Depth(m)":"1","Condition":"Good","Material":"Metal\n"},"geometry":{"type":"Point","coordinates":[79.86113211791384,6.906944020560534]}},{"type":"Feature","properties":{"ID":"2229","Elevation":"6.383","Length(cm)":"50","width(cm)":"50","Depth(m)":"1","Condition":"Good","Material":"Metal\n"},"geometry":{"type":"Point","coordinates":[79.8609982171105,6.9069383381693035]}},{"type":"Feature","properties":{"ID":"2233","Elevation":"6.227","Length(cm)":"50","width(cm)":"50","Depth(m)":"1","Condition":"Good","Material":"Metal\n"},"geometry":{"type":"Point","coordinates":[79.86089597581557,6.906937237594825]}},{"type":"Feature","properties":{"ID":"2238","Elevation":"6.009","Length(cm)":"50","width(cm)":"50","Depth(m)":"1","Condition":"Good","Material":"Metal\n"},"geometry":{"type":"Point","coordinates":[79.8607303981348,6.906936015329405]}},{"type":"Feature","properties":{"ID":"2244","Elevation":"5.63","Length(cm)":"50","width(cm)":"50","Depth(m)":"1","Condition":"Good","Material":"Metal\n"},"geometry":{"type":"Point","coordinates":[79.86052228416544,6.906940136527189]}},{"type":"Feature","properties":{"ID":"2245","Elevation":"5.606","Length(cm)":"50","width(cm)":"50","Depth(m)":"1","Condition":"Good","Material":"Metal\n"},"geometry":{"type":"Point","coordinates":[79.86045803601561,6.906943629904662]}},{"type":"Feature","properties":{"ID":"2249","Elevation":"5.455","Length(cm)":"50","width(cm)":"40","Depth(m)":"1","Condition":"Good","Material":"Metal\n"},"geometry":{"type":"Point","coordinates":[79.86027072040011,6.906954120418816]}},{"type":"Feature","properties":{"ID":"2252","Elevation":"5.464","Length(cm)":"50","width(cm)":"50","Depth(m)":"1","Condition":"Good","Material":"Metal\n"},"geometry":{"type":"Point","coordinates":[79.8602100897325,6.906958524923916]}},{"type":"Feature","properties":{"ID":"2253","Elevation":"5.453","Length(cm)":"50","width(cm)":"50","Depth(m)":"1","Condition":"Good","Material":"Metal\n"},"geometry":{"type":"Point","coordinates":[79.86014131407522,6.90696381797266]}},{"type":"Feature","properties":{"ID":"2255","Elevation":"5.449","Length(cm)":"40","width(cm)":"50","Depth(m)":"1","Condition":"Good","Material":"Metal\n"},"geometry":{"type":"Point","coordinates":[79.86006079335313,6.906960046345894]}},{"type":"Feature","properties":{"ID":"3005","Elevation":"7.26","Length(cm)":"50","width(cm)":"50","Depth(m)":"1","Condition":"Good","Material":"Metal\n"},"geometry":{"type":"Point","coordinates":[79.86042193389254,6.898719636528882]}},{"type":"Feature","properties":{"ID":"3019","Elevation":"7.263","Length(cm)":"50","width(cm)":"50","Depth(m)":"1","Condition":"Good","Material":"Metal\n"},"geometry":{"type":"Point","coordinates":[79.86013258665625,6.899041431520264]}},{"type":"Feature","properties":{"ID":"3031","Elevation":"7.369","Length(cm)":"50","width(cm)":"40","Depth(m)":"1","Condition":"Good","Material":"Metal\n"},"geometry":{"type":"Point","coordinates":[79.8598777070032,6.899299798943861]}},{"type":"Feature","properties":{"ID":"3035","Elevation":"7.544","Length(cm)":"50","width(cm)":"40","Depth(m)":"1","Condition":"Good","Material":"Metal\n"},"geometry":{"type":"Point","coordinates":[79.85974465299653,6.899518262422787]}},{"type":"Feature","properties":{"ID":"3041","Elevation":"7.421","Length(cm)":"50","width(cm)":"40","Depth(m)":"1","Condition":"Good","Material":"Metal\n"},"geometry":{"type":"Point","coordinates":[79.85964339974237,6.899733405208739]}},{"type":"Feature","properties":{"ID":"3044","Elevation":"7.352","Length(cm)":"50","width(cm)":"40","Depth(m)":"1","Condition":"Good","Material":"Metal\n"},"geometry":{"type":"Point","coordinates":[79.85952526103316,6.899719108716178]}},{"type":"Feature","properties":{"ID":"3051","Elevation":"7.416","Length(cm)":"50","width(cm)":"50","Depth(m)":"1","Condition":"Good","Material":"Metal\n"},"geometry":{"type":"Point","coordinates":[79.85956694219092,6.8997957752900225]}},{"type":"Feature","properties":{"ID":"3066","Elevation":"7.551","Length(cm)":"50","width(cm)":"40","Depth(m)":"1","Condition":"Good","Material":"Metal\n"},"geometry":{"type":"Point","coordinates":[79.85954618879347,6.90008596832664]}},{"type":"Feature","properties":{"ID":"3071","Elevation":"7.517","Length(cm)":"50","width(cm)":"40","Depth(m)":"1","Condition":"Good","Material":"Metal\n"},"geometry":{"type":"Point","coordinates":[79.85948734749127,6.900270612212193]}},{"type":"Feature","properties":{"ID":"3080","Elevation":"7.445","Length(cm)":"50","width(cm)":"50","Depth(m)":"1","Condition":"Good","Material":"Metal\n"},"geometry":{"type":"Point","coordinates":[79.85937280167887,6.900636596565496]}},{"type":"Feature","properties":{"ID":"3085","Elevation":"7.354","Length(cm)":"50","width(cm)":"40","Depth(m)":"1","Condition":"Good","Material":"Metal\n"},"geometry":{"type":"Point","coordinates":[79.85931190699357,6.900825594746222]}},{"type":"Feature","properties":{"ID":"3090","Elevation":"5.468","Length(cm)":"50","width(cm)":"40","Depth(m)":"1","Condition":"Good","Material":"Metal\n"},"geometry":{"type":"Point","coordinates":[79.85927829159647,6.900963042170805]}},{"type":"Feature","properties":{"ID":"3093","Elevation":"10.09","Length(cm)":"50","width(cm)":"40","Depth(m)":"1","Condition":"Good","Material":"Metal\n"},"geometry":{"type":"Point","coordinates":[79.85923982164486,6.901140590950064]}},{"type":"Feature","properties":{"ID":"3100","Elevation":"8.556","Length(cm)":"40","width(cm)":"35","Depth(m)":"1","Condition":"Good","Material":"Metal\n"},"geometry":{"type":"Point","coordinates":[79.85919559731948,6.90122405479549]}},{"type":"Feature","properties":{"ID":"3105","Elevation":"7.12","Length(cm)":"40","width(cm)":"35","Depth(m)":"1","Condition":"Good","Material":"Metal\n"},"geometry":{"type":"Point","coordinates":[79.85912491004106,6.901414354244347]}},{"type":"Feature","properties":{"ID":"3115","Elevation":"6.301","Length(cm)":"50","width(cm)":"50","Depth(m)":"1","Condition":"Good","Material":"Metal\n"},"geometry":{"type":"Point","coordinates":[79.85899278500275,6.90183585014113]}},{"type":"Feature","properties":{"ID":"3122","Elevation":"5.955","Length(cm)":"50","width(cm)":"40","Depth(m)":"1","Condition":"Good","Material":"Metal\n"},"geometry":{"type":"Point","coordinates":[79.8589354104295,6.902015035291325]}},{"type":"Feature","properties":{"ID":"3127","Elevation":"5.727","Length(cm)":"50","width(cm)":"40","Depth(m)":"1","Condition":"Good","Material":"Metal\n"},"geometry":{"type":"Point","coordinates":[79.85887816842437,6.902195830173815]}},{"type":"Feature","properties":{"ID":"3129","Elevation":"5.484","Length(cm)":"50","width(cm)":"40","Depth(m)":"1","Condition":"Good","Material":"Metal\n"},"geometry":{"type":"Point","coordinates":[79.8588163687431,6.902389383697614]}},{"type":"Feature","properties":{"ID":"3130","Elevation":"5.357","Length(cm)":"50","width(cm)":"40","Depth(m)":"1","Condition":"Good","Material":"Metal\n"},"geometry":{"type":"Point","coordinates":[79.85875094571807,6.902594449849343]}},{"type":"Feature","properties":{"ID":"3138","Elevation":"5.258","Length(cm)":"50","width(cm)":"50","Depth(m)":"1","Condition":"Good","Material":"Metal\n"},"geometry":{"type":"Point","coordinates":[79.85867653748603,6.902827936047681]}},{"type":"Feature","properties":{"ID":"3145","Elevation":"5.204","Length(cm)":"50","width(cm)":"50","Depth(m)":"1","Condition":"Good","Material":"Metal\n"},"geometry":{"type":"Point","coordinates":[79.85859216357504,6.903039882884624]}},{"type":"Feature","properties":{"ID":"3150","Elevation":"5.301","Length(cm)":"60","width(cm)":"50","Depth(m)":"1","Condition":"Good","Material":"Metal\n"},"geometry":{"type":"Point","coordinates":[79.85855242495175,6.903058541603698]}},{"type":"Feature","properties":{"ID":"3153","Elevation":"4.858","Length(cm)":"50","width(cm)":"40","Depth(m)":"1","Condition":"Good","Material":"Metal\n"},"geometry":{"type":"Point","coordinates":[79.85850836019503,6.90312476239402]}},{"type":"Feature","properties":{"ID":"3163","Elevation":"5.046","Length(cm)":"50","width(cm)":"50","Depth(m)":"1","Condition":"Good","Material":"Metal\n"},"geometry":{"type":"Point","coordinates":[79.85844867698474,6.9034734639658915]}},{"type":"Feature","properties":{"ID":"3174","Elevation":"4.952","Length(cm)":"50","width(cm)":"40","Depth(m)":"1","Condition":"Good","Material":"Metal\n"},"geometry":{"type":"Point","coordinates":[79.85832213463055,6.903945840994071]}},{"type":"Feature","properties":{"ID":"3178","Elevation":"4.789","Length(cm)":"50","width(cm)":"50","Depth(m)":"1","Condition":"Good","Material":"Metal\n"},"geometry":{"type":"Point","coordinates":[79.8582287555814,6.904121249401683]}},{"type":"Feature","properties":{"ID":"3186","Elevation":"5.015","Length(cm)":"50","width(cm)":"50","Depth(m)":"1","Condition":"Good","Material":"Metal\n"},"geometry":{"type":"Point","coordinates":[79.85832612647083,6.9042453495847305]}},{"type":"Feature","properties":{"ID":"3193","Elevation":"5.183","Length(cm)":"50","width(cm)":"50","Depth(m)":"1","Condition":"Good","Material":"Metal\n"},"geometry":{"type":"Point","coordinates":[79.85837524166011,6.9046383045561255]}},{"type":"Feature","properties":{"ID":"3205","Elevation":"4.856","Length(cm)":"60","width(cm)":"40","Depth(m)":"1","Condition":"Good","Material":"Metal\n"},"geometry":{"type":"Point","coordinates":[79.85842079821002,6.905182888399368]}},{"type":"Feature","properties":{"ID":"3206","Elevation":"4.859","Length(cm)":"50","width(cm)":"50","Depth(m)":"1","Condition":"Good","Material":"Metal\n"},"geometry":{"type":"Point","coordinates":[79.85842163835102,6.90518827005611]}},{"type":"Feature","properties":{"ID":"3220","Elevation":"5.06","Length(cm)":"50","width(cm)":"50","Depth(m)":"1","Condition":"Good","Material":"Metal\n"},"geometry":{"type":"Point","coordinates":[79.85852750654503,6.905631029582413]}},{"type":"Feature","properties":{"ID":"3270","Elevation":"5.785","Length(cm)":"50","width(cm)":"50","Depth(m)":"1","Condition":"Good","Material":"Metal\n"},"geometry":{"type":"Point","coordinates":[79.85912781383631,6.906215589295999]}},{"type":"Feature","properties":{"ID":"3274","Elevation":"5.65","Length(cm)":"60","width(cm)":"40","Depth(m)":"1","Condition":"Good","Material":"Metal\n"},"geometry":{"type":"Point","coordinates":[79.85929887156952,6.906349750309285]}},{"type":"Feature","properties":{"ID":"3275","Elevation":"5.769","Length(cm)":"60","width(cm)":"40","Depth(m)":"1","Condition":"Good","Material":"Metal\n"},"geometry":{"type":"Point","coordinates":[79.85936691386313,6.906429198376003]}},{"type":"Feature","properties":{"ID":"3278","Elevation":"5.848","Length(cm)":"40","width(cm)":"30","Depth(m)":"1","Condition":"Good","Material":"Metal\n"},"geometry":{"type":"Point","coordinates":[79.85944624615274,6.906537883128932]}},{"type":"Feature","properties":{"ID":"3280","Elevation":"5.64","Length(cm)":"50","width(cm)":"50","Depth(m)":"1","Condition":"Good","Material":"Metal\n"},"geometry":{"type":"Point","coordinates":[79.85945784229877,6.906614853575368]}},{"type":"Feature","properties":{"ID":"3290","Elevation":"5.818","Length(cm)":"40","width(cm)":"20","Depth(m)":"1","Condition":"Good","Material":"Metal\n"},"geometry":{"type":"Point","coordinates":[79.85969149611428,6.906875244847308]}},{"type":"Feature","properties":{"ID":"3298","Elevation":"5.827","Length(cm)":"50","width(cm)":"50","Depth(m)":"1","Condition":"Good","Material":"Metal\n"},"geometry":{"type":"Point","coordinates":[79.85983599136706,6.907083391222644]}},{"type":"Feature","properties":{"ID":"3303","Elevation":"5.796","Length(cm)":"60","width(cm)":"40","Depth(m)":"1","Condition":"Good","Material":"Metal\n"},"geometry":{"type":"Point","coordinates":[79.85993757064612,6.907235656341245]}},{"type":"Feature","properties":{"ID":"3310","Elevation":"5.914","Length(cm)":"50","width(cm)":"50","Depth(m)":"1","Condition":"Good","Material":"Metal\n"},"geometry":{"type":"Point","coordinates":[79.86004987646464,6.907409091507269]}},{"type":"Feature","properties":{"ID":"3320","Elevation":"5.846","Length(cm)":"60","width(cm)":"40","Depth(m)":"1","Condition":"Good","Material":"Metal\n"},"geometry":{"type":"Point","coordinates":[79.85970647499903,6.906703862847679]}},{"type":"Feature","properties":{"ID":"3323","Elevation":"5.832","Length(cm)":"60","width(cm)":"40","Depth(m)":"1","Condition":"Good","Material":"Metal\n"},"geometry":{"type":"Point","coordinates":[79.85957607793162,6.9065327166533335]}},{"type":"Feature","properties":{"ID":"4001","Elevation":"6.05","Length(cm)":"50","width(cm)":"40","Depth(m)":"1","Condition":"Good","Material":"Metal\n"},"geometry":{"type":"Point","coordinates":[79.86014568010955,6.907562954983985]}},{"type":"Feature","properties":{"ID":"4007","Elevation":"6.162","Length(cm)":"50","width(cm)":"40","Depth(m)":"1","Condition":"Good","Material":"Metal\n"},"geometry":{"type":"Point","coordinates":[79.86024328134977,6.90771839522698]}},{"type":"Feature","properties":{"ID":"4009","Elevation":"6.252","Length(cm)":"50","width(cm)":"50","Depth(m)":"1","Condition":"Good","Material":"Metal\n"},"geometry":{"type":"Point","coordinates":[79.86033876592445,6.907868858241273]}},{"type":"Feature","properties":{"ID":"4014","Elevation":"6.382","Length(cm)":"50","width(cm)":"50","Depth(m)":"1","Condition":"Good","Material":"Metal\n"},"geometry":{"type":"Point","coordinates":[79.86045959177027,6.90808176034478]}},{"type":"Feature","properties":{"ID":"4015","Elevation":"6.37","Length(cm)":"50","width(cm)":"50","Depth(m)":"1","Condition":"Good","Material":"Metal\n"},"geometry":{"type":"Point","coordinates":[79.86045971826931,6.908081851008768]}},{"type":"Feature","properties":{"ID":"4019","Elevation":"6.583","Length(cm)":"50","width(cm)":"50","Depth(m)":"1","Condition":"Good","Material":"Metal\n"},"geometry":{"type":"Point","coordinates":[79.86053239137128,6.908312925568743]}},{"type":"Feature","properties":{"ID":"4026","Elevation":"6.709","Length(cm)":"50","width(cm)":"50","Depth(m)":"1","Condition":"Good","Material":"Metal\n"},"geometry":{"type":"Point","coordinates":[79.86057836867543,6.908550730385747]}},{"type":"Feature","properties":{"ID":"4032","Elevation":"6.692","Length(cm)":"50","width(cm)":"40","Depth(m)":"1","Condition":"Good","Material":"Metal\n"},"geometry":{"type":"Point","coordinates":[79.86060775947031,6.908709294647364]}},{"type":"Feature","properties":{"ID":"4035","Elevation":"6.731","Length(cm)":"50","width(cm)":"40","Depth(m)":"1","Condition":"Good","Material":"Metal\n"},"geometry":{"type":"Point","coordinates":[79.86056102295328,6.908762553136905]}},{"type":"Feature","properties":{"ID":"4042","Elevation":"6.712","Length(cm)":"50","width(cm)":"50","Depth(m)":"1","Condition":"Good","Material":"Metal\n"},"geometry":{"type":"Point","coordinates":[79.86066643582758,6.909024704970968]}},{"type":"Feature","properties":{"ID":"4062","Elevation":"6.676","Length(cm)":"50","width(cm)":"50","Depth(m)":"1","Condition":"Good","Material":"Metal\n"},"geometry":{"type":"Point","coordinates":[79.86065111687456,6.909217724079266]}},{"type":"Feature","properties":{"ID":"4063","Elevation":"6.679","Length(cm)":"50","width(cm)":"50","Depth(m)":"1","Condition":"Good","Material":"Metal\n"},"geometry":{"type":"Point","coordinates":[79.86065540132319,6.909219992834948]}},{"type":"Feature","properties":{"ID":"4069","Elevation":"6.797","Length(cm)":"50","width(cm)":"50","Depth(m)":"1","Condition":"Good","Material":"Metal\n"},"geometry":{"type":"Point","coordinates":[79.86047510452197,6.909311242630812]}},{"type":"Feature","properties":{"ID":"4071","Elevation":"6.876","Length(cm)":"50","width(cm)":"50","Depth(m)":"1","Condition":"Good","Material":"Metal\n"},"geometry":{"type":"Point","coordinates":[79.860282207856,6.909372086716433]}},{"type":"Feature","properties":{"ID":"4077","Elevation":"6.993","Length(cm)":"50","width(cm)":"50","Depth(m)":"1","Condition":"Good","Material":"Metal\n"},"geometry":{"type":"Point","coordinates":[79.8601075270496,6.909445986350313]}},{"type":"Feature","properties":{"ID":"4079","Elevation":"7.036","Length(cm)":"50","width(cm)":"50","Depth(m)":"1","Condition":"Good","Material":"Metal\n"},"geometry":{"type":"Point","coordinates":[79.85999252455655,6.909498028430747]}},{"type":"Feature","properties":{"ID":"4087","Elevation":"7.092","Length(cm)":"50","width(cm)":"40","Depth(m)":"1","Condition":"Good","Material":"Metal\n"},"geometry":{"type":"Point","coordinates":[79.85986373637273,6.909557548892297]}},{"type":"Feature","properties":{"ID":"4088","Elevation":"7.032","Length(cm)":"50","width(cm)":"40","Depth(m)":"1","Condition":"Good","Material":"Metal\n"},"geometry":{"type":"Point","coordinates":[79.85987497464774,6.909552597363587]}},{"type":"Feature","properties":{"ID":"4094","Elevation":"6.814","Length(cm)":"50","width(cm)":"40","Depth(m)":"1","Condition":"Good","Material":"Metal\n"},"geometry":{"type":"Point","coordinates":[79.86009164781888,6.9095680239614765]}},{"type":"Feature","properties":{"ID":"4096","Elevation":"6.824","Length(cm)":"50","width(cm)":"40","Depth(m)":"1","Condition":"Good","Material":"Metal\n"},"geometry":{"type":"Point","coordinates":[79.86024332125417,6.909502489241757]}},{"type":"Feature","properties":{"ID":"4098","Elevation":"6.798","Length(cm)":"50","width(cm)":"40","Depth(m)":"1","Condition":"Good","Material":"Metal\n"},"geometry":{"type":"Point","coordinates":[79.86040074854357,6.909446730982302]}},{"type":"Feature","properties":{"ID":"4099","Elevation":"6.699","Length(cm)":"50","width(cm)":"50","Depth(m)":"1","Condition":"Good","Material":"Metal\n"},"geometry":{"type":"Point","coordinates":[79.86051966829228,6.9094090732424425]}},{"type":"Feature","properties":{"ID":"4103","Elevation":"6.681","Length(cm)":"50","width(cm)":"50","Depth(m)":"1","Condition":"Good","Material":"Metal\n"},"geometry":{"type":"Point","coordinates":[79.86076507230638,6.909347697016153]}},{"type":"Feature","properties":{"ID":"4114","Elevation":"6.496","Length(cm)":"50","width(cm)":"50","Depth(m)":"1","Condition":"Good","Material":"Metal\n"},"geometry":{"type":"Point","coordinates":[79.86102707729337,6.909311037445835]}},{"type":"Feature","properties":{"ID":"4115","Elevation":"6.403","Length(cm)":"50","width(cm)":"50","Depth(m)":"1","Condition":"Good","Material":"Metal\n"},"geometry":{"type":"Point","coordinates":[79.86114276526737,6.90930239843246]}},{"type":"Feature","properties":{"ID":"4120","Elevation":"6.353","Length(cm)":"50","width(cm)":"50","Depth(m)":"1","Condition":"Good","Material":"Metal\n"},"geometry":{"type":"Point","coordinates":[79.86131950896197,6.909294328754331]}},{"type":"Feature","properties":{"ID":"4121","Elevation":"7.435","Length(cm)":"50","width(cm)":"50","Depth(m)":"1","Condition":"Good","Material":"Metal\n"},"geometry":{"type":"Point","coordinates":[79.86152620051963,6.909305847423117]}},{"type":"Feature","properties":{"ID":"4124","Elevation":"6.403","Length(cm)":"50","width(cm)":"40","Depth(m)":"1","Condition":"Good","Material":"Metal\n"},"geometry":{"type":"Point","coordinates":[79.86158967630686,6.909327760728769]}},{"type":"Feature","properties":{"ID":"4125","Elevation":"6.662","Length(cm)":"50","width(cm)":"50","Depth(m)":"1","Condition":"Good","Material":"Metal\n"},"geometry":{"type":"Point","coordinates":[79.86162245072313,6.9093784593491705]}},{"type":"Feature","properties":{"ID":"4128","Elevation":"6.389","Length(cm)":"50","width(cm)":"50","Depth(m)":"1","Condition":"Good","Material":"Metal\n"},"geometry":{"type":"Point","coordinates":[79.86168000535704,6.909374048797773]}},{"type":"Feature","properties":{"ID":"4129","Elevation":"6.253","Length(cm)":"50","width(cm)":"40","Depth(m)":"1","Condition":"Good","Material":"Metal\n"},"geometry":{"type":"Point","coordinates":[79.86180883010684,6.909417788539046]}},{"type":"Feature","properties":{"ID":"4130","Elevation":"6.254","Length(cm)":"50","width(cm)":"40","Depth(m)":"1","Condition":"Good","Material":"Metal\n"},"geometry":{"type":"Point","coordinates":[79.86181447317016,6.909419336525914]}},{"type":"Feature","properties":{"ID":"4131","Elevation":"6.432","Length(cm)":"50","width(cm)":"40","Depth(m)":"1","Condition":"Good","Material":"Metal\n"},"geometry":{"type":"Point","coordinates":[79.8618106597795,6.909435604966953]}},{"type":"Feature","properties":{"ID":"4132","Elevation":"6.667","Length(cm)":"50","width(cm)":"40","Depth(m)":"1","Condition":"Good","Material":"Metal\n"},"geometry":{"type":"Point","coordinates":[79.86179527160151,6.909453026661711]}},{"type":"Feature","properties":{"ID":"4136","Elevation":"6.345","Length(cm)":"50","width(cm)":"40","Depth(m)":"1","Condition":"Good","Material":"Metal\n"},"geometry":{"type":"Point","coordinates":[79.86196118059472,6.909437702282187]}},{"type":"Feature","properties":{"ID":"4137","Elevation":"6.395","Length(cm)":"50","width(cm)":"40","Depth(m)":"1","Condition":"Good","Material":"Metal\n"},"geometry":{"type":"Point","coordinates":[79.8620104317215,6.909446025102153]}},{"type":"Feature","properties":{"ID":"4143","Elevation":"6.361","Length(cm)":"50","width(cm)":"40","Depth(m)":"1","Condition":"Good","Material":"Metal\n"},"geometry":{"type":"Point","coordinates":[79.86214446785212,6.909475849941215]}},{"type":"Feature","properties":{"ID":"4148","Elevation":"6.336","Length(cm)":"50","width(cm)":"40","Depth(m)":"1","Condition":"Good","Material":"Metal\n"},"geometry":{"type":"Point","coordinates":[79.86226940910743,6.909511172971109]}},{"type":"Feature","properties":{"ID":"4150","Elevation":"6.415","Length(cm)":"50","width(cm)":"50","Depth(m)":"1","Condition":"Good","Material":"Metal\n"},"geometry":{"type":"Point","coordinates":[79.86238285737583,6.909547468553628]}},{"type":"Feature","properties":{"ID":"4158","Elevation":"6.671","Length(cm)":"50","width(cm)":"50","Depth(m)":"1","Condition":"Good","Material":"Metal\n"},"geometry":{"type":"Point","coordinates":[79.8605536037221,6.908057165703605]}},{"type":"Feature","properties":{"ID":"4162","Elevation":"6.661","Length(cm)":"50","width(cm)":"50","Depth(m)":"1","Condition":"Good","Material":"Metal\n"},"geometry":{"type":"Point","coordinates":[79.8605899964877,6.908141146204995]}},{"type":"Feature","properties":{"ID":"4163","Elevation":"6.743","Length(cm)":"50","width(cm)":"50","Depth(m)":"1","Condition":"Good","Material":"Metal\n"},"geometry":{"type":"Point","coordinates":[79.86061027341725,6.908230430567192]}},{"type":"Feature","properties":{"ID":"4167","Elevation":"6.695","Length(cm)":"50","width(cm)":"50","Depth(m)":"1","Condition":"Good","Material":"Metal\n"},"geometry":{"type":"Point","coordinates":[79.86065578008584,6.9084777286682435]}},{"type":"Feature","properties":{"ID":"4169","Elevation":"6.618","Length(cm)":"50","width(cm)":"50","Depth(m)":"1","Condition":"Good","Material":"Metal\n"},"geometry":{"type":"Point","coordinates":[79.8606959917326,6.908688396141937]}},{"type":"Feature","properties":{"ID":"4174","Elevation":"6.728","Length(cm)":"50","width(cm)":"50","Depth(m)":"1","Condition":"Good","Material":"Metal\n"},"geometry":{"type":"Point","coordinates":[79.86073357127614,6.908889202682546]}},{"type":"Feature","properties":{"ID":"4192","Elevation":"6.61","Length(cm)":"50","width(cm)":"50","Depth(m)":"1","Condition":"Good","Material":"Metal\n"},"geometry":{"type":"Point","coordinates":[79.86083743166617,6.90919647152408]}},{"type":"Feature","properties":{"ID":"4195","Elevation":"6.652","Length(cm)":"50","width(cm)":"40","Depth(m)":"1","Condition":"Good","Material":"Metal\n"},"geometry":{"type":"Point","coordinates":[79.86094604331632,6.909216391954131]}},{"type":"Feature","properties":{"ID":"4208","Elevation":"6.276","Length(cm)":"40","width(cm)":"30","Depth(m)":"1","Condition":"Good","Material":"Metal\n"},"geometry":{"type":"Point","coordinates":[79.86159739062802,6.909207334916364]}},{"type":"Feature","properties":{"ID":"4210","Elevation":"6.286","Length(cm)":"50","width(cm)":"50","Depth(m)":"1","Condition":"Good","Material":"Metal\n"},"geometry":{"type":"Point","coordinates":[79.86174466205023,6.909209968577541]}},{"type":"Feature","properties":{"ID":"4211","Elevation":"6.237","Length(cm)":"50","width(cm)":"50","Depth(m)":"1","Condition":"Good","Material":"Metal\n"},"geometry":{"type":"Point","coordinates":[79.8618410426233,6.9092194669275555]}},{"type":"Feature","properties":{"ID":"4215","Elevation":"6.288","Length(cm)":"50","width(cm)":"40","Depth(m)":"1","Condition":"Good","Material":"Metal\n"},"geometry":{"type":"Point","coordinates":[79.86194059388619,6.909236385857129]}},{"type":"Feature","properties":{"ID":"4224","Elevation":"6.262","Length(cm)":"50","width(cm)":"50","Depth(m)":"1","Condition":"Good","Material":"Metal\n"},"geometry":{"type":"Point","coordinates":[79.86219448884752,6.909285971602087]}},{"type":"Feature","properties":{"ID":"4226","Elevation":"6.394","Length(cm)":"60","width(cm)":"50","Depth(m)":"1","Condition":"Good","Material":"Metal\n"},"geometry":{"type":"Point","coordinates":[79.86230505399527,6.909315841779844]}},{"type":"Feature","properties":{"ID":"4233","Elevation":"5.975","Length(cm)":"50","width(cm)":"50","Depth(m)":"1","Condition":"Good","Material":"Metal\n"},"geometry":{"type":"Point","coordinates":[79.862566119241,6.908991098515443]}},{"type":"Feature","properties":{"ID":"4242","Elevation":"6.333","Length(cm)":"50","width(cm)":"40","Depth(m)":"1","Condition":"Good","Material":"Metal\n"},"geometry":{"type":"Point","coordinates":[79.86253953038721,6.909384984309165]}},{"type":"Feature","properties":{"ID":"4243","Elevation":"6.375","Length(cm)":"50","width(cm)":"40","Depth(m)":"1","Condition":"Good","Material":"Metal\n"},"geometry":{"type":"Point","coordinates":[79.86247616861499,6.909364915928739]}},{"type":"Feature","properties":{"ID":"4249","Elevation":"6.435","Length(cm)":"50","width(cm)":"40","Depth(m)":"1","Condition":"Good","Material":"Metal\n"},"geometry":{"type":"Point","coordinates":[79.86284580520626,6.909505270836688]}},{"type":"Feature","properties":{"ID":"4251","Elevation":"6.443","Length(cm)":"50","width(cm)":"50","Depth(m)":"1","Condition":"Good","Material":"Metal\n"},"geometry":{"type":"Point","coordinates":[79.86308744470698,6.9095855214993485]}},{"type":"Feature","properties":{"ID":"4252","Elevation":"6.366","Length(cm)":"50","width(cm)":"50","Depth(m)":"1","Condition":"Good","Material":"Metal\n"},"geometry":{"type":"Point","coordinates":[79.8631022084974,6.9096246839747595]}},{"type":"Feature","properties":{"ID":"4253","Elevation":"6.369","Length(cm)":"50","width(cm)":"50","Depth(m)":"1","Condition":"Good","Material":"Metal\n"},"geometry":{"type":"Point","coordinates":[79.8631749605384,6.909664536292008]}},{"type":"Feature","properties":{"ID":"4255","Elevation":"6.411","Length(cm)":"50","width(cm)":"50","Depth(m)":"1","Condition":"Good","Material":"Metal\n"},"geometry":{"type":"Point","coordinates":[79.86321921639733,6.909692109075687]}},{"type":"Feature","properties":{"ID":"4256","Elevation":"6.409","Length(cm)":"50","width(cm)":"50","Depth(m)":"1","Condition":"Good","Material":"Metal\n"},"geometry":{"type":"Point","coordinates":[79.86324453414623,6.909701000765403]}},{"type":"Feature","properties":{"ID":"4260","Elevation":"6.373","Length(cm)":"50","width(cm)":"50","Depth(m)":"1","Condition":"Good","Material":"Metal\n"},"geometry":{"type":"Point","coordinates":[79.86338095680355,6.909746210449588]}},{"type":"Feature","properties":{"ID":"4261","Elevation":"6.424","Length(cm)":"50","width(cm)":"50","Depth(m)":"1","Condition":"Good","Material":"Metal\n"},"geometry":{"type":"Point","coordinates":[79.86341011292046,6.9097446568269545]}},{"type":"Feature","properties":{"ID":"4266","Elevation":"6.596","Length(cm)":"60","width(cm)":"60","Depth(m)":"1","Condition":"Good","Material":"Concrete"},"geometry":{"type":"Point","coordinates":[79.8635052948254,6.909662176387975]}},{"type":"Feature","properties":{"ID":"4281","Elevation":"6.406","Length(cm)":"50","width(cm)":"40","Depth(m)":"1","Condition":"Good","Material":"Metal\n"},"geometry":{"type":"Point","coordinates":[79.8625183882651,6.909599937557243]}},{"type":"Feature","properties":{"ID":"4282","Elevation":"6.389","Length(cm)":"50","width(cm)":"40","Depth(m)":"1","Condition":"Good","Material":"Metal\n"},"geometry":{"type":"Point","coordinates":[79.86256146639188,6.909614116800621]}},{"type":"Feature","properties":{"ID":"4285","Elevation":"6.466","Length(cm)":"50","width(cm)":"50","Depth(m)":"1","Condition":"Good","Material":"Metal\n"},"geometry":{"type":"Point","coordinates":[79.86270806860362,6.909668487744383]}},{"type":"Feature","properties":{"ID":"4287","Elevation":"6.437","Length(cm)":"50","width(cm)":"50","Depth(m)":"1","Condition":"Good","Material":"Metal\n"},"geometry":{"type":"Point","coordinates":[79.86277420412185,6.909695397240129]}},{"type":"Feature","properties":{"ID":"4291","Elevation":"6.433","Length(cm)":"50","width(cm)":"50","Depth(m)":"1","Condition":"Good","Material":"Metal\n"},"geometry":{"type":"Point","coordinates":[79.86301154270156,6.90981027091706]}},{"type":"Feature","properties":{"ID":"4293","Elevation":"6.59","Length(cm)":"60","width(cm)":"50","Depth(m)":"1","Condition":"Good","Material":"Metal\n"},"geometry":{"type":"Point","coordinates":[79.86313935555633,6.909891090009733]}},{"type":"Feature","properties":{"ID":"4330","Elevation":"7.101","Length(cm)":"60","width(cm)":"50","Depth(m)":"1","Condition":"Good","Material":"Metal\n"},"geometry":{"type":"Point","coordinates":[79.86446711135068,6.911607887897238]}},{"type":"Feature","properties":{"ID":"4331","Elevation":"7.106","Length(cm)":"60","width(cm)":"50","Depth(m)":"1","Condition":"Good","Material":"Metal\n"},"geometry":{"type":"Point","coordinates":[79.8645299373621,6.911596126859737]}},{"type":"Feature","properties":{"ID":"4332","Elevation":"7.152","Length(cm)":"60","width(cm)":"50","Depth(m)":"1","Condition":"Good","Material":"Metal\n"},"geometry":{"type":"Point","coordinates":[79.86461757661831,6.911667709093215]}},{"type":"Feature","properties":{"ID":"4333","Elevation":"7.083","Length(cm)":"60","width(cm)":"50","Depth(m)":"1","Condition":"Good","Material":"Metal\n"},"geometry":{"type":"Point","coordinates":[79.86455993430017,6.911797949595417]}},{"type":"Feature","properties":{"ID":"4334","Elevation":"7.167","Length(cm)":"50","width(cm)":"50","Depth(m)":"1","Condition":"Good","Material":"Metal\n"},"geometry":{"type":"Point","coordinates":[79.86448096451187,6.911801198241178]}},{"type":"Feature","properties":{"ID":"4336","Elevation":"6.871","Length(cm)":"60","width(cm)":"50","Depth(m)":"1","Condition":"Good","Material":"Metal\n"},"geometry":{"type":"Point","coordinates":[79.86462792568679,6.91129112562855]}},{"type":"Feature","properties":{"ID":"4338","Elevation":"6.898","Length(cm)":"60","width(cm)":"50","Depth(m)":"1","Condition":"Good","Material":"Metal\n"},"geometry":{"type":"Point","coordinates":[79.86457601690985,6.911215262551714]}},{"type":"Feature","properties":{"ID":"4339","Elevation":"7.142","Length(cm)":"100","width(cm)":"70","Depth(m)":"1","Condition":"Good","Material":"Metal\n"},"geometry":{"type":"Point","coordinates":[79.8645622024359,6.91108199179081]}},{"type":"Feature","properties":{"ID":"4340","Elevation":"7.017","Length(cm)":"100","width(cm)":"100","Depth(m)":"1","Condition":"Good","Material":"Metal\n"},"geometry":{"type":"Point","coordinates":[79.8645238679467,6.911085336323478]}},{"type":"Feature","properties":{"ID":"4341","Elevation":"6.864","Length(cm)":"50","width(cm)":"50","Depth(m)":"1","Condition":"Good","Material":"Metal\n"},"geometry":{"type":"Point","coordinates":[79.86451387467235,6.911096909160138]}},{"type":"Feature","properties":{"ID":"4353","Elevation":"7.146","Length(cm)":"50","width(cm)":"50","Depth(m)":"1","Condition":"Good","Material":"Metal\n"},"geometry":{"type":"Point","coordinates":[79.86433607396091,6.910796958956697]}},{"type":"Feature","properties":{"ID":"4359","Elevation":"6.933","Length(cm)":"50","width(cm)":"50","Depth(m)":"1","Condition":"Good","Material":"Metal\n"},"geometry":{"type":"Point","coordinates":[79.86434551356811,6.911343191897251]}},{"type":"Feature","properties":{"ID":"4361","Elevation":"6.948","Length(cm)":"50","width(cm)":"40","Depth(m)":"1","Condition":"Good","Material":"Metal\n"},"geometry":{"type":"Point","coordinates":[79.86432523986285,6.911261258827138]}},{"type":"Feature","properties":{"ID":"4364","Elevation":"6.959","Length(cm)":"50","width(cm)":"40","Depth(m)":"1","Condition":"Good","Material":"Metal\n"},"geometry":{"type":"Point","coordinates":[79.86429004921987,6.911182217791493]}},{"type":"Feature","properties":{"ID":"4367","Elevation":"6.942","Length(cm)":"50","width(cm)":"40","Depth(m)":"1","Condition":"Good","Material":"Metal\n"},"geometry":{"type":"Point","coordinates":[79.86422167980686,6.91106496462568]}},{"type":"Feature","properties":{"ID":"4368","Elevation":"6.999","Length(cm)":"70","width(cm)":"40","Depth(m)":"1","Condition":"Good","Material":"Metal\n"},"geometry":{"type":"Point","coordinates":[79.86413879010713,6.910937230986558]}},{"type":"Feature","properties":{"ID":"4370","Elevation":"6.957","Length(cm)":"50","width(cm)":"40","Depth(m)":"1","Condition":"Good","Material":"Metal\n"},"geometry":{"type":"Point","coordinates":[79.8640520601167,6.910816253469887]}},{"type":"Feature","properties":{"ID":"4371","Elevation":"6.967","Length(cm)":"50","width(cm)":"40","Depth(m)":"1","Condition":"Good","Material":"Metal\n"},"geometry":{"type":"Point","coordinates":[79.86398143650145,6.9107232739878395]}},{"type":"Feature","properties":{"ID":"4372","Elevation":"6.961","Length(cm)":"50","width(cm)":"40","Depth(m)":"1","Condition":"Good","Material":"Metal\n"},"geometry":{"type":"Point","coordinates":[79.86389977722924,6.910623971021297]}},{"type":"Feature","properties":{"ID":"4373","Elevation":"6.949","Length(cm)":"50","width(cm)":"40","Depth(m)":"1","Condition":"Good","Material":"Metal\n"},"geometry":{"type":"Point","coordinates":[79.86381063995506,6.910522167144344]}},{"type":"Feature","properties":{"ID":"4374","Elevation":"6.742","Length(cm)":"50","width(cm)":"40","Depth(m)":"1","Condition":"Good","Material":"Metal\n"},"geometry":{"type":"Point","coordinates":[79.86372034397922,6.910425379397382]}},{"type":"Feature","properties":{"ID":"4376","Elevation":"6.732","Length(cm)":"50","width(cm)":"40","Depth(m)":"1","Condition":"Good","Material":"Metal\n"},"geometry":{"type":"Point","coordinates":[79.86363522407515,6.9103377702371915]}},{"type":"Feature","properties":{"ID":"4378","Elevation":"6.818","Length(cm)":"50","width(cm)":"40","Depth(m)":"1","Condition":"Good","Material":"Metal\n"},"geometry":{"type":"Point","coordinates":[79.8635396074649,6.910245900211502]}},{"type":"Feature","properties":{"ID":"4380","Elevation":"6.819","Length(cm)":"50","width(cm)":"40","Depth(m)":"1","Condition":"Good","Material":"Metal\n"},"geometry":{"type":"Point","coordinates":[79.8634435177348,6.910155412704649]}},{"type":"Feature","properties":{"ID":"4382","Elevation":"6.702","Length(cm)":"50","width(cm)":"40","Depth(m)":"1","Condition":"Good","Material":"Metal\n"},"geometry":{"type":"Point","coordinates":[79.86334561847714,6.910069605519042]}},{"type":"Feature","properties":{"ID":"4384","Elevation":"6.874","Length(cm)":"50","width(cm)":"50","Depth(m)":"1","Condition":"Good","Material":"Metal\n"},"geometry":{"type":"Point","coordinates":[79.8642992650882,6.910745520342013]}},{"type":"Feature","properties":{"ID":"4391","Elevation":"7.207","Length(cm)":"130","width(cm)":"100","Depth(m)":"1","Condition":"Good","Material":"Metal\n"},"geometry":{"type":"Point","coordinates":[79.86396602655071,6.910284983211029]}},{"type":"Feature","properties":{"ID":"4392","Elevation":"6.883","Length(cm)":"50","width(cm)":"40","Depth(m)":"1","Condition":"Good","Material":"Metal\n"},"geometry":{"type":"Point","coordinates":[79.86394601488333,6.910307079931218]}},{"type":"Feature","properties":{"ID":"4393","Elevation":"7.14","Length(cm)":"100","width(cm)":"100","Depth(m)":"1","Condition":"Good","Material":"Metal\n"},"geometry":{"type":"Point","coordinates":[79.86392211894218,6.910236180314632]}},{"type":"Feature","properties":{"ID":"4394","Elevation":"7.063","Length(cm)":"130","width(cm)":"100","Depth(m)":"1","Condition":"Good","Material":"Metal\n"},"geometry":{"type":"Point","coordinates":[79.86385666313126,6.910166159558427]}},{"type":"Feature","properties":{"ID":"4395","Elevation":"6.942","Length(cm)":"130","width(cm)":"100","Depth(m)":"1","Condition":"Good","Material":"Metal\n"},"geometry":{"type":"Point","coordinates":[79.86378726785551,6.9100932649056865]}},{"type":"Feature","properties":{"ID":"4397","Elevation":"6.677","Length(cm)":"50","width(cm)":"50","Depth(m)":"1","Condition":"Good","Material":"Metal\n"},"geometry":{"type":"Point","coordinates":[79.86363810120122,6.909960548650727]}},{"type":"Feature","properties":{"ID":"4399","Elevation":"6.702","Length(cm)":"150","width(cm)":"75","Depth(m)":"1","Condition":"Good","Material":"Metal\n"},"geometry":{"type":"Point","coordinates":[79.86362288937278,6.909933230469631]}},{"type":"Feature","properties":{"ID":"4400","Elevation":"6.727","Length(cm)":"100","width(cm)":"100","Depth(m)":"1","Condition":"Good","Material":"Metal\n"},"geometry":{"type":"Point","coordinates":[79.86361918167776,6.9099038636886645]}},{"type":"Feature","properties":{"ID":"4401","Elevation":"6.69","Length(cm)":"80","width(cm)":"80","Depth(m)":"1","Condition":"Good","Material":"Metal\n"},"geometry":{"type":"Point","coordinates":[79.8636075461541,6.909908371485957]}},{"type":"Feature","properties":{"ID":"4409","Elevation":"6.437","Length(cm)":"50","width(cm)":"40","Depth(m)":"1","Condition":"Good","Material":"Metal\n"},"geometry":{"type":"Point","coordinates":[79.86359117748749,6.909795467672954]}},{"type":"Feature","properties":{"ID":"4410","Elevation":"6.469","Length(cm)":"30","width(cm)":"30","Depth(m)":"1","Condition":"Good","Material":"Metal\n"},"geometry":{"type":"Point","coordinates":[79.86358941163957,6.909777362018659]}},{"type":"Feature","properties":{"ID":"4411","Elevation":"6.534","Length(cm)":"50","width(cm)":"50","Depth(m)":"1","Condition":"Good","Material":"Metal\n"},"geometry":{"type":"Point","coordinates":[79.86359927733282,6.909761539171712]}},{"type":"Feature","properties":{"ID":"5005","Elevation":"4.861","Length(cm)":"50","width(cm)":"50","Depth(m)":"1","Condition":"Good","Material":"Metal\n"},"geometry":{"type":"Point","coordinates":[79.8593106171285,6.9057667212205915]}},{"type":"Feature","properties":{"ID":"5012","Elevation":"3.435","Length(cm)":"50","width(cm)":"40","Depth(m)":"1","Condition":"Good","Material":"Metal\n"},"geometry":{"type":"Point","coordinates":[79.85951506057945,6.905652686883729]}},{"type":"Feature","properties":{"ID":"5013","Elevation":"3.277","Length(cm)":"50","width(cm)":"40","Depth(m)":"1","Condition":"Good","Material":"Metal\n"},"geometry":{"type":"Point","coordinates":[79.85956157817914,6.905665995875637]}},{"type":"Feature","properties":{"ID":"5016","Elevation":"5.921","Length(cm)":"150","width(cm)":"100","Depth(m)":"1","Condition":"Good","Material":"Metal\n"},"geometry":{"type":"Point","coordinates":[79.85973578726801,6.905615496272498]}},{"type":"Feature","properties":{"ID":"5017","Elevation":"5.349","Length(cm)":"150","width(cm)":"100","Depth(m)":"1","Condition":"Good","Material":"Metal\n"},"geometry":{"type":"Point","coordinates":[79.85973686290399,6.905616058950031]}},{"type":"Feature","properties":{"ID":"5018","Elevation":"5.053","Length(cm)":"50","width(cm)":"40","Depth(m)":"1","Condition":"Good","Material":"Metal\n"},"geometry":{"type":"Point","coordinates":[79.85973603036925,6.90559262026334]}},{"type":"Feature","properties":{"ID":"5030","Elevation":"7.138","Length(cm)":"50","width(cm)":"40","Depth(m)":"1","Condition":"Good","Material":"Metal\n"},"geometry":{"type":"Point","coordinates":[79.86057494365681,6.905425841776233]}},{"type":"Feature","properties":{"ID":"5045","Elevation":"7.047","Length(cm)":"50","width(cm)":"40","Depth(m)":"1","Condition":"Good","Material":"Metal\n"},"geometry":{"type":"Point","coordinates":[79.86085644055106,6.905396208994055]}},{"type":"Feature","properties":{"ID":"5046","Elevation":"7.521","Length(cm)":"150","width(cm)":"100","Depth(m)":"1","Condition":"Good","Material":"Metal\n"},"geometry":{"type":"Point","coordinates":[79.86088041307488,6.905422251034269]}},{"type":"Feature","properties":{"ID":"5050","Elevation":"7.233","Length(cm)":"50","width(cm)":"40","Depth(m)":"1","Condition":"Good","Material":"Metal\n"},"geometry":{"type":"Point","coordinates":[79.86111713882912,6.905327420034343]}},{"type":"Feature","properties":{"ID":"5055","Elevation":"9.747","Length(cm)":"50","width(cm)":"50","Depth(m)":"1","Condition":"Good","Material":"Metal\n"},"geometry":{"type":"Point","coordinates":[79.86135119895312,6.9053578167303655]}},{"type":"Feature","properties":{"ID":"5057","Elevation":"5.387","Length(cm)":"50","width(cm)":"50","Depth(m)":"1","Condition":"Good","Material":"Metal\n"},"geometry":{"type":"Point","coordinates":[79.86141094569719,6.905375400718074]}},{"type":"Feature","properties":{"ID":"5059","Elevation":"7.233","Length(cm)":"50","width(cm)":"50","Depth(m)":"1","Condition":"Good","Material":"Metal\n"},"geometry":{"type":"Point","coordinates":[79.8615543742304,6.905380802831555]}},{"type":"Feature","properties":{"ID":"5060","Elevation":"7.297","Length(cm)":"50","width(cm)":"50","Depth(m)":"1","Condition":"Good","Material":"Metal\n"},"geometry":{"type":"Point","coordinates":[79.86158443881243,6.905381909404416]}},{"type":"Feature","properties":{"ID":"5062","Elevation":"7.268","Length(cm)":"50","width(cm)":"50","Depth(m)":"1","Condition":"Good","Material":"Metal\n"},"geometry":{"type":"Point","coordinates":[79.8615814249815,6.9053399573647365]}},{"type":"Feature","properties":{"ID":"5065","Elevation":"7.023","Length(cm)":"50","width(cm)":"40","Depth(m)":"1","Condition":"Good","Material":"Metal\n"},"geometry":{"type":"Point","coordinates":[79.86197822857577,6.905400749048113]}},{"type":"Feature","properties":{"ID":"5070","Elevation":"7.245","Length(cm)":"60","width(cm)":"50","Depth(m)":"1","Condition":"Good","Material":"Metal\n"},"geometry":{"type":"Point","coordinates":[79.86252966918272,6.905416282799177]}},{"type":"Feature","properties":{"ID":"5094","Elevation":"7.128","Length(cm)":"50","width(cm)":"50","Depth(m)":"1","Condition":"Good","Material":"Metal\n"},"geometry":{"type":"Point","coordinates":[79.862486502962,6.90523135255662]}},{"type":"Feature","properties":{"ID":"5095","Elevation":"7.089","Length(cm)":"50","width(cm)":"50","Depth(m)":"1","Condition":"Good","Material":"Metal\n"},"geometry":{"type":"Point","coordinates":[79.86244493168611,6.905261970769736]}},{"type":"Feature","properties":{"ID":"5097","Elevation":"7.166","Length(cm)":"50","width(cm)":"50","Depth(m)":"1","Condition":"Good","Material":"Metal\n"},"geometry":{"type":"Point","coordinates":[79.8624147480522,6.905275747307574]}},{"type":"Feature","properties":{"ID":"5100","Elevation":"7.631","Length(cm)":"150","width(cm)":"100","Depth(m)":"1","Condition":"Good","Material":"concrete"},"geometry":{"type":"Point","coordinates":[79.86233301054114,6.905250788144502]}},{"type":"Feature","properties":{"ID":"5101","Elevation":"8.795","Length(cm)":"150","width(cm)":"100","Depth(m)":"1","Condition":"Good","Material":"concrete"},"geometry":{"type":"Point","coordinates":[79.86224812227005,6.905264595417291]}},{"type":"Feature","properties":{"ID":"5106","Elevation":"7.372","Length(cm)":"150","width(cm)":"100","Depth(m)":"1","Condition":"Good","Material":"concrete"},"geometry":{"type":"Point","coordinates":[79.86206096313845,6.905236323580258]}},{"type":"Feature","properties":{"ID":"5107","Elevation":"7.309","Length(cm)":"50 x 40","width(cm)":"40","Depth(m)":"1","Condition":"Good","Material":"metal"},"geometry":{"type":"Point","coordinates":[79.86203141090253,6.905269966778258]}},{"type":"Feature","properties":{"ID":"5112","Elevation":"7.413","Length(cm)":"150","width(cm)":"100","Depth(m)":"1","Condition":"Good","Material":"concrete"},"geometry":{"type":"Point","coordinates":[79.86196198408439,6.905228113411856]}},{"type":"Feature","properties":{"ID":"5114","Elevation":"7.308","Length(cm)":"150","width(cm)":"100","Depth(m)":"1","Condition":"Good","Material":"concrete"},"geometry":{"type":"Point","coordinates":[79.861837844595,6.905223462753626]}},{"type":"Feature","properties":{"ID":"5115","Elevation":"7.283","Length(cm)":"50","width(cm)":"50","Depth(m)":"1","Condition":"Good","Material":"metal"},"geometry":{"type":"Point","coordinates":[79.86181836630686,6.90526000968809]}},{"type":"Feature","properties":{"ID":"5117","Elevation":"7.268","Length(cm)":"50","width(cm)":"50","Depth(m)":"1","Condition":"Good","Material":"metal"},"geometry":{"type":"Point","coordinates":[79.86177250359817,6.905259017497119]}},{"type":"Feature","properties":{"ID":"5120","Elevation":"7.533","Length(cm)":"100","width(cm)":"100","Depth(m)":"1","Condition":"Good","Material":"concrete"},"geometry":{"type":"Point","coordinates":[79.86171121713312,6.905213978813728]}},{"type":"Feature","properties":{"ID":"5121","Elevation":"7.628","Length(cm)":"50","width(cm)":"40","Depth(m)":"1","Condition":"Good","Material":"metal"},"geometry":{"type":"Point","coordinates":[79.8616307027622,6.905254124933827]}},{"type":"Feature","properties":{"ID":"5127","Elevation":"7.386","Length(cm)":"50","width(cm)":"50","Depth(m)":"1","Condition":"Good","Material":"metal"},"geometry":{"type":"Point","coordinates":[79.86125755723913,6.9052465730066634]}},{"type":"Feature","properties":{"ID":"5131","Elevation":"7.225","Length(cm)":"100","width(cm)":"100","Depth(m)":"1","Condition":"Good","Material":"concrete"},"geometry":{"type":"Point","coordinates":[79.86102647868319,6.905171378446263]}},{"type":"Feature","properties":{"ID":"5134","Elevation":"7.405","Length(cm)":"50","width(cm)":"50","Depth(m)":"1","Condition":"Good","Material":"metal"},"geometry":{"type":"Point","coordinates":[79.86091991366828,6.905259234734813]}},{"type":"Feature","properties":{"ID":"5142","Elevation":"8.925","Length(cm)":"100","width(cm)":"100","Depth(m)":"1","Condition":"Good","Material":"concrete"},"geometry":{"type":"Point","coordinates":[79.86056672241969,6.905268819171732]}},{"type":"Feature","properties":{"ID":"5143","Elevation":"8.216","Length(cm)":"50","width(cm)":"40","Depth(m)":"1","Condition":"Good","Material":"metal"},"geometry":{"type":"Point","coordinates":[79.86060124005529,6.905288000451027]}},{"type":"Feature","properties":{"ID":"5146","Elevation":"6.994","Length(cm)":"50","width(cm)":"50","Depth(m)":"1","Condition":"Good","Material":"metal"},"geometry":{"type":"Point","coordinates":[79.86039160235664,6.90531791583328]}},{"type":"Feature","properties":{"ID":"5147","Elevation":"7.214","Length(cm)":"150","width(cm)":"100","Depth(m)":"1","Condition":"Good","Material":"concrete"},"geometry":{"type":"Point","coordinates":[79.8603748607451,6.905276995347999]}},{"type":"Feature","properties":{"ID":"5149","Elevation":"7.152","Length(cm)":"100","width(cm)":"100","Depth(m)":"1","Condition":"Good","Material":"concrete"},"geometry":{"type":"Point","coordinates":[79.86023998705829,6.905311656727921]}},{"type":"Feature","properties":{"ID":"5165","Elevation":"5.285","Length(cm)":"150","width(cm)":"100","Depth(m)":"1","Condition":"Good","Material":"concrete"},"geometry":{"type":"Point","coordinates":[79.85953814067808,6.905498419047447]}},{"type":"Feature","properties":{"ID":"5166","Elevation":"5.047","Length(cm)":"50","width(cm)":"40","Depth(m)":"1","Condition":"Good","Material":"metal"},"geometry":{"type":"Point","coordinates":[79.8595607428925,6.90552182726311]}},{"type":"Feature","properties":{"ID":"5168","Elevation":"5.134","Length(cm)":"100","width(cm)":"50","Depth(m)":"1","Condition":"Good","Material":"concrete"},"geometry":{"type":"Point","coordinates":[79.85945148610418,6.905555479743254]}},{"type":"Feature","properties":{"ID":"5169","Elevation":"4.85","Length(cm)":"50","width(cm)":"40","Depth(m)":"1","Condition":"Good","Material":"metal"},"geometry":{"type":"Point","coordinates":[79.85938773262414,6.905612295125062]}},{"type":"Feature","properties":{"ID":"5172","Elevation":"4.443","Length(cm)":"50","width(cm)":"50","Depth(m)":"1","Condition":"Good","Material":"metal"},"geometry":{"type":"Point","coordinates":[79.85932446291584,6.905643422864572]}},{"type":"Feature","properties":{"ID":"5175","Elevation":"4.97","Length(cm)":"150","width(cm)":"100","Depth(m)":"1","Condition":"Good","Material":"concrete"},"geometry":{"type":"Point","coordinates":[79.85931780722557,6.905622721771733]}},{"type":"Feature","properties":{"ID":"5176","Elevation":"5.124","Length(cm)":"50","width(cm)":"50","Depth(m)":"1","Condition":"Good","Material":"metal"},"geometry":{"type":"Point","coordinates":[79.85927706956384,6.905666705481745]}},{"type":"Feature","properties":{"ID":"5177","Elevation":"5.01","Length(cm)":"50","width(cm)":"40","Depth(m)":"1","Condition":"Good","Material":"metal"},"geometry":{"type":"Point","coordinates":[79.85923453091307,6.90569681516498]}},{"type":"Feature","properties":{"ID":"5187","Elevation":"5.271","Length(cm)":"50","width(cm)":"50","Depth(m)":"1","Condition":"Good","Material":"metal"},"geometry":{"type":"Point","coordinates":[79.85906500181461,6.905779043209743]}},{"type":"Feature","properties":{"ID":"5188","Elevation":"4.986","Length(cm)":"50","width(cm)":"40","Depth(m)":"1","Condition":"Good","Material":"metal"},"geometry":{"type":"Point","coordinates":[79.85909097174323,6.9057733152898555]}},{"type":"Feature","properties":{"ID":"5192","Elevation":"5.411","Length(cm)":"100","width(cm)":"50","Depth(m)":"1","Condition":"Good","Material":"metal"},"geometry":{"type":"Point","coordinates":[79.85882458750375,6.905773435588066]}},{"type":"Feature","properties":{"ID":"5195","Elevation":"5.295","Length(cm)":"50","width(cm)":"40","Depth(m)":"1","Condition":"Good","Material":"metal"},"geometry":{"type":"Point","coordinates":[79.85878916890944,6.9057616760013465]}},{"type":"Feature","properties":{"ID":"5199","Elevation":"5.197","Length(cm)":"50","width(cm)":"50","Depth(m)":"1","Condition":"Good","Material":"metal"},"geometry":{"type":"Point","coordinates":[79.85871349577943,6.905684048728736]}},{"type":"Feature","properties":{"ID":"5200","Elevation":"5.308","Length(cm)":"50","width(cm)":"50","Depth(m)":"1","Condition":"Good","Material":"metal"},"geometry":{"type":"Point","coordinates":[79.85872142172337,6.905674741598094]}},{"type":"Feature","properties":{"ID":"5203","Elevation":"4.967","Length(cm)":"50","width(cm)":"40","Depth(m)":"1","Condition":"Good","Material":"metal"},"geometry":{"type":"Point","coordinates":[79.85861998432006,6.905543110610344]}},{"type":"Feature","properties":{"ID":"5204","Elevation":"5.089","Length(cm)":"100","width(cm)":"100","Depth(m)":"1","Condition":"Good","Material":"concrete"},"geometry":{"type":"Point","coordinates":[79.85862856965313,6.905534383443829]}},{"type":"Feature","properties":{"ID":"5214","Elevation":"4.962","Length(cm)":"50","width(cm)":"40","Depth(m)":"1","Condition":"Good","Material":"metal"},"geometry":{"type":"Point","coordinates":[79.8585558411255,6.905379623813959]}},{"type":"Feature","properties":{"ID":"5215","Elevation":"5.188","Length(cm)":"150","width(cm)":"100","Depth(m)":"1","Condition":"Good","Material":"metal"},"geometry":{"type":"Point","coordinates":[79.85858264400795,6.905321977883429]}},{"type":"Feature","properties":{"ID":"5218","Elevation":"4.851","Length(cm)":"150","width(cm)":"100","Depth(m)":"1","Condition":"Good","Material":"metal"},"geometry":{"type":"Point","coordinates":[79.85853265880709,6.905253523507052]}},{"type":"Feature","properties":{"ID":"5226","Elevation":"4.892","Length(cm)":"50","width(cm)":"40","Depth(m)":"1","Condition":"Good","Material":"metal"},"geometry":{"type":"Point","coordinates":[79.85851735695971,6.905094769326494]}},{"type":"Feature","properties":{"ID":"5228","Elevation":"5.075","Length(cm)":"50","width(cm)":"50","Depth(m)":"1","Condition":"Good","Material":"concrete"},"geometry":{"type":"Point","coordinates":[79.85849958352773,6.90488514867157]}},{"type":"Feature","properties":{"ID":"5230","Elevation":"5.069","Length(cm)":"50","width(cm)":"40","Depth(m)":"1","Condition":"Good","Material":"metal"},"geometry":{"type":"Point","coordinates":[79.85849970177938,6.904884823384247]}},{"type":"Feature","properties":{"ID":"5233","Elevation":"5.177","Length(cm)":"50","width(cm)":"40","Depth(m)":"1","Condition":"Good","Material":"metal"},"geometry":{"type":"Point","coordinates":[79.85848216319654,6.904670718307907]}},{"type":"Feature","properties":{"ID":"5237","Elevation":"5.161","Length(cm)":"50","width(cm)":"50","Depth(m)":"1","Condition":"Good","Material":"metal"},"geometry":{"type":"Point","coordinates":[79.85846373712653,6.904452325575259]}},{"type":"Feature","properties":{"ID":"5238","Elevation":"5.293","Length(cm)":"75","width(cm)":"50","Depth(m)":"1","Condition":"Good","Material":"concrete"},"geometry":{"type":"Point","coordinates":[79.85848549028266,6.904287168596516]}},{"type":"Feature","properties":{"ID":"5239","Elevation":"5.107","Length(cm)":"50","width(cm)":"40","Depth(m)":"1","Condition":"Good","Material":"metal"},"geometry":{"type":"Point","coordinates":[79.85844602600906,6.904233852839762]}},{"type":"Feature","properties":{"ID":"5241","Elevation":"5.068","Length(cm)":"50","width(cm)":"40","Depth(m)":"1","Condition":"Good","Material":"metal"},"geometry":{"type":"Point","coordinates":[79.85843453020111,6.904090839209198]}},{"type":"Feature","properties":{"ID":"5242","Elevation":"4.991","Length(cm)":"50","width(cm)":"40","Depth(m)":"1","Condition":"Good","Material":"metal"},"geometry":{"type":"Point","coordinates":[79.85843239732415,6.903948747811124]}},{"type":"Feature","properties":{"ID":"5245","Elevation":"4.962","Length(cm)":"50","width(cm)":"40","Depth(m)":"1","Condition":"Good","Material":"metal"},"geometry":{"type":"Point","coordinates":[79.85846114238964,6.903770637940851]}},{"type":"Feature","properties":{"ID":"5252","Elevation":"4.93","Length(cm)":"50","width(cm)":"50","Depth(m)":"1","Condition":"Good","Material":"metal"},"geometry":{"type":"Point","coordinates":[79.85852556583808,6.903577369870722]}},{"type":"Feature","properties":{"ID":"5254","Elevation":"5.019","Length(cm)":"50","width(cm)":"50","Depth(m)":"1","Condition":"Good","Material":"metal"},"geometry":{"type":"Point","coordinates":[79.85858485291561,6.903401344193654]}},{"type":"Feature","properties":{"ID":"5260","Elevation":"5.127","Length(cm)":"50","width(cm)":"40","Depth(m)":"1","Condition":"Good","Material":"metal"},"geometry":{"type":"Point","coordinates":[79.85863960719783,6.90323924363031]}},{"type":"Feature","properties":{"ID":"5266","Elevation":"5.19","Length(cm)":"50","width(cm)":"40","Depth(m)":"1","Condition":"Good","Material":"metal"},"geometry":{"type":"Point","coordinates":[79.85870185537372,6.9030619215635625]}},{"type":"Feature","properties":{"ID":"5268","Elevation":"5.206","Length(cm)":"50","width(cm)":"50","Depth(m)":"1","Condition":"Good","Material":"metal"},"geometry":{"type":"Point","coordinates":[79.85877686963659,6.902842641647056]}},{"type":"Feature","properties":{"ID":"5269","Elevation":"4.875","Length(cm)":"50","width(cm)":"50","Depth(m)":"1","Condition":"Good","Material":"metal"},"geometry":{"type":"Point","coordinates":[79.85879554601765,6.902823182847172]}},{"type":"Feature","properties":{"ID":"5274","Elevation":"5.373","Length(cm)":"50","width(cm)":"50","Depth(m)":"1","Condition":"Good","Material":"metal"},"geometry":{"type":"Point","coordinates":[79.85884569314256,6.902633712026673]}},{"type":"Feature","properties":{"ID":"5279","Elevation":"5.576","Length(cm)":"50","width(cm)":"50","Depth(m)":"1","Condition":"Good","Material":"metal"},"geometry":{"type":"Point","coordinates":[79.85890853178829,6.902440983331902]}},{"type":"Feature","properties":{"ID":"5280","Elevation":"5.764","Length(cm)":"100","width(cm)":"50","Depth(m)":"1","Condition":"Good","Material":"metal"},"geometry":{"type":"Point","coordinates":[79.85895277385163,6.902381291213671]}},{"type":"Feature","properties":{"ID":"5282","Elevation":"5.687","Length(cm)":"50","width(cm)":"50","Depth(m)":"1","Condition":"Good","Material":"metal"},"geometry":{"type":"Point","coordinates":[79.85897568118033,6.902232104706488]}},{"type":"Feature","properties":{"ID":"5288","Elevation":"6.011","Length(cm)":"50","width(cm)":"50","Depth(m)":"1","Condition":"Good","Material":"metal"},"geometry":{"type":"Point","coordinates":[79.8590475050329,6.90200613646923]}},{"type":"Feature","properties":{"ID":"5293","Elevation":"6.768","Length(cm)":"50","width(cm)":"50","Depth(m)":"1","Condition":"Good","Material":"metal"},"geometry":{"type":"Point","coordinates":[79.85917108863548,6.901617618706699]}},{"type":"Feature","properties":{"ID":"5294","Elevation":"7.565","Length(cm)":"50","width(cm)":"50","Depth(m)":"1","Condition":"Good","Material":"metal"},"geometry":{"type":"Point","coordinates":[79.85918820155486,6.901592469403857]}},{"type":"Feature","properties":{"ID":"5297","Elevation":"8.923","Length(cm)":"50","width(cm)":"50","Depth(m)":"1","Condition":"Good","Material":"metal"},"geometry":{"type":"Point","coordinates":[79.85923953828649,6.901414674115691]}},{"type":"Feature","properties":{"ID":"5303","Elevation":"7.328","Length(cm)":"50","width(cm)":"50","Depth(m)":"1","Condition":"Good","Material":"concrete"},"geometry":{"type":"Point","coordinates":[79.85928841073259,6.901280836700751]}},{"type":"Feature","properties":{"ID":"5308","Elevation":"7.275","Length(cm)":"50","width(cm)":"50","Depth(m)":"1","Condition":"Good","Material":"metal"},"geometry":{"type":"Point","coordinates":[79.85930122032089,6.901211553737335]}},{"type":"Feature","properties":{"ID":"5311","Elevation":"7.578","Length(cm)":"100","width(cm)":"50","Depth(m)":"1","Condition":"Good","Material":"concrete"},"geometry":{"type":"Point","coordinates":[79.85936914619651,6.901097329054321]}},{"type":"Feature","properties":{"ID":"5316","Elevation":"7.319","Length(cm)":"50","width(cm)":"40","Depth(m)":"1","Condition":"Good","Material":"metal"},"geometry":{"type":"Point","coordinates":[79.859420559985,6.900827711486309]}},{"type":"Feature","properties":{"ID":"5322","Elevation":"7.534","Length(cm)":"50","width(cm)":"50","Depth(m)":"1","Condition":"Good","Material":"metal"},"geometry":{"type":"Point","coordinates":[79.85951553236681,6.900585385258134]}},{"type":"Feature","properties":{"ID":"5324","Elevation":"7.428","Length(cm)":"50","width(cm)":"50","Depth(m)":"1","Condition":"Good","Material":"metal"},"geometry":{"type":"Point","coordinates":[79.85952847066757,6.900486797123398]}},{"type":"Feature","properties":{"ID":"5328","Elevation":"7.445","Length(cm)":"50","width(cm)":"40","Depth(m)":"1","Condition":"Good","Material":"metal"},"geometry":{"type":"Point","coordinates":[79.85959118693889,6.900291491019241]}},{"type":"Feature","properties":{"ID":"5333","Elevation":"7.969","Length(cm)":"50","width(cm)":"40","Depth(m)":"1","Condition":"Good","Material":"concrete"},"geometry":{"type":"Point","coordinates":[79.85970591820328,6.900073525906264]}},{"type":"Feature","properties":{"ID":"5334","Elevation":"7.819","Length(cm)":"100","width(cm)":"50","Depth(m)":"1","Condition":"Good","Material":"concrete"},"geometry":{"type":"Point","coordinates":[79.85970138285414,6.900055921289845]}},{"type":"Feature","properties":{"ID":"5335","Elevation":"7.586","Length(cm)":"50","width(cm)":"50","Depth(m)":"1","Condition":"Good","Material":"metal"},"geometry":{"type":"Point","coordinates":[79.85965992044399,6.9000724609808834]}},{"type":"Feature","properties":{"ID":"5339","Elevation":"7.886","Length(cm)":"50","width(cm)":"50","Depth(m)":"1","Condition":"Good","Material":"metal"},"geometry":{"type":"Point","coordinates":[79.85972626081073,6.899865126786171]}},{"type":"Feature","properties":{"ID":"5345","Elevation":"7.832","Length(cm)":"150","width(cm)":"75","Depth(m)":"1","Condition":"Good","Material":"concrete"},"geometry":{"type":"Point","coordinates":[79.85979376840446,6.899784736687668]}},{"type":"Feature","properties":{"ID":"5349","Elevation":"7.598","Length(cm)":"50","width(cm)":"50","Depth(m)":"1","Condition":"Good","Material":"metal"},"geometry":{"type":"Point","coordinates":[79.85983201915671,6.89958453696129]}},{"type":"Feature","properties":{"ID":"5351","Elevation":"8.491","Length(cm)":"150","width(cm)":"75","Depth(m)":"1","Condition":"Good","Material":"concrete"},"geometry":{"type":"Point","coordinates":[79.8599072254906,6.899523484569673]}},{"type":"Feature","properties":{"ID":"5355","Elevation":"7.415","Length(cm)":"40","width(cm)":"40","Depth(m)":"1","Condition":"Good","Material":"metal"},"geometry":{"type":"Point","coordinates":[79.85995654375802,6.899369312225883]}},{"type":"Feature","properties":{"ID":"5359","Elevation":"7.368","Length(cm)":"40","width(cm)":"40","Depth(m)":"1","Condition":"Good","Material":"metal"},"geometry":{"type":"Point","coordinates":[79.86002072539146,6.8992963573305675]}},{"type":"Feature","properties":{"ID":"5363","Elevation":"7.254","Length(cm)":"40","width(cm)":"40","Depth(m)":"1","Condition":"Good","Material":"metal"},"geometry":{"type":"Point","coordinates":[79.86011233358204,6.899203399737743]}},{"type":"Feature","properties":{"ID":"5365","Elevation":"7.263","Length(cm)":"40","width(cm)":"40","Depth(m)":"1","Condition":"Good","Material":"metal"},"geometry":{"type":"Point","coordinates":[79.86020593066779,6.899115988741768]}},{"type":"Feature","properties":{"ID":"5371","Elevation":"7.223","Length(cm)":"50","width(cm)":"40","Depth(m)":"1","Condition":"Good","Material":"metal"},"geometry":{"type":"Point","coordinates":[79.86032363011567,6.899010431310218]}},{"type":"Feature","properties":{"ID":"5376","Elevation":"7.11","Length(cm)":"50","width(cm)":"50","Depth(m)":"1","Condition":"Good","Material":"metal"},"geometry":{"type":"Point","coordinates":[79.86044381156012,6.89892689609529]}},{"type":"Feature","properties":{"ID":"5377","Elevation":"7.013","Length(cm)":"50","width(cm)":"50","Depth(m)":"1","Condition":"Good","Material":"metal"},"geometry":{"type":"Point","coordinates":[79.86051944498344,6.898921290497677]}},{"type":"Feature","properties":{"ID":"5381","Elevation":"7.004","Length(cm)":"50","width(cm)":"50","Depth(m)":"1","Condition":"Good","Material":"metal"},"geometry":{"type":"Point","coordinates":[79.86057007593973,6.8989502138558265]}}]}