{
"type": "FeatureCollection",
"name": "landParcels",
"crs": { "type": "name", "properties": { "name": "urn:ogc:def:crs:OGC:1.3:CRS84" } },
"features": [
{ "type": "Feature", "properties": { "parcelId": "10000", "areaSqM": 947.24825, "landType": "Hotel", "landUse": "Public" }, "geometry": { "type": "Polygon", "coordinates": [ [ [ 79.86228363940269, 6.908912402589062 ], [ 79.86253817710778, 6.908977180224806 ], [ 79.862540472358489, 6.908967712315679 ], [ 79.86254707120419, 6.90894504671504 ], [ 79.862631694504827, 6.908730228110814 ], [ 79.862484480793754, 6.908682948810211 ], [ 79.862473202068699, 6.908710750356379 ], [ 79.862472946542724, 6.90871153710734 ], [ 79.862472710389284, 6.908711950110558 ], [ 79.862309484172897, 6.908678100229386 ], [ 79.862297000959558, 6.90871683804899 ], [ 79.862259133797608, 6.908862363895078 ], [ 79.86225579851147, 6.908877856837283 ], [ 79.862251324565889, 6.908902692167062 ], [ 79.86228363940269, 6.908912402589062 ] ] ] } },
{ "type": "Feature", "properties": { "parcelId": "10001", "areaSqM": 930.599659, "landType": "Company", "landUse": "Industrial" }, "geometry": { "type": "Polygon", "coordinates": [ [ [ 79.862826502491956, 6.907317745005662 ], [ 79.86282861033618, 6.907310484653297 ], [ 79.862834494481177, 6.907288152067601 ], [ 79.862828858655647, 6.907286038228712 ], [ 79.862822634075243, 6.907283670896887 ], [ 79.86281540033913, 6.90728079690192 ], [ 79.862807156801566, 6.907277752728358 ], [ 79.862617346582752, 6.907228850784678 ], [ 79.862610248275132, 6.907258870048152 ], [ 79.862608564460558, 6.907266454763774 ], [ 79.862608564460558, 6.90726645476378 ], [ 79.862608564460416, 6.907266454764404 ], [ 79.862553656329197, 6.907510997482499 ], [ 79.862553556294259, 6.907511334252686 ], [ 79.862538249657518, 6.907587236059122 ], [ 79.86253737283964, 6.907591464680423 ], [ 79.862734928370216, 6.907639776763878 ], [ 79.862826502491956, 6.907317745005662 ] ] ] } },
{ "type": "Feature", "properties": { "parcelId": "10002", "areaSqM": 724.140352, "landType": "Villa", "landUse": "Public" }, "geometry": { "type": "Polygon", "coordinates": [ [ [ 79.862484282853998, 6.907800531790368 ], [ 79.862467484870265, 6.907878235964298 ], [ 79.862462608632754, 6.907898650945365 ], [ 79.862481461412884, 6.907901869712704 ], [ 79.862567908307241, 6.907924401084113 ], [ 79.862574805665815, 6.907894972354095 ], [ 79.862625731163391, 6.907908192291398 ], [ 79.862649756962497, 6.907914744782061 ], [ 79.862734928370216, 6.907639776763878 ], [ 79.86253737283964, 6.907591464680423 ], [ 79.862484282853998, 6.907800531790368 ] ] ] } },
{ "type": "Feature", "properties": { "parcelId": "10003", "areaSqM": 166.837383, "landType": "House", "landUse": "Personal" }, "geometry": { "type": "Polygon", "coordinates": [ [ [ 79.862462608632754, 6.907898650945365 ], [ 79.862462404641519, 6.907900051976349 ], [ 79.862462232006067, 6.907902534675547 ], [ 79.862459705994539, 6.907928582607278 ], [ 79.862566074486665, 6.907987702417357 ], [ 79.862646049632289, 6.908027444747505 ], [ 79.862668799752512, 6.907959644949956 ], [ 79.862674726208169, 6.907941837799435 ], [ 79.862643012848807, 6.907932273485019 ], [ 79.862649756962497, 6.907914744782061 ], [ 79.862625731163391, 6.907908192291398 ], [ 79.862574805665815, 6.907894972354095 ], [ 79.862567908307241, 6.907924401084113 ], [ 79.862481461412884, 6.907901869712704 ], [ 79.862462608632754, 6.907898650945365 ] ] ] } },
{ "type": "Feature", "properties": { "parcelId": "10004", "areaSqM": 798.101964, "landType": "Shop", "landUse": "Personal" }, "geometry": { "type": "Polygon", "coordinates": [ [ [ 79.862446679707247, 6.907974420123164 ], [ 79.862446256072062, 6.907976376914219 ], [ 79.862445590359613, 6.907979866861164 ], [ 79.862443431837562, 6.907985817926749 ], [ 79.862416744609632, 6.908109882397116 ], [ 79.862608717678995, 6.908174775201224 ], [ 79.862718518768318, 6.908214674767722 ], [ 79.862819431983922, 6.908250876057718 ], [ 79.862853918776892, 6.908133161137636 ], [ 79.862825591082526, 6.908119189154194 ], [ 79.862646049632289, 6.908027444747505 ], [ 79.862566074486665, 6.907987702417357 ], [ 79.862459705994539, 6.907928582607278 ], [ 79.862447728708631, 6.907969881174823 ], [ 79.862447436958675, 6.907971002899403 ], [ 79.862446982303808, 6.907972907140384 ], [ 79.862446679707247, 6.907974420123164 ] ] ] } },
{ "type": "Feature", "properties": { "parcelId": "10005", "areaSqM": 970.33508, "landType": "Institut", "landUse": "Commercial" }, "geometry": { "type": "Polygon", "coordinates": [ [ [ 79.862329088264872, 6.908550981588282 ], [ 79.862328803333867, 6.908552263298798 ], [ 79.862328421190952, 6.908553867310737 ], [ 79.862328387148793, 6.908555501332137 ], [ 79.862328356889165, 6.908557008010823 ], [ 79.862328349806901, 6.908557153034564 ], [ 79.862328354219756, 6.908557302441603 ], [ 79.862328326481745, 6.908557456261507 ], [ 79.862328323966011, 6.908557465965055 ], [ 79.862328304417417, 6.908557571626427 ], [ 79.862329921259843, 6.908558469329465 ], [ 79.862335234508336, 6.908559824079345 ], [ 79.862464208586687, 6.90860182610245 ], [ 79.862608717678995, 6.908174775201224 ], [ 79.862416744609632, 6.908109882397116 ], [ 79.862392394704329, 6.908229882684596 ], [ 79.862387507341722, 6.908242024930712 ], [ 79.862383539835022, 6.908259085711517 ], [ 79.862379119808523, 6.908280774619262 ], [ 79.862376317030254, 6.908303761854247 ], [ 79.86236986163766, 6.908324096340914 ], [ 79.862344523783818, 6.908450535949505 ], [ 79.862344559647113, 6.908450984240657 ], [ 79.862345120976684, 6.908455520849595 ], [ 79.862329088264872, 6.908550981588282 ] ] ] } },
{ "type": "Feature", "properties": { "parcelId": "10006", "areaSqM": 625.410229, "landType": "Shopping Mall", "landUse": "Public" }, "geometry": { "type": "Polygon", "coordinates": [ [ [ 79.862202982308276, 6.909085481309318 ], [ 79.862201079895286, 6.909089593551936 ], [ 79.862273275691607, 6.909100812274405 ], [ 79.862480393130738, 6.90913404622665 ], [ 79.86253817710778, 6.908977180224806 ], [ 79.86228363940269, 6.908912402589062 ], [ 79.862251324565889, 6.908902692167062 ], [ 79.862250732821494, 6.908904628784839 ], [ 79.862202982308276, 6.909085481309318 ] ] ] } },
{ "type": "Feature", "properties": { "parcelId": "10007", "areaSqM": 532.159965, "landType": "Hospinorm", "landUse": "Government" }, "geometry": { "type": "Polygon", "coordinates": [ [ [ 79.863523101310207, 6.907788716439242 ], [ 79.863629047471889, 6.907550030324124 ], [ 79.863538717247323, 6.907510236106476 ], [ 79.863503056489421, 6.907494352966524 ], [ 79.863479508200186, 6.907483203827464 ], [ 79.863455960557559, 6.907471718202737 ], [ 79.863440074596681, 6.907503317445659 ], [ 79.863431626391446, 6.907519200220489 ], [ 79.863425370824061, 6.907532984158516 ], [ 79.863419000071204, 6.907549351770371 ], [ 79.863353426289834, 6.907719742853665 ], [ 79.863523101310207, 6.907788716439242 ] ] ] } },
{ "type": "Feature", "properties": { "parcelId": "10008", "areaSqM": 277.928137, "landType": "House", "landUse": "Personal" }, "geometry": { "type": "Polygon", "coordinates": [ [ [ 79.862674726208169, 6.907941837799435 ], [ 79.862668799752512, 6.907959644949956 ], [ 79.862646049632289, 6.908027444747505 ], [ 79.862825591082526, 6.908119189154194 ], [ 79.862853918776892, 6.908133161137636 ], [ 79.862854419258184, 6.90813193002791 ], [ 79.862854783973845, 6.908131148494366 ], [ 79.862898938932716, 6.908046670069462 ], [ 79.862854388984587, 6.90803097273114 ], [ 79.862840555523164, 6.908025864749313 ], [ 79.862800492965434, 6.908013035216728 ], [ 79.862783359605388, 6.908007017837809 ], [ 79.8627750458338, 6.907987114467009 ], [ 79.862736112699309, 6.907928732818162 ], [ 79.862727491001124, 6.907960115799615 ], [ 79.862674726208169, 6.907941837799435 ] ] ] } },
{ "type": "Feature", "properties": { "parcelId": "10009", "areaSqM": 453.917633, "landType": "Villa", "landUse": "Public" }, "geometry": { "type": "Polygon", "coordinates": [ [ [ 79.863448954705802, 6.907961840139125 ], [ 79.863278934817473, 6.907889417874266 ], [ 79.863212375307398, 6.908038831904102 ], [ 79.863214703165909, 6.908043228970183 ], [ 79.863216168854606, 6.908045729262658 ], [ 79.863218410496145, 6.908052799055182 ], [ 79.863220824571641, 6.908062196706219 ], [ 79.863220307269771, 6.908065645385499 ], [ 79.863220307269771, 6.908071853008204 ], [ 79.863218927798044, 6.908079957404515 ], [ 79.863215479118765, 6.908092545083888 ], [ 79.86325884365958, 6.908111161669401 ], [ 79.863351261213154, 6.90815195025224 ], [ 79.863448954705802, 6.907961840139125 ] ] ] } },
{ "type": "Feature", "properties": { "parcelId": "10010", "areaSqM": 592.206598, "landType": "Shop", "landUse": "Personal" }, "geometry": { "type": "Polygon", "coordinates": [ [ [ 79.86325884365958, 6.908111161669401 ], [ 79.86324395227696, 6.90814520210564 ], [ 79.863194528392143, 6.90812293657005 ], [ 79.863192631618531, 6.908122246834194 ], [ 79.863191855665704, 6.908121988183249 ], [ 79.863189441590208, 6.90812147088136 ], [ 79.863186079127914, 6.908121384664377 ], [ 79.863184074583017, 6.908121082904938 ], [ 79.86318084144618, 6.908121600206832 ], [ 79.863177716080685, 6.908123626305908 ], [ 79.86317502179989, 6.908125673959231 ], [ 79.863171680891938, 6.908130696098436 ], [ 79.863137107882181, 6.908114745956768 ], [ 79.863071841626834, 6.908273988722542 ], [ 79.863157368872891, 6.908311924194614 ], [ 79.863272899628669, 6.908380035610374 ], [ 79.863374247690899, 6.908162079079846 ], [ 79.863351261213154, 6.90815195025224 ], [ 79.86325884365958, 6.908111161669401 ] ] ] } },
{ "type": "Feature", "properties": { "parcelId": "10011", "areaSqM": 219.135153, "landType": "ATM", "landUse": "Commercial" }, "geometry": { "type": "Polygon", "coordinates": [ [ [ 79.862464208586687, 6.90860182610245 ], [ 79.862335234508336, 6.908559824079345 ], [ 79.862329921259843, 6.908558469329465 ], [ 79.862328304417417, 6.908557571626427 ], [ 79.862309484172897, 6.908678100229386 ], [ 79.862472710389284, 6.908711950110558 ], [ 79.862472946542724, 6.90871153710734 ], [ 79.862473202068699, 6.908710750356379 ], [ 79.862484480793754, 6.908682948810211 ], [ 79.862491127360457, 6.908664146091613 ], [ 79.862447836789798, 6.908650606727534 ], [ 79.862464208586687, 6.90860182610245 ] ] ] } },
{ "type": "Feature", "properties": { "parcelId": "10012", "areaSqM": 467.599273, "landType": "Hotel", "landUse": "Public" }, "geometry": { "type": "Polygon", "coordinates": [ [ [ 79.862273275691607, 6.909100812274405 ], [ 79.862251510938179, 6.909229360783524 ], [ 79.862240397156029, 6.909262920429616 ], [ 79.862387091986932, 6.909320740909681 ], [ 79.86239954183894, 6.909325139106121 ], [ 79.86241334046845, 6.909328530432191 ], [ 79.862418756258776, 6.909313735447171 ], [ 79.862420121839634, 6.909303979979518 ], [ 79.862423513494321, 6.909291200026317 ], [ 79.862480393130738, 6.90913404622665 ], [ 79.862273275691607, 6.909100812274405 ] ] ] } },
{ "type": "Feature", "properties": { "parcelId": "10013", "areaSqM": 149.572417, "landType": "House", "landUse": "Personal" }, "geometry": { "type": "Polygon", "coordinates": [ [ [ 79.862273275691607, 6.909100812274405 ], [ 79.862201079895286, 6.909089593551936 ], [ 79.862172146041857, 6.909227071723296 ], [ 79.862189718552756, 6.909240114694224 ], [ 79.862240397156029, 6.909262920429616 ], [ 79.862251510938179, 6.909229360783524 ], [ 79.862273275691607, 6.909100812274405 ] ] ] } },
{ "type": "Feature", "properties": { "parcelId": "10014", "areaSqM": 1216.089703, "landType": "Shopping Mall", "landUse": "Public" }, "geometry": { "type": "Polygon", "coordinates": [ [ [ 79.862608717678995, 6.908174775201224 ], [ 79.862464208586687, 6.90860182610245 ], [ 79.862447836789798, 6.908650606727534 ], [ 79.862491127360457, 6.908664146091613 ], [ 79.862484480793754, 6.908682948810211 ], [ 79.862631694504827, 6.908730228110814 ], [ 79.862779291949309, 6.908282004320784 ], [ 79.862783006566417, 6.908276375304891 ], [ 79.862787221886649, 6.908273018528067 ], [ 79.862790509642608, 6.908270501187483 ], [ 79.862793627590762, 6.908268740614406 ], [ 79.862797547806153, 6.908265635636082 ], [ 79.862801214197987, 6.908263203142746 ], [ 79.862806344904811, 6.908259869150947 ], [ 79.862808979479794, 6.908257771165282 ], [ 79.862809980254937, 6.908257163203296 ], [ 79.862811086736045, 6.908256303079597 ], [ 79.86281294146066, 6.908254834509781 ], [ 79.862814964135964, 6.908253576565559 ], [ 79.862819431983922, 6.908250876057718 ], [ 79.862718518768318, 6.908214674767722 ], [ 79.862608717678995, 6.908174775201224 ] ] ] } },
{ "type": "Feature", "properties": { "parcelId": "10015", "areaSqM": 1199.425875, "landType": "Sport Club", "landUse": "Recreational" }, "geometry": { "type": "Polygon", "coordinates": [ [ [ 79.863071841626834, 6.908273988722542 ], [ 79.863075756416748, 6.908263753150234 ], [ 79.86302972904376, 6.908238013412566 ], [ 79.862927258442539, 6.90818014423196 ], [ 79.862838799819073, 6.908443968196914 ], [ 79.862943474644595, 6.908488173196294 ], [ 79.862943604479213, 6.908488220890643 ], [ 79.863193410265666, 6.908593727094592 ], [ 79.863272899628669, 6.908380035610374 ], [ 79.863157368872891, 6.908311924194614 ], [ 79.863071841626834, 6.908273988722542 ] ] ] } },
{ "type": "Feature", "properties": { "parcelId": "10016", "areaSqM": 1808.579586, "landType": "Hotel", "landUse": "Public" }, "geometry": { "type": "Polygon", "coordinates": [ [ [ 79.862838799819073, 6.908443968196914 ], [ 79.862701359172704, 6.908820062838132 ], [ 79.863034630916289, 6.908955854584732 ], [ 79.863062862312759, 6.908890149004142 ], [ 79.863160890467256, 6.908667349004554 ], [ 79.863193410265666, 6.908593727094592 ], [ 79.862943604479213, 6.908488220890643 ], [ 79.862943474644595, 6.908488173196294 ], [ 79.862838799819073, 6.908443968196914 ] ] ] } },
{ "type": "Feature", "properties": { "parcelId": "10017", "areaSqM": 2259.505109, "landType": "Company", "landUse": "Industrial" }, "geometry": { "type": "Polygon", "coordinates": [ [ [ 79.862701359172704, 6.908820062838132 ], [ 79.862542676817441, 6.909291066210865 ], [ 79.862541124911772, 6.909300377644921 ], [ 79.862541995116757, 6.909309688003406 ], [ 79.862542221223293, 6.909315679826513 ], [ 79.862542676817455, 6.909322104324385 ], [ 79.862546234614229, 6.909332016023472 ], [ 79.862548884440145, 6.909337623381146 ], [ 79.862551988251496, 6.909343831003847 ], [ 79.862556643968503, 6.909348486720877 ], [ 79.862556643968503, 6.909348486720877 ], [ 79.86257061111958, 6.90935469434358 ], [ 79.862826675555851, 6.909455568212481 ], [ 79.862945095570552, 6.909173342950298 ], [ 79.863034630916289, 6.908955854584732 ], [ 79.862701359172704, 6.908820062838132 ] ] ] } },
{ "type": "Feature", "properties": { "parcelId": "10018", "areaSqM": 786.963825, "landType": "Hospinorm", "landUse": "Government" }, "geometry": { "type": "Polygon", "coordinates": [ [ [ 79.862827124247389, 6.907611549573232 ], [ 79.862794715470869, 6.907730812271739 ], [ 79.86286707522568, 6.907754223548312 ], [ 79.862891239362128, 6.907720894224381 ], [ 79.862946316924166, 6.907715279272629 ], [ 79.86295150271124, 6.907717213498438 ], [ 79.862984484964173, 6.907729558118313 ], [ 79.862991905013303, 6.907694349258291 ], [ 79.863042826918246, 6.907567771951572 ], [ 79.863106346211154, 6.907423551459663 ], [ 79.863134107073463, 6.907362669020766 ], [ 79.863031132783235, 6.907332019727958 ], [ 79.862974264608511, 6.90731340402441 ], [ 79.862943809951076, 6.90730426054076 ], [ 79.862918743394133, 6.907366479879165 ], [ 79.862909494930193, 6.907389194713043 ], [ 79.862827124247389, 6.907611549573232 ] ] ] } },
{ "type": "Feature", "properties": { "parcelId": "10019", "areaSqM": 565.331119, "landType": "Company", "landUse": "Industrial" }, "geometry": { "type": "Polygon", "coordinates": [ [ [ 79.863134107073463, 6.907362669020766 ], [ 79.863106346211154, 6.907423551459663 ], [ 79.863042826918246, 6.907567771951572 ], [ 79.863277795136781, 6.907669324779211 ], [ 79.86333258557228, 6.907535440957797 ], [ 79.863368288532612, 6.907450435771162 ], [ 79.863344733794762, 6.907442651472462 ], [ 79.863321517702616, 6.907433858363852 ], [ 79.863295104173446, 6.907424386156796 ], [ 79.863252712816561, 6.907406639433079 ], [ 79.863186094606547, 6.907380434140673 ], [ 79.863134107073463, 6.907362669020766 ] ] ] } },
{ "type": "Feature", "properties": { "parcelId": "10020", "areaSqM": 584.35595, "landType": "Embassy", "landUse": "Commercial" }, "geometry": { "type": "Polygon", "coordinates": [ [ [ 79.863004999217409, 6.907747017057172 ], [ 79.863079927163255, 6.907775824306265 ], [ 79.863068287870703, 6.907802012714556 ], [ 79.863186135707863, 6.907855553460358 ], [ 79.863277795136781, 6.907669324779211 ], [ 79.863042826918246, 6.907567771951572 ], [ 79.862991905013303, 6.907694349258291 ], [ 79.862984484964173, 6.907729558118313 ], [ 79.863004999217409, 6.907747017057172 ] ] ] } },
{ "type": "Feature", "properties": { "parcelId": "10021", "areaSqM": 302.615196, "landType": "House", "landUse": "Personal" }, "geometry": { "type": "Polygon", "coordinates": [ [ [ 79.863004999217409, 6.907747017057172 ], [ 79.862989473485385, 6.907790572704037 ], [ 79.862972242470875, 6.907835473592995 ], [ 79.862958878520658, 6.907871557487689 ], [ 79.86300281685007, 6.907887270532649 ], [ 79.863151945285949, 6.907949977221348 ], [ 79.863154709617774, 6.907951432132911 ], [ 79.863157037476299, 6.907952596062168 ], [ 79.863160965737535, 6.907954487447205 ], [ 79.863163002613732, 6.907949249765553 ], [ 79.863164166542987, 6.907946776415878 ], [ 79.863164748507614, 6.907945157826756 ], [ 79.863165184981085, 6.907944012083894 ], [ 79.863165912436884, 6.907941393243061 ], [ 79.863166494401639, 6.907939356366871 ], [ 79.863177988203034, 6.907912513248379 ], [ 79.86319690205346, 6.907861882325693 ], [ 79.863186135707863, 6.907855553460358 ], [ 79.863068287870703, 6.907802012714556 ], [ 79.863079927163255, 6.907775824306265 ], [ 79.863004999217409, 6.907747017057172 ] ] ] } },
{ "type": "Feature", "properties": { "parcelId": "10023", "areaSqM": 274.521283, "landType": "Villa", "landUse": "Public" }, "geometry": { "type": "Polygon", "coordinates": [ [ [ 79.863160965737535, 6.907954487447205 ], [ 79.863157037476299, 6.907952596062168 ], [ 79.863154709617774, 6.907951432132911 ], [ 79.863151945285949, 6.907949977221348 ], [ 79.86300281685007, 6.907887270532649 ], [ 79.862958878520658, 6.907871557487689 ], [ 79.862948257666076, 6.907899491789853 ], [ 79.862924397678157, 6.907971869760827 ], [ 79.863039807850328, 6.908014478712539 ], [ 79.863107297687009, 6.908043291612254 ], [ 79.863119591689752, 6.908015648292394 ], [ 79.863120610127851, 6.908014484363141 ], [ 79.86312206503942, 6.908014266126404 ], [ 79.863123374459846, 6.908014338871983 ], [ 79.863126211537391, 6.908014338871983 ], [ 79.863127884685696, 6.908014338871981 ], [ 79.863129339597279, 6.908014702599877 ], [ 79.863131958438103, 6.908015357310081 ], [ 79.863133849823157, 6.908016084765867 ], [ 79.863135231989133, 6.908016593984915 ], [ 79.863135959444918, 6.90801695771281 ], [ 79.863160965737535, 6.907954487447205 ] ] ] } },
{ "type": "Feature", "properties": { "parcelId": "10024", "areaSqM": 469.067197, "landType": "Hotel", "landUse": "Public" }, "geometry": { "type": "Polygon", "coordinates": [ [ [ 79.862924397678157, 6.907971869760827 ], [ 79.862919585527663, 6.907985238334928 ], [ 79.862898938932716, 6.908046670069462 ], [ 79.862854783973845, 6.908131148494366 ], [ 79.862854419258184, 6.90813193002791 ], [ 79.862853918776892, 6.908133161137636 ], [ 79.862851087759495, 6.908142953054938 ], [ 79.862927258442539, 6.90818014423196 ], [ 79.86302972904376, 6.908238013412566 ], [ 79.863107297687009, 6.908043291612254 ], [ 79.863039807850328, 6.908014478712539 ], [ 79.862924397678157, 6.907971869760827 ] ] ] } },
{ "type": "Feature", "properties": { "parcelId": "10025", "areaSqM": 2298.68352, "landType": "Stafford International School", "landUse": "Personal" }, "geometry": { "type": "Polygon", "coordinates": [ [ [ 79.863812046866968, 6.90763904479778 ], [ 79.863802738673087, 6.907664431660629 ], [ 79.863797154667793, 6.907679968827012 ], [ 79.863713719878035, 6.907874386873451 ], [ 79.863634844706354, 6.90803798404141 ], [ 79.86354271567356, 6.908243554127815 ], [ 79.863530651615022, 6.90826366540562 ], [ 79.863547790068978, 6.90827032223614 ], [ 79.86376752927967, 6.908377981836455 ], [ 79.863779352539595, 6.908366745765163 ], [ 79.863836481866983, 6.908259329051348 ], [ 79.863897985161373, 6.908155358520847 ], [ 79.863949503393926, 6.908060324679121 ], [ 79.863973502221853, 6.908000807399933 ], [ 79.863985529492254, 6.908007790976307 ], [ 79.864118667507157, 6.907768547988009 ], [ 79.864070583239013, 6.907756468632235 ], [ 79.863906405873877, 6.907684987551043 ], [ 79.863852413181135, 6.907659311243912 ], [ 79.863812046866968, 6.90763904479778 ] ] ] } },
{ "type": "Feature", "properties": { "parcelId": "10026", "areaSqM": 632.998932, "landType": "Villa", "landUse": "Public" }, "geometry": { "type": "Polygon", "coordinates": [ [ [ 79.864118667507157, 6.907768547988009 ], [ 79.863985529492254, 6.908007790976307 ], [ 79.863973502221853, 6.908000807399933 ], [ 79.863949503393926, 6.908060324679121 ], [ 79.864111534898058, 6.908147603718333 ], [ 79.864129662748852, 6.908129227609932 ], [ 79.864274759095807, 6.90784253717318 ], [ 79.864255434780162, 6.907823488732412 ], [ 79.864230007540812, 6.90780447067109 ], [ 79.864201455913914, 6.907790578039199 ], [ 79.86418295080334, 6.90778330817205 ], [ 79.864118667507157, 6.907768547988009 ] ] ] } },
{ "type": "Feature", "properties": { "parcelId": "10027", "areaSqM": 530.769068, "landType": "Apartment", "landUse": "Residential" }, "geometry": { "type": "Polygon", "coordinates": [ [ [ 79.864111534898058, 6.908147603718333 ], [ 79.863949503393926, 6.908060324679121 ], [ 79.863897985161373, 6.908155358520847 ], [ 79.863836481866983, 6.908259329051348 ], [ 79.863988361545239, 6.908347440467856 ], [ 79.864067591083199, 6.908221018886365 ], [ 79.864111534898058, 6.908147603718333 ] ] ] } },
{ "type": "Feature", "properties": { "parcelId": "10028", "areaSqM": 339.491865, "landType": "RemediumOne Pvt", "landUse": "Industrial" }, "geometry": { "type": "Polygon", "coordinates": [ [ [ 79.864185014057895, 6.908110863390563 ], [ 79.864272955389893, 6.90816595604862 ], [ 79.864289167482809, 6.908143841852763 ], [ 79.864378886019011, 6.908016109730135 ], [ 79.86440800732278, 6.907976797708857 ], [ 79.864353228890167, 6.907921845669268 ], [ 79.864334917596054, 6.907901284982813 ], [ 79.864318618495631, 6.907884934221183 ], [ 79.864308030225672, 6.907875492350638 ], [ 79.864276408251058, 6.907919049570504 ], [ 79.864186824614762, 6.908070513838169 ], [ 79.864191798277346, 6.908082244005126 ], [ 79.864194195094598, 6.908087190109605 ], [ 79.864195190193925, 6.908092265657154 ], [ 79.864194916042209, 6.90809733877522 ], [ 79.864193213780425, 6.908102514860611 ], [ 79.864189397720821, 6.908106841292785 ], [ 79.864185014057895, 6.908110863390563 ] ] ] } },
{ "type": "Feature", "properties": { "parcelId": "10029", "areaSqM": 287.899517, "landType": "Dankotuwa Porcelain Signature", "landUse": "Public" }, "geometry": { "type": "Polygon", "coordinates": [ [ [ 79.864272955389893, 6.90816595604862 ], [ 79.864312229329968, 6.908190696493079 ], [ 79.86437796768638, 6.908231394745748 ], [ 79.864472131033324, 6.908283543248273 ], [ 79.864483290998024, 6.908269200859067 ], [ 79.86449018768019, 6.908261285605655 ], [ 79.864496011545455, 6.908253136965153 ], [ 79.864501772680484, 6.908244777900787 ], [ 79.864504901019714, 6.908237591499364 ], [ 79.864508960224569, 6.908227841173612 ], [ 79.864511671948549, 6.908218424755398 ], [ 79.864512949516254, 6.908210645962016 ], [ 79.864515161334239, 6.90819853669946 ], [ 79.864516271030837, 6.908190505220361 ], [ 79.864517378954446, 6.908183399074271 ], [ 79.864517273883337, 6.908172336897042 ], [ 79.864516069511623, 6.908163880382602 ], [ 79.864514907873257, 6.908155087463958 ], [ 79.864512443018967, 6.908145492897496 ], [ 79.864509387554136, 6.908136612233604 ], [ 79.864506715802833, 6.908125166598423 ], [ 79.864504883164471, 6.908115110573466 ], [ 79.864498516641362, 6.908098947064907 ], [ 79.864491137090695, 6.908084295804746 ], [ 79.864482078186768, 6.908067454172303 ], [ 79.864471332193062, 6.908052459984294 ], [ 79.864456885626282, 6.908035776285103 ], [ 79.86440800732278, 6.907976797708857 ], [ 79.864378886019011, 6.908016109730135 ], [ 79.864289167482809, 6.908143841852763 ], [ 79.864272955389893, 6.90816595604862 ] ] ] } },
{ "type": "Feature", "properties": { "parcelId": "10030", "areaSqM": 585.111642, "landType": "Russian Cultural Centre", "landUse": "Industrial" }, "geometry": { "type": "Polygon", "coordinates": [ [ [ 79.864185014057895, 6.908110863390563 ], [ 79.864129662748852, 6.908129227609932 ], [ 79.864111534898058, 6.908147603718333 ], [ 79.864067591083199, 6.908221018886365 ], [ 79.864218304966826, 6.908316420828796 ], [ 79.864241399970751, 6.90832994076796 ], [ 79.86425492727524, 6.908306646228357 ], [ 79.864390382933266, 6.908383740171117 ], [ 79.864439558176457, 6.908325457539763 ], [ 79.864459306270078, 6.908299081182579 ], [ 79.864464873091279, 6.908293287452445 ], [ 79.864467996676424, 6.908288582626255 ], [ 79.864472131033324, 6.908283543248273 ], [ 79.86437796768638, 6.908231394745748 ], [ 79.864312229329968, 6.908190696493079 ], [ 79.864272955389893, 6.90816595604862 ], [ 79.864185014057895, 6.908110863390563 ] ] ] } },
{ "type": "Feature", "properties": { "parcelId": "10031", "areaSqM": 570.837825, "landType": "Restaurant", "landUse": "Public" }, "geometry": { "type": "Polygon", "coordinates": [ [ [ 79.863988361545239, 6.908347440467856 ], [ 79.864013081607396, 6.90836283846053 ], [ 79.864091241412027, 6.908412956787757 ], [ 79.864120868615629, 6.908368479763533 ], [ 79.864145783581549, 6.908384366635288 ], [ 79.864142150528664, 6.908390675688863 ], [ 79.864176995877543, 6.908411674476664 ], [ 79.864181392944147, 6.908407018759078 ], [ 79.864186824614649, 6.908410639872753 ], [ 79.864186565963678, 6.908411933127637 ], [ 79.864189669775428, 6.908415554241315 ], [ 79.864313878092702, 6.908495760674998 ], [ 79.864375302319488, 6.908405048344315 ], [ 79.864390382933266, 6.908383740171117 ], [ 79.86425492727524, 6.908306646228357 ], [ 79.864241399970751, 6.90832994076796 ], [ 79.864218304966826, 6.908316420828796 ], [ 79.864067591083199, 6.908221018886365 ], [ 79.863988361545239, 6.908347440467856 ] ] ] } },
{ "type": "Feature", "properties": { "parcelId": "10032", "areaSqM": 539.156369, "landType": "House", "landUse": "Personal" }, "geometry": { "type": "Polygon", "coordinates": [ [ [ 79.862826675555851, 6.909455568212481 ], [ 79.862949324168767, 6.909512591299389 ], [ 79.863041289592317, 6.909324492725188 ], [ 79.863083464024157, 6.909241502938939 ], [ 79.862945095570552, 6.909173342950298 ], [ 79.862826675555851, 6.909455568212481 ] ] ] } },
{ "type": "Feature", "properties": { "parcelId": "10033", "areaSqM": 778.536598, "landType": "Hotel", "landUse": "Public" }, "geometry": { "type": "Polygon", "coordinates": [ [ [ 79.863278934817473, 6.907889417874266 ], [ 79.863448954705802, 6.907961840139125 ], [ 79.863593357387302, 6.908022318512335 ], [ 79.863665711037953, 6.907847463856429 ], [ 79.863523101310207, 6.907788716439242 ], [ 79.863353426289834, 6.907719742853665 ], [ 79.863278934817473, 6.907889417874266 ] ] ] } },
{ "type": "Feature", "properties": { "parcelId": "10034", "areaSqM": 428.266151, "landType": "Bank", "landUse": "Commercial" }, "geometry": { "type": "Polygon", "coordinates": [ [ [ 79.863523101310207, 6.907788716439242 ], [ 79.863665711037953, 6.907847463856429 ], [ 79.863742111368552, 6.907665748088714 ], [ 79.863764944128548, 6.907619943149906 ], [ 79.863752162754835, 6.907612852470884 ], [ 79.863737363066264, 6.907604748468911 ], [ 79.863718862165896, 6.907595291435222 ], [ 79.863629047471889, 6.907550030324124 ], [ 79.863523101310207, 6.907788716439242 ] ] ] } },
{ "type": "Feature", "properties": { "parcelId": "10035", "areaSqM": 406.672511, "landType": "Library", "landUse": "Government" }, "geometry": { "type": "Polygon", "coordinates": [ [ [ 79.863593357387302, 6.908022318512335 ], [ 79.863448954705802, 6.907961840139125 ], [ 79.863351261213154, 6.90815195025224 ], [ 79.863374247690899, 6.908162079079846 ], [ 79.863486635752608, 6.908217070422188 ], [ 79.863593357387302, 6.908022318512335 ] ] ] } },
{ "type": "Feature", "properties": { "parcelId": "10036", "areaSqM": 697.349803, "landType": "Grocery Store", "landUse": "Public" }, "geometry": { "type": "Polygon", "coordinates": [ [ [ 79.864313878092702, 6.908495760674998 ], [ 79.864189669775428, 6.908415554241315 ], [ 79.864186565963678, 6.908411933127637 ], [ 79.864186824614649, 6.908410639872753 ], [ 79.864181392944147, 6.908407018759078 ], [ 79.864176995877543, 6.908411674476664 ], [ 79.864142150528664, 6.908390675688863 ], [ 79.864145783581549, 6.908384366635288 ], [ 79.864120868615629, 6.908368479763533 ], [ 79.864091241412027, 6.908412956787757 ], [ 79.864013081607396, 6.90836283846053 ], [ 79.863988361545239, 6.908347440467856 ], [ 79.863836481866983, 6.908259329051348 ], [ 79.863779352539595, 6.908366745765163 ], [ 79.86376752927967, 6.908377981836455 ], [ 79.863867692168881, 6.908432165189853 ], [ 79.8638837831042, 6.908404558924042 ], [ 79.863887025196377, 6.908400621829178 ], [ 79.863962322664349, 6.908440220720494 ], [ 79.86397333751863, 6.908424410907116 ], [ 79.864023373916524, 6.908455568328386 ], [ 79.864244686204856, 6.908585811882085 ], [ 79.864313878092702, 6.908495760674998 ] ] ] } },
{ "type": "Feature", "properties": { "parcelId": "10037", "areaSqM": 503.416486, "landType": "Hostal", "landUse": "Public" }, "geometry": { "type": "Polygon", "coordinates": [ [ [ 79.86376752927967, 6.908377981836455 ], [ 79.863547790068978, 6.90827032223614 ], [ 79.863529867526665, 6.908303344475195 ], [ 79.863467744551599, 6.908410232303648 ], [ 79.863606317308438, 6.908484055621877 ], [ 79.863690186178331, 6.908535431906456 ], [ 79.86376752927967, 6.908377981836455 ] ] ] } },
{ "type": "Feature", "properties": { "parcelId": "10038", "areaSqM": 1341.726517, "landType": "Apartment", "landUse": "Residential" }, "geometry": { "type": "Polygon", "coordinates": [ [ [ 79.863690186178331, 6.908535431906456 ], [ 79.863860167570138, 6.908629588240832 ], [ 79.863945045923984, 6.908670671089402 ], [ 79.864000016864793, 6.90870536444266 ], [ 79.863984119213868, 6.908747169631545 ], [ 79.86408973028206, 6.908813841611941 ], [ 79.864244686204856, 6.908585811882085 ], [ 79.864023373916524, 6.908455568328386 ], [ 79.86397333751863, 6.908424410907116 ], [ 79.863962322664349, 6.908440220720494 ], [ 79.863887025196377, 6.908400621829178 ], [ 79.8638837831042, 6.908404558924042 ], [ 79.863867692168881, 6.908432165189853 ], [ 79.86376752927967, 6.908377981836455 ], [ 79.863690186178331, 6.908535431906456 ] ] ] } },
{ "type": "Feature", "properties": { "parcelId": "10039", "areaSqM": 2044.396426, "landType": "The College of Surgeons of Sri", "landUse": "Government" }, "geometry": { "type": "Polygon", "coordinates": [ [ [ 79.863929604776189, 6.909019892608442 ], [ 79.863939359431868, 6.909025084758451 ], [ 79.863949221133865, 6.909007375041426 ], [ 79.863955849461533, 6.908996746367034 ], [ 79.86408973028206, 6.908813841611941 ], [ 79.863984119213868, 6.908747169631545 ], [ 79.864000016864793, 6.90870536444266 ], [ 79.863945045923984, 6.908670671089402 ], [ 79.863860167570138, 6.908629588240832 ], [ 79.863690186178331, 6.908535431906456 ], [ 79.863606317308438, 6.908484055621877 ], [ 79.863558200651624, 6.908554855002838 ], [ 79.863548977928261, 6.908570175660241 ], [ 79.86352470881701, 6.908613154819889 ], [ 79.863537148925701, 6.908619827137243 ], [ 79.863457291622979, 6.908745948791888 ], [ 79.863521682051712, 6.908780385747128 ], [ 79.863693676041279, 6.908878259198853 ], [ 79.863770753769288, 6.908922903229469 ], [ 79.863883670208097, 6.908993144944215 ], [ 79.863905335516435, 6.909005874375667 ], [ 79.863918651908648, 6.909013618374423 ], [ 79.863929604776189, 6.909019892608442 ] ] ] } },
{ "type": "Feature", "properties": { "parcelId": "10040", "areaSqM": 796.609075, "landType": "Restaurant", "landUse": "Public" }, "geometry": { "type": "Polygon", "coordinates": [ [ [ 79.863892876557941, 6.909077739910849 ], [ 79.863874886471763, 6.909065255481154 ], [ 79.863864502373815, 6.909057393813174 ], [ 79.863843369324385, 6.909042973673396 ], [ 79.863618124604869, 6.908899341102218 ], [ 79.863597901240581, 6.908928340643484 ], [ 79.863601335396794, 6.908937879966269 ], [ 79.863516616632026, 6.90909269898519 ], [ 79.863793235560479, 6.909240071770903 ], [ 79.863868625011065, 6.909114497449904 ], [ 79.863878777961787, 6.909099079766142 ], [ 79.863883759913463, 6.909091013645243 ], [ 79.863892876557941, 6.909077739910849 ] ] ] } },
{ "type": "Feature", "properties": { "parcelId": "10041", "areaSqM": 838.474419, "landType": "Atmosphere Ceylon (Pvt)", "landUse": "Industrial" }, "geometry": { "type": "Polygon", "coordinates": [ [ [ 79.863539832169053, 6.908852923974536 ], [ 79.863427676405266, 6.908795100614328 ], [ 79.8633458686664, 6.90875535727564 ], [ 79.863290740929159, 6.908859101429919 ], [ 79.863268509838193, 6.908948054799717 ], [ 79.863257881516716, 6.908971968523076 ], [ 79.863233549483724, 6.909020055897689 ], [ 79.863227504613505, 6.909034796775268 ], [ 79.863225165073473, 6.909041345745123 ], [ 79.863223038698251, 6.909047049516581 ], [ 79.863219739915991, 6.909057401879047 ], [ 79.863215308985119, 6.909079321130972 ], [ 79.863236569580067, 6.909090234875328 ], [ 79.86330247983679, 6.909121158040093 ], [ 79.863368480527782, 6.909155018801159 ], [ 79.863389657824342, 6.909113773154274 ], [ 79.863503598911052, 6.908909971583607 ], [ 79.863485822172123, 6.908896856633193 ], [ 79.863508939634187, 6.908855303678972 ], [ 79.863527507267818, 6.908865542346897 ], [ 79.863539832169053, 6.908852923974536 ] ] ] } },
{ "type": "Feature", "properties": { "parcelId": "10042", "areaSqM": 578.279004, "landType": "Villa Sukum", "landUse": "Public" }, "geometry": { "type": "Polygon", "coordinates": [ [ [ 79.8633458686664, 6.90875535727564 ], [ 79.863246261809806, 6.908707740427331 ], [ 79.863215288358433, 6.908695137643236 ], [ 79.863186551130781, 6.90867989169403 ], [ 79.863160890467256, 6.908667349004554 ], [ 79.863062862312759, 6.908890149004142 ], [ 79.863169367910089, 6.908936803040314 ], [ 79.863201358472267, 6.908948254507655 ], [ 79.863257881516716, 6.908971968523076 ], [ 79.863268509838193, 6.908948054799717 ], [ 79.863290740929159, 6.908859101429919 ], [ 79.8633458686664, 6.90875535727564 ] ] ] } },
{ "type": "Feature", "properties": { "parcelId": "10043", "areaSqM": 680.919119, "landType": "Saundharya Wishwa Vidyalaya", "landUse": "Government" }, "geometry": { "type": "Polygon", "coordinates": [ [ [ 79.863083464024157, 6.909241502938939 ], [ 79.8631454910618, 6.909269543776715 ], [ 79.863143070439364, 6.909255952468182 ], [ 79.863144697396024, 6.909242051718861 ], [ 79.86315439654777, 6.909210542893345 ], [ 79.863162038846554, 6.909196605027252 ], [ 79.863165014638099, 6.909189211670519 ], [ 79.863167990835251, 6.909181606912811 ], [ 79.863170138714125, 6.909164698892043 ], [ 79.863169896512829, 6.909148619475947 ], [ 79.863171123836011, 6.909140988342257 ], [ 79.863169031501812, 6.909065592882373 ], [ 79.863168588655071, 6.909059171604804 ], [ 79.863168588655071, 6.9090529717506 ], [ 79.863169917195279, 6.90904367196929 ], [ 79.863170581465354, 6.909036364998267 ], [ 79.86317168858217, 6.909030607990791 ], [ 79.863172574275623, 6.90902462955995 ], [ 79.86317345996909, 6.909019536822567 ], [ 79.863175452779373, 6.909014886931915 ], [ 79.863201358472267, 6.908948254507655 ], [ 79.863169367910089, 6.908936803040314 ], [ 79.863062862312759, 6.908890149004142 ], [ 79.863034630916289, 6.908955854584732 ], [ 79.862945095570552, 6.909173342950298 ], [ 79.863083464024157, 6.909241502938939 ] ] ] } },
{ "type": "Feature", "properties": { "parcelId": "10044", "areaSqM": 531.596271, "landType": "Govi Jana sewa cafe", "landUse": "Public" }, "geometry": { "type": "Polygon", "coordinates": [ [ [ 79.863083464024157, 6.909241502938939 ], [ 79.863041289592317, 6.909324492725188 ], [ 79.862949324168767, 6.909512591299389 ], [ 79.863015363687154, 6.909542206674375 ], [ 79.863040218459773, 6.909554800128221 ], [ 79.863042875540145, 6.90955377604516 ], [ 79.863049075394358, 6.909555990278802 ], [ 79.863053946708362, 6.909558647359176 ], [ 79.863059703715848, 6.909561304439548 ], [ 79.863064002211075, 6.909560985178502 ], [ 79.863069390303224, 6.909560562931382 ], [ 79.863074317657876, 6.909558204512445 ], [ 79.863079562925478, 6.909555081641166 ], [ 79.863083182248175, 6.909549039326492 ], [ 79.863107088315743, 6.909505505751697 ], [ 79.863174622441861, 6.909390365602181 ], [ 79.863210169543521, 6.909307731557669 ], [ 79.863164923939706, 6.909287767069377 ], [ 79.863154025671889, 6.909281137879602 ], [ 79.8631454910618, 6.909269543776715 ], [ 79.863083464024157, 6.909241502938939 ] ] ] } },
{ "type": "Feature", "properties": { "parcelId": "10045", "areaSqM": 234.763277, "landType": "Company", "landUse": "Industrial" }, "geometry": { "type": "Polygon", "coordinates": [ [ [ 79.863368480527782, 6.909155018801159 ], [ 79.86330247983679, 6.909121158040093 ], [ 79.863236569580067, 6.909090234875328 ], [ 79.863215308985119, 6.909079321130972 ], [ 79.863214644715015, 6.909176083141237 ], [ 79.863215973255194, 6.909192025623474 ], [ 79.863216487523928, 6.909213218511163 ], [ 79.863217102864013, 6.909223370042665 ], [ 79.863218145474761, 6.9092314077363 ], [ 79.863220460563895, 6.909237967608902 ], [ 79.863223197242462, 6.909245374152136 ], [ 79.863227420440651, 6.909250034490483 ], [ 79.863229953629144, 6.909253211330287 ], [ 79.86323396968497, 6.909255545149223 ], [ 79.863236915955, 6.909257110354895 ], [ 79.863239915430938, 6.909258517063265 ], [ 79.863294246414412, 6.909288621566208 ], [ 79.863353694577498, 6.909183803707678 ], [ 79.863363837360708, 6.909163695419577 ], [ 79.863368480527782, 6.909155018801159 ] ] ] } },
{ "type": "Feature", "properties": { "parcelId": "10046", "areaSqM": 303.280527, "landType": "Spa", "landUse": "Personal" }, "geometry": { "type": "Polygon", "coordinates": [ [ [ 79.863776852475723, 6.909264514097315 ], [ 79.863728028623996, 6.909228560478527 ], [ 79.863717732437564, 6.909229889018718 ], [ 79.863701457820298, 6.909217267886945 ], [ 79.863691991971464, 6.909213448333911 ], [ 79.863681031514929, 6.909213780468957 ], [ 79.863673724543915, 6.909215773279239 ], [ 79.863667809713405, 6.90921905222949 ], [ 79.863661767682231, 6.909222415980172 ], [ 79.863647818010278, 6.909243340488115 ], [ 79.863622575746803, 6.909226401600741 ], [ 79.863592662833966, 6.909263185557148 ], [ 79.863610349025194, 6.909274146013688 ], [ 79.863587493982294, 6.909305096848352 ], [ 79.8635838820137, 6.909319669273525 ], [ 79.863583508361756, 6.909324526748588 ], [ 79.863584214148887, 6.909336504368719 ], [ 79.86358620695917, 6.90934912550049 ], [ 79.863590856849825, 6.909363075172449 ], [ 79.86359617101057, 6.909373703493944 ], [ 79.863601485171316, 6.909380346194875 ], [ 79.863608792142301, 6.909390974516366 ], [ 79.863620084733896, 6.909402931378045 ], [ 79.863631377325461, 6.909412895429442 ], [ 79.863642005646938, 6.909419538130377 ], [ 79.863650641158131, 6.909424188021029 ], [ 79.863659940939414, 6.909429336114247 ], [ 79.863776852475723, 6.909264514097315 ] ] ] } },
{ "type": "Feature", "properties": { "parcelId": "10047", "areaSqM": 598.820972, "landType": "Hostal", "landUse": "Public" }, "geometry": { "type": "Polygon", "coordinates": [ [ [ 79.863610349025194, 6.909274146013688 ], [ 79.863592662833966, 6.909263185557148 ], [ 79.863475024752262, 6.909198855150323 ], [ 79.863437161356984, 6.909179176148816 ], [ 79.863433803915456, 6.909184433627935 ], [ 79.8634261074873, 6.909180483930548 ], [ 79.863416610500821, 6.909174692325674 ], [ 79.863402273493719, 6.909195338995829 ], [ 79.863386281970222, 6.909187528809256 ], [ 79.863384029623916, 6.909191816738808 ], [ 79.863379832321883, 6.909199066624126 ], [ 79.863374243917335, 6.909195508539953 ], [ 79.863366574071918, 6.90919110245855 ], [ 79.863353694577498, 6.909183803707678 ], [ 79.863294246414412, 6.909288621566208 ], [ 79.863408289933815, 6.909349559481639 ], [ 79.863463072675401, 6.909377666029249 ], [ 79.863547139914786, 6.909423026050546 ], [ 79.863632511254778, 6.909470900025894 ], [ 79.863659940939414, 6.909429336114247 ], [ 79.863650641158131, 6.909424188021029 ], [ 79.863642005646938, 6.909419538130377 ], [ 79.863631377325461, 6.909412895429442 ], [ 79.863620084733896, 6.909402931378045 ], [ 79.863608792142301, 6.909390974516366 ], [ 79.863601485171316, 6.909380346194875 ], [ 79.86359617101057, 6.909373703493944 ], [ 79.863590856849825, 6.909363075172449 ], [ 79.86358620695917, 6.90934912550049 ], [ 79.863584214148887, 6.909336504368719 ], [ 79.863583508361756, 6.909324526748588 ], [ 79.8635838820137, 6.909319669273525 ], [ 79.863587493982294, 6.909305096848352 ], [ 79.863610349025194, 6.909274146013688 ] ] ] } },
{ "type": "Feature", "properties": { "parcelId": "10048", "areaSqM": 283.053039, "landType": "House", "landUse": "Personal" }, "geometry": { "type": "Polygon", "coordinates": [ [ [ 79.863294246414412, 6.909288621566208 ], [ 79.863210849784366, 6.90943260943895 ], [ 79.863301669339066, 6.9094819993522 ], [ 79.863330001704256, 6.90949684749065 ], [ 79.863356447222287, 6.909517876358674 ], [ 79.863379054650267, 6.90948504445438 ], [ 79.863362850686144, 6.909473775030757 ], [ 79.863346149724833, 6.909463228006078 ], [ 79.863356195425965, 6.909444837478659 ], [ 79.863348909893816, 6.909441422820558 ], [ 79.863386431296092, 6.909379264809874 ], [ 79.863392438918311, 6.909383573483654 ], [ 79.863408289933815, 6.909349559481639 ], [ 79.863294246414412, 6.909288621566208 ] ] ] } },
{ "type": "Feature", "properties": { "parcelId": "10049", "areaSqM": 307.824566, "landType": "ceylon Stayz", "landUse": "Industrial" }, "geometry": { "type": "Polygon", "coordinates": [ [ [ 79.863330001704256, 6.90949684749065 ], [ 79.863301669339066, 6.9094819993522 ], [ 79.863210849784366, 6.90943260943895 ], [ 79.863116788885762, 6.909594383230562 ], [ 79.863215783293214, 6.909644826240752 ], [ 79.863222719207116, 6.909648609466519 ], [ 79.86322545153682, 6.909649660362566 ], [ 79.863231126375481, 6.909649660362565 ], [ 79.863234489242814, 6.909649870541773 ], [ 79.863237011393323, 6.909649870541769 ], [ 79.863239743723028, 6.909648609466514 ], [ 79.86324163533591, 6.909647558570466 ], [ 79.863244367665644, 6.90964629749521 ], [ 79.863247310174572, 6.909643985523913 ], [ 79.863330001704256, 6.90949684749065 ] ] ] } },
{ "type": "Feature", "properties": { "parcelId": "10050", "areaSqM": 242.639669, "landType": "Nanda Motors Limited", "landUse": "Industrial" }, "geometry": { "type": "Polygon", "coordinates": [ [ [ 79.863356447222287, 6.909517876358674 ], [ 79.863267277199412, 6.909680977064729 ], [ 79.86326387118676, 6.909685406066249 ], [ 79.863278675122601, 6.909691322939763 ], [ 79.86328742280034, 6.909694872805556 ], [ 79.863294656252165, 6.90969791504054 ], [ 79.863303235575231, 6.909701464583433 ], [ 79.863312824059662, 6.909705520788896 ], [ 79.863321362504962, 6.909708439342216 ], [ 79.863332299927947, 6.909711404553426 ], [ 79.863345258417837, 6.909713953030138 ], [ 79.863357209360757, 6.909715153632392 ], [ 79.863362426750655, 6.909716004845079 ], [ 79.863373873274497, 6.909716867994462 ], [ 79.863381447956868, 6.909717555481235 ], [ 79.863392896740578, 6.90971724093405 ], [ 79.863401145165753, 6.909717761468636 ], [ 79.863410237625558, 6.909717105919963 ], [ 79.86342438460828, 6.909714441141357 ], [ 79.863436183014272, 6.909707397546096 ], [ 79.863445962451536, 6.909699677110224 ], [ 79.863454736277916, 6.909689599346314 ], [ 79.863461314065063, 6.909683386961692 ], [ 79.863465109395335, 6.909679566707276 ], [ 79.863469579840057, 6.909674864471019 ], [ 79.863477087129795, 6.909666803194921 ], [ 79.863485945132354, 6.909656725591544 ], [ 79.863492443582956, 6.909647989410463 ], [ 79.863501054539682, 6.909635051203604 ], [ 79.863514733896864, 6.909612869346303 ], [ 79.863356447222287, 6.909517876358674 ] ] ] } },
{ "type": "Feature", "properties": { "parcelId": "10051", "areaSqM": 453.194641, "landType": "Shop", "landUse": "Personal" }, "geometry": { "type": "Polygon", "coordinates": [ [ [ 79.863514733896864, 6.909612869346303 ], [ 79.863632511254778, 6.909470900025894 ], [ 79.863547139914786, 6.909423026050546 ], [ 79.863463072675401, 6.909377666029249 ], [ 79.863408289933815, 6.909349559481639 ], [ 79.863392438918311, 6.909383573483654 ], [ 79.863386431296092, 6.909379264809874 ], [ 79.863348909893816, 6.909441422820558 ], [ 79.863356195425965, 6.909444837478659 ], [ 79.863346149724833, 6.909463228006078 ], [ 79.863362850686144, 6.909473775030757 ], [ 79.863379054650267, 6.90948504445438 ], [ 79.863356447222287, 6.909517876358674 ], [ 79.863514733896864, 6.909612869346303 ] ] ] } },
{ "type": "Feature", "properties": { "parcelId": "10052", "areaSqM": 1878.252095, "landType": "Hotel", "landUse": "Public" }, "geometry": { "type": "Polygon", "coordinates": [ [ [ 79.863374247690899, 6.908162079079846 ], [ 79.863272899628669, 6.908380035610374 ], [ 79.863193410265666, 6.908593727094592 ], [ 79.863160890467256, 6.908667349004554 ], [ 79.863186551130781, 6.90867989169403 ], [ 79.863215288358433, 6.908695137643236 ], [ 79.863246261809806, 6.908707740427331 ], [ 79.8633458686664, 6.90875535727564 ], [ 79.863427676405266, 6.908795100614328 ], [ 79.863457291622979, 6.908745948791888 ], [ 79.863537148925701, 6.908619827137243 ], [ 79.86352470881701, 6.908613154819889 ], [ 79.863548977928261, 6.908570175660241 ], [ 79.863558200651624, 6.908554855002838 ], [ 79.863606317308438, 6.908484055621877 ], [ 79.863467744551599, 6.908410232303648 ], [ 79.863529867526665, 6.908303344475195 ], [ 79.863547790068978, 6.90827032223614 ], [ 79.863530651615022, 6.90826366540562 ], [ 79.863523086224092, 6.908261183533645 ], [ 79.863515585611069, 6.908256412626442 ], [ 79.863508404743996, 6.90825037392118 ], [ 79.863503233727613, 6.908244233365039 ], [ 79.863498275064231, 6.908237670412155 ], [ 79.863494480489479, 6.908230792586569 ], [ 79.863486635752608, 6.908217070422188 ], [ 79.863374247690899, 6.908162079079846 ] ] ] } },
{ "type": "Feature", "properties": { "parcelId": "10053", "areaSqM": 699.708142, "landType": "Apartment", "landUse": "Residential" }, "geometry": { "type": "Polygon", "coordinates": [ [ [ 79.863618124604869, 6.908899341102218 ], [ 79.863539832169053, 6.908852923974536 ], [ 79.863527507267818, 6.908865542346897 ], [ 79.863508939634187, 6.908855303678972 ], [ 79.863485822172123, 6.908896856633193 ], [ 79.863503598911052, 6.908909971583607 ], [ 79.863389657824342, 6.909113773154274 ], [ 79.863368480527782, 6.909155018801159 ], [ 79.863363837360708, 6.909163695419577 ], [ 79.863353694577498, 6.909183803707678 ], [ 79.863366574071918, 6.90919110245855 ], [ 79.863374243917335, 6.909195508539953 ], [ 79.863379832321883, 6.909199066624126 ], [ 79.863384029623916, 6.909191816738808 ], [ 79.863386281970222, 6.909187528809256 ], [ 79.863402273493719, 6.909195338995829 ], [ 79.863416610500821, 6.909174692325674 ], [ 79.8634261074873, 6.909180483930548 ], [ 79.863433803915456, 6.909184433627935 ], [ 79.863437161356984, 6.909179176148816 ], [ 79.863475024752262, 6.909198855150323 ], [ 79.863592662833966, 6.909263185557148 ], [ 79.863622575746803, 6.909226401600741 ], [ 79.863647818010278, 6.909243340488115 ], [ 79.863661767682231, 6.909222415980172 ], [ 79.863667809713405, 6.90921905222949 ], [ 79.863673724543915, 6.909215773279239 ], [ 79.863681031514929, 6.909213780468957 ], [ 79.863691991971464, 6.909213448333911 ], [ 79.863701457820298, 6.909217267886945 ], [ 79.863717732437564, 6.909229889018718 ], [ 79.863728028623996, 6.909228560478527 ], [ 79.863776852475723, 6.909264514097315 ], [ 79.863793235560479, 6.909240071770903 ], [ 79.863516616632026, 6.90909269898519 ], [ 79.863601335396794, 6.908937879966269 ], [ 79.863597901240581, 6.908928340643484 ], [ 79.863618124604869, 6.908899341102218 ] ] ] } },
{ "type": "Feature", "properties": { "parcelId": "10055", "areaSqM": 2863.237863, "landType": "Police station", "landUse": "Government" }, "geometry": { "type": "Polygon", "coordinates": [ [ [ 79.863687836868692, 6.907007124920052 ], [ 79.86365444709493, 6.906944131841589 ], [ 79.863626220688218, 6.906966162207835 ], [ 79.863592486689939, 6.906911086292238 ], [ 79.863515380408188, 6.906948606759757 ], [ 79.863480957960959, 6.906964785309973 ], [ 79.863410736168632, 6.90707080644752 ], [ 79.86324826221788, 6.907032253306626 ], [ 79.863185093405292, 6.907244155449825 ], [ 79.863500374080004, 6.907356809223043 ], [ 79.863572366414218, 6.907389922726805 ], [ 79.863765489893666, 6.907467011349904 ], [ 79.863915541854752, 6.907529885033364 ], [ 79.864050808355543, 6.907577252018376 ], [ 79.864002261665917, 6.907257497449915 ], [ 79.863983612401043, 6.907149786251193 ], [ 79.863965986165624, 6.907035347292085 ], [ 79.863957627802563, 6.907004374585795 ], [ 79.863942232111157, 6.906955891139241 ], [ 79.863916289138615, 6.906876599038565 ], [ 79.863687836868692, 6.907007124920052 ] ] ] } },
{ "type": "Feature", "properties": { "parcelId": "10056", "areaSqM": 1366.898208, "landType": "Mangala Priyadarshana Home", "landUse": "Personal" }, "geometry": { "type": "Polygon", "coordinates": [ [ [ 79.863916289138615, 6.906876599038565 ], [ 79.863908584523372, 6.90685589040436 ], [ 79.863888477509022, 6.906806051994128 ], [ 79.863867036567399, 6.90674948131121 ], [ 79.86384725014247, 6.906708055662066 ], [ 79.863837188899765, 6.906687174272674 ], [ 79.863805643508712, 6.906632266673107 ], [ 79.863768081895628, 6.906554130025103 ], [ 79.863703650771583, 6.906440947393762 ], [ 79.863538573690875, 6.906487739319565 ], [ 79.863500827587217, 6.906505837270823 ], [ 79.863470287002457, 6.906535193168278 ], [ 79.863465467859797, 6.906561354228192 ], [ 79.863422784025218, 6.906712124547155 ], [ 79.86346819711919, 6.906848745896428 ], [ 79.863515380408188, 6.906948606759757 ], [ 79.863592486689939, 6.906911086292238 ], [ 79.863626220688218, 6.906966162207835 ], [ 79.86365444709493, 6.906944131841589 ], [ 79.863687836868692, 6.907007124920052 ], [ 79.863916289138615, 6.906876599038565 ] ] ] } },
{ "type": "Feature", "properties": { "parcelId": "10057", "areaSqM": 381.21326, "landType": "Shopping Center", "landUse": "Public" }, "geometry": { "type": "Polygon", "coordinates": [ [ [ 79.863185093405292, 6.907244155449825 ], [ 79.86324826221788, 6.907032253306626 ], [ 79.863089746848487, 6.906995765512567 ], [ 79.863021891314972, 6.907191014449441 ], [ 79.863127214462125, 6.907225874314269 ], [ 79.863185093405292, 6.907244155449825 ] ] ] } },
{ "type": "Feature", "properties": { "parcelId": "10058", "areaSqM": 1050.939045, "landType": "Company", "landUse": "Industrial" }, "geometry": { "type": "Polygon", "coordinates": [ [ [ 79.86324826221788, 6.907032253306626 ], [ 79.863259965849949, 6.907018656439959 ], [ 79.863342020358587, 6.906778258673963 ], [ 79.863426570494539, 6.906520219403731 ], [ 79.863304026582441, 6.906469274181824 ], [ 79.863195251649216, 6.906675808865349 ], [ 79.863151879365731, 6.906863755427347 ], [ 79.863116080020632, 6.906982168645898 ], [ 79.863102741322336, 6.90698802046193 ], [ 79.863089746848487, 6.906995765512567 ], [ 79.86324826221788, 6.907032253306626 ] ] ] } },
{ "type": "Feature", "properties": { "parcelId": "10059", "areaSqM": 640.720095, "landType": "Car Park", "landUse": "Public" }, "geometry": { "type": "Polygon", "coordinates": [ [ [ 79.86324826221788, 6.907032253306626 ], [ 79.863410736168632, 6.90707080644752 ], [ 79.863480957960959, 6.906964785309973 ], [ 79.863515380408188, 6.906948606759757 ], [ 79.86346819711919, 6.906848745896428 ], [ 79.863422784025218, 6.906712124547155 ], [ 79.863378163928175, 6.906749343818262 ], [ 79.863342020358587, 6.906778258673963 ], [ 79.863259965849949, 6.907018656439959 ], [ 79.86324826221788, 6.907032253306626 ] ] ] } },
{ "type": "Feature", "properties": { "parcelId": "10060", "areaSqM": 443.183581, "landType": "Juice Bar", "landUse": "Public" }, "geometry": { "type": "Polygon", "coordinates": [ [ [ 79.863537195634379, 6.906427149711972 ], [ 79.863535818736494, 6.906436787997204 ], [ 79.863574029617695, 6.906434810688119 ], [ 79.863618828508635, 6.906426147840582 ], [ 79.86365067254151, 6.906413085866001 ], [ 79.863681171032638, 6.90639934834088 ], [ 79.863647347465474, 6.906330766859652 ], [ 79.863486063984908, 6.906127767088651 ], [ 79.863400487669722, 6.9062037053547 ], [ 79.863535670968758, 6.906365602878015 ], [ 79.863527855754953, 6.906380298607916 ], [ 79.863537195634379, 6.906427149711972 ] ] ] } },
{ "type": "Feature", "properties": { "parcelId": "10061", "areaSqM": 418.986919, "landType": "Shop", "landUse": "Personal" }, "geometry": { "type": "Polygon", "coordinates": [ [ [ 79.863400487669722, 6.9062037053547 ], [ 79.86331396606424, 6.906270699689256 ], [ 79.86331396606424, 6.906270699689256 ], [ 79.863305326310538, 6.906318181418373 ], [ 79.863295549860368, 6.906362551951989 ], [ 79.863282297412781, 6.906423535355054 ], [ 79.86342618324214, 6.906393932050395 ], [ 79.863440124333223, 6.906449180078232 ], [ 79.863491794487913, 6.906444190439743 ], [ 79.863535818736494, 6.906436787997204 ], [ 79.863537195634379, 6.906427149711972 ], [ 79.863527855754953, 6.906380298607916 ], [ 79.863535670968758, 6.906365602878015 ], [ 79.863400487669722, 6.9062037053547 ] ] ] } },
{ "type": "Feature", "properties": { "parcelId": "10062", "areaSqM": 1787.709606, "landType": "Cana Counter Shop", "landUse": "Public" }, "geometry": { "type": "Polygon", "coordinates": [ [ [ 79.863253382557204, 6.905844894016781 ], [ 79.863235251610902, 6.905904621758032 ], [ 79.863208977600266, 6.90597156862267 ], [ 79.863170116952602, 6.906178701548218 ], [ 79.86312894670732, 6.906169341284452 ], [ 79.863129369864978, 6.906159253627242 ], [ 79.863084563060639, 6.906151097009086 ], [ 79.863084148417926, 6.906156745756626 ], [ 79.863075671622468, 6.906155115360887 ], [ 79.863074853175235, 6.90616076333474 ], [ 79.86303569498844, 6.906155038766671 ], [ 79.863031634492472, 6.906166733609139 ], [ 79.863012258849807, 6.906163064636138 ], [ 79.862957693735567, 6.906380163071582 ], [ 79.862943236307757, 6.906465186516288 ], [ 79.863118790788576, 6.906498232065619 ], [ 79.863131182869509, 6.90640804525382 ], [ 79.863275105157342, 6.906428400988077 ], [ 79.863282297412781, 6.906423535355054 ], [ 79.863295549860368, 6.906362551951989 ], [ 79.863305326310538, 6.906318181418373 ], [ 79.86331396606424, 6.906270699689256 ], [ 79.863281608963874, 6.906237998364376 ], [ 79.863372484224527, 6.906162957429352 ], [ 79.863369730428758, 6.906152630695177 ], [ 79.863449590506292, 6.906085162698548 ], [ 79.863253382557204, 6.905844894016781 ] ] ] } },
{ "type": "Feature", "properties": { "parcelId": "10063", "areaSqM": 4076.663821, "landType": "ACS Capital (Pvt) Limited", "landUse": "Industrial" }, "geometry": { "type": "Polygon", "coordinates": [ [ [ 79.862943236307757, 6.906465186516288 ], [ 79.862863766199354, 6.906467485318859 ], [ 79.862741136231179, 6.906438198195991 ], [ 79.86249370105547, 6.906413563361535 ], [ 79.862478479489511, 6.906458230547091 ], [ 79.862334197381145, 6.906431095671778 ], [ 79.862343237197237, 6.906388836168587 ], [ 79.86228447428104, 6.906376522766974 ], [ 79.862230003201432, 6.906696505361945 ], [ 79.862305729271668, 6.906695849806865 ], [ 79.863066899004323, 6.906833850652997 ], [ 79.863151879365731, 6.906863755427347 ], [ 79.863195251649216, 6.906675808865349 ], [ 79.863304026582441, 6.906469274181824 ], [ 79.863275105157342, 6.906428400988077 ], [ 79.863131182869509, 6.90640804525382 ], [ 79.863118790788576, 6.906498232065619 ], [ 79.862943236307757, 6.906465186516288 ] ] ] } },
{ "type": "Feature", "properties": { "parcelId": "10064", "areaSqM": 3179.759518, "landType": "Mazarin (Pvt)", "landUse": "Industrial" }, "geometry": { "type": "Polygon", "coordinates": [ [ [ 79.863066899004323, 6.906833850652997 ], [ 79.862305729271668, 6.906695849806865 ], [ 79.862230003201432, 6.906696505361945 ], [ 79.862156339164386, 6.906978769429416 ], [ 79.862631523075777, 6.907079225899534 ], [ 79.862976127421604, 6.907176121371716 ], [ 79.863020004009798, 6.907072151275377 ], [ 79.863067845566633, 6.906918185922085 ], [ 79.863074730056042, 6.906877567434327 ], [ 79.863064059097425, 6.906873092516189 ], [ 79.863075074280545, 6.906841423864717 ], [ 79.863066899004323, 6.906833850652997 ] ] ] } },
{ "type": "Feature", "properties": { "parcelId": "10065", "areaSqM": 5667.033458, "landType": "Kemara Hotel", "landUse": "Public" }, "geometry": { "type": "Polygon", "coordinates": [ [ [ 79.86228447428104, 6.906376522766974 ], [ 79.862343237197237, 6.906388836168587 ], [ 79.862334197381145, 6.906431095671778 ], [ 79.862478479489511, 6.906458230547091 ], [ 79.86249370105547, 6.906413563361535 ], [ 79.862741136231179, 6.906438198195991 ], [ 79.862788956792258, 6.906090412297162 ], [ 79.862806597675018, 6.905965431121804 ], [ 79.862870432831997, 6.905586381438015 ], [ 79.86280778397807, 6.905569858663345 ], [ 79.862261155516308, 6.905489998585826 ], [ 79.862307970044483, 6.905890675871809 ], [ 79.862270994262062, 6.906056424208825 ], [ 79.862261300374442, 6.906103301432816 ], [ 79.862262387205391, 6.906178564474996 ], [ 79.862266055259767, 6.906273865962519 ], [ 79.862272872443668, 6.906330124722723 ], [ 79.862265064012945, 6.906372117874845 ], [ 79.862274941024836, 6.906374417053068 ], [ 79.86228447428104, 6.906376522766974 ] ] ] } },
{ "type": "Feature", "properties": { "parcelId": "10066", "areaSqM": 1710.265542, "landType": "Cane Couture Clothing Shop", "landUse": "Public" }, "geometry": { "type": "Polygon", "coordinates": [ [ [ 79.862870432831997, 6.905586381438015 ], [ 79.862806597675018, 6.905965431121804 ], [ 79.862788956792258, 6.906090412297162 ], [ 79.862917247360116, 6.906093768310484 ], [ 79.862995730539794, 6.906102029697807 ], [ 79.86300399192713, 6.906063476556884 ], [ 79.863097620983552, 6.90608137622944 ], [ 79.863132043430781, 6.90583491150712 ], [ 79.8631602368676, 6.905816102257974 ], [ 79.86318655538301, 6.905798115401278 ], [ 79.863203642121007, 6.905785343183067 ], [ 79.863078437781994, 6.905634101737179 ], [ 79.863068560454835, 6.905625810270512 ], [ 79.86287988161412, 6.905573594038746 ], [ 79.862870432831997, 6.905586381438015 ] ] ] } },
{ "type": "Feature", "properties": { "parcelId": "10067", "areaSqM": 563.259784, "landType": "Restaurant", "landUse": "Public" }, "geometry": { "type": "Polygon", "coordinates": [ [ [ 79.862788956792258, 6.906090412297162 ], [ 79.862741136231179, 6.906438198195991 ], [ 79.862863766199354, 6.906467485318859 ], [ 79.862917247360116, 6.906093768310484 ], [ 79.862788956792258, 6.906090412297162 ] ] ] } },
{ "type": "Feature", "properties": { "parcelId": "10068", "areaSqM": 3887.196206, "landType": "Lakpahana Shop", "landUse": "Public" }, "geometry": { "type": "Polygon", "coordinates": [ [ [ 79.862261155516308, 6.905489998585826 ], [ 79.861913454967578, 6.905463537504941 ], [ 79.861888564320324, 6.906018939743417 ], [ 79.861884327091914, 6.906182466434507 ], [ 79.861880401536482, 6.906281349090341 ], [ 79.862272872443668, 6.906330124722723 ], [ 79.862266055259767, 6.906273865962519 ], [ 79.862262387205391, 6.906178564474996 ], [ 79.862261300374442, 6.906103301432816 ], [ 79.862270994262062, 6.906056424208825 ], [ 79.862307970044483, 6.905890675871809 ], [ 79.862261155516308, 6.905489998585826 ] ] ] } },
{ "type": "Feature", "properties": { "parcelId": "10069", "areaSqM": 1805.39702, "landType": "House", "landUse": "Personal" }, "geometry": { "type": "Polygon", "coordinates": [ [ [ 79.861880401536482, 6.906281349090341 ], [ 79.861879872850153, 6.906432878564279 ], [ 79.861878978324228, 6.906477277970711 ], [ 79.861875230216583, 6.906537386147873 ], [ 79.861855659087979, 6.906676024005915 ], [ 79.862230003201432, 6.906696505361945 ], [ 79.86228447428104, 6.906376522766974 ], [ 79.862274941024836, 6.906374417053068 ], [ 79.862265064012945, 6.906372117874845 ], [ 79.862272872443668, 6.906330124722723 ], [ 79.861880401536482, 6.906281349090341 ] ] ] } },
{ "type": "Feature", "properties": { "parcelId": "10070", "areaSqM": 1853.356591, "landType": "Stay", "landUse": "Industrial" }, "geometry": { "type": "Polygon", "coordinates": [ [ [ 79.861884327091914, 6.906182466434507 ], [ 79.86156134716434, 6.906161752644052 ], [ 79.861565348934548, 6.906201450994931 ], [ 79.861568359912525, 6.906315658181234 ], [ 79.861570038832241, 6.906477922822047 ], [ 79.861570985449532, 6.906511140483643 ], [ 79.861570727281162, 6.906652272517371 ], [ 79.861855659087979, 6.906676024005915 ], [ 79.861875230216583, 6.906537386147873 ], [ 79.861878978324228, 6.906477277970711 ], [ 79.861879872850153, 6.906432878564279 ], [ 79.861880401536482, 6.906281349090341 ], [ 79.861884327091914, 6.906182466434507 ] ] ] } },
{ "type": "Feature", "properties": { "parcelId": "10073", "areaSqM": 1577.223745, "landType": "Villa", "landUse": "Public" }, "geometry": { "type": "Polygon", "coordinates": [ [ [ 79.861570985449532, 6.906511140483643 ], [ 79.861570038832241, 6.906477922822047 ], [ 79.861498748931879, 6.906469972119697 ], [ 79.861457973329976, 6.906467787027474 ], [ 79.861397926596155, 6.906467079751197 ], [ 79.861317292013553, 6.90646260483306 ], [ 79.861299392340996, 6.906468112424627 ], [ 79.861281492668439, 6.906481881403531 ], [ 79.861273231281103, 6.906503911769773 ], [ 79.861271854383219, 6.906520434544452 ], [ 79.861269100587407, 6.906725592330067 ], [ 79.86126819682535, 6.906899282340178 ], [ 79.861572018122885, 6.90690458905571 ], [ 79.861570727281162, 6.906652272517371 ], [ 79.861570985449532, 6.906511140483643 ] ] ] } },
{ "type": "Feature", "properties": { "parcelId": "10074", "areaSqM": 646.296531, "landType": "House", "landUse": "Personal" }, "geometry": { "type": "Polygon", "coordinates": [ [ [ 79.86156134716434, 6.906161752644052 ], [ 79.861516856151326, 6.906156072940271 ], [ 79.861393795902544, 6.906160031521721 ], [ 79.861394738006268, 6.906308061251783 ], [ 79.861395730630846, 6.906438887903119 ], [ 79.861397926596155, 6.906467079751197 ], [ 79.861457973329976, 6.906467787027474 ], [ 79.861498748931879, 6.906469972119697 ], [ 79.861570038832241, 6.906477922822047 ], [ 79.861568359912525, 6.906315658181234 ], [ 79.861565348934548, 6.906201450994931 ], [ 79.86156134716434, 6.906161752644052 ] ] ] } },
{ "type": "Feature", "properties": { "parcelId": "10075", "areaSqM": 592.467377, "landType": "House", "landUse": "Personal" }, "geometry": { "type": "Polygon", "coordinates": [ [ [ 79.861395730630846, 6.906438887903119 ], [ 79.861394738006268, 6.906308061251783 ], [ 79.861393795902544, 6.906160031521721 ], [ 79.861219794009415, 6.906153245484595 ], [ 79.861221676415028, 6.906169502974716 ], [ 79.861223060564328, 6.906440918691317 ], [ 79.861395730630846, 6.906438887903119 ] ] ] } },
{ "type": "Feature", "properties": { "parcelId": "10076", "areaSqM": 755.973775, "landType": "Library", "landUse": "Public" }, "geometry": { "type": "Polygon", "coordinates": [ [ [ 79.861219794009415, 6.906153245484595 ], [ 79.861393795902544, 6.906160031521721 ], [ 79.861516856151326, 6.906156072940271 ], [ 79.861526494436546, 6.90595229205255 ], [ 79.86128654807132, 6.905951075079231 ], [ 79.861279163568213, 6.905950152942005 ], [ 79.861222681610911, 6.905948639580992 ], [ 79.861219794009415, 6.906153245484595 ] ] ] } },
{ "type": "Feature", "properties": { "parcelId": "10077", "areaSqM": 472.593083, "landType": "House", "landUse": "Personal" }, "geometry": { "type": "Polygon", "coordinates": [ [ [ 79.861526494436546, 6.90595229205255 ], [ 79.861524429089755, 6.905822863650881 ], [ 79.861226127493381, 6.905819964947762 ], [ 79.861225884870663, 6.905850353445111 ], [ 79.861222681610911, 6.905948639580992 ], [ 79.861279163568213, 6.905950152942005 ], [ 79.86128654807132, 6.905951075079231 ], [ 79.861526494436546, 6.90595229205255 ] ] ] } },
{ "type": "Feature", "properties": { "parcelId": "10078", "areaSqM": 1470.934682, "landType": "Restaurant", "landUse": "Public" }, "geometry": { "type": "Polygon", "coordinates": [ [ [ 79.861226127493381, 6.905819964947762 ], [ 79.861524429089755, 6.905822863650881 ], [ 79.861527513598716, 6.905409344543656 ], [ 79.861365547621759, 6.905399511474103 ], [ 79.861205592099751, 6.905406006036904 ], [ 79.861216582961092, 6.905794381534485 ], [ 79.861226127493381, 6.905819964947762 ] ] ] } },
{ "type": "Feature", "properties": { "parcelId": "10079", "areaSqM": 1107.908022, "landType": "Villa", "landUse": "Public" }, "geometry": { "type": "Polygon", "coordinates": [ [ [ 79.861155764680134, 6.905406007814753 ], [ 79.860912397978311, 6.9054297593034 ], [ 79.860946820425482, 6.905819421406265 ], [ 79.861165747189787, 6.905796186254338 ], [ 79.861155764680134, 6.905406007814753 ] ] ] } },
{ "type": "Feature", "properties": { "parcelId": "10080", "areaSqM": 1006.386327, "landType": "House", "landUse": "Personal" }, "geometry": { "type": "Polygon", "coordinates": [ [ [ 79.860946820425482, 6.905819421406265 ], [ 79.860912397978311, 6.9054297593034 ], [ 79.860693815438523, 6.905436988017366 ], [ 79.860748891353992, 6.905833534609679 ], [ 79.860946820425482, 6.905819421406265 ] ] ] } },
{ "type": "Feature", "properties": { "parcelId": "10081", "areaSqM": 998.464806, "landType": "Shop", "landUse": "Personal" }, "geometry": { "type": "Polygon", "coordinates": [ [ [ 79.860748891353992, 6.905833534609679 ], [ 79.860693815438523, 6.905436988017366 ], [ 79.860496919040443, 6.905453510792082 ], [ 79.860532718385514, 6.905819077181873 ], [ 79.860536849079168, 6.905830092364992 ], [ 79.860539602874951, 6.905834223058658 ], [ 79.860547175813338, 6.905840419099162 ], [ 79.860558879445392, 6.905843861343887 ], [ 79.860569206179548, 6.905846615139666 ], [ 79.860748891353992, 6.905833534609679 ] ] ] } },
{ "type": "Feature", "properties": { "parcelId": "10082", "areaSqM": 902.813519, "landType": "Institut", "landUse": "Public" }, "geometry": { "type": "Polygon", "coordinates": [ [ [ 79.861225884870663, 6.905850353445111 ], [ 79.860974702607791, 6.905870710852668 ], [ 79.860995356076074, 6.906169497694799 ], [ 79.861221676415028, 6.906169502974716 ], [ 79.861219794009415, 6.906153245484595 ], [ 79.861222681610911, 6.905948639580992 ], [ 79.861225884870663, 6.905850353445111 ] ] ] } },
{ "type": "Feature", "properties": { "parcelId": "10083", "areaSqM": 2134.262909, "landType": "Restaurant", "landUse": "Public" }, "geometry": { "type": "Polygon", "coordinates": [ [ [ 79.861221676415028, 6.906169502974716 ], [ 79.860995356076074, 6.906169497694799 ], [ 79.860838081731728, 6.906179949004303 ], [ 79.860841143512559, 6.906312350850912 ], [ 79.860845274206213, 6.906407356805325 ], [ 79.860849404899866, 6.906507870351296 ], [ 79.86085322682537, 6.906591123315491 ], [ 79.860940108048297, 6.906589967887973 ], [ 79.860935277450082, 6.906675720617926 ], [ 79.861021465775323, 6.906679062159519 ], [ 79.861022075668188, 6.906661919916602 ], [ 79.861063015035697, 6.906661387240018 ], [ 79.86107383925571, 6.906623529774014 ], [ 79.861222544227658, 6.90662352977399 ], [ 79.861223060564328, 6.906440918691317 ], [ 79.861221676415028, 6.906169502974716 ] ] ] } },
{ "type": "Feature", "properties": { "parcelId": "10084", "areaSqM": 664.926218, "landType": "Company", "landUse": "Industrial" }, "geometry": { "type": "Polygon", "coordinates": [ [ [ 79.861223232676593, 6.906898909351996 ], [ 79.861222544227658, 6.90662352977399 ], [ 79.86107383925571, 6.906623529774014 ], [ 79.861063015035697, 6.906661387240018 ], [ 79.861022075668188, 6.906661919916602 ], [ 79.861021465775323, 6.906679062159519 ], [ 79.861017600734812, 6.90679778776605 ], [ 79.861018313673071, 6.906847020829052 ], [ 79.861009404781143, 6.906885007345447 ], [ 79.861065577868345, 6.906894778658354 ], [ 79.861102754111329, 6.906896844005184 ], [ 79.861223232676593, 6.906898909351996 ] ] ] } },
{ "type": "Feature", "properties": { "parcelId": "10085", "areaSqM": 215.33289, "landType": "Bank", "landUse": "Commercial" }, "geometry": { "type": "Polygon", "coordinates": [ [ [ 79.861021465775323, 6.906679062159519 ], [ 79.860935277450082, 6.906675720617926 ], [ 79.860920487253395, 6.906880149118301 ], [ 79.861009404781143, 6.906885007345447 ], [ 79.861018313673071, 6.906847020829052 ], [ 79.861017600734812, 6.90679778776605 ], [ 79.861021465775323, 6.906679062159519 ] ] ] } },
{ "type": "Feature", "properties": { "parcelId": "10086", "areaSqM": 308.933595, "landType": "Solid Holding (Pvt)Ltd", "landUse": "Industrial" }, "geometry": { "type": "Polygon", "coordinates": [ [ [ 79.860940108048297, 6.906589967887973 ], [ 79.86085322682537, 6.906591123315491 ], [ 79.860842738419677, 6.906730968724922 ], [ 79.86083345181045, 6.906875402811853 ], [ 79.860920487253395, 6.906880149118301 ], [ 79.860935277450082, 6.906675720617926 ], [ 79.860940108048297, 6.906589967887973 ] ] ] } },
{ "type": "Feature", "properties": { "parcelId": "10087", "areaSqM": 2415.084278, "landType": "Lionel Wendt Art Centre", "landUse": "Public" }, "geometry": { "type": "Polygon", "coordinates": [ [ [ 79.860838081731728, 6.906179949004303 ], [ 79.860754494254252, 6.906186264212255 ], [ 79.860522644364551, 6.906214257041796 ], [ 79.860562276821753, 6.906598346090862 ], [ 79.860585218428611, 6.906883021509652 ], [ 79.86083345181045, 6.906875402811853 ], [ 79.860842738419677, 6.906730968724922 ], [ 79.86085322682537, 6.906591123315491 ], [ 79.860849404899866, 6.906507870351296 ], [ 79.860845274206213, 6.906407356805325 ], [ 79.860841143512559, 6.906312350850912 ], [ 79.860838081731728, 6.906179949004303 ] ] ] } },
{ "type": "Feature", "properties": { "parcelId": "10088", "areaSqM": 880.84035, "landType": "Studio", "landUse": "Personal" }, "geometry": { "type": "Polygon", "coordinates": [ [ [ 79.860995356076074, 6.906169497694799 ], [ 79.860974702607791, 6.905870710852668 ], [ 79.860734606038548, 6.905889471086474 ], [ 79.860751450451161, 6.906128579728842 ], [ 79.860754494254252, 6.906186264212255 ], [ 79.860838081731728, 6.906179949004303 ], [ 79.860995356076074, 6.906169497694799 ] ] ] } },
{ "type": "Feature", "properties": { "parcelId": "10089", "areaSqM": 872.513157, "landType": "UNICEF Sri Lanka", "landUse": "Industrial" }, "geometry": { "type": "Polygon", "coordinates": [ [ [ 79.860522644364551, 6.906214257041796 ], [ 79.860754494254252, 6.906186264212255 ], [ 79.860751450451161, 6.906128579728842 ], [ 79.860734606038548, 6.905889471086474 ], [ 79.860490792104457, 6.905914287218337 ], [ 79.860493289153737, 6.905942287963796 ], [ 79.860522644364551, 6.906214257041796 ] ] ] } },
{ "type": "Feature", "properties": { "parcelId": "10090", "areaSqM": 1251.800702, "landType": "Company", "landUse": "Industrial" }, "geometry": { "type": "Polygon", "coordinates": [ [ [ 79.860449932400115, 6.905484663106865 ], [ 79.860247184186036, 6.905512201064701 ], [ 79.860249974782235, 6.905848603052156 ], [ 79.860269707753702, 6.90599799223319 ], [ 79.860307423468626, 6.906023718630827 ], [ 79.860493289153737, 6.905942287963796 ], [ 79.860490792104457, 6.905914287218337 ], [ 79.860485365238247, 6.905863179207092 ], [ 79.860449932400115, 6.905484663106865 ] ] ] } },
{ "type": "Feature", "properties": { "parcelId": "10091", "areaSqM": 3283.001988, "landType": "Maharaja Palace", "landUse": "Industrial" }, "geometry": { "type": "Polygon", "coordinates": [ [ [ 79.860247184186036, 6.905512201064701 ], [ 79.859930790893486, 6.905540473742 ], [ 79.859764237251611, 6.905986542387891 ], [ 79.859729298117102, 6.906065245089602 ], [ 79.85976525604832, 6.906126768805451 ], [ 79.859784235286185, 6.906157669925705 ], [ 79.859834671282002, 6.906236150319433 ], [ 79.860076448847792, 6.906129051319459 ], [ 79.860251216642453, 6.906045932151134 ], [ 79.860269707753702, 6.90599799223319 ], [ 79.860249974782235, 6.905848603052156 ], [ 79.860247184186036, 6.905512201064701 ] ] ] } },
{ "type": "Feature", "properties": { "parcelId": "10092", "areaSqM": 7852.090203, "landType": "Orient Club", "landUse": "Recreational" }, "geometry": { "type": "Polygon", "coordinates": [ [ [ 79.860493289153737, 6.905942287963796 ], [ 79.860307423468626, 6.906023718630827 ], [ 79.860269707753702, 6.90599799223319 ], [ 79.860251216642453, 6.906045932151134 ], [ 79.860076448847792, 6.906129051319459 ], [ 79.859834671282002, 6.906236150319433 ], [ 79.859784235286185, 6.906157669925705 ], [ 79.859499470185341, 6.90632840038697 ], [ 79.860017586463016, 6.906935913483016 ], [ 79.860273458341283, 6.906907634288889 ], [ 79.860585218428611, 6.906883021509652 ], [ 79.860562276821753, 6.906598346090862 ], [ 79.860522644364551, 6.906214257041796 ], [ 79.860493289153737, 6.905942287963796 ] ] ] } },
{ "type": "Feature", "properties": { "parcelId": "10093", "areaSqM": 2856.66762, "landType": "Pettikade Restaurant", "landUse": "Public" }, "geometry": { "type": "Polygon", "coordinates": [ [ [ 79.859729298117102, 6.906065245089602 ], [ 79.859764237251611, 6.905986542387891 ], [ 79.859930790893486, 6.905540473742 ], [ 79.859466224914897, 6.905734742186313 ], [ 79.859441440752875, 6.905747134267325 ], [ 79.859402199163071, 6.905765722388848 ], [ 79.859377415001077, 6.905786375857206 ], [ 79.859329912023895, 6.905829748140748 ], [ 79.859311323902404, 6.905850401609102 ], [ 79.859288605087244, 6.905879316464796 ], [ 79.859271117297638, 6.905912356184216 ], [ 79.859258725216421, 6.905945401733472 ], [ 79.859239605846241, 6.905983844034322 ], [ 79.859228086504842, 6.906020835278344 ], [ 79.859232941205264, 6.906035145252979 ], [ 79.85924192607618, 6.906046603046955 ], [ 79.859278100268412, 6.906101688024965 ], [ 79.859334349286243, 6.906179356151164 ], [ 79.859386668911242, 6.906243052564584 ], [ 79.859729298117102, 6.906065245089602 ] ] ] } },
{ "type": "Feature", "properties": { "parcelId": "10095", "areaSqM": 3989.00705, "landType": "House", "landUse": "Personal" }, "geometry": { "type": "Polygon", "coordinates": [ [ [ 79.860920016261275, 6.907042797835717 ], [ 79.860633808800131, 6.90704527640309 ], [ 79.86039258098333, 6.907120185647675 ], [ 79.860265809168069, 6.907208101223331 ], [ 79.860192932597812, 6.907284679854315 ], [ 79.860172639445139, 6.907331748826254 ], [ 79.860373520211027, 6.907676496846349 ], [ 79.860373538779953, 6.907676493184332 ], [ 79.860693392362478, 6.907557896845523 ], [ 79.860912960338709, 6.907476482927664 ], [ 79.860998166998655, 6.907444880722176 ], [ 79.860951886167541, 6.907216955855616 ], [ 79.860920016261275, 6.907042797835717 ] ] ] } },
{ "type": "Feature", "properties": { "parcelId": "10096", "areaSqM": 1207.153246, "landType": "House", "landUse": "Personal" }, "geometry": { "type": "Polygon", "coordinates": [ [ [ 79.860998166998655, 6.907444880722176 ], [ 79.861228328641673, 6.907447973931076 ], [ 79.861229818088958, 6.907448000828545 ], [ 79.861231270552324, 6.907447973931074 ], [ 79.861231327709405, 6.907436044903531 ], [ 79.861252651257303, 6.907060260894482 ], [ 79.86109037942272, 6.907048845277436 ], [ 79.860920016261275, 6.907042797835717 ], [ 79.860951886167541, 6.907216955855616 ], [ 79.860998166998655, 6.907444880722176 ] ] ] } },
{ "type": "Feature", "properties": { "parcelId": "10097", "areaSqM": 824.618443, "landType": "Hotel", "landUse": "Public" }, "geometry": { "type": "Polygon", "coordinates": [ [ [ 79.860471329242358, 6.907835046681827 ], [ 79.860789028073441, 6.907753938929018 ], [ 79.860799822789616, 6.907750788643424 ], [ 79.860703373041773, 6.907575969917636 ], [ 79.860693384571618, 6.907557920280058 ], [ 79.860693401794862, 6.907557913925748 ], [ 79.860693392362478, 6.907557896845523 ], [ 79.860373538779953, 6.907676493184332 ], [ 79.860471329242358, 6.907835046681827 ] ] ] } },
{ "type": "Feature", "properties": { "parcelId": "10098", "areaSqM": 804.322406, "landType": "House", "landUse": "Personal" }, "geometry": { "type": "Polygon", "coordinates": [ [ [ 79.860799822789616, 6.907750788643424 ], [ 79.860807874786289, 6.907743827859795 ], [ 79.860816558560586, 6.907738348100858 ], [ 79.860828201475513, 6.907734142436046 ], [ 79.860841241767574, 6.907734341449171 ], [ 79.860860709807469, 6.907741126546624 ], [ 79.860867407450144, 6.907752398289389 ], [ 79.860868883157593, 6.90775504364418 ], [ 79.860870360085002, 6.907757054796516 ], [ 79.861102203574632, 6.907695622944884 ], [ 79.861027816519623, 6.907607608872466 ], [ 79.860912960338709, 6.907476482927664 ], [ 79.860693392362478, 6.907557896845523 ], [ 79.860693401794862, 6.907557913925748 ], [ 79.860693384571618, 6.907557920280058 ], [ 79.860703373041773, 6.907575969917636 ], [ 79.860799822789616, 6.907750788643424 ] ] ] } },
{ "type": "Feature", "properties": { "parcelId": "10099", "areaSqM": 737.336921, "landType": "House", "landUse": "Personal" }, "geometry": { "type": "Polygon", "coordinates": [ [ [ 79.861140777508353, 6.907734851709405 ], [ 79.861177289298439, 6.907772057611725 ], [ 79.861178570056751, 6.90777344538106 ], [ 79.861180977572587, 6.907771672737428 ], [ 79.861217896592237, 6.907737880009333 ], [ 79.861209641758634, 6.907725578273082 ], [ 79.861206480533724, 6.907708284935088 ], [ 79.861208218584423, 6.90769730714834 ], [ 79.861212766747926, 6.907689669990728 ], [ 79.861218841077275, 6.907683147791709 ], [ 79.861219959307107, 6.907651258975771 ], [ 79.861231270552324, 6.907447973931074 ], [ 79.861229818088958, 6.907448000828545 ], [ 79.861228328641673, 6.907447973931076 ], [ 79.860998166998655, 6.907444880722176 ], [ 79.860912960338709, 6.907476482927664 ], [ 79.861027816519623, 6.907607608872466 ], [ 79.861102203574632, 6.907695622944884 ], [ 79.861103228288044, 6.907696550668423 ], [ 79.861140777508353, 6.907734851709405 ] ] ] } },
{ "type": "Feature", "properties": { "parcelId": "10100", "areaSqM": 936.227013, "landType": "House", "landUse": "Personal" }, "geometry": { "type": "Polygon", "coordinates": [ [ [ 79.860850477767372, 6.907810659757099 ], [ 79.860944749874974, 6.90796769255682 ], [ 79.861008376860951, 6.907958832624523 ], [ 79.861215528339713, 6.907929465906913 ], [ 79.861233095207467, 6.907927137741274 ], [ 79.86131168313436, 6.907916012782732 ], [ 79.861321607858585, 6.907914648651516 ], [ 79.861322056786037, 6.907914573828773 ], [ 79.861251653722348, 6.907845348009651 ], [ 79.861186295196205, 6.907781012291574 ], [ 79.861178570056751, 6.90777344538106 ], [ 79.861177289298439, 6.907772057611725 ], [ 79.861140777508353, 6.907734851709405 ], [ 79.861103228288044, 6.907696550668423 ], [ 79.861102203574632, 6.907695622944884 ], [ 79.860870360085002, 6.907757054796516 ], [ 79.86087161388167, 6.907765090465724 ], [ 79.860870856610816, 6.907773862177266 ], [ 79.860869887188443, 6.907782950583655 ], [ 79.860866752210356, 6.90779060786921 ], [ 79.860860543170489, 6.907801747375717 ], [ 79.860850477767372, 6.907810659757099 ] ] ] } },
{ "type": "Feature", "properties": { "parcelId": "10101", "areaSqM": 771.256266, "landType": "House", "landUse": "Personal" }, "geometry": { "type": "Polygon", "coordinates": [ [ [ 79.861180977572587, 6.907771672737428 ], [ 79.861178570056751, 6.90777344538106 ], [ 79.861186295196205, 6.907781012291574 ], [ 79.861251653722348, 6.907845348009651 ], [ 79.861322056786037, 6.907914573828773 ], [ 79.861323072494926, 6.907914809028521 ], [ 79.861411078635754, 6.90793143811908 ], [ 79.861526109764696, 6.90793487826422 ], [ 79.861542142163088, 6.90793519584717 ], [ 79.861542353848137, 6.907928898945787 ], [ 79.861542565525795, 6.907923885236739 ], [ 79.861549150810376, 6.90780729011136 ], [ 79.861549280392353, 6.907805605553963 ], [ 79.861553419529329, 6.907731372433169 ], [ 79.861553917255804, 6.907722768179908 ], [ 79.861552798983411, 6.907722487322149 ], [ 79.861367871743937, 6.907714953810956 ], [ 79.861283921431337, 6.907712937603034 ], [ 79.861283111706854, 6.907712941134829 ], [ 79.86128310839625, 6.907713566194996 ], [ 79.86128304561494, 6.907724978737209 ], [ 79.861274837864045, 6.907735503459211 ], [ 79.86126697210274, 6.907738559023635 ], [ 79.861245426756625, 6.907745518920274 ], [ 79.861231405182181, 6.907744500398819 ], [ 79.861217896592237, 6.907737880009333 ], [ 79.861180977572587, 6.907771672737428 ] ] ] } },
{ "type": "Feature", "properties": { "parcelId": "10102", "areaSqM": 585.735186, "landType": "House", "landUse": "Personal" }, "geometry": { "type": "Polygon", "coordinates": [ [ [ 79.861285116119646, 6.907539434372976 ], [ 79.861276821530339, 6.907667752287932 ], [ 79.861283111706854, 6.907712941134829 ], [ 79.861283921431337, 6.907712937603034 ], [ 79.861367871743937, 6.907714953810956 ], [ 79.861552798983411, 6.907722487322149 ], [ 79.861553917255804, 6.907722768179908 ], [ 79.861553929453706, 6.907722062965315 ], [ 79.861553936748294, 6.907721842826874 ], [ 79.861554208207338, 6.907717398907186 ], [ 79.861554258937559, 6.907715221009789 ], [ 79.861558988121615, 6.907627854645903 ], [ 79.861559124207801, 6.907626289672389 ], [ 79.86156330610936, 6.907547925717277 ], [ 79.861285116119646, 6.907539434372976 ] ] ] } },
{ "type": "Feature", "properties": { "parcelId": "10103", "areaSqM": 665.290636, "landType": "Restaurent", "landUse": "Public" }, "geometry": { "type": "Polygon", "coordinates": [ [ [ 79.86156330610936, 6.907547925717277 ], [ 79.861567069199879, 6.90747002784981 ], [ 79.861567217687139, 6.907466954088831 ], [ 79.861567236439541, 6.907398396252285 ], [ 79.861570455340456, 6.907377482766541 ], [ 79.861290065403324, 6.907363231243671 ], [ 79.861287346557916, 6.907426211620558 ], [ 79.861285116119646, 6.907539434372976 ], [ 79.861285116119646, 6.907539434372976 ], [ 79.86156330610936, 6.907547925717277 ] ] ] } },
{ "type": "Feature", "properties": { "parcelId": "10104", "areaSqM": 825.565526, "landType": "House", "landUse": "Personal" }, "geometry": { "type": "Polygon", "coordinates": [ [ [ 79.861290065403324, 6.907363231243671 ], [ 79.861570455340456, 6.907377482766541 ], [ 79.861572847579765, 6.90735647146545 ], [ 79.861574961729133, 6.907314658577706 ], [ 79.86157519785057, 6.907310802077261 ], [ 79.861584598018908, 6.907140050882543 ], [ 79.861588645627137, 6.907081768000453 ], [ 79.861409548069886, 6.907065272910713 ], [ 79.861295069332655, 6.90706404367798 ], [ 79.861290065403324, 6.907363231243671 ] ] ] } },
{ "type": "Feature", "properties": { "parcelId": "10105", "areaSqM": 507.832236, "landType": "House", "landUse": "Personal" }, "geometry": { "type": "Polygon", "coordinates": [ [ [ 79.861780742082772, 6.907333674814559 ], [ 79.861806796800963, 6.907100693364256 ], [ 79.861588645627137, 6.907081768000453 ], [ 79.861584598018908, 6.907140050882543 ], [ 79.86157519785057, 6.907310802077261 ], [ 79.861574961729133, 6.907314658577706 ], [ 79.861774664426576, 6.907333165737706 ], [ 79.861777738599727, 6.90733346716178 ], [ 79.861780742082772, 6.907333674814559 ] ] ] } },
{ "type": "Feature", "properties": { "parcelId": "10106", "areaSqM": 386.702869, "landType": "House", "landUse": "Personal" }, "geometry": { "type": "Polygon", "coordinates": [ [ [ 79.861772434196283, 6.907484953949103 ], [ 79.861780742082772, 6.907333674814559 ], [ 79.861777738599727, 6.90733346716178 ], [ 79.861774664426576, 6.907333165737706 ], [ 79.861574961729133, 6.907314658577706 ], [ 79.861572847579765, 6.90735647146545 ], [ 79.861570455340456, 6.907377482766541 ], [ 79.861567236439541, 6.907398396252285 ], [ 79.861567217687139, 6.907466954088831 ], [ 79.861567069199879, 6.90747002784981 ], [ 79.8615902935083, 6.907471409756548 ], [ 79.861772434196283, 6.907484953949103 ] ] ] } },
{ "type": "Feature", "properties": { "parcelId": "10107", "areaSqM": 390.536834, "landType": "House", "landUse": "Personal" }, "geometry": { "type": "Polygon", "coordinates": [ [ [ 79.861760553101178, 6.907641385257174 ], [ 79.861772271562884, 6.907488618349714 ], [ 79.861772359656783, 6.907486498851696 ], [ 79.861772434196283, 6.907484953949103 ], [ 79.8615902935083, 6.907471409756548 ], [ 79.861567069199879, 6.90747002784981 ], [ 79.86156330610936, 6.907547925717277 ], [ 79.861559124207801, 6.907626289672389 ], [ 79.861566608450048, 6.907626663948347 ], [ 79.861758588008897, 6.907641224600725 ], [ 79.861760553101178, 6.907641385257174 ] ] ] } },
{ "type": "Feature", "properties": { "parcelId": "10108", "areaSqM": 223.190462, "landType": "House", "landUse": "Personal" }, "geometry": { "type": "Polygon", "coordinates": [ [ [ 79.861752496173551, 6.907734878798185 ], [ 79.861758588008897, 6.907641224600725 ], [ 79.861566608450048, 6.907626663948347 ], [ 79.861559124207801, 6.907626289672389 ], [ 79.861558988121615, 6.907627854645903 ], [ 79.861554258937559, 6.907715221009789 ], [ 79.861556368132355, 6.907715459170165 ], [ 79.86173625775433, 6.907733150148785 ], [ 79.861744672620304, 6.90773424191678 ], [ 79.861752496173551, 6.907734878798185 ] ] ] } },
{ "type": "Feature", "properties": { "parcelId": "10109", "areaSqM": 214.640324, "landType": "House", "landUse": "Personal" }, "geometry": { "type": "Polygon", "coordinates": [ [ [ 79.861745904762742, 6.907821404241322 ], [ 79.861752496173551, 6.907734878798185 ], [ 79.861744672620304, 6.90773424191678 ], [ 79.86173625775433, 6.907733150148785 ], [ 79.861556368132355, 6.907715459170165 ], [ 79.861554258937559, 6.907715221009789 ], [ 79.861554208207338, 6.907717398907186 ], [ 79.861553936748294, 6.907721842826874 ], [ 79.861553929453706, 6.907722062965315 ], [ 79.861553917255804, 6.907722768179908 ], [ 79.861553419529329, 6.907731372433169 ], [ 79.861549280392353, 6.907805605553963 ], [ 79.861553597750131, 6.907805975899983 ], [ 79.861744126291015, 6.907821147348738 ], [ 79.861745114769803, 6.907821278288781 ], [ 79.861745904762742, 6.907821404241322 ] ] ] } },
{ "type": "Feature", "properties": { "parcelId": "10110", "areaSqM": 312.333848, "landType": "House", "landUse": "Personal" }, "geometry": { "type": "Polygon", "coordinates": [ [ [ 79.861779458989375, 6.907930128720018 ], [ 79.861779458994178, 6.907929306892092 ], [ 79.861779649762283, 6.907923143992545 ], [ 79.861781907298536, 6.907872198551047 ], [ 79.861745904762742, 6.907821404241322 ], [ 79.861745114769803, 6.907821278288781 ], [ 79.861744126291015, 6.907821147348738 ], [ 79.861553597750131, 6.907805975899983 ], [ 79.861549280392353, 6.907805605553963 ], [ 79.861549150810376, 6.90780729011136 ], [ 79.861542565525795, 6.907923885236739 ], [ 79.8615448539786, 6.907923951393815 ], [ 79.861593032883761, 6.907925215008336 ], [ 79.861638304292086, 6.907926399964497 ], [ 79.86164032277992, 6.907926369847737 ], [ 79.861774022461489, 6.907929911970304 ], [ 79.861776962323162, 6.907929970970559 ], [ 79.861778355681878, 6.907930023703179 ], [ 79.861779458989375, 6.907930128720018 ] ] ] } },
{ "type": "Feature", "properties": { "parcelId": "10111", "areaSqM": 271.813084, "landType": "Company", "landUse": "Industrial" }, "geometry": { "type": "Polygon", "coordinates": [ [ [ 79.861779458994178, 6.907929306892092 ], [ 79.861779458989375, 6.907930128720018 ], [ 79.861863810420118, 6.907931846283669 ], [ 79.861971092301346, 6.907934278352363 ], [ 79.862030659580697, 6.907935190489161 ], [ 79.862032331193831, 6.907920894897695 ], [ 79.862016572364396, 6.907921432756567 ], [ 79.862007211855925, 6.907921616252362 ], [ 79.862000860134387, 6.90792197561667 ], [ 79.862010032104081, 6.907849247688864 ], [ 79.862010599430789, 6.907845209602129 ], [ 79.861839356054176, 6.907821749900271 ], [ 79.861827056238283, 6.907820105596272 ], [ 79.861781907298536, 6.907872198551047 ], [ 79.861779649762283, 6.907923143992545 ], [ 79.861779458994178, 6.907929306892092 ] ] ] } },
{ "type": "Feature", "properties": { "parcelId": "10112", "areaSqM": 570.38876, "landType": "House", "landUse": "Personal" }, "geometry": { "type": "Polygon", "coordinates": [ [ [ 79.862040433767447, 6.907697769429855 ], [ 79.862030668304072, 6.907695946305277 ], [ 79.862022464185785, 6.907752728460844 ], [ 79.862014418739946, 6.907813896959254 ], [ 79.862010599430789, 6.907845209602129 ], [ 79.862010032104081, 6.907849247688864 ], [ 79.862000860134387, 6.90792197561667 ], [ 79.862007211855925, 6.907921616252362 ], [ 79.862016572364396, 6.907921432756567 ], [ 79.862032331193831, 6.907920894897695 ], [ 79.862035193270728, 6.907920765410605 ], [ 79.862037262259122, 6.907920898913061 ], [ 79.862224218033418, 6.90792852728374 ], [ 79.862228293319632, 6.907928442227701 ], [ 79.86222873828811, 6.907924170531756 ], [ 79.862254383041872, 6.907780772378632 ], [ 79.862244071505941, 6.9077801712454 ], [ 79.862232860426303, 6.907777172399405 ], [ 79.862223995357027, 6.907769562652859 ], [ 79.862218664846253, 6.907762131094383 ], [ 79.862215789900006, 6.907746292729315 ], [ 79.862215714443209, 6.907730098840205 ], [ 79.862040433767447, 6.907697769429855 ] ] ] } },
{ "type": "Feature", "properties": { "parcelId": "10113", "areaSqM": 207.339762, "landType": "House", "landUse": "Personal" }, "geometry": { "type": "Polygon", "coordinates": [ [ [ 79.861835686555224, 6.907729656727939 ], [ 79.861835589095222, 6.907730636697253 ], [ 79.861827056238283, 6.907820105596272 ], [ 79.861839356054176, 6.907821749900271 ], [ 79.862010599430789, 6.907845209602129 ], [ 79.862014418739946, 6.907813896959254 ], [ 79.862022464185785, 6.907752728460844 ], [ 79.861835686555224, 6.907729656727939 ] ] ] } },
{ "type": "Feature", "properties": { "parcelId": "10114", "areaSqM": 212.754179, "landType": "House", "landUse": "Personal" }, "geometry": { "type": "Polygon", "coordinates": [ [ [ 79.862030816213547, 6.907690455460489 ], [ 79.862034257525451, 6.907661527223123 ], [ 79.861842056358171, 6.907638979271117 ], [ 79.861842037792471, 6.907638982933354 ], [ 79.861835686555224, 6.907729656727939 ], [ 79.862022464185785, 6.907752728460844 ], [ 79.862030668304072, 6.907695946305277 ], [ 79.862030853263548, 6.90769247239938 ], [ 79.862030816213547, 6.907690455460489 ] ] ] } },
{ "type": "Feature", "properties": { "parcelId": "10115", "areaSqM": 388.057349, "landType": "House", "landUse": "Personal" }, "geometry": { "type": "Polygon", "coordinates": [ [ [ 79.862034257525451, 6.907661527223123 ], [ 79.8620575685853, 6.907503452481805 ], [ 79.861856636888874, 6.907478567895327 ], [ 79.861856629542217, 6.907478607669352 ], [ 79.861842056358171, 6.907638979271117 ], [ 79.862034257525451, 6.907661527223123 ] ] ] } },
{ "type": "Feature", "properties": { "parcelId": "10116", "areaSqM": 887.211214, "landType": "House", "landUse": "Personal" }, "geometry": { "type": "Polygon", "coordinates": [ [ [ 79.8620575685853, 6.907503452481805 ], [ 79.862065144153732, 6.907423993622563 ], [ 79.862065248382265, 6.907421053349983 ], [ 79.862090533964405, 6.907157684182171 ], [ 79.862097344099055, 6.907117738594948 ], [ 79.861880873842352, 6.907100162529805 ], [ 79.861856636888874, 6.907478567895327 ], [ 79.8620575685853, 6.907503452481805 ] ] ] } },
{ "type": "Feature", "properties": { "parcelId": "10117", "areaSqM": 763.065236, "landType": "Restaurent", "landUse": "Public" }, "geometry": { "type": "Polygon", "coordinates": [ [ [ 79.862281302481719, 6.907462553405189 ], [ 79.862292106488624, 6.907405513551497 ], [ 79.86233477657413, 6.907178088459005 ], [ 79.862097344099055, 6.907117738594948 ], [ 79.862090533964405, 6.907157684182171 ], [ 79.862065248382265, 6.907421053349983 ], [ 79.862065144153732, 6.907423993622563 ], [ 79.86225059884022, 6.907456414704591 ], [ 79.862281302481719, 6.907462553405189 ] ] ] } },
{ "type": "Feature", "properties": { "parcelId": "10118", "areaSqM": 699.470038, "landType": "Shop", "landUse": "Personal" }, "geometry": { "type": "Polygon", "coordinates": [ [ [ 79.862220382590507, 6.907716957911811 ], [ 79.862226382155143, 6.9077108768412 ], [ 79.862233792606162, 6.907707508628591 ], [ 79.862241744954289, 6.90766981510814 ], [ 79.862242752719794, 6.9076650076414 ], [ 79.862280166290191, 6.907469104474942 ], [ 79.862281302481719, 6.907462553405189 ], [ 79.86225059884022, 6.907456414704591 ], [ 79.862065144153732, 6.907423993622563 ], [ 79.8620575685853, 6.907503452481805 ], [ 79.862034257525451, 6.907661527223123 ], [ 79.862030816213547, 6.907690455460489 ], [ 79.862030853263548, 6.90769247239938 ], [ 79.862030668304072, 6.907695946305277 ], [ 79.862040433767447, 6.907697769429855 ], [ 79.862215714443209, 6.907730098840205 ], [ 79.862220382590507, 6.907716957911811 ] ] ] } },
{ "type": "Feature", "properties": { "parcelId": "10119", "areaSqM": 740.461182, "landType": "Building", "landUse": "Industrial" }, "geometry": { "type": "Polygon", "coordinates": [ [ [ 79.862385203470268, 6.907219488793535 ], [ 79.862376174562314, 6.907255948633457 ], [ 79.862336236211235, 6.907471249497224 ], [ 79.862336230305331, 6.907471285387612 ], [ 79.86234658052993, 6.907473208220647 ], [ 79.862553556294259, 6.907511334252686 ], [ 79.862553656329197, 6.907510997482499 ], [ 79.862608564460416, 6.907266454764404 ], [ 79.862608564460558, 6.90726645476378 ], [ 79.862608564460558, 6.907266454763774 ], [ 79.862610248275132, 6.907258870048152 ], [ 79.862617346582752, 6.907228850784678 ], [ 79.862393353598719, 6.907183500443475 ], [ 79.862389876334888, 6.907197037328245 ], [ 79.862385203470268, 6.907219488793535 ] ] ] } },
{ "type": "Feature", "properties": { "parcelId": "10120", "areaSqM": 752.894884, "landType": "Building", "landUse": "Industrial" }, "geometry": { "type": "Polygon", "coordinates": [ [ [ 79.862290105903384, 6.907712637430757 ], [ 79.862294749667612, 6.907717931379453 ], [ 79.86229822864297, 6.907724938821122 ], [ 79.862301123323249, 6.907731209059404 ], [ 79.862302622775459, 6.907738422096245 ], [ 79.862300254575345, 6.907752989434625 ], [ 79.862300225975915, 6.90775309507168 ], [ 79.862484180342562, 6.9078004848135 ], [ 79.862484240605198, 6.907800509983024 ], [ 79.862484282853998, 6.907800531790368 ], [ 79.86253737283964, 6.907591464680423 ], [ 79.862538249657518, 6.907587236059122 ], [ 79.862553556294259, 6.907511334252686 ], [ 79.86234658052993, 6.907473208220647 ], [ 79.862336230305331, 6.907471285387612 ], [ 79.862290105903384, 6.907712637430757 ] ] ] } },
{ "type": "Feature", "properties": { "parcelId": "10121", "areaSqM": 493.723738, "landType": "House", "landUse": "Personal" }, "geometry": { "type": "Polygon", "coordinates": [ [ [ 79.862254383041872, 6.907780772378632 ], [ 79.86222873828811, 6.907924170531756 ], [ 79.862228293319632, 6.907928442227701 ], [ 79.862229291460835, 6.907929164706637 ], [ 79.862231257271105, 6.907929507974027 ], [ 79.862232723827631, 6.907929820033454 ], [ 79.862234668834944, 6.907930288121127 ], [ 79.862241858339488, 6.907931568057155 ], [ 79.862246234869232, 6.907932805398974 ], [ 79.862251780258077, 6.90792115292082 ], [ 79.862352978178265, 6.907933184154147 ], [ 79.862348084975622, 6.907957925136847 ], [ 79.862447436958675, 6.907971002899403 ], [ 79.862447728708631, 6.907969881174823 ], [ 79.862459705994539, 6.907928582607278 ], [ 79.862462232006067, 6.907902534675547 ], [ 79.862462404641519, 6.907900051976349 ], [ 79.862462608632754, 6.907898650945365 ], [ 79.862467484870265, 6.907878235964298 ], [ 79.862484282853998, 6.907800531790368 ], [ 79.862484240605198, 6.907800509983024 ], [ 79.862484180342562, 6.9078004848135 ], [ 79.862300225975915, 6.90775309507168 ], [ 79.862292389693877, 6.907763769288509 ], [ 79.862285976838535, 6.907769787239864 ], [ 79.862280011352482, 6.907774509110637 ], [ 79.862272738385812, 6.907778667143618 ], [ 79.862263109030977, 6.90778084196626 ], [ 79.862254383041872, 6.907780772378632 ] ] ] } },
{ "type": "Feature", "properties": { "parcelId": "10122", "areaSqM": 729.01767, "landType": "House", "landUse": "Personal" }, "geometry": { "type": "Polygon", "coordinates": [ [ [ 79.860828789373301, 6.907813419163236 ], [ 79.860814809444946, 6.907809804135153 ], [ 79.860801227580723, 6.907793148327159 ], [ 79.860514810032655, 6.907871668559804 ], [ 79.860571334555772, 6.907943645428165 ], [ 79.860589110819177, 6.907973784499267 ], [ 79.860604889749695, 6.908005509835195 ], [ 79.860609683348784, 6.908019389668999 ], [ 79.860895016403219, 6.907976389037675 ], [ 79.860944749874974, 6.90796769255682 ], [ 79.860850477767372, 6.907810659757099 ], [ 79.860840530334386, 6.90781323031701 ], [ 79.860828789373301, 6.907813419163236 ] ] ] } },
{ "type": "Feature", "properties": { "parcelId": "10123", "areaSqM": 755.608482, "landType": "House", "landUse": "Personal" }, "geometry": { "type": "Polygon", "coordinates": [ [ [ 79.860628458278697, 6.908104651496263 ], [ 79.860684877943442, 6.908406078703383 ], [ 79.860685201213485, 6.908408021753323 ], [ 79.860882982013237, 6.908375212116638 ], [ 79.860883717432344, 6.908375109841892 ], [ 79.860866894207035, 6.908286546780741 ], [ 79.860863876787477, 6.908272355583224 ], [ 79.860847634653865, 6.908186213887442 ], [ 79.860846890268007, 6.908182216116584 ], [ 79.860831771751791, 6.90810054026432 ], [ 79.860827393708448, 6.908078519342056 ], [ 79.8608260130774, 6.908072922504346 ], [ 79.860628458278697, 6.908104651496263 ] ] ] } },
{ "type": "Feature", "properties": { "parcelId": "10124", "areaSqM": 193.492051, "landType": "Restaurent", "landUse": "Public" }, "geometry": { "type": "Polygon", "coordinates": [ [ [ 79.860988741042462, 6.908157283151846 ], [ 79.860969203283574, 6.908050718435091 ], [ 79.8608260130774, 6.908072922504346 ], [ 79.860827393708448, 6.908078519342056 ], [ 79.860831771751791, 6.90810054026432 ], [ 79.860846890268007, 6.908182216116584 ], [ 79.860854424190876, 6.908180931584361 ], [ 79.860988741042462, 6.908157283151846 ] ] ] } },
{ "type": "Feature", "properties": { "parcelId": "10125", "areaSqM": 185.911654, "landType": "House", "landUse": "Personal" }, "geometry": { "type": "Polygon", "coordinates": [ [ [ 79.861008355468826, 6.908259839953637 ], [ 79.860989988620702, 6.908160418318461 ], [ 79.86098957276522, 6.908158690779231 ], [ 79.860988741042462, 6.908157283151846 ], [ 79.860854424190876, 6.908180931584361 ], [ 79.860846890268007, 6.908182216116584 ], [ 79.860847634653865, 6.908186213887442 ], [ 79.860863876787477, 6.908272355583224 ], [ 79.860866894207035, 6.908286546780741 ], [ 79.861008355468826, 6.908259839953637 ] ] ] } },
{ "type": "Feature", "properties": { "parcelId": "10126", "areaSqM": 183.97833, "landType": "House", "landUse": "Personal" }, "geometry": { "type": "Polygon", "coordinates": [ [ [ 79.860883717432344, 6.908375109841892 ], [ 79.860884115647039, 6.908375101152901 ], [ 79.860884566501369, 6.908375072163265 ], [ 79.861043514199707, 6.908351615365047 ], [ 79.861048984434191, 6.908350799615171 ], [ 79.861050628902532, 6.908350625671344 ], [ 79.861052292335131, 6.908350522725883 ], [ 79.861051156759885, 6.908345730986678 ], [ 79.861042113619462, 6.908288424432722 ], [ 79.861014463292193, 6.908291001399126 ], [ 79.861010134176468, 6.908269549586672 ], [ 79.861009343641769, 6.908264880068867 ], [ 79.861008355468826, 6.908259839953637 ], [ 79.860866894207035, 6.908286546780741 ], [ 79.860883717432344, 6.908375109841892 ] ] ] } },
{ "type": "Feature", "properties": { "parcelId": "10127", "areaSqM": 271.944288, "landType": "Building", "landUse": "Industrial" }, "geometry": { "type": "Polygon", "coordinates": [ [ [ 79.861029123272701, 6.908067969083937 ], [ 79.861029142015056, 6.908067966345432 ], [ 79.861190975060737, 6.908042083549683 ], [ 79.861220621586313, 6.908039867361445 ], [ 79.861215528339713, 6.907929465906913 ], [ 79.861008376860951, 6.907958832624523 ], [ 79.861029123272701, 6.908067969083937 ] ] ] } },
{ "type": "Feature", "properties": { "parcelId": "10128", "areaSqM": 206.322167, "landType": "House", "landUse": "Personal" }, "geometry": { "type": "Polygon", "coordinates": [ [ [ 79.861046799669452, 6.90816126137526 ], [ 79.861046818254309, 6.90816125780975 ], [ 79.86122146643784, 6.90812775150009 ], [ 79.861221044603724, 6.908055205792489 ], [ 79.861220833095302, 6.908047483685832 ], [ 79.861220621586313, 6.908039867361445 ], [ 79.861190975060737, 6.908042083549683 ], [ 79.861029142015056, 6.908067966345432 ], [ 79.861046799669452, 6.90816126137526 ] ] ] } },
{ "type": "Feature", "properties": { "parcelId": "10129", "areaSqM": 395.174703, "landType": "House", "landUse": "Personal" }, "geometry": { "type": "Polygon", "coordinates": [ [ [ 79.861068570598817, 6.908282214159135 ], [ 79.861042113619462, 6.908288424432722 ], [ 79.861051156759885, 6.908345730986678 ], [ 79.861052292335131, 6.908350522725883 ], [ 79.861054147767035, 6.908350065841647 ], [ 79.861226378470462, 6.90831591864354 ], [ 79.861226343256121, 6.908313210711656 ], [ 79.861227323618962, 6.908261574634456 ], [ 79.861224526880733, 6.908230506141276 ], [ 79.861221845020779, 6.908141644701916 ], [ 79.861221705767605, 6.908137481798716 ], [ 79.861221641820464, 6.908131883299325 ], [ 79.861221457897543, 6.908128828117381 ], [ 79.86122146643784, 6.90812775150009 ], [ 79.861046818254309, 6.90816125780975 ], [ 79.861068570598817, 6.908282214159135 ] ] ] } },
{ "type": "Feature", "properties": { "parcelId": "10130", "areaSqM": 634.090433, "landType": "Building", "landUse": "Industrial" }, "geometry": { "type": "Polygon", "coordinates": [ [ [ 79.860702278299868, 6.908495662341832 ], [ 79.860702908578375, 6.908498416050461 ], [ 79.860744802923946, 6.908731028030393 ], [ 79.860962711951117, 6.908689190307292 ], [ 79.86093487606621, 6.908598381471966 ], [ 79.860917194257922, 6.90847040892103 ], [ 79.860914794527503, 6.908458781676759 ], [ 79.860702278299868, 6.908495662341832 ] ] ] } },
{ "type": "Feature", "properties": { "parcelId": "10131", "areaSqM": 1085.376431, "landType": "House", "landUse": "Personal" }, "geometry": { "type": "Polygon", "coordinates": [ [ [ 79.860914794527503, 6.908458781676759 ], [ 79.860917194257922, 6.90847040892103 ], [ 79.86093487606621, 6.908598381471966 ], [ 79.861243430627681, 6.908537960708363 ], [ 79.861247895657968, 6.908537969283087 ], [ 79.861245479855583, 6.908523202521754 ], [ 79.861245048941129, 6.908517561650436 ], [ 79.86124485610523, 6.908514884748202 ], [ 79.861233825530761, 6.908356541573879 ], [ 79.861226631128176, 6.908319257092244 ], [ 79.861226559162304, 6.908317369597818 ], [ 79.861226378470462, 6.90831591864354 ], [ 79.861054147767035, 6.908350065841647 ], [ 79.861052292335131, 6.908350522725883 ], [ 79.861050628902532, 6.908350625671344 ], [ 79.861048984434191, 6.908350799615171 ], [ 79.861043514199707, 6.908351615365047 ], [ 79.860884566501369, 6.908375072163265 ], [ 79.860884115647039, 6.908375101152901 ], [ 79.860883717432344, 6.908375109841892 ], [ 79.860882982013237, 6.908375212116638 ], [ 79.860685201213485, 6.908408021753323 ], [ 79.860702278299868, 6.908495662341832 ], [ 79.860914794527503, 6.908458781676759 ] ] ] } },
{ "type": "Feature", "properties": { "parcelId": "10132", "areaSqM": 2708.295841, "landType": "House", "landUse": "Personal" }, "geometry": { "type": "Polygon", "coordinates": [ [ [ 79.860753191722409, 6.908762455890981 ], [ 79.860814609711213, 6.909091506457361 ], [ 79.860829789441766, 6.909140680610914 ], [ 79.860843371305961, 6.909174785262797 ], [ 79.860864143568847, 6.909186682233799 ], [ 79.861271599495041, 6.909161302028462 ], [ 79.861271503874363, 6.90915994013934 ], [ 79.861258034241985, 6.908844884779484 ], [ 79.861258033269195, 6.908844833201915 ], [ 79.861257969412819, 6.908843562576883 ], [ 79.861251255122085, 6.908733834373175 ], [ 79.861251972213864, 6.90872517912887 ], [ 79.861249229365839, 6.908639817823598 ], [ 79.861175128312567, 6.908658456432495 ], [ 79.861142771518487, 6.908664206641481 ], [ 79.861143870051635, 6.908667280029002 ], [ 79.861056386867475, 6.908683142674003 ], [ 79.861062778332965, 6.908706143508261 ], [ 79.860753191722409, 6.908762455890981 ] ] ] } },
{ "type": "Feature", "properties": { "parcelId": "10133", "areaSqM": 546.91637, "landType": "Building", "landUse": "Industrial" }, "geometry": { "type": "Polygon", "coordinates": [ [ [ 79.861406619203905, 6.909159715765554 ], [ 79.861406613708539, 6.909145279183281 ], [ 79.861409673783342, 6.908910280641371 ], [ 79.861406503473617, 6.908845683055457 ], [ 79.861406435530526, 6.908844682158437 ], [ 79.861405570091037, 6.90884462298282 ], [ 79.86140424667127, 6.908844643028147 ], [ 79.861402311671142, 6.908844673096426 ], [ 79.861258593703454, 6.90884483603091 ], [ 79.861258033269195, 6.908844833201915 ], [ 79.861258034241985, 6.908844884779484 ], [ 79.861271541825445, 6.909159957656465 ], [ 79.861271618061849, 6.90916129836454 ], [ 79.861406619203905, 6.909159715765554 ] ] ] } },
{ "type": "Feature", "properties": { "parcelId": "10134", "areaSqM": 551.113522, "landType": "House", "landUse": "Personal" }, "geometry": { "type": "Polygon", "coordinates": [ [ [ 79.861406619203905, 6.909159715765554 ], [ 79.861527323632515, 6.909163878798743 ], [ 79.861533400031519, 6.909164045755596 ], [ 79.861538450025293, 6.909164391937158 ], [ 79.861543501636319, 6.909163896907565 ], [ 79.86154438638647, 6.909149108968556 ], [ 79.861557995187781, 6.908846826546569 ], [ 79.861558017043123, 6.90884642874455 ], [ 79.861556271360882, 6.908846411065118 ], [ 79.861438689052221, 6.908848285406297 ], [ 79.861407928058739, 6.908844641169326 ], [ 79.861406435530526, 6.908844682158437 ], [ 79.861406503473617, 6.908845683055457 ], [ 79.861409673783342, 6.908910280641371 ], [ 79.861406613708539, 6.909145279183281 ], [ 79.861406619203905, 6.909159715765554 ] ] ] } },
{ "type": "Feature", "properties": { "parcelId": "10135", "areaSqM": 449.270023, "landType": "House", "landUse": "Personal" }, "geometry": { "type": "Polygon", "coordinates": [ [ [ 79.861560613576003, 6.90871833791545 ], [ 79.861358426507834, 6.908724968582575 ], [ 79.861274105169286, 6.908725103209144 ], [ 79.861251972213864, 6.90872517912887 ], [ 79.861251255122085, 6.908733834373175 ], [ 79.861257969412819, 6.908843562576883 ], [ 79.861258033269195, 6.908844833201915 ], [ 79.861258593703454, 6.90884483603091 ], [ 79.861402311671142, 6.908844673096426 ], [ 79.86140424667127, 6.908844643028147 ], [ 79.861405570091037, 6.90884462298282 ], [ 79.861406435530526, 6.908844682158437 ], [ 79.861407928058739, 6.908844641169326 ], [ 79.861438689052221, 6.908848285406297 ], [ 79.861556271360882, 6.908846411065118 ], [ 79.861558035609349, 6.908846425080944 ], [ 79.861560613576003, 6.90871833791545 ] ] ] } },
{ "type": "Feature", "properties": { "parcelId": "10136", "areaSqM": 547.437682, "landType": "House", "landUse": "Personal" }, "geometry": { "type": "Polygon", "coordinates": [ [ [ 79.861560632142201, 6.908718334251997 ], [ 79.861570041455607, 6.908574720510396 ], [ 79.861274960579323, 6.908591371579874 ], [ 79.86124645166656, 6.908592027936375 ], [ 79.861246433099652, 6.908592031599627 ], [ 79.861249247932733, 6.908639814160296 ], [ 79.861251972213864, 6.90872517912887 ], [ 79.861274105169286, 6.908725103209144 ], [ 79.861358426507834, 6.908724968582575 ], [ 79.861560632142201, 6.908718334251997 ] ] ] } },
{ "type": "Feature", "properties": { "parcelId": "10137", "areaSqM": 270.002627, "landType": "Shop", "landUse": "Public" }, "geometry": { "type": "Polygon", "coordinates": [ [ [ 79.861567803974737, 6.908508356125176 ], [ 79.86124850291003, 6.908517508065827 ], [ 79.861245048941129, 6.908517561650436 ], [ 79.861245479855583, 6.908523202521754 ], [ 79.861247895657968, 6.908537969283087 ], [ 79.86124645166656, 6.908592027936375 ], [ 79.861274960579323, 6.908591371579874 ], [ 79.861570041455607, 6.908574720510396 ], [ 79.861567803974737, 6.908508356125176 ] ] ] } },
{ "type": "Feature", "properties": { "parcelId": "10138", "areaSqM": 651.39084, "landType": "House", "landUse": "Personal" }, "geometry": { "type": "Polygon", "coordinates": [ [ [ 79.86124850291003, 6.908517508065827 ], [ 79.861567822540962, 6.908508352461967 ], [ 79.861567903841362, 6.908345268220907 ], [ 79.861238938922455, 6.908357998776054 ], [ 79.861233825530761, 6.908356541573879 ], [ 79.86124485610523, 6.908514884748202 ], [ 79.861245048941129, 6.908517561650436 ], [ 79.86124850291003, 6.908517508065827 ] ] ] } },
{ "type": "Feature", "properties": { "parcelId": "10139", "areaSqM": 408.368436, "landType": "House", "landUse": "Personal" }, "geometry": { "type": "Polygon", "coordinates": [ [ [ 79.861580897976765, 6.908248682236238 ], [ 79.861257829400969, 6.908260437132622 ], [ 79.861231446567146, 6.908261209805196 ], [ 79.861227323618962, 6.908261574634456 ], [ 79.861226343256121, 6.908313210711656 ], [ 79.861226378470462, 6.90831591864354 ], [ 79.861226559162304, 6.908317369597818 ], [ 79.861226631128176, 6.908319257092244 ], [ 79.861233825530761, 6.908356541573879 ], [ 79.861238938922455, 6.908357998776054 ], [ 79.861567922407588, 6.908345264557887 ], [ 79.861580897976765, 6.908248682236238 ] ] ] } },
{ "type": "Feature", "properties": { "parcelId": "10140", "areaSqM": 482.643343, "landType": "House", "landUse": "Personal" }, "geometry": { "type": "Polygon", "coordinates": [ [ [ 79.861231446567146, 6.908261209805196 ], [ 79.861257829400969, 6.908260437132622 ], [ 79.861580897976765, 6.908248682236238 ], [ 79.861586472046909, 6.908147823096288 ], [ 79.861223161272648, 6.908141640692058 ], [ 79.861221845020779, 6.908141644701916 ], [ 79.861224526880733, 6.908230506141276 ], [ 79.861227323618962, 6.908261574634456 ], [ 79.861231446567146, 6.908261209805196 ] ] ] } },
{ "type": "Feature", "properties": { "parcelId": "10141", "areaSqM": 984.289448, "landType": "Shop", "landUse": "Public" }, "geometry": { "type": "Polygon", "coordinates": [ [ [ 79.86122146643784, 6.90812775150009 ], [ 79.861221457897543, 6.908128828117381 ], [ 79.861221641820464, 6.908131883299325 ], [ 79.861221705767605, 6.908137481798716 ], [ 79.861221845020779, 6.908141644701916 ], [ 79.861223161272648, 6.908141640692058 ], [ 79.861585498937686, 6.908147179599347 ], [ 79.861593032883377, 6.907925281152274 ], [ 79.8615448539786, 6.907923951393815 ], [ 79.861542565525795, 6.907923885236739 ], [ 79.861542353848137, 6.907928898945787 ], [ 79.861542142163088, 6.90793519584717 ], [ 79.861526109764696, 6.90793487826422 ], [ 79.861411078635754, 6.90793143811908 ], [ 79.861323072494926, 6.907914809028521 ], [ 79.861322056786037, 6.907914573828773 ], [ 79.861321607858585, 6.907914648651516 ], [ 79.86131168313436, 6.907916012782732 ], [ 79.861233095207467, 6.907927137741274 ], [ 79.861215528339713, 6.907929465906913 ], [ 79.861220621586313, 6.908039867361445 ], [ 79.861220833095302, 6.908047483685832 ], [ 79.861221044603724, 6.908055205792489 ], [ 79.86122146643784, 6.90812775150009 ] ] ] } },
{ "type": "Feature", "properties": { "parcelId": "10142", "areaSqM": 666.397586, "landType": "House", "landUse": "Personal" }, "geometry": { "type": "Polygon", "coordinates": [ [ [ 79.861625427030901, 6.908457893065325 ], [ 79.861636470837183, 6.908457973895645 ], [ 79.861794039108148, 6.908459805713151 ], [ 79.861857837902889, 6.908461273282935 ], [ 79.861975378332772, 6.908461061932422 ], [ 79.861977756567072, 6.908308387544012 ], [ 79.861965791134537, 6.908308383880968 ], [ 79.861965772684442, 6.908308383350532 ], [ 79.861965772569192, 6.908308387544012 ], [ 79.861627860899034, 6.908298668535419 ], [ 79.861627842332922, 6.908298672198395 ], [ 79.861625427030901, 6.908457893065325 ] ] ] } },
{ "type": "Feature", "properties": { "parcelId": "10143", "areaSqM": 1015.39464, "landType": "House", "landUse": "Personal" }, "geometry": { "type": "Polygon", "coordinates": [ [ [ 79.861630838625103, 6.908704558013075 ], [ 79.861940805907011, 6.908717247358542 ], [ 79.861975378332772, 6.908461061932422 ], [ 79.861857837902889, 6.908461273282935 ], [ 79.861794039108148, 6.908459805713151 ], [ 79.861636470837183, 6.908457973895645 ], [ 79.861625427030901, 6.908457893065325 ], [ 79.861630819829813, 6.90870455724364 ], [ 79.861630838625103, 6.908704558013075 ] ] ] } },
{ "type": "Feature", "properties": { "parcelId": "10144", "areaSqM": 464.275705, "landType": "House", "landUse": "Personal" }, "geometry": { "type": "Polygon", "coordinates": [ [ [ 79.861637441667341, 6.908831657352157 ], [ 79.861638463771158, 6.908831650627788 ], [ 79.861925293618668, 6.908843927921486 ], [ 79.861925397846363, 6.908843932404394 ], [ 79.861925445008495, 6.90884394654334 ], [ 79.86194082447237, 6.908717243695019 ], [ 79.861940806500698, 6.908717242959302 ], [ 79.861940805907011, 6.908717247358542 ], [ 79.861630838625103, 6.908704558013075 ], [ 79.861637441667341, 6.908831657352157 ] ] ] } },
{ "type": "Feature", "properties": { "parcelId": "10145", "areaSqM": 584.1248, "landType": "House", "landUse": "Personal" }, "geometry": { "type": "Polygon", "coordinates": [ [ [ 79.861925293618668, 6.908843927921486 ], [ 79.861638463771158, 6.908831650627788 ], [ 79.861637441667341, 6.908831657352157 ], [ 79.861628352221416, 6.90898520748129 ], [ 79.861627823830361, 6.909000990310204 ], [ 79.861660113512031, 6.909001343442449 ], [ 79.861909691385193, 6.909009493815214 ], [ 79.861925445008495, 6.90884394654334 ], [ 79.861925397846363, 6.908843932404394 ], [ 79.861925293618668, 6.908843927921486 ] ] ] } },
{ "type": "Feature", "properties": { "parcelId": "10146", "areaSqM": 642.738198, "landType": "Sanken", "landUse": "Industrial" }, "geometry": { "type": "Polygon", "coordinates": [ [ [ 79.861885657285995, 6.909188654500131 ], [ 79.86188741858696, 6.909167609861799 ], [ 79.861888435450965, 6.909161505744338 ], [ 79.861907969947211, 6.90902627783557 ], [ 79.861908938256065, 6.909017778235517 ], [ 79.861909691385193, 6.909009493815214 ], [ 79.861660113512031, 6.909001343442449 ], [ 79.861627823830361, 6.909000990310204 ], [ 79.861623521917863, 6.909042389794054 ], [ 79.861616708715758, 6.909156298285959 ], [ 79.861616992299602, 6.909162040117462 ], [ 79.861616825947593, 6.909171945095578 ], [ 79.861621813455457, 6.909171954670626 ], [ 79.861627926101264, 6.909172530567768 ], [ 79.861846943462254, 6.909184542368474 ], [ 79.861865794663174, 6.90918693394979 ], [ 79.861877578199739, 6.909187629537127 ], [ 79.861885657285995, 6.909188654500131 ] ] ] } },
{ "type": "Feature", "properties": { "parcelId": "10147", "areaSqM": 1687.315872, "landType": "House", "landUse": "Personal" }, "geometry": { "type": "Polygon", "coordinates": [ [ [ 79.861627860899034, 6.908298668535419 ], [ 79.861977775132402, 6.908308383880962 ], [ 79.862002800411005, 6.90813054199519 ], [ 79.862021334066611, 6.907998977278738 ], [ 79.862026462465835, 6.907961596468564 ], [ 79.862030659580697, 6.907935190489161 ], [ 79.861971092301346, 6.907934278352363 ], [ 79.861863810420118, 6.907931846283669 ], [ 79.861779458989375, 6.907930128720018 ], [ 79.861778355681878, 6.907930023703179 ], [ 79.861776962323162, 6.907929970970559 ], [ 79.861774022461489, 6.907929911970304 ], [ 79.86164032277992, 6.907926369847737 ], [ 79.861627860899034, 6.908298668535419 ] ] ] } },
{ "type": "Feature", "properties": { "parcelId": "10148", "areaSqM": 576.360451, "landType": "Shop", "landUse": "Public" }, "geometry": { "type": "Polygon", "coordinates": [ [ [ 79.862002800411005, 6.90813054199519 ], [ 79.862063362568293, 6.908137828091278 ], [ 79.862212563937206, 6.908155788859335 ], [ 79.862217734827368, 6.908156283523631 ], [ 79.862218184496371, 6.908151741881228 ], [ 79.862246234869232, 6.907932805398974 ], [ 79.862241858339488, 6.907931568057155 ], [ 79.862234668834944, 6.907930288121127 ], [ 79.862232723827631, 6.907929820033454 ], [ 79.862231257271105, 6.907929507974027 ], [ 79.862229291460835, 6.907929164706637 ], [ 79.862228293319632, 6.907928442227701 ], [ 79.862224218033418, 6.90792852728374 ], [ 79.862037262259122, 6.907920898913061 ], [ 79.862035193270728, 6.907920765410605 ], [ 79.862032331193831, 6.907920894897695 ], [ 79.862030659580697, 6.907935190489161 ], [ 79.862026462465835, 6.907961596468564 ], [ 79.862021334066611, 6.907998977278738 ], [ 79.862002800411005, 6.90813054199519 ] ] ] } },
{ "type": "Feature", "properties": { "parcelId": "10149", "areaSqM": 726.067113, "landType": "House", "landUse": "Personal" }, "geometry": { "type": "Polygon", "coordinates": [ [ [ 79.862416744609632, 6.908109882397116 ], [ 79.862443431837562, 6.907985817926749 ], [ 79.862445590359613, 6.907979866861164 ], [ 79.862446256072062, 6.907976376914219 ], [ 79.862446679707247, 6.907974420123164 ], [ 79.862446982303808, 6.907972907140384 ], [ 79.862447436958675, 6.907971002899403 ], [ 79.862348084975622, 6.907957925136847 ], [ 79.862352978178265, 6.907933184154147 ], [ 79.862251780258077, 6.90792115292082 ], [ 79.862246234869232, 6.907932805398974 ], [ 79.862218184496371, 6.908151741881228 ], [ 79.862217734827368, 6.908156283523631 ], [ 79.862212563937206, 6.908155788859335 ], [ 79.862063362568293, 6.908137828091278 ], [ 79.862056272633268, 6.908171148783318 ], [ 79.86205275869834, 6.908195923181785 ], [ 79.862392394704329, 6.908229882684596 ], [ 79.862416744609632, 6.908109882397116 ] ] ] } },
{ "type": "Feature", "properties": { "parcelId": "10150", "areaSqM": 904.931604, "landType": "Ground", "landUse": "Recreational" }, "geometry": { "type": "Polygon", "coordinates": [ [ [ 79.8620303947379, 6.908416439052043 ], [ 79.862290955351284, 6.908443743281625 ], [ 79.862344523783818, 6.908450535949505 ], [ 79.86236986163766, 6.908324096340914 ], [ 79.862376317030254, 6.908303761854247 ], [ 79.862379119808523, 6.908280774619262 ], [ 79.862383539835022, 6.908259085711517 ], [ 79.862387507341722, 6.908242024930712 ], [ 79.862392394704329, 6.908229882684596 ], [ 79.86205275869834, 6.908195923181785 ], [ 79.862030840674066, 6.908412755941939 ], [ 79.8620303947379, 6.908416439052043 ] ] ] } },
{ "type": "Feature", "properties": { "parcelId": "10151", "areaSqM": 391.287458, "landType": "Building", "landUse": "Industrial" }, "geometry": { "type": "Polygon", "coordinates": [ [ [ 79.862328467115503, 6.908550938598441 ], [ 79.862329088264872, 6.908550981588282 ], [ 79.862345120976684, 6.908455520849595 ], [ 79.862344559647113, 6.908450984240657 ], [ 79.862344523783818, 6.908450535949505 ], [ 79.862290955351284, 6.908443743281625 ], [ 79.8620303947379, 6.908416439052043 ], [ 79.862019718799161, 6.908508941072541 ], [ 79.862016397493463, 6.908522436733095 ], [ 79.862328467115503, 6.908550938598441 ] ] ] } },
{ "type": "Feature", "properties": { "parcelId": "10152", "areaSqM": 513.448319, "landType": "Shop", "landUse": "Personal" }, "geometry": { "type": "Polygon", "coordinates": [ [ [ 79.862329088264872, 6.908550981588282 ], [ 79.862328467115503, 6.908550938598441 ], [ 79.862016397493463, 6.908522436733095 ], [ 79.86201390829369, 6.908661034112055 ], [ 79.862013926149174, 6.908661035849271 ], [ 79.862013926190912, 6.908661035531757 ], [ 79.862162695023528, 6.908675510008291 ], [ 79.862309484172897, 6.908678100229386 ], [ 79.862328304417417, 6.908557571626427 ], [ 79.862328323966011, 6.908557465965055 ], [ 79.862328326481745, 6.908557456261507 ], [ 79.862328354219756, 6.908557302441603 ], [ 79.862328349806901, 6.908557153034564 ], [ 79.862328356889165, 6.908557008010823 ], [ 79.862328387148793, 6.908555501332137 ], [ 79.862328421190952, 6.908553867310737 ], [ 79.862328803333867, 6.908552263298798 ], [ 79.862329088264872, 6.908550981588282 ] ] ] } },
{ "type": "Feature", "properties": { "parcelId": "10153", "areaSqM": 1740.583303, "landType": "Building", "landUse": "Industrial" }, "geometry": { "type": "Polygon", "coordinates": [ [ [ 79.862309484172897, 6.908678100229386 ], [ 79.862162695023528, 6.908675510008291 ], [ 79.862013926190912, 6.908661035531757 ], [ 79.862013926149174, 6.908661035849271 ], [ 79.861950301563212, 6.909121498878651 ], [ 79.861945252116456, 6.909161403320068 ], [ 79.861942381509209, 6.909194651864883 ], [ 79.861952648237306, 6.90919618575374 ], [ 79.861981097275404, 6.909197754535557 ], [ 79.862009375049581, 6.90920083717281 ], [ 79.862172146041857, 6.909227071723296 ], [ 79.862201079895286, 6.909089593551936 ], [ 79.862202982308276, 6.909085481309318 ], [ 79.862250732821494, 6.908904628784839 ], [ 79.862251324565889, 6.908902692167062 ], [ 79.86225579851147, 6.908877856837283 ], [ 79.862259133797608, 6.908862363895078 ], [ 79.862297000959558, 6.90871683804899 ], [ 79.862309484172897, 6.908678100229386 ] ] ] } },
{ "type": "Feature", "properties": { "parcelId": "10154", "areaSqM": 1907.872761, "landType": "Ground", "landUse": "Recreational" }, "geometry": { "type": "Polygon", "coordinates": [ [ [ 79.861572018122885, 6.90690458905571 ], [ 79.862025695625391, 6.906949526514985 ], [ 79.862156339164386, 6.906978769429416 ], [ 79.862230003201432, 6.906696505361945 ], [ 79.861855659087979, 6.906676024005915 ], [ 79.861570727281162, 6.906652272517371 ], [ 79.861572018122885, 6.90690458905571 ] ] ] } },
{ "type": "Feature", "properties": { "parcelId": "10155", "areaSqM": 22143.969451000001, "landType": "Nelum Pokuna Theatre", "landUse": "Government" }, "geometry": { "type": "Polygon", "coordinates": [ [ [ 79.863903060898068, 6.910689957219835 ], [ 79.863317663012481, 6.910102411404448 ], [ 79.863221300879303, 6.910014028244025 ], [ 79.863142969688482, 6.9099391354562 ], [ 79.863123269533872, 6.909927653767613 ], [ 79.863109274817944, 6.909926779243315 ], [ 79.863090595128753, 6.909936068117016 ], [ 79.863072756379822, 6.909949173244089 ], [ 79.863057866211207, 6.909972880250941 ], [ 79.863050323586606, 6.910002675697295 ], [ 79.863036889302933, 6.910074139977847 ], [ 79.863007683310045, 6.910153767620896 ], [ 79.862982358775156, 6.910199918622424 ], [ 79.862941317757176, 6.910258331112681 ], [ 79.862909018021995, 6.910292494997541 ], [ 79.862870766396767, 6.910333958863836 ], [ 79.862807031035857, 6.91039402321813 ], [ 79.862746700110392, 6.910448160203529 ], [ 79.862696368273177, 6.910484332352092 ], [ 79.862660460793151, 6.910511825501952 ], [ 79.862607387803166, 6.91055046448563 ], [ 79.862536061966267, 6.910587626386639 ], [ 79.862486825187219, 6.910607028991127 ], [ 79.862417536003846, 6.910624363781082 ], [ 79.862576418558078, 6.91083000560371 ], [ 79.862589846265365, 6.910846861084689 ], [ 79.862612183131503, 6.910876929637302 ], [ 79.86263417866482, 6.910912802451115 ], [ 79.86264516319801, 6.9109376293368 ], [ 79.862667111092392, 6.910998307874247 ], [ 79.862691811743133, 6.911061747893009 ], [ 79.862724775949644, 6.911130716164474 ], [ 79.862752255832874, 6.911183136705046 ], [ 79.862980739707112, 6.911409583437752 ], [ 79.863129306521628, 6.911601424342602 ], [ 79.863367898912131, 6.91159085692594 ], [ 79.863498916817491, 6.911585595637243 ], [ 79.863587166453215, 6.911589899064379 ], [ 79.863727834891804, 6.911586034307104 ], [ 79.863843667671759, 6.91158901243518 ], [ 79.863992581190018, 6.911600322509988 ], [ 79.86412667083971, 6.911591613256828 ], [ 79.864223203542963, 6.911555859827857 ], [ 79.864293462262935, 6.911468601007076 ], [ 79.864312974703225, 6.911361146454306 ], [ 79.864303184180741, 6.911267582287949 ], [ 79.864254221251926, 6.911144148404923 ], [ 79.864172964320773, 6.911021865396339 ], [ 79.864081215050689, 6.910901799192311 ], [ 79.86400209978477, 6.910798652311416 ], [ 79.863903060898068, 6.910689957219835 ] ] ] } },
{ "type": "Feature", "properties": { "parcelId": "10156", "areaSqM": 1932.162551, "landType": "Driving School", "landUse": "Government" }, "geometry": { "type": "Polygon", "coordinates": [ [ [ 79.862749583495983, 6.909716382512144 ], [ 79.86256584588628, 6.909660846478818 ], [ 79.862460658641893, 6.91001326870364 ], [ 79.86296626608015, 6.910150191682301 ], [ 79.862968968159635, 6.910145822547451 ], [ 79.862978419300688, 6.910133727178628 ], [ 79.862991270487527, 6.910104477552186 ], [ 79.863006854756932, 6.910054707530831 ], [ 79.863006287272242, 6.90999952277098 ], [ 79.863005699116712, 6.90995510551716 ], [ 79.862997049298016, 6.909900578234057 ], [ 79.862975588997756, 6.909854102050884 ], [ 79.862933922227398, 6.909809606042192 ], [ 79.862884831050039, 6.909773844426664 ], [ 79.862852539197988, 6.909756958222281 ], [ 79.86282158772751, 6.909743439444006 ], [ 79.862793998189403, 6.909732618996746 ], [ 79.862749583495983, 6.909716382512144 ] ] ] } },
{ "type": "Feature", "properties": { "parcelId": "10157", "areaSqM": 2826.069712, "landType": "Panibharatha theatre", "landUse": "Government" }, "geometry": { "type": "Polygon", "coordinates": [ [ [ 79.86256584588628, 6.909660846478818 ], [ 79.862420695925209, 6.90960221261477 ], [ 79.86227399583521, 6.909547084009873 ], [ 79.862173388158922, 6.909511223492102 ], [ 79.862133845136611, 6.909500548317322 ], [ 79.862104397264218, 6.909493089125345 ], [ 79.86206602885008, 6.909484435113598 ], [ 79.862039413244744, 6.909688252344711 ], [ 79.862013026514035, 6.909784668755961 ], [ 79.862004691489943, 6.909816349075969 ], [ 79.861990840388941, 6.909848018809174 ], [ 79.861934210563703, 6.909894765544245 ], [ 79.8620101321101, 6.910023806738448 ], [ 79.862116006686904, 6.910175708808052 ], [ 79.862298724734359, 6.910064916380944 ], [ 79.862460658641893, 6.91001326870364 ], [ 79.86256584588628, 6.909660846478818 ] ] ] } },
{ "type": "Feature", "properties": { "parcelId": "10158", "areaSqM": 786.247414, "landType": "Office", "landUse": "Industrial" }, "geometry": { "type": "Polygon", "coordinates": [ [ [ 79.86206602885008, 6.909484435113598 ], [ 79.861919845917797, 6.909458157900681 ], [ 79.861846924704892, 6.909442759377026 ], [ 79.861798142305403, 6.909446480382417 ], [ 79.861772251575275, 6.909456179211022 ], [ 79.861742504558407, 6.90948621538664 ], [ 79.861934210563703, 6.909894765544245 ], [ 79.861990840388941, 6.909848018809174 ], [ 79.862004691489943, 6.909816349075969 ], [ 79.862013026514035, 6.909784668755961 ], [ 79.862039413244744, 6.909688252344711 ], [ 79.86206602885008, 6.909484435113598 ] ] ] } },
{ "type": "Feature", "properties": { "parcelId": "10159", "areaSqM": 3060.328685, "landType": "Restaurant", "landUse": "Public" }, "geometry": { "type": "Polygon", "coordinates": [ [ [ 79.86296626608015, 6.910150191682301 ], [ 79.862460658641893, 6.91001326870364 ], [ 79.862298724734359, 6.910064916380944 ], [ 79.862116006686904, 6.910175708808052 ], [ 79.862244733277137, 6.910385569856927 ], [ 79.862393489837643, 6.910579184845956 ], [ 79.862472088851092, 6.910550628797766 ], [ 79.862545091674974, 6.910523642500424 ], [ 79.862595197873603, 6.910493221480435 ], [ 79.862670379952533, 6.910435722208605 ], [ 79.862777428884669, 6.910348614598581 ], [ 79.862853067605172, 6.910274162203621 ], [ 79.862903499083828, 6.910222415783952 ], [ 79.86296626608015, 6.910150191682301 ] ] ] } },
{ "type": "Feature", "properties": { "parcelId": "10160", "areaSqM": 2770.315657, "landType": "Ground", "landUse": "Recreational" }, "geometry": { "type": "Polygon", "coordinates": [ [ [ 79.862244733277137, 6.910385569856927 ], [ 79.862172843927155, 6.910432191384701 ], [ 79.862012564302219, 6.910540922153924 ], [ 79.861890212968547, 6.910566397492653 ], [ 79.86185915851631, 6.910576788733493 ], [ 79.861833703911302, 6.910608882636205 ], [ 79.861830258852279, 6.910639749997188 ], [ 79.86184288940872, 6.91067403166865 ], [ 79.861864833920649, 6.910706639495474 ], [ 79.861882107297831, 6.910747774425704 ], [ 79.861882449552866, 6.910789567819974 ], [ 79.861876888831461, 6.910820219654281 ], [ 79.861868307075525, 6.910881316732287 ], [ 79.861858448870152, 6.910949276219915 ], [ 79.861833901450723, 6.911209690101016 ], [ 79.861904607901593, 6.911148586500704 ], [ 79.861948978554196, 6.911119523180109 ], [ 79.861987933986114, 6.911098508037035 ], [ 79.862213387166634, 6.910878471052762 ], [ 79.862417536003846, 6.910624363781082 ], [ 79.862393489837643, 6.910579184845956 ], [ 79.862244733277137, 6.910385569856927 ] ] ] } },
{ "type": "Feature", "properties": { "parcelId": "10161", "areaSqM": 8969.908687, "landType": "Shop", "landUse": "Public" }, "geometry": { "type": "Polygon", "coordinates": [ [ [ 79.861833901450723, 6.911209690101016 ], [ 79.8618071911947, 6.911373795051349 ], [ 79.861795587401971, 6.911467635090233 ], [ 79.861800681867365, 6.911495282928429 ], [ 79.861812616319767, 6.91152284360884 ], [ 79.861838424246756, 6.911548106888334 ], [ 79.861892035095082, 6.911570038039275 ], [ 79.861962145260549, 6.911582604848008 ], [ 79.862179915787266, 6.91160219010576 ], [ 79.862375046193449, 6.911612077651523 ], [ 79.862604366135969, 6.91161484458094 ], [ 79.863129306521628, 6.911601424342602 ], [ 79.862980739707112, 6.911409583437752 ], [ 79.862752255832874, 6.911183136705046 ], [ 79.862724775949644, 6.911130716164474 ], [ 79.862691811743133, 6.911061747893009 ], [ 79.862667111092392, 6.910998307874247 ], [ 79.86264516319801, 6.9109376293368 ], [ 79.86263417866482, 6.910912802451115 ], [ 79.862612183131503, 6.910876929637302 ], [ 79.862589846265365, 6.910846861084689 ], [ 79.862576418558078, 6.91083000560371 ], [ 79.862417536003846, 6.910624363781082 ], [ 79.862213387166634, 6.910878471052762 ], [ 79.861987933986114, 6.911098508037035 ], [ 79.861948978554196, 6.911119523180109 ], [ 79.861904607901593, 6.911148586500704 ], [ 79.861833901450723, 6.911209690101016 ] ] ] } },
{ "type": "Feature", "properties": { "parcelId": "10162", "areaSqM": 1837.943646, "landType": "Apartment", "landUse": "Residential" }, "geometry": { "type": "Polygon", "coordinates": [ [ [ 79.862244733277137, 6.910385569856927 ], [ 79.862116006686904, 6.910175708808052 ], [ 79.8620101321101, 6.910023806738448 ], [ 79.861795943989151, 6.910073007238963 ], [ 79.861890212968547, 6.910566397492653 ], [ 79.862012564302219, 6.910540922153924 ], [ 79.862172843927155, 6.910432191384701 ], [ 79.862244733277137, 6.910385569856927 ] ] ] } },
{ "type": "Feature", "properties": { "parcelId": "10163", "areaSqM": 734.643952, "landType": "Shop", "landUse": "Personal" }, "geometry": { "type": "Polygon", "coordinates": [ [ [ 79.8620101321101, 6.910023806738448 ], [ 79.861934210563703, 6.909894765544245 ], [ 79.861742504558407, 6.90948621538664 ], [ 79.861731450264969, 6.909500181182713 ], [ 79.861725485543744, 6.909514156748794 ], [ 79.861722481999649, 6.909532164564595 ], [ 79.861721597481292, 6.909551024146176 ], [ 79.86172756126318, 6.909590971549686 ], [ 79.861732568791155, 6.909627130841315 ], [ 79.861795943989151, 6.910073007238963 ], [ 79.8620101321101, 6.910023806738448 ] ] ] } },
{ "type": "Feature", "properties": { "parcelId": "10201", "areaSqM": 479.428842, "landType": "Office", "landUse": "Industrial" }, "geometry": { "type": "Polygon", "coordinates": [ [ [ 79.864924693626705, 6.911550860601385 ], [ 79.864992732028114, 6.911409232743926 ], [ 79.864995364973467, 6.911361000066086 ], [ 79.864959070738919, 6.911298306220344 ], [ 79.864962264173428, 6.91126363744617 ], [ 79.864935245767413, 6.911232721086888 ], [ 79.864931461480722, 6.911220452541648 ], [ 79.864892582074347, 6.911197123950179 ], [ 79.864831392195185, 6.911225123298954 ], [ 79.864677186117021, 6.911330529074298 ], [ 79.864709565237291, 6.911407807026404 ], [ 79.864760611222721, 6.911477893798337 ], [ 79.864841321352657, 6.911530540065895 ], [ 79.864924693626705, 6.911550860601385 ] ] ] } },
{ "type": "Feature", "properties": { "parcelId": "10202", "areaSqM": 729.554915, "landType": "Office", "landUse": "Industrial" }, "geometry": { "type": "Polygon", "coordinates": [ [ [ 79.864677186117021, 6.911330529074298 ], [ 79.864831392195185, 6.911225123298954 ], [ 79.864892582074347, 6.911197123950179 ], [ 79.86482367073198, 6.911059580918396 ], [ 79.864774642942621, 6.911033273274526 ], [ 79.864752776947157, 6.91096304603473 ], [ 79.864737294577466, 6.910956145847465 ], [ 79.8647279077463, 6.910942122514785 ], [ 79.864572813517512, 6.91101963201198 ], [ 79.864548652012488, 6.911038037474071 ], [ 79.864538531979036, 6.911047776194535 ], [ 79.864530350774544, 6.911056088560859 ], [ 79.864524699739562, 6.911061882125845 ], [ 79.864555575894201, 6.911114769519719 ], [ 79.864578217144924, 6.911160070216245 ], [ 79.86459080156699, 6.911182134132952 ], [ 79.864677186117021, 6.911330529074298 ] ] ] } },
{ "type": "Feature", "properties": { "parcelId": "10203", "areaSqM": 100.627267, "landType": "House", "landUse": "Personal" }, "geometry": { "type": "Polygon", "coordinates": [ [ [ 79.864658081570752, 6.910861207953826 ], [ 79.864646852028045, 6.910858379607427 ], [ 79.864604855558397, 6.910788127873672 ], [ 79.864541168025951, 6.910824461167318 ], [ 79.864433818008493, 6.910882155708279 ], [ 79.864456183223282, 6.91091264037845 ], [ 79.864474223760951, 6.910936880416851 ], [ 79.864486790113105, 6.910947580262053 ], [ 79.864497990147683, 6.91095373235332 ], [ 79.864517027003629, 6.910954825803065 ], [ 79.864540204145882, 6.910947999610521 ], [ 79.864668579345675, 6.910879472597702 ], [ 79.864658081570752, 6.910861207953826 ] ] ] } },
{ "type": "Feature", "properties": { "parcelId": "10204", "areaSqM": 228.358368, "landType": "Apartment", "landUse": "Residential" }, "geometry": { "type": "Polygon", "coordinates": [ [ [ 79.864604855558397, 6.910788127873672 ], [ 79.864536919878105, 6.910674862223784 ], [ 79.864542046342493, 6.910649081018885 ], [ 79.864537937866459, 6.910640405681895 ], [ 79.864357883773181, 6.910766584970237 ], [ 79.864406807764183, 6.910847011305914 ], [ 79.864433818008493, 6.910882155708279 ], [ 79.864541168025951, 6.910824461167318 ], [ 79.864604855558397, 6.910788127873672 ] ] ] } },
{ "type": "Feature", "properties": { "parcelId": "10205", "areaSqM": 118.957083, "landType": "House", "landUse": "Personal" }, "geometry": { "type": "Polygon", "coordinates": [ [ [ 79.864537937866459, 6.910640405681895 ], [ 79.864511615134759, 6.910598622950331 ], [ 79.86451549448411, 6.910569159401452 ], [ 79.86447515563475, 6.910530333313524 ], [ 79.864459895567734, 6.910513931339407 ], [ 79.864437127271458, 6.910480075866014 ], [ 79.86426200822001, 6.910570009167382 ], [ 79.864357883773181, 6.910766584970237 ], [ 79.864537937866459, 6.910640405681895 ] ] ] } },
{ "type": "Feature", "properties": { "parcelId": "10206", "areaSqM": 572.104074, "landType": "Ground", "landUse": "Recreational" }, "geometry": { "type": "Polygon", "coordinates": [ [ [ 79.864437127271458, 6.910480075866014 ], [ 79.864299304901621, 6.91024965967241 ], [ 79.864274598377222, 6.910224874927291 ], [ 79.864269535236545, 6.91021725371241 ], [ 79.864242833363335, 6.910240037154171 ], [ 79.864189786052492, 6.910283738595353 ], [ 79.864179174864745, 6.910301476026071 ], [ 79.86417158822313, 6.910321724596142 ], [ 79.86416772397989, 6.910350894694704 ], [ 79.864167398144446, 6.910375444093709 ], [ 79.864173919898775, 6.910394271338338 ], [ 79.864206595554478, 6.910453526397892 ], [ 79.864236203845294, 6.910512775583101 ], [ 79.86424599337316, 6.910537422632534 ], [ 79.86426200822001, 6.910570009167382 ], [ 79.864437127271458, 6.910480075866014 ] ] ] } },
{ "type": "Feature", "properties": { "parcelId": "10207", "areaSqM": 1156.923851, "landType": "Ground", "landUse": "Recreational" }, "geometry": { "type": "Polygon", "coordinates": [ [ [ 79.864166547534722, 6.910085745120977 ], [ 79.864083442927054, 6.909941881266254 ], [ 79.864068965190853, 6.909929777516016 ], [ 79.863936443309726, 6.909719400864781 ], [ 79.863932811141467, 6.909723016716957 ], [ 79.863880673430245, 6.909756967678649 ], [ 79.863860813197093, 6.909773146343328 ], [ 79.863828128163604, 6.909799992996814 ], [ 79.863794228640671, 6.909827410293516 ], [ 79.863755941951382, 6.909839809659823 ], [ 79.863777816278755, 6.909905597502342 ], [ 79.863787916396916, 6.909933733280862 ], [ 79.863797191024474, 6.909951085989085 ], [ 79.863804350226104, 6.90996843464525 ], [ 79.86381868647112, 6.90999383031476 ], [ 79.864023682143554, 6.910227968674717 ], [ 79.864166547534722, 6.910085745120977 ] ] ] } },
{ "type": "Feature", "properties": { "parcelId": "10022", "areaSqM": 691.234236, "landType": "Hotel", "landUse": "Public" }, "geometry": { "type": "Polygon", "coordinates": [ [ [ 79.862736112699309, 6.907928732818162 ], [ 79.8627750458338, 6.907987114467009 ], [ 79.862783359605388, 6.908007017837809 ], [ 79.862800492965434, 6.908013035216728 ], [ 79.862840555523164, 6.908025864749313 ], [ 79.862854388984587, 6.90803097273114 ], [ 79.862898938932716, 6.908046670069462 ], [ 79.862919585527663, 6.907985238334928 ], [ 79.862924397678157, 6.907971869760827 ], [ 79.862948257666076, 6.907899491789853 ], [ 79.862958878520658, 6.907871557487689 ], [ 79.862972242470875, 6.907835473592995 ], [ 79.862989473485385, 6.907790572704037 ], [ 79.863004999217409, 6.907747017057172 ], [ 79.862984484964173, 6.907729558118313 ], [ 79.86295150271124, 6.907717213498438 ], [ 79.862946316924166, 6.907715279272629 ], [ 79.862891239362128, 6.907720894224381 ], [ 79.86286707522568, 6.907754223548312 ], [ 79.862794715470869, 6.907730812271739 ], [ 79.862736112699309, 6.907928732818162 ] ] ] } },
{ "type": "Feature", "properties": { "parcelId": "10094", "areaSqM": 2566.276736, "landType": "Hotel", "landUse": "Public" }, "geometry": { "type": "Polygon", "coordinates": [ [ [ 79.86156134716434, 6.906161752644052 ], [ 79.861884327091914, 6.906182466434507 ], [ 79.861888564320324, 6.906018939743417 ], [ 79.861913454967578, 6.905463537504941 ], [ 79.861613865372675, 6.905422753742162 ], [ 79.861593434360401, 6.905752753210155 ], [ 79.861593272045482, 6.905837226969366 ], [ 79.861608394775345, 6.905934607289717 ], [ 79.861684455662854, 6.906017111110946 ], [ 79.86168869054201, 6.906054782835866 ], [ 79.861627306109398, 6.906057893354982 ], [ 79.861628241281807, 6.906131608191892 ], [ 79.861574402789628, 6.906130428772012 ], [ 79.86156134716434, 6.906161752644052 ] ] ] } },
{ "type": "Feature", "properties": { "parcelId": "10208", "areaSqM": 62.20091, "landType": "House", "landUse": "Personal" }, "geometry": { "type": "Polygon", "coordinates": [ [ [ 79.863203642121007, 6.905785343183067 ], [ 79.86318655538301, 6.905798115401278 ], [ 79.8631602368676, 6.905816102257974 ], [ 79.863216651132731, 6.905875665468964 ], [ 79.863251088871777, 6.905843774367124 ], [ 79.863203642121007, 6.905785343183067 ] ] ] } },
{ "type": "Feature", "properties": { "parcelId": "10209", "areaSqM": 1166.666885, "landType": "Apartment", "landUse": "Residential" }, "geometry": { "type": "Polygon", "coordinates": [ [ [ 79.864002667220106, 6.909584908873732 ], [ 79.864067340767136, 6.909477635700701 ], [ 79.864209596702281, 6.909484678268971 ], [ 79.8642333406343, 6.909467798213002 ], [ 79.86426576059371, 6.909342611485997 ], [ 79.864047541964325, 6.909149392115039 ], [ 79.863837543321154, 6.909443751623283 ], [ 79.863785518351222, 6.909533157225762 ], [ 79.863751890350315, 6.909622269503634 ], [ 79.86374150275455, 6.909744017011435 ], [ 79.863748393728372, 6.909804702511657 ], [ 79.863755941951382, 6.909839809659823 ], [ 79.863794228640671, 6.909827410293516 ], [ 79.863828128163604, 6.909799992996814 ], [ 79.863860813197093, 6.909773146343328 ], [ 79.863880673430245, 6.909756967678649 ], [ 79.863932811141467, 6.909723016716957 ], [ 79.863936443309726, 6.909719400864781 ], [ 79.863930189317287, 6.909707911601801 ], [ 79.864002667220106, 6.909584908873732 ] ] ] } },
{ "type": "Feature", "properties": { "parcelId": "10210", "areaSqM": 989.588516, "landType": "Hotel", "landUse": "Public" }, "geometry": { "type": "Polygon", "coordinates": [ [ [ 79.864293158129001, 6.909282057235599 ], [ 79.864459444724318, 6.909027321392937 ], [ 79.864376076465931, 6.908940124489935 ], [ 79.864272742327316, 6.90885771867719 ], [ 79.864126416316537, 6.909053677065949 ], [ 79.864107774787342, 6.909088115707156 ], [ 79.864107869751436, 6.909119896860383 ], [ 79.864133410655086, 6.909145518689395 ], [ 79.864293158129001, 6.909282057235599 ] ] ] } },
{ "type": "Feature", "properties": { "parcelId": "10211", "areaSqM": 988.647016, "landType": "Shop", "landUse": "Personal" }, "geometry": { "type": "Polygon", "coordinates": [ [ [ 79.864459444724318, 6.909027321392937 ], [ 79.864502855546633, 6.908947337506756 ], [ 79.864519608292895, 6.90892715025982 ], [ 79.864632294317374, 6.908757267071554 ], [ 79.864630629827317, 6.908742030923825 ], [ 79.864626445905174, 6.90872076612703 ], [ 79.864598356655975, 6.908689064770202 ], [ 79.864464474524496, 6.908578164114773 ], [ 79.864272742327316, 6.90885771867719 ], [ 79.864376076465931, 6.908940124489935 ], [ 79.864459444724318, 6.909027321392937 ] ] ] } },
{ "type": "Feature", "properties": { "parcelId": "10212", "areaSqM": 338.799653, "landType": "Shop", "landUse": "Personal" }, "geometry": { "type": "Polygon", "coordinates": [ [ [ 79.864652111688088, 6.908639938005741 ], [ 79.864730715095206, 6.908477454828753 ], [ 79.864618056938539, 6.908380267759038 ], [ 79.864505320792162, 6.90852373155378 ], [ 79.864652111688088, 6.908639938005741 ] ] ] } },
{ "type": "Feature", "properties": { "parcelId": "10213", "areaSqM": 406.074785, "landType": "Restaurant", "landUse": "Public" }, "geometry": { "type": "Polygon", "coordinates": [ [ [ 79.864730715095206, 6.908477454828753 ], [ 79.864878639993137, 6.908405651568441 ], [ 79.864913904778263, 6.908365280402404 ], [ 79.864845378719906, 6.908318557009796 ], [ 79.864804963807288, 6.908292106691341 ], [ 79.864776767457826, 6.908281935711969 ], [ 79.864745883141453, 6.908281453827519 ], [ 79.864707144640121, 6.908295120836811 ], [ 79.864666796292482, 6.908321731784288 ], [ 79.864646514738638, 6.908347186890986 ], [ 79.864618056938539, 6.908380267759038 ], [ 79.864730715095206, 6.908477454828753 ] ] ] } },
{ "type": "Feature", "properties": { "parcelId": "10214", "areaSqM": 534.316014, "landType": "House", "landUse": "Personal" }, "geometry": { "type": "Polygon", "coordinates": [ [ [ 79.864438327126635, 6.907052832305568 ], [ 79.86425890082316, 6.90674776753222 ], [ 79.864207190751614, 6.906680322852241 ], [ 79.864063268411485, 6.906741865402427 ], [ 79.864094760315268, 6.906824701220755 ], [ 79.864154408667716, 6.906973878659257 ], [ 79.864241883575716, 6.907185863978896 ], [ 79.864438327126635, 6.907052832305568 ] ] ] } },
{ "type": "Feature", "properties": { "parcelId": "10215", "areaSqM": 708.070737, "landType": "Hotel", "landUse": "Public" }, "geometry": { "type": "Polygon", "coordinates": [ [ [ 79.864173084861918, 6.906555706576468 ], [ 79.8641360908845, 6.906537229002647 ], [ 79.864041178093146, 6.906336085019984 ], [ 79.863926810054394, 6.906172836434914 ], [ 79.863922060309008, 6.906122788531581 ], [ 79.863888160845534, 6.906112231632974 ], [ 79.863829597374917, 6.906013473098001 ], [ 79.86382030416361, 6.90600584484369 ], [ 79.863679280672685, 6.906112069869255 ], [ 79.863802185337335, 6.906284585969341 ], [ 79.863848421354504, 6.906360552061024 ], [ 79.863876702542143, 6.906405695315887 ], [ 79.863915645180029, 6.906466000845625 ], [ 79.863965664355703, 6.90654449781651 ], [ 79.864038166227189, 6.906663079644778 ], [ 79.864063268411485, 6.906741865402427 ], [ 79.864207190751614, 6.906680322852241 ], [ 79.864189195085714, 6.906577547140442 ], [ 79.864173084861918, 6.906555706576468 ] ] ] } },
{ "type": "Feature", "properties": { "parcelId": "10216", "areaSqM": 1353.560484, "landType": "Office", "landUse": "Industrial" }, "geometry": { "type": "Polygon", "coordinates": [ [ [ 79.863740656201315, 6.905961832826268 ], [ 79.863743256950883, 6.905869023884269 ], [ 79.86356358427031, 6.905647540629053 ], [ 79.863548741737858, 6.905645096295449 ], [ 79.863474496676801, 6.905531642779196 ], [ 79.863450445899232, 6.90549777244087 ], [ 79.863448840321283, 6.905452529388703 ], [ 79.863396482023845, 6.905398310270826 ], [ 79.863381307854667, 6.905368684964666 ], [ 79.863343258927586, 6.905353813973324 ], [ 79.863320897248798, 6.905321638079513 ], [ 79.863141787468649, 6.905465324058243 ], [ 79.863200762717639, 6.905526340973078 ], [ 79.863257709995352, 6.905591391828711 ], [ 79.863294663874072, 6.905635205774543 ], [ 79.863446834065371, 6.905822246883289 ], [ 79.863530817308614, 6.905923353481966 ], [ 79.863679280672685, 6.906112069869255 ], [ 79.86382030416361, 6.90600584484369 ], [ 79.863740656201315, 6.905961832826268 ] ] ] } },
{ "type": "Feature", "properties": { "parcelId": "10217", "areaSqM": 1370.158463, "landType": "Office", "landUse": "Industrial" }, "geometry": { "type": "Polygon", "coordinates": [ [ [ 79.863284637953555, 6.905256034090116 ], [ 79.863266928552392, 6.905224712711985 ], [ 79.86318325681178, 6.905136664774912 ], [ 79.863167791709884, 6.905031696988995 ], [ 79.863144945137563, 6.905022344196738 ], [ 79.86308155539848, 6.904958328970897 ], [ 79.863045737173749, 6.904868555154502 ], [ 79.863049485592001, 6.904829946023878 ], [ 79.862951102354415, 6.904688096995951 ], [ 79.862767665528338, 6.904827723648737 ], [ 79.862754002931098, 6.904841241023586 ], [ 79.862745214183093, 6.90485914205366 ], [ 79.862740390128764, 6.904872676364929 ], [ 79.862739591540205, 6.904894041686128 ], [ 79.86276265036615, 6.90494085740659 ], [ 79.862780426728449, 6.90497689545672 ], [ 79.862802566720376, 6.905020008071019 ], [ 79.862829657643715, 6.905071205832051 ], [ 79.862849540368217, 6.905106238459251 ], [ 79.862873629346296, 6.90514262508893 ], [ 79.862904517271346, 6.905189119320681 ], [ 79.862943146874741, 6.905236974327401 ], [ 79.862977746978331, 6.905279101352048 ], [ 79.863016721048766, 6.905322919184045 ], [ 79.863090146581754, 6.905398600928503 ], [ 79.863284637953555, 6.905256034090116 ] ] ] } },
{ "type": "Feature", "properties": { "parcelId": "10218", "areaSqM": 756.37515, "landType": "Hotel", "landUse": "Public" }, "geometry": { "type": "Polygon", "coordinates": [ [ [ 79.862817581713713, 6.903951284364891 ], [ 79.862829891727444, 6.903824789765747 ], [ 79.862846862792978, 6.903806838924929 ], [ 79.862843746604369, 6.903787955707764 ], [ 79.86284926164501, 6.903780144408781 ], [ 79.86284870934719, 6.903737228796545 ], [ 79.862860238743636, 6.903681863626508 ], [ 79.862845368172728, 6.903659426553514 ], [ 79.862851512629177, 6.903599188827064 ], [ 79.862826199229531, 6.903561933626142 ], [ 79.862821208246828, 6.903517106894691 ], [ 79.862800089960771, 6.903498463083352 ], [ 79.8626841256375, 6.903519381079581 ], [ 79.86265534487859, 6.903525245182232 ], [ 79.862621677880284, 6.903548505029253 ], [ 79.862601059287627, 6.903593635323649 ], [ 79.862589431194067, 6.903645300764589 ], [ 79.862587872127904, 6.903686098310979 ], [ 79.862588715331498, 6.90373589187324 ], [ 79.862596876912164, 6.903785414625593 ], [ 79.862605446057103, 6.903843097772357 ], [ 79.862612923575384, 6.903914988689646 ], [ 79.862626213878528, 6.904044392016379 ], [ 79.862785039304867, 6.904010977770347 ], [ 79.862796971521121, 6.903966183463051 ], [ 79.862817581713713, 6.903951284364891 ] ] ] } },
{ "type": "Feature", "properties": { "parcelId": "10219", "areaSqM": 496.860643, "landType": "Hotel", "landUse": "Public" }, "geometry": { "type": "Polygon", "coordinates": [ [ [ 79.858878868987219, 6.90632035037658 ], [ 79.858939045171425, 6.906366510226706 ], [ 79.859081221632223, 6.906414175221418 ], [ 79.859164935393935, 6.906534543887311 ], [ 79.859171389563485, 6.906560875794566 ], [ 79.859207265564265, 6.906564380101536 ], [ 79.859226611650797, 6.90662445535556 ], [ 79.8592678618772, 6.90673446351198 ], [ 79.859347240000488, 6.906818331236031 ], [ 79.859378699562285, 6.906739750395901 ], [ 79.859407496729162, 6.906670571798005 ], [ 79.859412596923164, 6.906658531722792 ], [ 79.859415154960857, 6.906648389370736 ], [ 79.859416023114434, 6.906636975358615 ], [ 79.859414775044357, 6.906625980078464 ], [ 79.859413500772362, 6.906614289775697 ], [ 79.859408476088518, 6.906600820688576 ], [ 79.859401433105333, 6.90658633826215 ], [ 79.859392705451484, 6.906572441444414 ], [ 79.85938498710992, 6.906558967175174 ], [ 79.859374916192749, 6.906543217102714 ], [ 79.859363162549883, 6.906527043185952 ], [ 79.859349735742569, 6.906505482281792 ], [ 79.85933462151074, 6.906485937044113 ], [ 79.859320854109129, 6.906466394397259 ], [ 79.859303728063125, 6.906442470976674 ], [ 79.85928862291037, 6.906418214958256 ], [ 79.859267796329519, 6.906392601989572 ], [ 79.859245963843009, 6.90636479992904 ], [ 79.85922312058922, 6.906337332408532 ], [ 79.85920228040122, 6.906318785607305 ], [ 79.859183453650488, 6.906303775777308 ], [ 79.859164960690691, 6.90629028077376 ], [ 79.859153190852794, 6.906282518959822 ], [ 79.859145289743367, 6.906276531138795 ], [ 79.859136884059708, 6.90627028998262 ], [ 79.859127299334148, 6.906264340982379 ], [ 79.859117375875684, 6.906259442847348 ], [ 79.859102575675621, 6.906251675201128 ], [ 79.859090465566737, 6.906245763401349 ], [ 79.859068761575799, 6.906238655440067 ], [ 79.859048397605818, 6.906235083154312 ], [ 79.859031054922255, 6.906236227478922 ], [ 79.859015733453717, 6.906236870964429 ], [ 79.858997045887165, 6.90623700324312 ], [ 79.858971789614884, 6.906238637063925 ], [ 79.858952417286332, 6.906244656518997 ], [ 79.858937753020172, 6.906253713403916 ], [ 79.858920389665826, 6.906265583159363 ], [ 79.858911957722043, 6.906272969611101 ], [ 79.858905209313448, 6.906280359302985 ], [ 79.858898457013666, 6.906289767900139 ], [ 79.858890355291152, 6.906300519841775 ], [ 79.858878868987219, 6.90632035037658 ] ] ] } },
{ "type": "Feature", "properties": { "parcelId": "10220", "areaSqM": 844.109916, "landType": "Office", "landUse": "Industrial" }, "geometry": { "type": "Polygon", "coordinates": [ [ [ 79.859423212194031, 6.90692175170221 ], [ 79.85943668490431, 6.90696155252656 ], [ 79.859458676484451, 6.906975135226634 ], [ 79.859556641816425, 6.907114112713289 ], [ 79.859551458122681, 6.907167418042401 ], [ 79.859613174287631, 6.907220852056796 ], [ 79.859622891685831, 6.907231872318068 ], [ 79.859680776742096, 6.907295877389518 ], [ 79.859740726746196, 6.907386967215833 ], [ 79.859749990872814, 6.907401001877601 ], [ 79.859772799062355, 6.907420917487291 ], [ 79.85977614138379, 6.907442909675054 ], [ 79.859860110792937, 6.907339695804037 ], [ 79.859883002024176, 6.907316485653516 ], [ 79.859925407549085, 6.907275013521142 ], [ 79.859923519640972, 6.90727185533885 ], [ 79.859922219352015, 6.90726953950036 ], [ 79.85990006530723, 6.907233829431687 ], [ 79.859878575610693, 6.907202831437663 ], [ 79.859855419223337, 6.907163081613552 ], [ 79.859817801251467, 6.90711455535453 ], [ 79.859769773857536, 6.907051203710851 ], [ 79.859735522331434, 6.907003020406925 ], [ 79.859677773206215, 6.906917442014252 ], [ 79.859620008547651, 6.906839939240023 ], [ 79.859568974816682, 6.906764131835336 ], [ 79.859545110062172, 6.906742550857849 ], [ 79.859517854255401, 6.906733413321235 ], [ 79.859495633506896, 6.906732361121342 ], [ 79.859476530130564, 6.906743638123573 ], [ 79.859459577534494, 6.906758826422287 ], [ 79.859395332799693, 6.906870765747718 ], [ 79.859411902729164, 6.906889506660007 ], [ 79.859423212194031, 6.90692175170221 ] ] ] } },
{ "type": "Feature", "properties": { "parcelId": "10221", "areaSqM": 280.043429, "landType": "Apartment", "landUse": "Residential" }, "geometry": { "type": "Polygon", "coordinates": [ [ [ 79.859912234321243, 6.907640310227497 ], [ 79.860021894034745, 6.907542905084466 ], [ 79.860073432509864, 6.907494055810338 ], [ 79.860022390222312, 6.907422622733749 ], [ 79.859991503782652, 6.907375455368821 ], [ 79.859968662059913, 6.907347146662372 ], [ 79.859951207666597, 6.907318848313952 ], [ 79.859925407549085, 6.907275013521142 ], [ 79.859883002024176, 6.907316485653516 ], [ 79.859860110792937, 6.907339695804037 ], [ 79.85977614138379, 6.907442909675054 ], [ 79.859785548871429, 6.907515762494969 ], [ 79.859857339401643, 6.907585240262607 ], [ 79.859874225259887, 6.907604721676794 ], [ 79.859912234321243, 6.907640310227497 ] ] ] } },
{ "type": "Feature", "properties": { "parcelId": "10222", "areaSqM": 771.488504, "landType": "Office", "landUse": "Industrial" }, "geometry": { "type": "Polygon", "coordinates": [ [ [ 79.860048931977275, 6.908153426331665 ], [ 79.860107358166587, 6.908132398516457 ], [ 79.860240722171923, 6.908084455361203 ], [ 79.860285609684595, 6.908063401494972 ], [ 79.860326254968697, 6.908048258713297 ], [ 79.860402068563445, 6.908014894265135 ], [ 79.86039025058939, 6.907988373309817 ], [ 79.860380603411912, 6.907971109880599 ], [ 79.860372555438147, 6.90795393364648 ], [ 79.860357614657076, 6.907931696879676 ], [ 79.860333951841383, 6.907892619068016 ], [ 79.860307096776651, 6.907850170263604 ], [ 79.860264108863518, 6.907792548595347 ], [ 79.860240603404932, 6.90775919133811 ], [ 79.860214082472567, 6.907718089114903 ], [ 79.860173980148517, 6.907670104887973 ], [ 79.860117056869399, 6.907570858391352 ], [ 79.860073432509864, 6.907494055810338 ], [ 79.860021894034745, 6.907542905084466 ], [ 79.859912234321243, 6.907640310227497 ], [ 79.859937642136984, 6.907668679994152 ], [ 79.85998531943082, 6.907736842969605 ], [ 79.859994529566961, 6.907787597050291 ], [ 79.860008029145945, 6.907807917556114 ], [ 79.860004602151477, 6.907829896727442 ], [ 79.860022410515867, 6.907926475413593 ], [ 79.860027816561782, 6.907985518138277 ], [ 79.860048931977275, 6.908153426331665 ] ] ] } },
{ "type": "Feature", "properties": { "parcelId": "10223", "areaSqM": 1663.539298, "landType": "Restaurant", "landUse": "Public" }, "geometry": { "type": "Polygon", "coordinates": [ [ [ 79.86052107175783, 6.908377139427693 ], [ 79.860513082053501, 6.908329679602686 ], [ 79.860495729263548, 6.908248553222689 ], [ 79.860477005683677, 6.908179874175159 ], [ 79.860454887824631, 6.908125320998836 ], [ 79.860438456454816, 6.908090294916012 ], [ 79.860432095257806, 6.908071439496426 ], [ 79.860420691852596, 6.908048200072884 ], [ 79.860402068563445, 6.908014894265135 ], [ 79.860326254968697, 6.908048258713297 ], [ 79.860285609684595, 6.908063401494972 ], [ 79.860240722171923, 6.908084455361203 ], [ 79.860107358166587, 6.908132398516457 ], [ 79.860048931977275, 6.908153426331665 ], [ 79.86005072229068, 6.908212410805421 ], [ 79.860046668401452, 6.908230372141789 ], [ 79.860041984771271, 6.908245795448622 ], [ 79.860067906185307, 6.90827565587307 ], [ 79.860077085323752, 6.908346337459357 ], [ 79.860080892011382, 6.908348460465634 ], [ 79.860086316604182, 6.908389938355854 ], [ 79.860159960606509, 6.908507950048712 ], [ 79.86052107175783, 6.908377139427693 ] ] ] } },
{ "type": "Feature", "properties": { "parcelId": "10224", "areaSqM": 1591.878407, "landType": "Office", "landUse": "Industrial" }, "geometry": { "type": "Polygon", "coordinates": [ [ [ 79.860182629344479, 6.908866318016727 ], [ 79.860372286503761, 6.908806644597327 ], [ 79.860587157802399, 6.908745465805375 ], [ 79.860539070774664, 6.908472399444705 ], [ 79.86052107175783, 6.908377139427693 ], [ 79.860159960606509, 6.908507950048712 ], [ 79.860154615327531, 6.908571503599532 ], [ 79.860141656173354, 6.908639846781147 ], [ 79.860139448323224, 6.908676163088241 ], [ 79.860146147477508, 6.908696703830214 ], [ 79.860145564027775, 6.90877999491771 ], [ 79.860181037133472, 6.908814310174587 ], [ 79.860182629344479, 6.908866318016727 ] ] ] } },
{ "type": "Feature", "properties": { "parcelId": "10225", "areaSqM": 571.696459, "landType": "Bank", "landUse": "Commercial" }, "geometry": { "type": "Polygon", "coordinates": [ [ [ 79.860250869108583, 6.909357265179428 ], [ 79.860484691160053, 6.909282005441919 ], [ 79.86044007869809, 6.909102047536126 ], [ 79.86020819771889, 6.909171919673696 ], [ 79.86018258285624, 6.909183269289663 ], [ 79.860250869108583, 6.909357265179428 ] ] ] } },
{ "type": "Feature", "properties": { "parcelId": "10226", "areaSqM": 992.879291, "landType": "Shop", "landUse": "Personal" }, "geometry": { "type": "Polygon", "coordinates": [ [ [ 79.860484691160053, 6.909282005441919 ], [ 79.860610586264769, 6.909232160782619 ], [ 79.860620369162845, 6.909222932580532 ], [ 79.860628658706929, 6.909214169750139 ], [ 79.860635910809762, 6.909194956203794 ], [ 79.860641438041455, 6.909168448402911 ], [ 79.860644995021815, 6.909113523964548 ], [ 79.860642254081441, 6.909050595889415 ], [ 79.860619450701819, 6.908892950621442 ], [ 79.860587157802399, 6.908745465805375 ], [ 79.860372286503761, 6.908806644597327 ], [ 79.86044007869809, 6.909102047536126 ], [ 79.860484691160053, 6.909282005441919 ] ] ] } },
{ "type": "Feature", "properties": { "parcelId": "10227", "areaSqM": 781.010931, "landType": "Hotel", "landUse": "Public" }, "geometry": { "type": "Polygon", "coordinates": [ [ [ 79.86020819771889, 6.909171919673696 ], [ 79.86044007869809, 6.909102047536126 ], [ 79.860372286503761, 6.908806644597327 ], [ 79.860182629344479, 6.908866318016727 ], [ 79.860186507974831, 6.908967396125348 ], [ 79.860165653744858, 6.909022787019206 ], [ 79.860177854671321, 6.909063431664172 ], [ 79.86018258285624, 6.909183269289663 ], [ 79.86020819771889, 6.909171919673696 ] ] ] } },
{ "type": "Feature", "properties": { "parcelId": "10301", "areaSqM": 38805.448, "landType": "Thurston College", "landUse": "Government" }, "geometry": { "type": "Polygon", "coordinates": [ [ [ 79.859279759190031, 6.904465048355349 ], [ 79.859247932344118, 6.904452804890865 ], [ 79.859245835104048, 6.904422192186645 ], [ 79.859239013597488, 6.904311972444163 ], [ 79.859310132261911, 6.904158110421271 ], [ 79.85932690213815, 6.904166817629227 ], [ 79.859330221403667, 6.904161039952418 ], [ 79.859415977298767, 6.904011769023653 ], [ 79.859422195993076, 6.904000417379882 ], [ 79.859425976917976, 6.903993532970244 ], [ 79.859431513755425, 6.903996169463111 ], [ 79.859722827016782, 6.904135543367842 ], [ 79.859975629997294, 6.90425526296163 ], [ 79.860001921933218, 6.904268534797459 ], [ 79.860022772197624, 6.904279047068519 ], [ 79.860150626454498, 6.904035246855027 ], [ 79.860231490058808, 6.904074220244722 ], [ 79.860250157614189, 6.904039139235679 ], [ 79.860682058665617, 6.904254310980811 ], [ 79.860786147455897, 6.904115672854058 ], [ 79.860944337119463, 6.90390568138554 ], [ 79.860989977299269, 6.903527785749032 ], [ 79.860622260618612, 6.903334829027607 ], [ 79.860621906175382, 6.90333464529302 ], [ 79.860621647374558, 6.903334498023055 ], [ 79.86061831745036, 6.903332670983883 ], [ 79.860599583954183, 6.903322299302538 ], [ 79.860597411572584, 6.903321147122976 ], [ 79.860580501455729, 6.903312178398997 ], [ 79.860578674276553, 6.903311228666236 ], [ 79.860570418395284, 6.903306859096149 ], [ 79.860571146926063, 6.903306362120791 ], [ 79.860408649195151, 6.903227036620986 ], [ 79.860164689665496, 6.903103169202987 ], [ 79.85987058885371, 6.902955499902941 ], [ 79.859868096533077, 6.902954592522077 ], [ 79.859864506767408, 6.902953291340743 ], [ 79.859457521824737, 6.902804806586239 ], [ 79.85902383033752, 6.902664730194068 ], [ 79.858861607879831, 6.902589112923077 ], [ 79.858852747973913, 6.90258589566303 ], [ 79.858852729401107, 6.902585899318797 ], [ 79.858577896384077, 6.903461527781998 ], [ 79.858440479875526, 6.903908859089016 ], [ 79.858515979061778, 6.904913964991009 ], [ 79.858515997635095, 6.904913961332565 ], [ 79.858516016208384, 6.904913957674125 ], [ 79.859088188330816, 6.904602992517718 ], [ 79.859183984837088, 6.904566141554568 ], [ 79.859318107983114, 6.904520568103638 ], [ 79.85935216526579, 6.904502963598808 ], [ 79.859279759190031, 6.904465048355349 ] ] ] } },
{ "type": "Feature", "properties": { "parcelId": "10302", "areaSqM": 86098.166, "landType": "Royal College", "landUse": "Government" }, "geometry": { "type": "Polygon", "coordinates": [ [ [ 79.859576562869336, 6.905477687883084 ], [ 79.859752328170813, 6.905393615288847 ], [ 79.859909718008993, 6.905355544675188 ], [ 79.860228492351212, 6.905304783852177 ], [ 79.860896400496827, 6.905238160263624 ], [ 79.861724894213367, 6.905192158256384 ], [ 79.86211231805882, 6.905202835658151 ], [ 79.862254566079258, 6.905202835658127 ], [ 79.862352061913555, 6.905197678886209 ], [ 79.862427581227749, 6.905178638497141 ], [ 79.862496307799447, 6.905141351066346 ], [ 79.862527874073663, 6.905108823730704 ], [ 79.862545055716581, 6.905074709693368 ], [ 79.862555045043877, 6.905027902056734 ], [ 79.862553446751519, 6.904982681115251 ], [ 79.862479087143498, 6.904358569390107 ], [ 79.862360845031773, 6.903476597459201 ], [ 79.862309713307738, 6.903222792282416 ], [ 79.862209047726068, 6.902881741361789 ], [ 79.862050858954873, 6.902451858223338 ], [ 79.861945399774001, 6.902184569064006 ], [ 79.861918236045597, 6.902121117609352 ], [ 79.861826358728919, 6.902139359903471 ], [ 79.861744068610506, 6.902180603348412 ], [ 79.861709714483368, 6.902251193082327 ], [ 79.86171246336032, 6.902299229385206 ], [ 79.861714508082457, 6.902334473091933 ], [ 79.861452876030327, 6.902370954007059 ], [ 79.861274975521383, 6.90240047824799 ], [ 79.86124674989496, 6.902404266881453 ], [ 79.861185649766512, 6.902443263518858 ], [ 79.86110891672557, 6.902492308498732 ], [ 79.861058583934692, 6.902554173618631 ], [ 79.860957918352895, 6.902683257544686 ], [ 79.860786946650563, 6.902734018648862 ], [ 79.860679889603276, 6.902781607179071 ], [ 79.860673098671157, 6.902806987726539 ], [ 79.860601181820599, 6.902876950295519 ], [ 79.860602779686957, 6.902903718836273 ], [ 79.860602779686957, 6.902938815365191 ], [ 79.860604377553329, 6.902997507859711 ], [ 79.860603978086729, 6.903074046034207 ], [ 79.860607321437328, 6.903141165895623 ], [ 79.860607573286117, 6.903146221917976 ], [ 79.860601705491007, 6.903280509418019 ], [ 79.860599983420755, 6.903319919878861 ], [ 79.860599583954183, 6.903322299302538 ], [ 79.86061831745036, 6.903332670983883 ], [ 79.860621647374558, 6.903334498023055 ], [ 79.860621906175382, 6.90333464529302 ], [ 79.860622260618612, 6.903334829027607 ], [ 79.860989977299269, 6.903527785749032 ], [ 79.860944337119463, 6.90390568138554 ], [ 79.860786147455897, 6.904115672854058 ], [ 79.860682058665617, 6.904254310980811 ], [ 79.860250157614189, 6.904039139235679 ], [ 79.860231490058808, 6.904074220244722 ], [ 79.860150626454498, 6.904035246855027 ], [ 79.860022772197624, 6.904279047068519 ], [ 79.860001921933218, 6.904268534797459 ], [ 79.859975629997294, 6.90425526296163 ], [ 79.859722827016782, 6.904135543367842 ], [ 79.859431513755425, 6.903996169463111 ], [ 79.859425976917976, 6.903993532970244 ], [ 79.859422195993076, 6.904000417379882 ], [ 79.859415977298767, 6.904011769023653 ], [ 79.859330221403667, 6.904161039952418 ], [ 79.85932690213815, 6.904166817629227 ], [ 79.859310132261911, 6.904158110421271 ], [ 79.859239013597488, 6.904311972444163 ], [ 79.859245835104048, 6.904422192186645 ], [ 79.859247932344118, 6.904452804890865 ], [ 79.859279759190031, 6.904465048355349 ], [ 79.85935216526579, 6.904502963598808 ], [ 79.859318107983114, 6.904520568103638 ], [ 79.859183984837088, 6.904566141554568 ], [ 79.859088188330816, 6.904602992517718 ], [ 79.858516016208384, 6.904913957674125 ], [ 79.858526764659658, 6.905204848466798 ], [ 79.858544341189784, 6.905338095643426 ], [ 79.858608255844828, 6.90551734476229 ], [ 79.858752063818713, 6.905688662440718 ], [ 79.858827678084239, 6.905749344225037 ], [ 79.858895315633845, 6.905778225008531 ], [ 79.85893929161567, 6.905790993732805 ], [ 79.858992609601202, 6.905786022704703 ], [ 79.859083015197939, 6.905745818983785 ], [ 79.859162644027478, 6.905699463865122 ], [ 79.859576562869336, 6.905477687883084 ] ] ] } },
{ "type": "Feature", "properties": { "parcelId": "10303", "areaSqM": 84229.663, "landType": "University of Colomb", "landUse": "Government" }, "geometry": { "type": "Polygon", "coordinates": [ [ [ 79.860783551185122, 6.899459717998655 ], [ 79.860589959723242, 6.899088156015527 ], [ 79.860550279402645, 6.899035636387986 ], [ 79.860517311819081, 6.899013580689403 ], [ 79.860497009446163, 6.899007620684515 ], [ 79.860471610753336, 6.899010955383203 ], [ 79.860435174637061, 6.899032032004317 ], [ 79.860382068688224, 6.899080795187698 ], [ 79.860294620059094, 6.899177500495784 ], [ 79.860297400339988, 6.899180529927793 ], [ 79.860257453680603, 6.899218601038092 ], [ 79.86029260674087, 6.899256870432313 ], [ 79.860276517442614, 6.899272221016445 ], [ 79.860263460547898, 6.899285418996647 ], [ 79.860276505550559, 6.89929964591435 ], [ 79.860277403789468, 6.899300678717842 ], [ 79.860177497745312, 6.899398382265042 ], [ 79.860156934997875, 6.89940802721294 ], [ 79.86014080943508, 6.899392399583464 ], [ 79.860094870776749, 6.899425711790249 ], [ 79.860075296913649, 6.899406279669923 ], [ 79.860038945453553, 6.899430867250626 ], [ 79.859962648344208, 6.899526714007679 ], [ 79.859897917503375, 6.899675865482516 ], [ 79.859850767878626, 6.899808356380868 ], [ 79.859736868518965, 6.900019582149318 ], [ 79.859704103525473, 6.900106058186077 ], [ 79.859527628212547, 6.900655783212866 ], [ 79.85926238239378, 6.901436237930181 ], [ 79.858852747973913, 6.90258589566303 ], [ 79.858861607879831, 6.902589112923077 ], [ 79.85902383033752, 6.902664730194068 ], [ 79.859457521824737, 6.902804806586239 ], [ 79.859864506767408, 6.902953291340743 ], [ 79.859868096533077, 6.902954592522077 ], [ 79.85987058885371, 6.902955499902941 ], [ 79.860164689665496, 6.903103169202987 ], [ 79.860408649195151, 6.903227036620986 ], [ 79.860571146926063, 6.903306362120791 ], [ 79.860570418395284, 6.903306859096149 ], [ 79.860578674276553, 6.903311228666236 ], [ 79.860580501455729, 6.903312178398997 ], [ 79.860597411572584, 6.903321147122976 ], [ 79.860599583954183, 6.903322299302538 ], [ 79.860599983420755, 6.903319919878861 ], [ 79.860601705491007, 6.903280509418019 ], [ 79.860607573286117, 6.903146221917976 ], [ 79.860607321437328, 6.903141165895623 ], [ 79.860603978086729, 6.903074046034207 ], [ 79.860604377553329, 6.902997507859711 ], [ 79.860602779686957, 6.902938815365191 ], [ 79.860602779686957, 6.902903718836273 ], [ 79.860601181820599, 6.902876950295519 ], [ 79.860673098671157, 6.902806987726539 ], [ 79.860679889603276, 6.902781607179071 ], [ 79.860786946650563, 6.902734018648862 ], [ 79.860957918352895, 6.902683257544686 ], [ 79.861058583934692, 6.902554173618631 ], [ 79.86110891672557, 6.902492308498732 ], [ 79.861185649766512, 6.902443263518858 ], [ 79.86124674989496, 6.902404266881453 ], [ 79.861274975521383, 6.90240047824799 ], [ 79.861452876030327, 6.902370954007059 ], [ 79.861714508082457, 6.902334473091933 ], [ 79.86171246336032, 6.902299229385206 ], [ 79.861709714483368, 6.902251193082327 ], [ 79.861744068610506, 6.902180603348412 ], [ 79.861826358728919, 6.902139359903471 ], [ 79.861918236045597, 6.902121117609352 ], [ 79.861799794200408, 6.901864535702868 ], [ 79.861275694028976, 6.900747788103517 ], [ 79.860956120753713, 6.899973677426184 ], [ 79.860783551185122, 6.899459717998655 ] ] ] } },
{ "type": "Feature", "properties": { "parcelId": "10304", "areaSqM": 449.735982, "landType": "Post Office UOC", "landUse": "Government" }, "geometry": { "type": "Polygon", "coordinates": [ [ [ 79.860297400339988, 6.899180529927793 ], [ 79.860294620059094, 6.899177500495784 ], [ 79.86026464407928, 6.899144838259127 ], [ 79.859995803061381, 6.899380502366251 ], [ 79.860038945453553, 6.899430867250626 ], [ 79.860075296913649, 6.899406279669923 ], [ 79.860094870776749, 6.899425711790249 ], [ 79.86014080943508, 6.899392399583464 ], [ 79.860156934997875, 6.89940802721294 ], [ 79.860177497745312, 6.899398382265042 ], [ 79.860277403789468, 6.899300678717842 ], [ 79.860276505550559, 6.89929964591435 ], [ 79.860263460547898, 6.899285418996647 ], [ 79.860276517442614, 6.899272221016445 ], [ 79.86029260674087, 6.899256870432313 ], [ 79.860257453680603, 6.899218601038092 ], [ 79.860297400339988, 6.899180529927793 ] ] ] } },
{ "type": "Feature", "properties": { "parcelId": "10305", "areaSqM": 1033.015203, "landType": "Ground", "landUse": "Recreational" }, "geometry": { "type": "Polygon", "coordinates": [ [ [ 79.858705536092558, 6.906231210210859 ], [ 79.8587471137958, 6.906171252228527 ], [ 79.858766650513445, 6.906132391962552 ], [ 79.858775161036348, 6.90610704016609 ], [ 79.858789190357953, 6.906071974523912 ], [ 79.858799818729096, 6.906045358394332 ], [ 79.858802838971357, 6.906014922392946 ], [ 79.858798233157984, 6.905989968151247 ], [ 79.858780515903661, 6.905962874656709 ], [ 79.858755616866318, 6.905930270898567 ], [ 79.858740520443391, 6.905915338033663 ], [ 79.85871233153064, 6.905888435781208 ], [ 79.858662492725301, 6.905844368329149 ], [ 79.858602887927901, 6.905777909265545 ], [ 79.858416469059932, 6.9059546690153 ], [ 79.858445630677821, 6.905970791681455 ], [ 79.858474352912722, 6.905995369558993 ], [ 79.858515287442927, 6.90604956715629 ], [ 79.858650491672222, 6.906144112530438 ], [ 79.858694395954771, 6.906194087804012 ], [ 79.858705536092558, 6.906231210210859 ] ] ] } },
{ "type": "Feature", "properties": { "parcelId": "10306", "areaSqM": 971.045593, "landType": "Shop", "landUse": "Personal" }, "geometry": { "type": "Polygon", "coordinates": [ [ [ 79.858416469059932, 6.9059546690153 ], [ 79.858602887927901, 6.905777909265545 ], [ 79.858583485928079, 6.905755663871898 ], [ 79.858565680043313, 6.905735103977929 ], [ 79.858536784247534, 6.905703418711803 ], [ 79.858517291589948, 6.905684537996178 ], [ 79.858471585122203, 6.905640033912883 ], [ 79.858444697900183, 6.905614409248062 ], [ 79.858401747676893, 6.905580671462954 ], [ 79.85835652613477, 6.905555639009496 ], [ 79.858326504115396, 6.905546913735838 ], [ 79.858307884079181, 6.905549203294481 ], [ 79.858252614562446, 6.905578904461532 ], [ 79.858223806341286, 6.905598932118116 ], [ 79.858263972473438, 6.905722467930264 ], [ 79.858263957797064, 6.905730078354715 ], [ 79.858303744485966, 6.905830993478027 ], [ 79.858374699800592, 6.905894550563222 ], [ 79.858382248407196, 6.905929234940698 ], [ 79.858416469059932, 6.9059546690153 ] ] ] } },
{ "type": "Feature", "properties": { "parcelId": "10307", "areaSqM": 1496.799254, "landType": "House", "landUse": "Personal" }, "geometry": { "type": "Polygon", "coordinates": [ [ [ 79.859687387188174, 6.899206586774541 ], [ 79.859775404820056, 6.899197623303364 ], [ 79.859866032711636, 6.899169196106054 ], [ 79.860048064100098, 6.899059178406748 ], [ 79.860168102127986, 6.898969903712024 ], [ 79.860223075123557, 6.898922901263028 ], [ 79.860261191016647, 6.898887306957274 ], [ 79.860313810960875, 6.898838281063449 ], [ 79.859915389700546, 6.898730261249059 ], [ 79.859880596331578, 6.898782833428354 ], [ 79.859869168023863, 6.898785559699669 ], [ 79.859831776022745, 6.898869414321845 ], [ 79.859823308017894, 6.898872780482601 ], [ 79.85976091960373, 6.898974767621627 ], [ 79.859764700798749, 6.898988542414818 ], [ 79.859687387188174, 6.899206586774541 ] ] ] } },
{ "type": "Feature", "properties": { "parcelId": "10308", "areaSqM": 1539.904127, "landType": "Office", "landUse": "Industrial" }, "geometry": { "type": "Polygon", "coordinates": [ [ [ 79.859915389700546, 6.898730261249059 ], [ 79.860313810960875, 6.898838281063449 ], [ 79.860361086349485, 6.898767036845446 ], [ 79.860382054999107, 6.898718623153151 ], [ 79.860388889926867, 6.898666144500656 ], [ 79.860393699467721, 6.898616353845791 ], [ 79.86038030900248, 6.898575949855842 ], [ 79.86035144189978, 6.898529459414425 ], [ 79.860319476129817, 6.898484965630165 ], [ 79.860272151858283, 6.898417834431634 ], [ 79.860230354796471, 6.898365733655494 ], [ 79.860182648762148, 6.898305374374268 ], [ 79.860166125977614, 6.898314647138388 ], [ 79.860163227852809, 6.898334147700193 ], [ 79.860152575398416, 6.898373447952664 ], [ 79.86013690538266, 6.898381873932182 ], [ 79.860119061468978, 6.898420737572509 ], [ 79.860046487281821, 6.898539405937909 ], [ 79.860034209985869, 6.898543610395231 ], [ 79.85999602188501, 6.898601461108679 ], [ 79.859915389700546, 6.898730261249059 ] ] ] } },
{ "type": "Feature", "properties": { "parcelId": "10164", "areaSqM": 40927.447271999998, "landType": "Museum", "landUse": "Government" }, "geometry": { "type": "Polygon", "coordinates": [ [ [ 79.860196932186952, 6.909550461230619 ], [ 79.860175393873817, 6.909555566320439 ], [ 79.860170608233787, 6.90958559246549 ], [ 79.860143894805447, 6.909603764789806 ], [ 79.860142491366346, 6.909631097631749 ], [ 79.860134024159578, 6.909643905429807 ], [ 79.860133787611971, 6.909766746169823 ], [ 79.860132345828461, 6.909813990010392 ], [ 79.860132317234246, 6.909828838890973 ], [ 79.860118762417372, 6.909853111081543 ], [ 79.860133595251398, 6.909866638639254 ], [ 79.860125168092281, 6.910034010432586 ], [ 79.860195279886767, 6.910101640426892 ], [ 79.860158679027435, 6.910519365085814 ], [ 79.860236798237935, 6.910637631853837 ], [ 79.860219138991667, 6.910688894215249 ], [ 79.860244723703175, 6.910730790417968 ], [ 79.860207921810499, 6.910902157349547 ], [ 79.860191678346624, 6.910919674850765 ], [ 79.860169852272094, 6.911030324933759 ], [ 79.860138057633236, 6.91105658689218 ], [ 79.860140731296212, 6.911071103493827 ], [ 79.860130924302354, 6.911078171622322 ], [ 79.860134188219618, 6.911136898687895 ], [ 79.860136829058007, 6.911168457753837 ], [ 79.860144241268344, 6.911177415119324 ], [ 79.860136555558, 6.911222790829938 ], [ 79.86013933753398, 6.911224905404675 ], [ 79.860148018027772, 6.911452043307221 ], [ 79.860139557932499, 6.91146113888028 ], [ 79.860145131158362, 6.91154821835342 ], [ 79.860500403930061, 6.911543501991098 ], [ 79.861092057692645, 6.911544639254469 ], [ 79.861274421942824, 6.911542289835632 ], [ 79.861417602385146, 6.911545264695718 ], [ 79.861626969830553, 6.911549716529068 ], [ 79.861674248111115, 6.911549807321574 ], [ 79.861702656610419, 6.911528263415148 ], [ 79.861705493199779, 6.911458073868816 ], [ 79.861716434632413, 6.911387899885171 ], [ 79.861727448734683, 6.911279928735562 ], [ 79.861730778156328, 6.91124981194661 ], [ 79.86173894202787, 6.911206757456245 ], [ 79.861747802609088, 6.911151590818939 ], [ 79.861753939742243, 6.911111897293011 ], [ 79.861760770997165, 6.911061437557892 ], [ 79.861766930122357, 6.911010303560546 ], [ 79.861772397710695, 6.910968589834119 ], [ 79.8617751638496, 6.910930908748934 ], [ 79.861777923518673, 6.910896592508003 ], [ 79.861769914916778, 6.910858890735756 ], [ 79.861765922260389, 6.910833983129737 ], [ 79.861759252739276, 6.91080032175658 ], [ 79.861753921651172, 6.910771037266982 ], [ 79.861749265278306, 6.910741081101437 ], [ 79.861743927075054, 6.910715497940633 ], [ 79.86173792062651, 6.910687221611371 ], [ 79.861731594287647, 6.910650196040249 ], [ 79.861726943738603, 6.910617211514738 ], [ 79.861718254605833, 6.910583209778198 ], [ 79.861716685196328, 6.910555009751943 ], [ 79.861719438711617, 6.910528016963108 ], [ 79.861743810297838, 6.910498365871743 ], [ 79.861781679550731, 6.910474140307153 ], [ 79.861808830588544, 6.910403997433101 ], [ 79.861799538436529, 6.910318935654129 ], [ 79.861775284105335, 6.91016775944661 ], [ 79.861756800551419, 6.910065071690597 ], [ 79.861736709763704, 6.909975939469176 ], [ 79.861709875344943, 6.909881394685878 ], [ 79.861664249067019, 6.909724718249616 ], [ 79.861613115795961, 6.909622027390429 ], [ 79.861478461213821, 6.909400384628474 ], [ 79.861455541706889, 6.909377392255098 ], [ 79.86143126620928, 6.909357097084516 ], [ 79.861416443729638, 6.909338169969174 ], [ 79.861384053043281, 6.909323258828077 ], [ 79.861335442357259, 6.9093137161506 ], [ 79.86115576498463, 6.909324170286196 ], [ 79.861073358303514, 6.90932806170149 ], [ 79.860994315642372, 6.90933870908307 ], [ 79.860883544727429, 6.909341196068311 ], [ 79.860799753479625, 6.909362633520852 ], [ 79.860680836191335, 6.909386703259496 ], [ 79.860597050126785, 6.909405440877242 ], [ 79.860505148855125, 6.909429562493862 ], [ 79.860413231985049, 6.909461783481683 ], [ 79.860299686684542, 6.909502062286306 ], [ 79.860196932186952, 6.909550461230619 ] ] ] } }
]
}
