{"type":"FeatureCollection","features":[{"type":"Feature","properties":{"Type":0.0,"ImageName":null,"Width":0.12,"MCode":null,"SCode":null,"ID":null},"geometry":{"type":"LineString","coordinates":[[79.86252261082564,6.905316897589135],[79.86251042036093,6.905327769269227],[79.86249803759503,6.905337841671824],[79.86248506902807,6.905347173755853],[79.86247186089398,6.905355445951055],[79.8624587671109,6.905362605800927],[79.86244721796326,6.905368025733506],[79.86243765444695,6.90537195403088],[79.86242717825593,6.905375625246854],[79.86241615169723,6.9053790029163],[79.86240427330505,6.905382133973386],[79.86238271163604,6.905386695247264]]}},{"type":"Feature","properties":{"Type":0.0,"ImageName":null,"Width":0.12,"MCode":null,"SCode":null,"ID":null},"geometry":{"type":"LineString","coordinates":[[79.8623595410838,6.905387399369163],[79.86234570830665,6.905386094746037],[79.86232876836651,6.905384768569601],[79.86231181537568,6.905383400797988],[79.86229488065965,6.9053820634998395],[79.8622779603624,6.905380755076482],[79.86226128002426,6.905379590729646],[79.86224478648887,6.905378624904331],[79.86222781287972,6.905377326953262],[79.86221086184891,6.905375842149909],[79.8621883129201,6.905374206293796],[79.86215718524836,6.9053718400919815],[79.86213940816165,6.9053705704155925],[79.86212247047582,6.9053693838254855],[79.86210733131459,6.905368306103492],[79.86209346574249,6.905367379466397],[79.86206408786195,6.90536549592417],[79.86204553619055,6.905364309993657],[79.86202858376217,6.905363127769109],[79.86201153870829,6.905362001618422],[79.86199452603377,6.905360940347964],[79.86197752733821,6.905359627337463],[79.86196055641072,6.90535857699753],[79.86194366835939,6.905357566523217],[79.86192673385962,6.905356542726838],[79.86190982392618,6.905355467398135],[79.86189292793831,6.905354367323229],[79.86187602071466,6.905353431323471],[79.86185909451206,6.905352505739597],[79.86184241449968,6.9053516393412915],[79.86183172638614,6.905351119240671],[79.86180632813885,6.905349967856363],[79.86178342538751,6.905348831328692],[79.86176646353545,6.905348034022297],[79.86174944675491,6.905347317118143],[79.86173244925888,6.905346606236818],[79.86171555421225,6.905345838236495],[79.86169862361368,6.905345087885524],[79.86168407253295,6.905344294178017]]}},{"type":"Feature","properties":{"Type":0.0,"ImageName":null,"Width":0.12,"MCode":null,"SCode":null,"ID":null},"geometry":{"type":"LineString","coordinates":[[79.86142114776372,6.905335174937649],[79.86140749089648,6.9053350892352485],[79.86139257949908,6.905334724941638],[79.86137768807579,6.90533446221588],[79.86136275403643,6.905334373270187],[79.86134783372697,6.905334015634052],[79.86133285469442,6.905333712711142],[79.86131515757594,6.905333485377711]]}},{"type":"Feature","properties":{"Type":0.0,"ImageName":null,"Width":0.12,"MCode":null,"SCode":null,"ID":null},"geometry":{"type":"LineString","coordinates":[[79.86111798168214,6.905340037423049],[79.86111515428433,6.905338939535647],[79.8611129639125,6.905338409789957],[79.86110444441054,6.905337106138655],[79.86109158418773,6.905336564986368],[79.86107798426252,6.905337642639275],[79.86106132819152,6.905339012955282],[79.86104448204084,6.905340349211588],[79.86102755365704,6.905341482350609],[79.86101226343489,6.905342372707243],[79.86100005564144,6.905343417631362],[79.86098355195716,6.905343947756562],[79.8609699579877,6.905344625238017],[79.8609667533246,6.905344854731168],[79.86095592790855,6.905345679227841],[79.86094066102287,6.905346591583407],[79.86093089855976,6.905347773743947],[79.86092461887853,6.905348246913208],[79.86088821048119,6.905350339675629],[79.86086625796207,6.905351853596331],[79.860849485167,6.905353232978154],[79.86083269174276,6.90535468190352],[79.8608158508598,6.905356099468958],[79.86079894700097,6.905357562082641],[79.86078203201303,6.90535902111466],[79.86076514754343,6.905360497353215],[79.86074849883886,6.905362173783664],[79.8607421472485,6.905362853180159],[79.86072687304319,6.905364307436457],[79.86071416498491,6.9053656069751215],[79.86071191731752,6.9053665878459825],[79.86071080252229,6.9053705202625615]]}},{"type":"Feature","properties":{"Type":0.0,"ImageName":null,"Width":0.12,"MCode":null,"SCode":null,"ID":null},"geometry":{"type":"LineString","coordinates":[[79.86066333733059,6.905374655468143],[79.86065923113247,6.905372321938162],[79.86065736281287,6.905371861340747],[79.8606537996382,6.905372135560483],[79.86064201642408,6.905373205575102],[79.86062603421401,6.9053748847914225],[79.86060981126309,6.905376524960639],[79.8605936035562,6.905378238286182],[79.86057742371463,6.905379987062103],[79.86056126482117,6.905381790802316],[79.8605451423898,6.905383651682631],[79.86052899097797,6.905385560975986],[79.86051326849245,6.905387582231058],[79.86050775314679,6.905388316948611],[79.86050637296542,6.905388598807226],[79.86050201725828,6.905390986236228]]}},{"type":"Feature","properties":{"Type":0.0,"ImageName":null,"Width":0.12,"MCode":null,"SCode":null,"ID":null},"geometry":{"type":"LineString","coordinates":[[79.86037381798289,6.905408672757873],[79.86036887008902,6.905407853874458],[79.86035341309578,6.905410017571928],[79.86031990390151,6.905414737447285],[79.86030412060923,6.905417034263083],[79.86029192987588,6.905418994285935],[79.86027680271282,6.905421197243168],[79.86026114239849,6.905423571665761],[79.8602453816291,6.905426065873122],[79.8602296421471,6.905428747134822],[79.86021386033902,6.905431485984334],[79.86019075608135,6.905435085696024]]}},{"type":"Feature","properties":{"Type":1.0,"ImageName":null,"Width":0.12,"MCode":null,"SCode":null,"ID":null},"geometry":{"type":"MultiLineString","coordinates":[[[79.86048105039323,6.905362637805982],[79.86049194400168,6.905361121804023]],[[79.86053348853062,6.905355589610833],[79.86054317049025,6.905354542512529]],[[79.86058685511377,6.905349407905534],[79.86059590427035,6.905348543976325]],[[79.8606392123638,6.905343915908282],[79.8606491679018,6.905343012089815]],[[79.86069247047443,6.905338327376515],[79.86070376099374,6.905337182290782]],[[79.86074629862986,6.905333047990149],[79.86075823687172,6.9053321940926]]]}},{"type":"Feature","properties":{"Type":0.0,"ImageName":null,"Width":0.12,"MCode":null,"SCode":null,"ID":null},"geometry":{"type":"LineString","coordinates":[[79.86068740179813,6.905305649693692],[79.86068810237828,6.905306711757419],[79.86068844329942,6.905307197434965],[79.86068955167383,6.905308766945694],[79.8606903120147,6.905309167680275],[79.86070107866523,6.905308191117347]]}},{"type":"Feature","properties":{"Type":1.0,"ImageName":null,"Width":0.12,"MCode":null,"SCode":null,"ID":null},"geometry":{"type":"MultiLineString","coordinates":[[[79.86064552217908,6.9053134970246],[79.86063540561065,6.905314621426855]],[[79.86059198612445,6.905319366692954],[79.86058260593295,6.905320393627639]],[[79.8605392705556,6.905325279144887],[79.86052961699725,6.905326334073176]],[[79.86048597896833,6.905332165367326],[79.86047587032795,6.90533342831837]],[[79.86043407281942,6.905339330512922],[79.860424419193,6.905340509057982]],[[79.86038198837493,6.905346861902048],[79.86037342099327,6.905347915495256]],[[79.86032984496605,6.905354615400713],[79.86032042133576,6.905356103412607]],[[79.86027305165801,6.905363964339176],[79.86026256139186,6.905365202407516]],[[79.86016609320686,6.90537968263707],[79.86015591690885,6.905381587161661]],[[79.86011288562662,6.9053888959254905],[79.86010231256665,6.9053905674969585]],[[79.86000099136892,6.905409314531662],[79.85999180071899,6.905410892226595]]]}},{"type":"Feature","properties":{"Type":1.0,"ImageName":null,"Width":0.12,"MCode":null,"SCode":null,"ID":null},"geometry":{"type":"MultiLineString","coordinates":[[[79.86043934247267,6.905368628693119],[79.8604280452565,6.905369878066304]],[[79.86038570190851,6.905375551032395],[79.86037640723958,6.9053768678830165]],[[79.86027298114932,6.905391739496618],[79.86026789497883,6.905392696038667]],[[79.86022300159172,6.905399995681608],[79.8602145602431,6.905401298583926]]]}},{"type":"Feature","properties":{"Type":1.0,"ImageName":null,"Width":0.12,"MCode":null,"SCode":null,"ID":null},"geometry":{"type":"MultiLineString","coordinates":[[[79.8623558074214,6.905348438306516],[79.86234488197026,6.905348070990954]],[[79.86230000514334,6.905347869387255],[79.86228907483327,6.905347372328237]]]}},{"type":"Feature","properties":{"Type":1.0,"ImageName":null,"Width":0.12,"MCode":null,"SCode":null,"ID":null},"geometry":{"type":"MultiLineString","coordinates":[[[79.86235554657193,6.905318794498645],[79.86234396543963,6.905319178682402]],[[79.8623015387345,6.905317947912324],[79.86229086566252,6.905317291678584]]]}},{"type":"Feature","properties":{"Type":1.0,"ImageName":null,"Width":0.12,"MCode":null,"SCode":null,"ID":null},"geometry":{"type":"MultiLineString","coordinates":[[[79.8621956176793,6.90534162628251],[79.86218370209619,6.905340682536992]],[[79.86214132507372,6.905338041184418],[79.86213072713528,6.905337189575318]],[[79.86203349345129,6.905330648597391],[79.8620222690561,6.905329755037258]],[[79.86197874612712,6.905326876445284],[79.8619671288637,6.905325820447004]],[[79.86192652074318,6.905323173133687],[79.86191535917492,6.905322519086998]],[[79.86187180613845,6.9053203429046786],[79.86186133087467,6.905319841488658]],[[79.86181875814677,6.905317771562274],[79.86180932071464,6.90531718637621]],[[79.86176508445156,6.9053152161923155],[79.86175428172317,6.905314582940356]],[[79.86170985758723,6.9053128434917825],[79.86169935767006,6.905312068873667]],[[79.8616556141568,6.9053105144896625],[79.86164462801058,6.905310162062421]],[[79.86160205792734,6.905309289639695],[79.86159059596832,6.905309155702869]],[[79.86154659673505,6.905307845709751],[79.86153494076582,6.905307759433847]],[[79.86149286454292,6.905307239351161],[79.86148272963658,6.9053069610399405]],[[79.86143899945412,6.905306456255397],[79.86142919470356,6.9053062637178355]],[[79.86138743569833,6.905305775214998],[79.86137624917524,6.905305658141226]],[[79.8613338966975,6.905304931863607],[79.86132205827712,6.905304604425244]]]}},{"type":"Feature","properties":{"Type":1.0,"ImageName":null,"Width":0.12,"MCode":null,"SCode":null,"ID":null},"geometry":{"type":"MultiLineString","coordinates":[[[79.86132030711262,6.905275366168773],[79.86133238922167,6.905275546551993]],[[79.86137592024407,6.905275892590192],[79.86138697692219,6.905276259428714]],[[79.86142990850153,6.905276489644665],[79.86144034283332,6.905276587800479]],[[79.86148231949,6.905277155033471],[79.86149437063635,6.90527635271463]],[[79.86152987835595,6.90527722698837],[79.86154671274694,6.905278232549105]],[[79.86159059248915,6.905279028862246],[79.86160220869016,6.905279361815433]],[[79.86164491852698,6.9052803011475445],[79.86165681028085,6.905280824597997]],[[79.86169995718554,6.905282519394007],[79.86171156038944,6.9052827357062005]]]}},{"type":"Feature","properties":{"Type":1.0,"ImageName":null,"Width":0.12,"MCode":null,"SCode":null,"ID":null},"geometry":{"type":"MultiLineString","coordinates":[[[79.86186250387826,6.905290235137854],[79.86187443296278,6.905291078328741]],[[79.86191675457749,6.9052934685207985],[79.8619279538099,6.905294276572601]],[[79.86197014017289,6.905296768240029],[79.86197996881619,6.905297473205362]],[[79.86202591862623,6.905300533595867],[79.86203541769136,6.9053011889421905]],[[79.8620877344725,6.9053046771603475],[79.86209528169393,6.905305113664306]],[[79.8621331760771,6.905307580439094],[79.86214364263435,6.905308041811493]],[[79.86218528086557,6.905311024474004],[79.86219581537087,6.905311821161844]]]}},{"type":"Feature","properties":{"Type":null,"ImageName":null,"Width":null,"MCode":null,"SCode":null,"ID":null},"geometry":{"type":"LineString","coordinates":[[79.86114743576255,6.905277042474022],[79.86114577285984,6.905277103362825],[79.86112846803748,6.905277736995397],[79.86112213627443,6.905278104607595],[79.86111142999992,6.905278340377253],[79.86110669683019,6.905278454734738],[79.861094532828,6.905279110360043],[79.86109051611794,6.905279180423313],[79.8610781038976,6.905279734592158],[79.86107422873874,6.905279922322036],[79.86106204855145,6.905280492902173],[79.86105726803538,6.905280723181357],[79.86104627172122,6.905281338366186],[79.86103973845655,6.905281677112779],[79.86102209284911,6.905282325074218],[79.86102200249623,6.90528232839205]]}},{"type":"Feature","properties":{"Type":null,"ImageName":null,"Width":null,"MCode":null,"SCode":null,"ID":null},"geometry":{"type":"LineString","coordinates":[[79.86112645738748,6.905307427001163],[79.86112561765566,6.905307452871226],[79.86111207965672,6.905307869943288],[79.86110580406667,6.905308018294212],[79.86109465304303,6.905308573416948],[79.86109027766148,6.905308574704815],[79.86107816996471,6.905309043606875],[79.8610754284692,6.9053091269559665],[79.8610673872153,6.905309724572063],[79.86106058697194,6.905309982520805],[79.86105837114967,6.905310025543982],[79.8610472035775,6.9053106403034485],[79.86104089384236,6.90531100650966],[79.8610231034453,6.905312000566529],[79.86102260794773,6.905312028252963]]}},{"type":"Feature","properties":{"Type":null,"ImageName":null,"Width":null,"MCode":null,"SCode":null,"ID":null},"geometry":{"type":"LineString","coordinates":[[79.86090409147903,6.905259432355714],[79.86090371582166,6.90525945638777],[79.86089023368298,6.905260318884962],[79.86088650408047,6.905260671144948],[79.86087518413773,6.905261092467214],[79.8608713413768,6.905261755381564],[79.8608547139301,6.905262915830647],[79.86085414102858,6.90526295581411]]}},{"type":"Feature","properties":{"Type":null,"ImageName":null,"Width":null,"MCode":null,"SCode":null,"ID":null},"geometry":{"type":"LineString","coordinates":[[79.86111149676958,6.90533737453279],[79.86111004735697,6.905337322911111],[79.86110689432631,6.905337210614058],[79.86110192668836,6.905337341228697],[79.86109075455072,6.905337470618979],[79.86108729213835,6.905337892174728],[79.86107527016878,6.905338257968413],[79.86107180556242,6.905338588852967],[79.86106979029454,6.905339135214413],[79.86105428479178,6.905339352046144],[79.86105419432934,6.905339353311186]]}},{"type":"Feature","properties":{"Type":null,"ImageName":null,"Width":null,"MCode":null,"SCode":null,"ID":null},"geometry":{"type":"LineString","coordinates":[[79.86098759149372,6.9053141976366845],[79.86098671988653,6.905314248064937],[79.86098088539623,6.905314585628811],[79.86097832602631,6.9053146194666715],[79.86096270985426,6.905315558277137],[79.8609612172082,6.9053156480117615]]}},{"type":"Feature","properties":{"Type":null,"ImageName":null,"Width":null,"MCode":null,"SCode":null,"ID":null},"geometry":{"type":"LineString","coordinates":[[79.86088301997216,6.905350398146719],[79.86087134541107,6.905351732037523]]}},{"type":"Feature","properties":{"Type":null,"ImageName":null,"Width":null,"MCode":null,"SCode":null,"ID":null},"geometry":{"type":"LineString","coordinates":[[79.86114627580724,6.905306705868271],[79.86112863163143,6.905306943256525]]}},{"type":"Feature","properties":{"Type":null,"ImageName":null,"Width":null,"MCode":null,"SCode":null,"ID":null},"geometry":{"type":"LineString","coordinates":[[79.860882531833,6.905321914620786],[79.8608724880072,6.905322166596054]]}},{"type":"Feature","properties":{"Type":null,"ImageName":null,"Width":null,"MCode":null,"SCode":null,"ID":null},"geometry":{"type":"LineString","coordinates":[[79.86089773815613,6.9053207326203765],[79.86089730827497,6.9053207416892475],[79.86089057366023,6.905320883764162],[79.86088934692359,6.905320924035256],[79.86088667339531,6.905320837522173],[79.86088633443799,6.905320826553804]]}},{"type":"Feature","properties":{"Type":null,"ImageName":null,"Width":null,"MCode":null,"SCode":null,"ID":null},"geometry":{"type":"LineString","coordinates":[[79.8609132088101,6.905319803427668],[79.86090207920947,6.905320053318658]]}},{"type":"Feature","properties":{"Type":null,"ImageName":null,"Width":null,"MCode":null,"SCode":null,"ID":null},"geometry":{"type":"LineString","coordinates":[[79.86095854273714,6.905316464003456],[79.86095769287583,6.905316478686293],[79.86094961829218,6.905316618188755],[79.86094846824163,6.905316717703837],[79.86094694158233,6.905316613048934],[79.86094660383442,6.905316589895784]]}},{"type":"Feature","properties":{"Type":1.0,"ImageName":null,"Width":0.12,"MCode":null,"SCode":null,"ID":null},"geometry":{"type":"MultiLineString","coordinates":[[[79.86127318551299,6.905273471197728],[79.86126047264182,6.905277995368192]],[[79.86125864107285,6.905277521676591],[79.86124391217233,6.90527463876443]],[[79.86124285734893,6.905274085012177],[79.8612266558912,6.905278266762101]],[[79.8612251576649,6.905278231066036],[79.86121046131412,6.905274371654321]],[[79.86120857024224,6.905274283070278],[79.86119285983595,6.905278571863121]],[[79.86119154076697,6.905278630522163],[79.86117655665694,6.905274531330639]],[[79.86117532269324,6.9052746854267095],[79.8611577517744,6.905278844370094]],[[79.86115535807377,6.9052796099233325],[79.8611555743835,6.905274473461376]]]}},{"type":"Feature","properties":{"Type":1.0,"ImageName":null,"Width":0.12,"MCode":null,"SCode":null,"ID":null},"geometry":{"type":"MultiLineString","coordinates":[[[79.86127342632444,6.905303016208802],[79.86125900833348,6.905307158677303]],[[79.86125757321663,6.905307195728542],[79.86124351321524,6.905303340491735]],[[79.86124204872003,6.905303116604203],[79.86122795838651,6.905307212679721]],[[79.86122575580838,6.905307579715841],[79.86121079828224,6.905303394561757]],[[79.861208519828,6.905303391817573],[79.86119395490765,6.905307871769479]],[[79.86119217457554,6.905307697498175],[79.86117619930026,6.905303990935769]],[[79.86117451052749,6.9053038236175],[79.86115777738615,6.905307909165354]],[[79.8611549192013,6.905307925997519],[79.86115507351724,6.905304033005972]],[[79.8612735381896,6.905328219274562],[79.86126005288769,6.905332972238462]],[[79.8612582849012,6.905333127219615],[79.86124488850957,6.905329297556575]],[[79.8612433263643,6.905328983975629],[79.86123031981417,6.905333784843349]],[[79.86122808388075,6.905334054499024],[79.86122797621793,6.905329318665113]],[[79.86127277349584,6.90524844258458],[79.86125702093526,6.905252498322877]],[[79.8612554326975,6.905252311329161],[79.8612437133923,6.905248869950048]],[[79.86124174876242,6.905248681813398],[79.86122638771441,6.905252574256282]],[[79.86122544453409,6.905252868926698],[79.86120944996983,6.905249554971096]],[[79.86120821259132,6.905249426505015],[79.86119283420618,6.905253561752453]],[[79.86119170988262,6.905253401253297],[79.86117543303627,6.905249638575188]],[[79.86117396019075,6.905249802287129],[79.86115839849107,6.905254205088801]],[[79.86115614091237,6.905254491521059],[79.86115617510853,6.90524986826733]]]}},{"type":"Feature","properties":{"Type":1.0,"ImageName":null,"Width":0.12,"MCode":null,"SCode":null,"ID":null},"geometry":{"type":"MultiLineString","coordinates":[[[79.8610087148416,6.905262983501493],[79.86101208552681,6.905267496446478]],[[79.86102066033257,6.905278494618399],[79.8610234466627,6.905282275360727]],[[79.86099292973054,6.9052840489411915],[79.86094223223236,6.90528718173526]],[[79.86095471619619,6.905282305290211],[79.86095756243097,6.905286134894938]],[[79.8609437333001,6.905266594601597],[79.86094666117565,6.905270450566515]]]}},{"type":"Feature","properties":{"Type":1.0,"ImageName":null,"Width":0.12,"MCode":null,"SCode":null,"ID":null},"geometry":{"type":"MultiLineString","coordinates":[[[79.86098739386244,6.90527991084002],[79.86099019878263,6.905284116420453]],[[79.86091491008003,6.905288821546902],[79.86086466893144,6.9052933176543725]],[[79.86083782472421,6.905295691620967],[79.86077507450953,6.90530122864035]]]}},{"type":"Feature","properties":{"Type":0.0,"ImageName":null,"Width":0.12,"MCode":null,"SCode":null,"ID":null},"geometry":{"type":"LineString","coordinates":[[79.86075326658242,6.905299927862671],[79.86075491968418,6.90530326798166],[79.86075319263922,6.905303446658634],[79.86075190525622,6.9053034812092235],[79.86075123911897,6.9053035154808375],[79.8607425692342,6.905304133294809]]}},{"type":"Feature","properties":{"Type":1.0,"ImageName":null,"Width":0.12,"MCode":null,"SCode":null,"ID":null},"geometry":{"type":"LineString","coordinates":[[79.86074457638382,6.905288397669727],[79.86074171710752,6.905284573536628]]}},{"type":"Feature","properties":{"Type":1.0,"ImageName":null,"Width":0.12,"MCode":null,"SCode":null,"ID":null},"geometry":{"type":"MultiLineString","coordinates":[[[79.86062307181564,6.905316092372093],[79.86062043622897,6.905312367749709]],[[79.86061197854085,6.905301488313148],[79.86060887061073,6.905297192113487]]]}},{"type":"Feature","properties":{"Type":1.0,"ImageName":null,"Width":0.12,"MCode":null,"SCode":null,"ID":null},"geometry":{"type":"MultiLineString","coordinates":[[[79.85922347303693,6.905782027954268],[79.85924571104103,6.905766674279269]],[[79.85927762910136,6.905745682420583],[79.85929185975579,6.9057361594013695]],[[79.85931680957258,6.905720084490218],[79.85933749910049,6.905706593311883]],[[79.85936868097221,6.905687520915753],[79.85938606818118,6.905677272776]],[[79.8594120820574,6.90566302911443],[79.85944346832575,6.905644865600881]]]}},{"type":"Feature","properties":{"Type":1.0,"ImageName":null,"Width":0.12,"MCode":null,"SCode":null,"ID":null},"geometry":{"type":"LineString","coordinates":[[79.86084014798064,6.9053248182690785],[79.86079015670076,6.905329082532013]]}},{"type":"Feature","properties":{"Type":0.0,"ImageName":null,"Width":0.12,"MCode":null,"SCode":null,"ID":null},"geometry":{"type":"LineString","coordinates":[[79.86250266485068,6.905252226192513],[79.86248787717537,6.905264909856693],[79.86248402390768,6.905267922119351],[79.86246798544828,6.905279336556372]]}},{"type":"Feature","properties":{"Type":0.0,"ImageName":null,"Width":0.12,"MCode":null,"SCode":null,"ID":null},"geometry":{"type":"LineString","coordinates":[[79.86252448002612,6.9052715882647675],[79.862514031049,6.905279924224458],[79.86250386489264,6.905287935460618],[79.86249330066377,6.905295641317614],[79.86248222512097,6.905303361919948]]}},{"type":"Feature","properties":{"Type":0.0,"ImageName":null,"Width":0.12,"MCode":null,"SCode":null,"ID":null},"geometry":{"type":"LineString","coordinates":[[79.86245639447392,6.905319250512314],[79.86244527635678,6.90532493498068],[79.86243269495684,6.905330791087276],[79.86242005273029,6.905336099366713],[79.86240817988374,6.9053404155892855]]}},{"type":"Feature","properties":{"Type":0.0,"ImageName":null,"Width":0.12,"MCode":null,"SCode":null,"ID":null},"geometry":{"type":"LineString","coordinates":[[79.86244325997849,6.905292982149779],[79.86243385116907,6.905297901594311],[79.86242212715068,6.9053034516717755],[79.86240991339609,6.905308459415786],[79.86239705632896,6.905312834521357]]}},{"type":"Feature","properties":{"Type":1.0,"ImageName":null,"Width":0.12,"MCode":null,"SCode":null,"ID":null},"geometry":{"type":"MultiLineString","coordinates":[[[79.8594672183284,6.905631857330977],[79.85951058790342,6.905608253145309]],[[79.85953414655309,6.905596162372366],[79.85956480398998,6.905581927792273]]]}},{"type":"Feature","properties":{"Type":1.0,"ImageName":null,"Width":0.12,"MCode":null,"SCode":null,"ID":null},"geometry":{"type":"MultiLineString","coordinates":[[[79.85920784966257,6.905759180884313],[79.85923008766589,6.905743827209955]],[[79.85926200572511,6.905722835352181],[79.85927623637905,6.905713312333378]],[[79.85930118619495,6.905697237422941],[79.85932187572215,6.9056837462452005]],[[79.85935305759276,6.905664673849959],[79.85937044480107,6.905654425710701]],[[79.85939645867631,6.905640182049869],[79.8594278449435,6.9056220185372075]]]}},{"type":"Feature","properties":{"Type":1.0,"ImageName":null,"Width":0.12,"MCode":null,"SCode":null,"ID":null},"geometry":{"type":"MultiLineString","coordinates":[[[79.85945384346495,6.90560704830162],[79.85949721303805,6.905583444116931]],[[79.85952077168668,6.905571353344527],[79.85955142912218,6.905557118765119]]]}},{"type":"Feature","properties":{"Type":1.0,"ImageName":null,"Width":0.12,"MCode":null,"SCode":null,"ID":null},"geometry":{"type":"MultiLineString","coordinates":[[[79.85988239420234,6.905435752575216],[79.85989150201048,6.905433415623565]],[[79.86004933972194,6.905400396852265],[79.86005876897521,6.905398507467004]]]}},{"type":"Feature","properties":{"Type":1.0,"ImageName":null,"Width":0.12,"MCode":null,"SCode":null,"ID":null},"geometry":{"type":"LineString","coordinates":[[79.85993953913413,6.905421345508379],[79.85995033778012,6.905419660918683]]}},{"type":"Feature","properties":{"Type":1.0,"ImageName":null,"Width":0.12,"MCode":null,"SCode":null,"ID":null},"geometry":{"type":"LineString","coordinates":[[79.86020852951448,6.9053732251516635],[79.86022026112049,6.905371442946153]]}},{"type":"Feature","properties":{"Type":0.0,"ImageName":null,"Width":0.12,"MCode":null,"SCode":null,"ID":null},"geometry":{"type":"LineString","coordinates":[[79.86019020286142,6.905435404136304],[79.86016268956578,6.90544000984119],[79.86011536669965,6.90544793164919],[79.86010122066591,6.905450513682261],[79.86005033580774,6.905460149312591],[79.86002928601285,6.905464346214901],[79.85989883094517,6.9054964302786]]}},{"type":"Feature","properties":{"Type":0.0,"ImageName":null,"Width":0.12,"MCode":null,"SCode":null,"ID":null},"geometry":{"type":"LineString","coordinates":[[79.85911671112447,6.9057623728156035],[79.85912734488058,6.905757267409611],[79.85913957501232,6.905750571459263],[79.8591545643785,6.905742562995885],[79.85916958228984,6.9057347224161045],[79.85918452927605,6.905726785437659],[79.85919938247714,6.90571843247858],[79.859214262877,6.905710185336434],[79.8592292788329,6.905701972023906],[79.85924438732722,6.905693639128504],[79.85925924685463,6.905685384376],[79.85927411780906,6.905677095765101],[79.85928899159869,6.905668799736903],[79.85930388436044,6.905660551584208],[79.85931879603685,6.905652237154784],[79.85933381808782,6.905643900799938],[79.85934870989584,6.9056357039836564],[79.85936364005288,6.9056275165037455],[79.85937853561109,6.905619174108949],[79.85939338476454,6.9056108274250585],[79.85940825825142,6.90560271322314],[79.85942318713364,6.905594632705337],[79.85943805952355,6.905586377859335],[79.85945293418668,6.905578116183467],[79.85946720573779,6.905570449474377],[79.85947739293562,6.905564087558679],[79.85950296231394,6.905551221383611],[79.85952124140499,6.905542374684708],[79.85953666687664,6.905535231018676],[79.85955209401477,6.905527997130471],[79.85956755326661,6.905520862899757],[79.85958316576036,6.90551395900932],[79.85959878309815,6.905507309678299],[79.85961443419481,6.905500525044931],[79.85963022331897,6.90549397456973],[79.85964593734441,6.90548751617817],[79.85966176974816,6.905481260877165],[79.85967771204025,6.905475191417554],[79.85969366541781,6.905469233931906],[79.85970958926491,6.9054633346934615],[79.85972566201922,6.905457787550364],[79.85974184303177,6.905452562346555],[79.85974938640462,6.905450149656712],[79.85975734691992,6.9054475015472505]]}},{"type":"Feature","properties":{"Type":1.0,"ImageName":null,"Width":0.12,"MCode":null,"SCode":null,"ID":null},"geometry":{"type":"LineString","coordinates":[[79.85993953913413,6.905421345508381],[79.85995033778012,6.905419660918685]]}},{"type":"Feature","properties":{"Type":1.0,"ImageName":null,"Width":0.12,"MCode":null,"SCode":null,"ID":null},"geometry":{"type":"LineString","coordinates":[[79.85994512123037,6.90545708100378],[79.8599559198772,6.9054553964140615]]}},{"type":"Feature","properties":{"Type":1.0,"ImageName":null,"Width":0.12,"MCode":null,"SCode":null,"ID":null},"geometry":{"type":"MultiLineString","coordinates":[[[79.85989139483968,6.905470784556311],[79.85990050264849,6.905468447604571]],[[79.86005645488139,6.905435859306288],[79.86006588413538,6.905433969920978]]]}},{"type":"Feature","properties":{"Type":1.0,"ImageName":null,"Width":0.12,"MCode":null,"SCode":null,"ID":null},"geometry":{"type":"LineString","coordinates":[[79.86000230685772,6.90544692626982],[79.8600098604649,6.905445387269528]]}},{"type":"Feature","properties":{"Type":0.0,"ImageName":null,"Width":0.12,"MCode":null,"SCode":null,"ID":null},"geometry":{"type":"LineString","coordinates":[[79.85958862733455,6.905539424247571],[79.85959939735929,6.905534161860821],[79.85961032435557,6.905529632409684],[79.85962447633166,6.905523458005139],[79.85963900587576,6.905517443208429],[79.85965357518579,6.905511622103618],[79.85966782020833,6.905506007124032],[79.85967884065646,6.905501863064456],[79.85968178208972,6.90550077766232],[79.8596820228569,6.90550069947054],[79.85970585865199,6.905492958533699]]}},{"type":"Feature","properties":{"Type":1.0,"ImageName":null,"Width":0.12,"MCode":null,"SCode":null,"ID":null},"geometry":{"type":"MultiLineString","coordinates":[[[79.85970491954627,6.905490684703403],[79.85970659371755,6.9054941588256185]],[[79.85970830536894,6.905492851356345],[79.85972297682953,6.9054838191968715]],[[79.85972412098806,6.90548331292174],[79.85974192112347,6.905481857175858]],[[79.85974329708661,6.905481329092437],[79.85976056242363,6.905471070217026]],[[79.85976283439682,6.905470455207492],[79.8597827436666,6.905468048835895]],[[79.85978441374559,6.905467306574135],[79.85979907612146,6.905458649639744]],[[79.85980026370498,6.905458916971197],[79.85981796954715,6.905457039723953]],[[79.85981918716037,6.905456449389471],[79.8598363252924,6.905446575040601]]]}},{"type":"Feature","properties":{"Type":1.0,"ImageName":null,"Width":0.12,"MCode":null,"SCode":null,"ID":null},"geometry":{"type":"MultiLineString","coordinates":[[[79.85971357053818,6.905517758654478],[79.85971524470959,6.90552123277668]],[[79.85971695636107,6.905519925307386],[79.85973162782244,6.905510893147746]],[[79.85973277198102,6.905510386872598],[79.85975057211748,6.905508931126522]],[[79.85975194808069,6.905508403043085],[79.85976921341863,6.90549814416748]],[[79.85977148539192,6.905497529157925],[79.85979139466286,6.905495122786109]],[[79.85979306474195,6.9054943805243285],[79.85980772711858,6.905485723589766]],[[79.85980891470219,6.905485990921214],[79.8598266205454,6.905484113673774]],[[79.85982783815867,6.905483523339278],[79.85984497629163,6.905473648990215]]]}},{"type":"Feature","properties":{"Type":0.0,"ImageName":null,"Width":0.12,"MCode":null,"SCode":null,"ID":null},"geometry":{"type":"LineString","coordinates":[[79.86252261052333,6.905316888317458],[79.86251042005864,6.905327759997551],[79.86249803729272,6.90533783240015],[79.86248506872576,6.905347164484173],[79.86247186059168,6.905355436679374],[79.86245876680857,6.905362596529241],[79.86244721766094,6.9053680164618205],[79.86243765414464,6.905371944759195],[79.86242717795362,6.905375615975172],[79.86241615139492,6.905378993644611],[79.86240427300272,6.905382124701698],[79.86238271133372,6.905386685975579]]}},{"type":"Feature","properties":{"Type":0.0,"ImageName":null,"Width":0.12,"MCode":null,"SCode":null,"ID":null},"geometry":{"type":"LineString","coordinates":[[79.86142114746134,6.905335165665977],[79.86140749059408,6.905335079963574],[79.86139257919668,6.9053347156699685],[79.86137768777338,6.905334452944209],[79.86136275373403,6.9053343639985165],[79.86134783342457,6.905334006362382],[79.86133285439202,6.905333703439472],[79.86131515727354,6.905333476106041]]}},{"type":"Feature","properties":{"Type":0.0,"ImageName":null,"Width":0.12,"MCode":null,"SCode":null,"ID":null},"geometry":{"type":"LineString","coordinates":[[79.86066333702814,6.905374646196472],[79.86065923083002,6.905372312666491],[79.86065736251041,6.905371852069079],[79.86065379933575,6.905372126288812],[79.86064201612162,6.905373196303437],[79.86062603391153,6.90537487551975],[79.86060981096061,6.905376515688972],[79.86059360325373,6.905378229014511],[79.86057742341214,6.905379977790428],[79.86056126451872,6.905381781530644],[79.86054514208732,6.905383642410959],[79.8605289906755,6.905385551704318],[79.86051326818998,6.905387572959386],[79.86050775284433,6.905388307676939],[79.86050637266294,6.905388589535553],[79.8605020169558,6.905390976964557]]}},{"type":"Feature","properties":{"Type":0.0,"ImageName":null,"Width":0.12,"MCode":null,"SCode":null,"ID":null},"geometry":{"type":"LineString","coordinates":[[79.86037381768041,6.905408663486201],[79.86036886978654,6.905407844602784],[79.8603534127933,6.905410008300253],[79.86031990359902,6.905414728175609],[79.86030412030675,6.905417024991407],[79.86029192957339,6.905418985014263],[79.86027680241034,6.905421187971494],[79.86026114209598,6.905423562394088],[79.86024538132662,6.9054260566014465],[79.86022964184463,6.90542873786315],[79.86021386003652,6.905431476712656],[79.86019075577885,6.905435076424352]]}},{"type":"Feature","properties":{"Type":1.0,"ImageName":null,"Width":0.12,"MCode":null,"SCode":null,"ID":null},"geometry":{"type":"MultiLineString","coordinates":[[[79.86048105009077,6.905362628534314],[79.86049194369922,6.905361112532354]],[[79.86053348822814,6.905355580339164],[79.86054317018777,6.905354533240862]],[[79.8605868548113,6.905349398633866],[79.86059590396789,6.905348534704659]],[[79.86063921206133,6.905343906636616],[79.86064916759935,6.905343002818149]],[[79.86069247017198,6.90533831810485],[79.86070376069128,6.905337173019117]],[[79.86074629832741,6.905333038718488],[79.86075823656928,6.905332184820936]]]}},{"type":"Feature","properties":{"Type":0.0,"ImageName":null,"Width":0.12,"MCode":null,"SCode":null,"ID":null},"geometry":{"type":"LineString","coordinates":[[79.8606874014957,6.905305640422031],[79.86068810207583,6.905306702485757],[79.86068844299696,6.905307188163304],[79.8606895513714,6.905308757674032],[79.86069031171222,6.905309158408616],[79.86070107836278,6.905308181845686]]}},{"type":"Feature","properties":{"Type":1.0,"ImageName":null,"Width":0.12,"MCode":null,"SCode":null,"ID":null},"geometry":{"type":"MultiLineString","coordinates":[[[79.8604393421702,6.905368619421454],[79.86042804495402,6.905369868794635]],[[79.86038570160603,6.905375541760727],[79.8603764069371,6.905376858611346]],[[79.86027298084684,6.905391730224946],[79.86026789467635,6.905392686766994]],[[79.86022300128921,6.905399986409938],[79.86021455994059,6.905401289312253]]]}},{"type":"Feature","properties":{"Type":1.0,"ImageName":null,"Width":0.12,"MCode":null,"SCode":null,"ID":null},"geometry":{"type":"MultiLineString","coordinates":[[[79.86235580711909,6.905348429034835],[79.86234488166795,6.905348061719274]],[[79.86230000484103,6.905347860115574],[79.86228907453095,6.905347363056559]]]}},{"type":"Feature","properties":{"Type":1.0,"ImageName":null,"Width":0.12,"MCode":null,"SCode":null,"ID":null},"geometry":{"type":"MultiLineString","coordinates":[[[79.86235554626961,6.905318785226968],[79.86234396513733,6.905319169410728]],[[79.86230153843218,6.905317938640653],[79.86229086536018,6.905317282406909]]]}},{"type":"Feature","properties":{"Type":null,"ImageName":null,"Width":null,"MCode":null,"SCode":null,"ID":null},"geometry":{"type":"LineString","coordinates":[[79.86114743546013,6.905277033202362],[79.86114577255742,6.905277094091165],[79.86112846773506,6.9052777277237345],[79.86112213597201,6.905278095335933],[79.8611114296975,6.905278331105594],[79.86110669652777,6.9052784454630745],[79.86109453252558,6.905279101088382],[79.86109051581553,6.9052791711516495],[79.86107810359519,6.905279725320496],[79.86107422843632,6.905279913050375],[79.86106204824904,6.9052804836305155],[79.86105726773295,6.9052807139097],[79.86104627141879,6.905281329094523],[79.86103973815413,6.905281667841119],[79.86102209254666,6.905282315802555],[79.8610220021938,6.905282319120391]]}},{"type":"Feature","properties":{"Type":null,"ImageName":null,"Width":null,"MCode":null,"SCode":null,"ID":null},"geometry":{"type":"LineString","coordinates":[[79.86112645708506,6.905307417729494],[79.86112561735324,6.905307443599562],[79.8611120793543,6.905307860671623],[79.86110580376425,6.905308009022546],[79.8610946527406,6.905308564145285],[79.86109027735905,6.905308565433146],[79.8610781696623,6.905309034335208],[79.86107542816679,6.9053091176843004],[79.86106738691288,6.905309715300396],[79.86106058666954,6.905309973249137],[79.86105837084723,6.9053100162723196],[79.86104720327508,6.905310631031784],[79.86104089353992,6.9053109972379945],[79.86102310314287,6.905311991294862],[79.86102260764531,6.9053120189813]]}},{"type":"Feature","properties":{"Type":null,"ImageName":null,"Width":null,"MCode":null,"SCode":null,"ID":null},"geometry":{"type":"LineString","coordinates":[[79.86090409117658,6.905259423084055],[79.86090371551921,6.905259447116114],[79.86089023338053,6.905260309613303],[79.86088650377803,6.905260661873289],[79.86087518383529,6.905261083195557],[79.86087134107437,6.905261746109912],[79.86085471362766,6.90526290655899],[79.86085414072615,6.905262946542453]]}},{"type":"Feature","properties":{"Type":null,"ImageName":null,"Width":null,"MCode":null,"SCode":null,"ID":null},"geometry":{"type":"LineString","coordinates":[[79.86111149646717,6.905337365261122],[79.86111004705457,6.905337313639441],[79.86110689402389,6.905337201342391],[79.86110192638594,6.905337331957028],[79.86109075424828,6.905337461347309],[79.86108729183593,6.905337882903056],[79.86107526986638,6.905338248696745],[79.86107180526,6.905338579581302],[79.8610697899921,6.905339125942745],[79.86105428448934,6.905339342774476],[79.86105419402693,6.905339344039516]]}},{"type":"Feature","properties":{"Type":null,"ImageName":null,"Width":null,"MCode":null,"SCode":null,"ID":null},"geometry":{"type":"LineString","coordinates":[[79.8609875911913,6.905314188365022],[79.8609867195841,6.905314238793272],[79.86098088509382,6.905314576357148],[79.86097832572389,6.905314610195005],[79.86096270955183,6.905315549005478],[79.86096121690575,6.9053156387400945]]}},{"type":"Feature","properties":{"Type":null,"ImageName":null,"Width":null,"MCode":null,"SCode":null,"ID":null},"geometry":{"type":"LineString","coordinates":[[79.86088301966971,6.905350388875047],[79.86087134510862,6.905351722765854]]}},{"type":"Feature","properties":{"Type":null,"ImageName":null,"Width":null,"MCode":null,"SCode":null,"ID":null},"geometry":{"type":"LineString","coordinates":[[79.86114627550484,6.905306696596603],[79.86112863132902,6.905306933984861]]}},{"type":"Feature","properties":{"Type":null,"ImageName":null,"Width":null,"MCode":null,"SCode":null,"ID":null},"geometry":{"type":"LineString","coordinates":[[79.86088253153055,6.905321905349119],[79.86087248770477,6.905322157324386]]}},{"type":"Feature","properties":{"Type":null,"ImageName":null,"Width":null,"MCode":null,"SCode":null,"ID":null},"geometry":{"type":"LineString","coordinates":[[79.86089773785368,6.90532072334871],[79.86089730797254,6.9053207324175805],[79.86089057335778,6.905320874492496],[79.86088934662114,6.905320914763594],[79.86088667309289,6.905320828250506],[79.86088633413556,6.905320817282137]]}},{"type":"Feature","properties":{"Type":null,"ImageName":null,"Width":null,"MCode":null,"SCode":null,"ID":null},"geometry":{"type":"LineString","coordinates":[[79.86091320850765,6.905319794156003],[79.86090207890703,6.905320044046994]]}},{"type":"Feature","properties":{"Type":null,"ImageName":null,"Width":null,"MCode":null,"SCode":null,"ID":null},"geometry":{"type":"LineString","coordinates":[[79.8609585424347,6.905316454731794],[79.86095769257338,6.905316469414627],[79.86094961798973,6.905316608917087],[79.86094846793918,6.90531670843217],[79.8609469412799,6.90531660377727],[79.86094660353199,6.905316580624115]]}},{"type":"Feature","properties":{"Type":1.0,"ImageName":null,"Width":0.12,"MCode":null,"SCode":null,"ID":null},"geometry":{"type":"MultiLineString","coordinates":[[[79.8610087145392,6.905262974229831],[79.86101208522437,6.9052674871748225]],[[79.86102066003015,6.905278485346738],[79.86102344636028,6.905282266089065]],[[79.86099292942811,6.9052840396695325],[79.86094223192993,6.905287172463603]],[[79.86095471589374,6.905282296018553],[79.86095756212852,6.905286125623278]],[[79.86094373299767,6.905266585329939],[79.86094666087321,6.905270441294856]]]}},{"type":"Feature","properties":{"Type":1.0,"ImageName":null,"Width":0.12,"MCode":null,"SCode":null,"ID":null},"geometry":{"type":"MultiLineString","coordinates":[[[79.86098739356001,6.90527990156836],[79.86099019848021,6.905284107148791]],[[79.8609149097776,6.90528881227524],[79.860864668629,6.905293308382711]],[[79.86083782442178,6.905295682349303],[79.8607750742071,6.9053012193686865]]]}},{"type":"Feature","properties":{"Type":0.0,"ImageName":null,"Width":0.12,"MCode":null,"SCode":null,"ID":null},"geometry":{"type":"LineString","coordinates":[[79.86075326627996,6.905299918591016],[79.86075491938175,6.905303258709997],[79.86075319233676,6.90530343738697],[79.86075190495376,6.905303471937562],[79.86075123881652,6.905303506209178],[79.86074256893176,6.905304124023146]]}},{"type":"Feature","properties":{"Type":1.0,"ImageName":null,"Width":0.12,"MCode":null,"SCode":null,"ID":null},"geometry":{"type":"LineString","coordinates":[[79.86074457608137,6.905288388398068],[79.86074171680507,6.905284564264968]]}},{"type":"Feature","properties":{"Type":1.0,"ImageName":null,"Width":0.12,"MCode":null,"SCode":null,"ID":null},"geometry":{"type":"MultiLineString","coordinates":[[[79.86062307151317,6.90531608310043],[79.86062043592649,6.905312358478051]],[[79.86061197823838,6.9053014790414915],[79.86060887030827,6.905297182841829]]]}},{"type":"Feature","properties":{"Type":1.0,"ImageName":null,"Width":0.12,"MCode":null,"SCode":null,"ID":null},"geometry":{"type":"MultiLineString","coordinates":[[[79.85922347273437,6.905782018682546],[79.85924571073845,6.905766665007551]],[[79.85927762879878,6.905745673148868],[79.85929185945321,6.905736150129654]],[[79.85931680927001,6.905720075218512],[79.85933749879793,6.905706584040174]],[[79.85936868066965,6.905687511644046],[79.85938606787862,6.905677263504297]],[[79.85941208175483,6.905663019842727],[79.8594434680232,6.905644856329175]]]}},{"type":"Feature","properties":{"Type":1.0,"ImageName":null,"Width":0.12,"MCode":null,"SCode":null,"ID":null},"geometry":{"type":"LineString","coordinates":[[79.86084014767819,6.905324808997411],[79.86079015639832,6.905329073260349]]}},{"type":"Feature","properties":{"Type":0.0,"ImageName":null,"Width":0.12,"MCode":null,"SCode":null,"ID":null},"geometry":{"type":"LineString","coordinates":[[79.86250266454837,6.905252216920848],[79.86248787687306,6.905264900585026],[79.86248402360538,6.905267912847683],[79.86246798514597,6.905279327284705]]}},{"type":"Feature","properties":{"Type":0.0,"ImageName":null,"Width":0.12,"MCode":null,"SCode":null,"ID":null},"geometry":{"type":"LineString","coordinates":[[79.86252447972383,6.905271578993098],[79.86251403074671,6.905279914952785],[79.86250386459035,6.9052879261889455],[79.86249330036148,6.905295632045942],[79.86248222481865,6.905303352648273]]}},{"type":"Feature","properties":{"Type":0.0,"ImageName":null,"Width":0.12,"MCode":null,"SCode":null,"ID":null},"geometry":{"type":"LineString","coordinates":[[79.86245639417163,6.905319241240644],[79.86244527605447,6.905324925709006],[79.86243269465452,6.905330781815598],[79.86242005242798,6.905336090095037],[79.86240817958145,6.905340406317605]]}},{"type":"Feature","properties":{"Type":0.0,"ImageName":null,"Width":0.12,"MCode":null,"SCode":null,"ID":null},"geometry":{"type":"LineString","coordinates":[[79.86244325967618,6.905292972878104],[79.86243385086676,6.905297892322636],[79.8624221268484,6.9053034424001005],[79.8624099130938,6.905308450144108],[79.86239705602665,6.90531282524968]]}},{"type":"Feature","properties":{"Type":1.0,"ImageName":null,"Width":0.12,"MCode":null,"SCode":null,"ID":null},"geometry":{"type":"MultiLineString","coordinates":[[[79.85946721802586,6.905631848059281],[79.85951058760087,6.905608243873608]],[[79.85953414625052,6.905596153100674],[79.85956480368743,6.9055819185205785]]]}},{"type":"Feature","properties":{"Type":1.0,"ImageName":null,"Width":0.12,"MCode":null,"SCode":null,"ID":null},"geometry":{"type":"MultiLineString","coordinates":[[[79.85920784935998,6.905759171612597],[79.8592300873633,6.905743817938241]],[[79.85926200542254,6.905722826080467],[79.85927623607647,6.905713303061668]],[[79.85930118589238,6.905697228151236],[79.85932187541958,6.905683736973495]],[[79.85935305729019,6.905664664578258],[79.85937044449852,6.905654416439001]],[[79.85939645837374,6.90564017277817],[79.85942784464095,6.905622009265509]]]}},{"type":"Feature","properties":{"Type":1.0,"ImageName":null,"Width":0.12,"MCode":null,"SCode":null,"ID":null},"geometry":{"type":"MultiLineString","coordinates":[[[79.85945384316238,6.905607039029924],[79.8594972127355,6.905583434845239]],[[79.85952077138411,6.905571344072836],[79.85955142881963,6.90555710949343]]]}},{"type":"Feature","properties":{"Type":1.0,"ImageName":null,"Width":0.12,"MCode":null,"SCode":null,"ID":null},"geometry":{"type":"MultiLineString","coordinates":[[[79.85988239389981,6.905435743303543],[79.85989150170795,6.905433406351893]],[[79.86004933941943,6.905400387580593],[79.8600587686727,6.905398498195332]]]}},{"type":"Feature","properties":{"Type":1.0,"ImageName":null,"Width":0.12,"MCode":null,"SCode":null,"ID":null},"geometry":{"type":"LineString","coordinates":[[79.85993953883161,6.9054213362367065],[79.8599503374776,6.905419651647008]]}},{"type":"Feature","properties":{"Type":1.0,"ImageName":null,"Width":0.12,"MCode":null,"SCode":null,"ID":null},"geometry":{"type":"LineString","coordinates":[[79.86020852921197,6.905373215879999],[79.86022026081798,6.9053714336744845]]}},{"type":"Feature","properties":{"Type":0.0,"ImageName":null,"Width":0.12,"MCode":null,"SCode":null,"ID":null},"geometry":{"type":"LineString","coordinates":[[79.86019020255893,6.905435394864626],[79.86016268926328,6.905440000569511],[79.86011536639712,6.9054479223775145],[79.86010122036342,6.905450504410582],[79.86005033550524,6.905460140040913],[79.86002928571033,6.905464336943221],[79.85989883064263,6.905496421006917]]}},{"type":"Feature","properties":{"Type":1.0,"ImageName":null,"Width":0.12,"MCode":null,"SCode":null,"ID":null},"geometry":{"type":"LineString","coordinates":[[79.85993953883161,6.905421336236709],[79.8599503374776,6.905419651647011]]}},{"type":"Feature","properties":{"Type":1.0,"ImageName":null,"Width":0.12,"MCode":null,"SCode":null,"ID":null},"geometry":{"type":"LineString","coordinates":[[79.85994512092786,6.905457071732104],[79.85995591957467,6.905455387142386]]}},{"type":"Feature","properties":{"Type":1.0,"ImageName":null,"Width":0.12,"MCode":null,"SCode":null,"ID":null},"geometry":{"type":"MultiLineString","coordinates":[[[79.85989139453717,6.9054707752846305],[79.85990050234595,6.90546843833289]],[[79.86005645457888,6.905435850034615],[79.86006588383289,6.905433960649302]]]}},{"type":"Feature","properties":{"Type":1.0,"ImageName":null,"Width":0.12,"MCode":null,"SCode":null,"ID":null},"geometry":{"type":"LineString","coordinates":[[79.8600023065552,6.905446916998142],[79.8600098601624,6.905445377997853]]}},{"type":"Feature","properties":{"Type":0.0,"ImageName":null,"Width":0.12,"MCode":null,"SCode":null,"ID":null},"geometry":{"type":"LineString","coordinates":[[79.859588627032,6.9055394149758795],[79.85959939705673,6.905534152589133],[79.85961032405302,6.905529623138001],[79.85962447602911,6.905523448733457],[79.8596390055732,6.905517433936744],[79.85965357488325,6.905511612831934],[79.85966781990578,6.90550599785235],[79.85967884035391,6.905501853792774],[79.85968178178717,6.905500768390637],[79.85968202255437,6.905500690198859],[79.85970585834946,6.905492949262017]]}},{"type":"Feature","properties":{"Type":1.0,"ImageName":null,"Width":0.12,"MCode":null,"SCode":null,"ID":null},"geometry":{"type":"MultiLineString","coordinates":[[[79.85970491924375,6.905490675431719],[79.85970659341501,6.905494149553933]],[[79.8597083050664,6.905492842084665],[79.85972297652701,6.90548380992519]],[[79.85972412068553,6.905483303650055],[79.85974192082092,6.90548184790418]],[[79.85974329678409,6.905481319820756],[79.85976056212111,6.905471060945348]],[[79.85976283409428,6.905470445935814],[79.85978274336406,6.905468039564214]],[[79.85978441344305,6.905467297302453],[79.85979907581894,6.905458640368071]],[[79.85980026340246,6.90545890769952],[79.85981796924462,6.90545703045228]],[[79.85981918685785,6.905456440117793],[79.85983632498987,6.905446565768925]]]}},{"type":"Feature","properties":{"Type":1.0,"ImageName":null,"Width":0.12,"MCode":null,"SCode":null,"ID":null},"geometry":{"type":"MultiLineString","coordinates":[[[79.85971357023566,6.905517749382789],[79.85971524440706,6.905521223504994]],[[79.85971695605852,6.905519916035701],[79.8597316275199,6.905510883876059]],[[79.85973277167847,6.905510377600918],[79.85975057181494,6.90550892185484]],[[79.85975194777816,6.9055083937714015],[79.8597692131161,6.905498134895797]],[[79.85977148508938,6.905497519886243],[79.85979139436033,6.905495113514428]],[[79.85979306443943,6.905494371252651],[79.85980772681606,6.905485714318085]],[[79.85980891439965,6.905485981649537],[79.85982662024287,6.905484104402095]],[[79.85982783785614,6.9054835140675985],[79.8598449759891,6.905473639718537]]]}},{"type":"Feature","properties":{"Type":0.0,"ImageName":null,"Width":0.12,"MCode":null,"SCode":null,"ID":null},"geometry":{"type":"LineString","coordinates":[[79.86252261052333,6.905316888317458],[79.86251042005864,6.905327759997551],[79.86249803729272,6.90533783240015],[79.86248506872576,6.905347164484173],[79.86247186059168,6.905355436679374],[79.86245876680857,6.905362596529241],[79.86244721766094,6.9053680164618205],[79.86243765414464,6.905371944759195],[79.86242717795362,6.905375615975172],[79.86241615139492,6.905378993644611],[79.86240427300272,6.905382124701698],[79.86238271133372,6.905386685975579]]}},{"type":"Feature","properties":{"Type":0.0,"ImageName":null,"Width":0.12,"MCode":null,"SCode":null,"ID":null},"geometry":{"type":"LineString","coordinates":[[79.86142114746134,6.905335165665977],[79.86140749059408,6.905335079963574],[79.86139257919668,6.9053347156699685],[79.86137768777338,6.905334452944209],[79.86136275373403,6.9053343639985165],[79.86134783342457,6.905334006362382],[79.86133285439202,6.905333703439472],[79.86131515727354,6.905333476106041]]}},{"type":"Feature","properties":{"Type":0.0,"ImageName":null,"Width":0.12,"MCode":null,"SCode":null,"ID":null},"geometry":{"type":"LineString","coordinates":[[79.86066333702814,6.905374646196472],[79.86065923083002,6.905372312666491],[79.86065736251041,6.905371852069079],[79.86065379933575,6.905372126288812],[79.86064201612162,6.905373196303437],[79.86062603391153,6.90537487551975],[79.86060981096061,6.905376515688972],[79.86059360325373,6.905378229014511],[79.86057742341214,6.905379977790428],[79.86056126451872,6.905381781530644],[79.86054514208732,6.905383642410959],[79.8605289906755,6.905385551704318],[79.86051326818998,6.905387572959386],[79.86050775284433,6.905388307676939],[79.86050637266294,6.905388589535553],[79.8605020169558,6.905390976964557]]}},{"type":"Feature","properties":{"Type":0.0,"ImageName":null,"Width":0.12,"MCode":null,"SCode":null,"ID":null},"geometry":{"type":"LineString","coordinates":[[79.86037381768041,6.905408663486201],[79.86036886978654,6.905407844602784],[79.8603534127933,6.905410008300253],[79.86031990359902,6.905414728175609],[79.86030412030675,6.905417024991407],[79.86029192957339,6.905418985014263],[79.86027680241034,6.905421187971494],[79.86026114209598,6.905423562394088],[79.86024538132662,6.9054260566014465],[79.86022964184463,6.90542873786315],[79.86021386003652,6.905431476712656],[79.86019075577885,6.905435076424352]]}},{"type":"Feature","properties":{"Type":1.0,"ImageName":null,"Width":0.12,"MCode":null,"SCode":null,"ID":null},"geometry":{"type":"MultiLineString","coordinates":[[[79.86048105009077,6.905362628534314],[79.86049194369922,6.905361112532354]],[[79.86053348822814,6.905355580339164],[79.86054317018777,6.905354533240862]],[[79.8605868548113,6.905349398633866],[79.86059590396789,6.905348534704659]],[[79.86063921206133,6.905343906636616],[79.86064916759935,6.905343002818149]],[[79.86069247017198,6.90533831810485],[79.86070376069128,6.905337173019117]],[[79.86074629832741,6.905333038718488],[79.86075823656928,6.905332184820936]]]}},{"type":"Feature","properties":{"Type":0.0,"ImageName":null,"Width":0.12,"MCode":null,"SCode":null,"ID":null},"geometry":{"type":"LineString","coordinates":[[79.8606874014957,6.905305640422031],[79.86068810207583,6.905306702485757],[79.86068844299696,6.905307188163304],[79.8606895513714,6.905308757674032],[79.86069031171222,6.905309158408616],[79.86070107836278,6.905308181845686]]}},{"type":"Feature","properties":{"Type":1.0,"ImageName":null,"Width":0.12,"MCode":null,"SCode":null,"ID":null},"geometry":{"type":"MultiLineString","coordinates":[[[79.8604393421702,6.905368619421454],[79.86042804495402,6.905369868794635]],[[79.86038570160603,6.905375541760727],[79.8603764069371,6.905376858611346]],[[79.86027298084684,6.905391730224946],[79.86026789467635,6.905392686766994]],[[79.86022300128921,6.905399986409938],[79.86021455994059,6.905401289312253]]]}},{"type":"Feature","properties":{"Type":1.0,"ImageName":null,"Width":0.12,"MCode":null,"SCode":null,"ID":null},"geometry":{"type":"MultiLineString","coordinates":[[[79.86235580711909,6.905348429034835],[79.86234488166795,6.905348061719274]],[[79.86230000484103,6.905347860115574],[79.86228907453095,6.905347363056559]]]}},{"type":"Feature","properties":{"Type":1.0,"ImageName":null,"Width":0.12,"MCode":null,"SCode":null,"ID":null},"geometry":{"type":"MultiLineString","coordinates":[[[79.86235554626961,6.905318785226968],[79.86234396513733,6.905319169410728]],[[79.86230153843218,6.905317938640653],[79.86229086536018,6.905317282406909]]]}},{"type":"Feature","properties":{"Type":null,"ImageName":null,"Width":null,"MCode":null,"SCode":null,"ID":null},"geometry":{"type":"LineString","coordinates":[[79.86114743546013,6.905277033202362],[79.86114577255742,6.905277094091165],[79.86112846773506,6.9052777277237345],[79.86112213597201,6.905278095335933],[79.8611114296975,6.905278331105594],[79.86110669652777,6.9052784454630745],[79.86109453252558,6.905279101088382],[79.86109051581553,6.9052791711516495],[79.86107810359519,6.905279725320496],[79.86107422843632,6.905279913050375],[79.86106204824904,6.9052804836305155],[79.86105726773295,6.9052807139097],[79.86104627141879,6.905281329094523],[79.86103973815413,6.905281667841119],[79.86102209254666,6.905282315802555],[79.8610220021938,6.905282319120391]]}},{"type":"Feature","properties":{"Type":null,"ImageName":null,"Width":null,"MCode":null,"SCode":null,"ID":null},"geometry":{"type":"LineString","coordinates":[[79.86112645708506,6.905307417729494],[79.86112561735324,6.905307443599562],[79.8611120793543,6.905307860671623],[79.86110580376425,6.905308009022546],[79.8610946527406,6.905308564145285],[79.86109027735905,6.905308565433146],[79.8610781696623,6.905309034335208],[79.86107542816679,6.9053091176843004],[79.86106738691288,6.905309715300396],[79.86106058666954,6.905309973249137],[79.86105837084723,6.9053100162723196],[79.86104720327508,6.905310631031784],[79.86104089353992,6.9053109972379945],[79.86102310314287,6.905311991294862],[79.86102260764531,6.9053120189813]]}},{"type":"Feature","properties":{"Type":null,"ImageName":null,"Width":null,"MCode":null,"SCode":null,"ID":null},"geometry":{"type":"LineString","coordinates":[[79.86090409117658,6.905259423084055],[79.86090371551921,6.905259447116114],[79.86089023338053,6.905260309613303],[79.86088650377803,6.905260661873289],[79.86087518383529,6.905261083195557],[79.86087134107437,6.905261746109912],[79.86085471362766,6.90526290655899],[79.86085414072615,6.905262946542453]]}},{"type":"Feature","properties":{"Type":null,"ImageName":null,"Width":null,"MCode":null,"SCode":null,"ID":null},"geometry":{"type":"LineString","coordinates":[[79.86111149646717,6.905337365261122],[79.86111004705457,6.905337313639441],[79.86110689402389,6.905337201342391],[79.86110192638594,6.905337331957028],[79.86109075424828,6.905337461347309],[79.86108729183593,6.905337882903056],[79.86107526986638,6.905338248696745],[79.86107180526,6.905338579581302],[79.8610697899921,6.905339125942745],[79.86105428448934,6.905339342774476],[79.86105419402693,6.905339344039516]]}},{"type":"Feature","properties":{"Type":null,"ImageName":null,"Width":null,"MCode":null,"SCode":null,"ID":null},"geometry":{"type":"LineString","coordinates":[[79.8609875911913,6.905314188365022],[79.8609867195841,6.905314238793272],[79.86098088509382,6.905314576357148],[79.86097832572389,6.905314610195005],[79.86096270955183,6.905315549005478],[79.86096121690575,6.9053156387400945]]}},{"type":"Feature","properties":{"Type":null,"ImageName":null,"Width":null,"MCode":null,"SCode":null,"ID":null},"geometry":{"type":"LineString","coordinates":[[79.86088301966971,6.905350388875047],[79.86087134510862,6.905351722765854]]}},{"type":"Feature","properties":{"Type":null,"ImageName":null,"Width":null,"MCode":null,"SCode":null,"ID":null},"geometry":{"type":"LineString","coordinates":[[79.86114627550484,6.905306696596603],[79.86112863132902,6.905306933984861]]}},{"type":"Feature","properties":{"Type":null,"ImageName":null,"Width":null,"MCode":null,"SCode":null,"ID":null},"geometry":{"type":"LineString","coordinates":[[79.86088253153055,6.905321905349119],[79.86087248770477,6.905322157324386]]}},{"type":"Feature","properties":{"Type":null,"ImageName":null,"Width":null,"MCode":null,"SCode":null,"ID":null},"geometry":{"type":"LineString","coordinates":[[79.86089773785368,6.90532072334871],[79.86089730797254,6.9053207324175805],[79.86089057335778,6.905320874492496],[79.86088934662114,6.905320914763594],[79.86088667309289,6.905320828250506],[79.86088633413556,6.905320817282137]]}},{"type":"Feature","properties":{"Type":null,"ImageName":null,"Width":null,"MCode":null,"SCode":null,"ID":null},"geometry":{"type":"LineString","coordinates":[[79.86091320850765,6.905319794156003],[79.86090207890703,6.905320044046994]]}},{"type":"Feature","properties":{"Type":null,"ImageName":null,"Width":null,"MCode":null,"SCode":null,"ID":null},"geometry":{"type":"LineString","coordinates":[[79.8609585424347,6.905316454731794],[79.86095769257338,6.905316469414627],[79.86094961798973,6.905316608917087],[79.86094846793918,6.90531670843217],[79.8609469412799,6.90531660377727],[79.86094660353199,6.905316580624115]]}},{"type":"Feature","properties":{"Type":1.0,"ImageName":null,"Width":0.12,"MCode":null,"SCode":null,"ID":null},"geometry":{"type":"MultiLineString","coordinates":[[[79.86127318521058,6.905273461926066],[79.86126047233941,6.905277986096531]],[[79.86125864077044,6.905277512404929],[79.86124391186992,6.905274629492772]],[[79.86124285704652,6.9052740757405155],[79.86122665558878,6.9052782574904406]],[[79.86122515736248,6.905278221794378],[79.86121046101171,6.905274362382661]],[[79.86120856993985,6.90527427379862],[79.86119285953353,6.905278562591459]],[[79.86119154046456,6.9052786212505],[79.86117655635454,6.905274522058979]],[[79.86117532239082,6.905274676155051],[79.86115775147199,6.905278835098434]],[[79.86115535777137,6.905279600651673],[79.8611555740811,6.905274464189716]]]}},{"type":"Feature","properties":{"Type":1.0,"ImageName":null,"Width":0.12,"MCode":null,"SCode":null,"ID":null},"geometry":{"type":"MultiLineString","coordinates":[[[79.86127342602204,6.90530300693714],[79.86125900803106,6.905307149405638]],[[79.86125757291423,6.905307186456877],[79.86124351291282,6.905303331220069]],[[79.86124204841762,6.905303107332539],[79.86122795808411,6.905307203408058]],[[79.86122575550596,6.905307570444173],[79.8612107979798,6.905303385290096]],[[79.86120851952558,6.9053033825459105],[79.86119395460523,6.905307862497811]],[[79.86119217427313,6.905307688226511],[79.86117619899785,6.905303981664101]],[[79.86117451022507,6.905303814345834],[79.86115777708373,6.905307899893686]],[[79.86115491889889,6.905307916725855],[79.86115507321482,6.90530402373431]],[[79.86127353788719,6.905328210002891],[79.8612600525853,6.90533296296679]],[[79.8612582845988,6.9053331179479445],[79.86124488820717,6.905329288284908]],[[79.8612433260619,6.905328974703963],[79.86123031951175,6.905333775571685]],[[79.86122808357835,6.905334045227356],[79.86122797591553,6.905329309393446]],[[79.86127277319343,6.905248433312924],[79.86125702063286,6.90525248905122]],[[79.86125543239508,6.905252302057501],[79.86124371308989,6.905248860678388]],[[79.86124174846005,6.9052486725417355],[79.86122638741199,6.9052525649846235]],[[79.86122544423169,6.905252859655041],[79.86120944966741,6.90524954569944]],[[79.8612082122889,6.905249417233356],[79.86119283390376,6.9052535524807945]],[[79.8611917095802,6.90525339198164],[79.86117543273386,6.905249629303528]],[[79.86117395988833,6.905249793015468],[79.86115839818865,6.905254195817144]],[[79.86115614060996,6.905254482249404],[79.86115617480613,6.905249858995673]]]}},{"type":"Feature","properties":{"Type":1.0,"ImageName":null,"Width":0.12,"MCode":null,"SCode":null,"ID":null},"geometry":{"type":"MultiLineString","coordinates":[[[79.8610087145392,6.905262974229831],[79.86101208522437,6.9052674871748225]],[[79.86102066003015,6.905278485346738],[79.86102344636028,6.905282266089065]],[[79.86099292942811,6.9052840396695325],[79.86094223192993,6.905287172463603]],[[79.86095471589374,6.905282296018553],[79.86095756212852,6.905286125623278]],[[79.86094373299767,6.905266585329939],[79.86094666087321,6.905270441294856]]]}},{"type":"Feature","properties":{"Type":1.0,"ImageName":null,"Width":0.12,"MCode":null,"SCode":null,"ID":null},"geometry":{"type":"MultiLineString","coordinates":[[[79.86098739356001,6.90527990156836],[79.86099019848021,6.905284107148791]],[[79.8609149097776,6.90528881227524],[79.860864668629,6.905293308382711]],[[79.86083782442178,6.905295682349303],[79.8607750742071,6.9053012193686865]]]}},{"type":"Feature","properties":{"Type":0.0,"ImageName":null,"Width":0.12,"MCode":null,"SCode":null,"ID":null},"geometry":{"type":"LineString","coordinates":[[79.86075326627996,6.905299918591016],[79.86075491938175,6.905303258709997],[79.86075319233676,6.90530343738697],[79.86075190495376,6.905303471937562],[79.86075123881652,6.905303506209178],[79.86074256893176,6.905304124023146]]}},{"type":"Feature","properties":{"Type":1.0,"ImageName":null,"Width":0.12,"MCode":null,"SCode":null,"ID":null},"geometry":{"type":"LineString","coordinates":[[79.86074457608137,6.905288388398068],[79.86074171680507,6.905284564264968]]}},{"type":"Feature","properties":{"Type":1.0,"ImageName":null,"Width":0.12,"MCode":null,"SCode":null,"ID":null},"geometry":{"type":"MultiLineString","coordinates":[[[79.86062307151317,6.90531608310043],[79.86062043592649,6.905312358478051]],[[79.86061197823838,6.9053014790414915],[79.86060887030827,6.905297182841829]]]}},{"type":"Feature","properties":{"Type":1.0,"ImageName":null,"Width":0.12,"MCode":null,"SCode":null,"ID":null},"geometry":{"type":"MultiLineString","coordinates":[[[79.85922347273437,6.905782018682546],[79.85924571073845,6.905766665007551]],[[79.85927762879878,6.905745673148868],[79.85929185945321,6.905736150129654]],[[79.85931680927001,6.905720075218512],[79.85933749879793,6.905706584040174]],[[79.85936868066965,6.905687511644046],[79.85938606787862,6.905677263504297]],[[79.85941208175483,6.905663019842727],[79.8594434680232,6.905644856329175]]]}},{"type":"Feature","properties":{"Type":1.0,"ImageName":null,"Width":0.12,"MCode":null,"SCode":null,"ID":null},"geometry":{"type":"LineString","coordinates":[[79.86084014767819,6.905324808997411],[79.86079015639832,6.905329073260349]]}},{"type":"Feature","properties":{"Type":0.0,"ImageName":null,"Width":0.12,"MCode":null,"SCode":null,"ID":null},"geometry":{"type":"LineString","coordinates":[[79.86250266454837,6.905252216920848],[79.86248787687306,6.905264900585026],[79.86248402360538,6.905267912847683],[79.86246798514597,6.905279327284705]]}},{"type":"Feature","properties":{"Type":0.0,"ImageName":null,"Width":0.12,"MCode":null,"SCode":null,"ID":null},"geometry":{"type":"LineString","coordinates":[[79.86252447972383,6.905271578993098],[79.86251403074671,6.905279914952785],[79.86250386459035,6.9052879261889455],[79.86249330036148,6.905295632045942],[79.86248222481865,6.905303352648273]]}},{"type":"Feature","properties":{"Type":0.0,"ImageName":null,"Width":0.12,"MCode":null,"SCode":null,"ID":null},"geometry":{"type":"LineString","coordinates":[[79.86245639417163,6.905319241240644],[79.86244527605447,6.905324925709006],[79.86243269465452,6.905330781815598],[79.86242005242798,6.905336090095037],[79.86240817958145,6.905340406317605]]}},{"type":"Feature","properties":{"Type":0.0,"ImageName":null,"Width":0.12,"MCode":null,"SCode":null,"ID":null},"geometry":{"type":"LineString","coordinates":[[79.86244325967618,6.905292972878104],[79.86243385086676,6.905297892322636],[79.8624221268484,6.9053034424001005],[79.8624099130938,6.905308450144108],[79.86239705602665,6.90531282524968]]}},{"type":"Feature","properties":{"Type":1.0,"ImageName":null,"Width":0.12,"MCode":null,"SCode":null,"ID":null},"geometry":{"type":"MultiLineString","coordinates":[[[79.85946721802586,6.905631848059281],[79.85951058760087,6.905608243873608]],[[79.85953414625052,6.905596153100674],[79.85956480368743,6.9055819185205785]]]}},{"type":"Feature","properties":{"Type":1.0,"ImageName":null,"Width":0.12,"MCode":null,"SCode":null,"ID":null},"geometry":{"type":"MultiLineString","coordinates":[[[79.85920784935998,6.905759171612597],[79.8592300873633,6.905743817938241]],[[79.85926200542254,6.905722826080467],[79.85927623607647,6.905713303061668]],[[79.85930118589238,6.905697228151236],[79.85932187541958,6.905683736973495]],[[79.85935305729019,6.905664664578258],[79.85937044449852,6.905654416439001]],[[79.85939645837374,6.90564017277817],[79.85942784464095,6.905622009265509]]]}},{"type":"Feature","properties":{"Type":1.0,"ImageName":null,"Width":0.12,"MCode":null,"SCode":null,"ID":null},"geometry":{"type":"MultiLineString","coordinates":[[[79.85945384316238,6.905607039029924],[79.8594972127355,6.905583434845239]],[[79.85952077138411,6.905571344072836],[79.85955142881963,6.90555710949343]]]}},{"type":"Feature","properties":{"Type":1.0,"ImageName":null,"Width":0.12,"MCode":null,"SCode":null,"ID":null},"geometry":{"type":"MultiLineString","coordinates":[[[79.85988239389981,6.905435743303543],[79.85989150170795,6.905433406351893]],[[79.86004933941943,6.905400387580593],[79.8600587686727,6.905398498195332]]]}},{"type":"Feature","properties":{"Type":1.0,"ImageName":null,"Width":0.12,"MCode":null,"SCode":null,"ID":null},"geometry":{"type":"LineString","coordinates":[[79.85993953883161,6.9054213362367065],[79.8599503374776,6.905419651647008]]}},{"type":"Feature","properties":{"Type":1.0,"ImageName":null,"Width":0.12,"MCode":null,"SCode":null,"ID":null},"geometry":{"type":"LineString","coordinates":[[79.86020852921197,6.905373215879999],[79.86022026081798,6.9053714336744845]]}},{"type":"Feature","properties":{"Type":0.0,"ImageName":null,"Width":0.12,"MCode":null,"SCode":null,"ID":null},"geometry":{"type":"LineString","coordinates":[[79.86019020255893,6.905435394864626],[79.86016268926328,6.905440000569511],[79.86011536639712,6.9054479223775145],[79.86010122036342,6.905450504410582],[79.86005033550524,6.905460140040913],[79.86002928571033,6.905464336943221],[79.85989883064263,6.905496421006917]]}},{"type":"Feature","properties":{"Type":1.0,"ImageName":null,"Width":0.12,"MCode":null,"SCode":null,"ID":null},"geometry":{"type":"LineString","coordinates":[[79.85993953883161,6.905421336236709],[79.8599503374776,6.905419651647011]]}},{"type":"Feature","properties":{"Type":1.0,"ImageName":null,"Width":0.12,"MCode":null,"SCode":null,"ID":null},"geometry":{"type":"LineString","coordinates":[[79.85994512092786,6.905457071732104],[79.85995591957467,6.905455387142386]]}},{"type":"Feature","properties":{"Type":1.0,"ImageName":null,"Width":0.12,"MCode":null,"SCode":null,"ID":null},"geometry":{"type":"MultiLineString","coordinates":[[[79.85989139453717,6.9054707752846305],[79.85990050234595,6.90546843833289]],[[79.86005645457888,6.905435850034615],[79.86006588383289,6.905433960649302]]]}},{"type":"Feature","properties":{"Type":1.0,"ImageName":null,"Width":0.12,"MCode":null,"SCode":null,"ID":null},"geometry":{"type":"LineString","coordinates":[[79.8600023065552,6.905446916998142],[79.8600098601624,6.905445377997853]]}},{"type":"Feature","properties":{"Type":0.0,"ImageName":null,"Width":0.12,"MCode":null,"SCode":null,"ID":null},"geometry":{"type":"LineString","coordinates":[[79.859588627032,6.9055394149758795],[79.85959939705673,6.905534152589133],[79.85961032405302,6.905529623138001],[79.85962447602911,6.905523448733457],[79.8596390055732,6.905517433936744],[79.85965357488325,6.905511612831934],[79.85966781990578,6.90550599785235],[79.85967884035391,6.905501853792774],[79.85968178178717,6.905500768390637],[79.85968202255437,6.905500690198859],[79.85970585834946,6.905492949262017]]}},{"type":"Feature","properties":{"Type":1.0,"ImageName":null,"Width":0.12,"MCode":null,"SCode":null,"ID":null},"geometry":{"type":"MultiLineString","coordinates":[[[79.85970491924375,6.905490675431719],[79.85970659341501,6.905494149553933]],[[79.8597083050664,6.905492842084665],[79.85972297652701,6.90548380992519]],[[79.85972412068553,6.905483303650055],[79.85974192082092,6.90548184790418]],[[79.85974329678409,6.905481319820756],[79.85976056212111,6.905471060945348]],[[79.85976283409428,6.905470445935814],[79.85978274336406,6.905468039564214]],[[79.85978441344305,6.905467297302453],[79.85979907581894,6.905458640368071]],[[79.85980026340246,6.90545890769952],[79.85981796924462,6.90545703045228]],[[79.85981918685785,6.905456440117793],[79.85983632498987,6.905446565768925]]]}},{"type":"Feature","properties":{"Type":1.0,"ImageName":null,"Width":0.12,"MCode":null,"SCode":null,"ID":null},"geometry":{"type":"MultiLineString","coordinates":[[[79.85971357023566,6.905517749382789],[79.85971524440706,6.905521223504994]],[[79.85971695605852,6.905519916035701],[79.8597316275199,6.905510883876059]],[[79.85973277167847,6.905510377600918],[79.85975057181494,6.90550892185484]],[[79.85975194777816,6.9055083937714015],[79.8597692131161,6.905498134895797]],[[79.85977148508938,6.905497519886243],[79.85979139436033,6.905495113514428]],[[79.85979306443943,6.905494371252651],[79.85980772681606,6.905485714318085]],[[79.85980891439965,6.905485981649537],[79.85982662024287,6.905484104402095]],[[79.85982783785614,6.9054835140675985],[79.8598449759891,6.905473639718537]]]}},{"type":"Feature","properties":{"Type":0.0,"ImageName":null,"Width":0.12,"MCode":null,"SCode":null,"ID":null},"geometry":{"type":"LineString","coordinates":[[79.86077561050685,6.909102963483024],[79.8607690266436,6.909074544190354],[79.86076562567985,6.9090576460014725],[79.8607624947185,6.909040828987367],[79.86075928098651,6.909024070705614],[79.86075585079591,6.90900719864212],[79.86075272863094,6.908990276340711],[79.86075114046025,6.9089807776635155],[79.86074813524777,6.90896598358008],[79.86074274288632,6.908939340799941],[79.86073935667078,6.908922367831688],[79.86073605769319,6.908905395809848],[79.86073413595867,6.908895197879179],[79.86073316036773,6.908890402800036],[79.86073040804668,6.908876597677225],[79.86072717116862,6.908859693489859],[79.8607240062538,6.908842751855297],[79.86072089029948,6.908825691820156],[79.86071784766207,6.9088086021905],[79.86071460435626,6.908791599197784],[79.86071126133142,6.90877465830042],[79.86070811832224,6.908757692459447],[79.86070500229442,6.90874074382489],[79.86070192304255,6.908723791755763],[79.86069882648555,6.908706767269857],[79.86069557869659,6.908689729182625],[79.86069235326008,6.908672712867192],[79.8606892072135,6.908655651825419],[79.86068610752005,6.908638634577617],[79.8606829674329,6.908621707531733],[79.86067975452727,6.908604743389539],[79.8606765082446,6.908587793074446],[79.86067333087269,6.9085708976198115],[79.86067027200005,6.908553824561248],[79.86066705036556,6.908536823349444],[79.86066378500193,6.908519825777255],[79.86066070044485,6.908502836534204],[79.86065766812165,6.908485797293854],[79.86065476502289,6.908468674355018],[79.86065113396124,6.90845166572273],[79.86064783774832,6.9084346922173685],[79.8606447158167,6.908417703562767],[79.86064160943263,6.908400743376622],[79.86063848977577,6.908383766525998],[79.86063531979306,6.90836679115168],[79.86063212468932,6.908349853819894],[79.86062900065787,6.90833286946818],[79.86062586709564,6.908315900021326],[79.86062267412662,6.908298981999741],[79.86061947867152,6.908282068582922],[79.86061632551407,6.908265072884307],[79.86061365488253,6.908250521579786],[79.8606126995458,6.9082452922956445],[79.86060893489821,6.908224871848167],[79.86060543949584,6.908207096468882],[79.86060208026525,6.9081901384687745],[79.86059842968962,6.90817325235674],[79.86059408071114,6.908156469348231],[79.86058915606573,6.908139534279746],[79.86058403767387,6.908122939404284],[79.8605779529796,6.908106749229823],[79.86057109624755,6.90809082074472],[79.860563762946,6.908075162407225],[79.86055619351464,6.9080598698949],[79.86054772216697,6.908044749368381],[79.86053926461582,6.908029604443515],[79.86053060782838,6.908014623704461],[79.86052178584201,6.907999766290883],[79.86051279327222,6.907985127423064],[79.86050412688536,6.907970257931463],[79.86049524605396,6.907955555794642],[79.86048647953999,6.907940673391499],[79.86047760009127,6.907925832790561],[79.86046886124929,6.907910887879905],[79.86046028557111,6.907895856301034],[79.86045128571679,6.907881069615831],[79.86044226450144,6.9078663460275385],[79.86043337761495,6.907851491993382],[79.86042468045744,6.907836559909315],[79.86041575220362,6.907821798009546],[79.86040673590097,6.90780706047642],[79.86039818036207,6.907792039148291],[79.8603896506224,6.907776974581393],[79.86038079613266,6.9077620664480435],[79.86037189646255,6.907747254256457],[79.86036314984925,6.907732357396759],[79.86035420156483,6.907717580642179],[79.86034522321602,6.907702809426057],[79.86033632031696,6.907687973870111],[79.8603274497414,6.907673122076026],[79.86031854550409,6.907658314973924],[79.86030958776261,6.907643522499634],[79.86030084129527,6.907628578295745],[79.86029185689884,6.907613803810212],[79.86028296020396,6.907598913282326],[79.86027402637887,6.907584077203246],[79.86026501717552,6.907569280524352],[79.86025590334837,6.90755457487324],[79.86024686289932,6.907539823958618],[79.86023786762784,6.907524965033561],[79.86022888417708,6.907510090161224],[79.86021987569544,6.907495287693333],[79.86021098981205,6.907480402868756],[79.86020217035649,6.907465488962137],[79.8601982163771,6.9074588614278],[79.86019172151998,6.907447737057378],[79.86018182119241,6.907430143694482],[79.8601733988131,6.907415036138382],[79.86016575368495,6.907399580755621],[79.86016244657543,6.90739182347694],[79.86015533851956,6.907368448097612]]}},{"type":"Feature","properties":{"Type":0.0,"ImageName":null,"Width":0.12,"MCode":null,"SCode":null,"ID":null},"geometry":{"type":"LineString","coordinates":[[79.86008884303236,6.9072718334596654],[79.86008588076216,6.907269134941426],[79.8600845884752,6.907267363386556],[79.86008246645531,6.907263686667391],[79.86007605095236,6.907252730661882],[79.86006742371427,6.907238231228222],[79.8600587110646,6.907223753389145],[79.86004995936126,6.907209299662573],[79.86004121995572,6.9071948184339895],[79.86003235069052,6.907180408203936],[79.86002354261002,6.907166018300431],[79.8600148151925,6.907151614180004],[79.86000603329067,6.907137190724585],[79.85999720494608,6.907122772949425],[79.8599885432423,6.907108225621097],[79.8599797251794,6.907093812311798],[79.85997075104396,6.907079486455535],[79.85996193931841,6.90706508722443],[79.85995296769092,6.907050752010399],[79.85994393856984,6.907036412742649],[79.85993494429671,6.907022083214939],[79.85992597500257,6.907007750664633],[79.85991676646508,6.906993561107426],[79.85990750832792,6.906979376885704],[79.85989820808665,6.906965205747515],[79.85988866440154,6.906951205395398],[79.8598792867466,6.906937118599232],[79.85986974661166,6.906923122829742],[79.85986018932238,6.906909065139943],[79.85985070044183,6.906895005025155],[79.85984118202107,6.906881031817623],[79.85983154629476,6.906867154939929],[79.85982221160299,6.906854307196859]]}},{"type":"Feature","properties":{"Type":0.0,"ImageName":null,"Width":0.12,"MCode":null,"SCode":null,"ID":null},"geometry":{"type":"LineString","coordinates":[[79.85981036680208,6.906863279786192],[79.8598193862312,6.9068762789157425],[79.85982873933636,6.906889864721959],[79.85983805747986,6.906903546943797],[79.85984741293215,6.906917187999704],[79.8598567701435,6.906930944941755],[79.85986607608758,6.90694480886666],[79.85987519882487,6.906958773689302],[79.85988438088026,6.906972696955419],[79.85989353278369,6.906986667596516],[79.85990278236329,6.907000543532954],[79.85991170415672,6.907014639821304],[79.85992066532644,6.9070286519146835],[79.85992964739435,6.90704266913147],[79.85993848024873,6.9070567638440865],[79.85994726673013,6.907070831188753],[79.85995601784532,6.907084896553624],[79.85996475117987,6.907099041322062],[79.85997351091733,6.907113190920166],[79.85998223345688,6.907127372805799],[79.85999087377394,6.907141580741188],[79.86000341662269,6.907162242016318]]}},{"type":"Feature","properties":{"Type":0.0,"ImageName":null,"Width":0.12,"MCode":null,"SCode":null,"ID":null},"geometry":{"type":"LineString","coordinates":[[79.86001379768028,6.907179592438237],[79.86002153078404,6.907192114824603],[79.86002918016464,6.907204940152959],[79.86003689262296,6.907217718545209],[79.86004465223505,6.907230524028999],[79.86005236358524,6.907243331094091],[79.860060266473,6.907256205017919],[79.86007242944088,6.907276339141229]]}},{"type":"Feature","properties":{"Type":0.0,"ImageName":null,"Width":0.12,"MCode":null,"SCode":null,"ID":null},"geometry":{"type":"LineString","coordinates":[[79.8607593636471,6.909105535001281],[79.86075528195666,6.909084100031977],[79.86075217798148,6.909067487581665],[79.86074900213254,6.909050837586603],[79.86074584635773,6.90903419376096],[79.86074075350827,6.909008440585118],[79.86073538125513,6.908980922098506],[79.86073212780771,6.908963898461281],[79.86072892756214,6.908946858559076],[79.8607256967911,6.908929797890476],[79.86072237250173,6.90891282275413],[79.86071925683653,6.908895896202228],[79.86071608166944,6.908878933730143],[79.86071272891652,6.908861934511329],[79.86070923910103,6.908844942727153],[79.86070583715751,6.908828232615668],[79.86070272831097,6.908811696421792],[79.8606995870986,6.908794731120251],[79.86069635649595,6.908777746151295],[79.86069344650295,6.908762239783399],[79.86069174517517,6.908753509512324],[79.86069170182768,6.908753287439718],[79.86068978205319,6.908742729856874],[79.8606847749297,6.90871565221729],[79.86068142968202,6.908698543792103],[79.86067813711396,6.908681622526907],[79.86067490265718,6.908664709261885],[79.8606718741897,6.908647673401279],[79.86066877731659,6.9086307438063965],[79.86066566230527,6.908613867783585],[79.8606624108976,6.9085970909853645],[79.86065932056789,6.908580241826207],[79.86065616076202,6.9085632911179164],[79.86065291076311,6.908546403369184],[79.86064974336036,6.908529431348268],[79.8606465847068,6.908512480954541],[79.86064350936492,6.90849546663928],[79.86064031596688,6.908478451309544],[79.86063704271268,6.9084615027453715],[79.86063378871165,6.908444611935462],[79.86063062947751,6.908427679345249],[79.86062746210865,6.908410719541378],[79.86062438100882,6.9083937077630955],[79.86062128505195,6.908376667637502],[79.86061828955495,6.908359737055661],[79.86061523131715,6.908342872412139],[79.86061213711052,6.908326000353029],[79.8606089110186,6.908309211989303],[79.86060580690979,6.908292278910018],[79.86060272624427,6.908275297026589],[79.86059966793871,6.908258329688493],[79.86059644038235,6.908241306772953],[79.86059327407538,6.9082243472315135],[79.8605900810252,6.908207454032616],[79.86058654699396,6.908190605830799],[79.86058294162262,6.908173770595972],[79.86057852128363,6.908157008507734],[79.86057360707994,6.908140382395452],[79.86056830929445,6.908123954034002],[79.86056203105449,6.908107899229732],[79.86055471107045,6.908092230444701],[79.86054702337555,6.908076835719962],[79.86053908181667,6.908061565242189],[79.86053068322623,6.908046491830558],[79.8605221480343,6.908031504157488],[79.86051352776924,6.908016591663211],[79.86050488183429,6.908001637578413],[79.86049614490841,6.907986781280748],[79.86048734290719,6.9079719687134995],[79.86047840914483,6.907957094537518],[79.86046943547234,6.907942275173765],[79.86046068781086,6.907927294718164],[79.86045196782933,6.907912436898565],[79.86044320661291,6.907897534097099],[79.86043426208792,6.907882703066308],[79.86042535602357,6.9078679019894835],[79.86041642120449,6.907853101432769],[79.86040752423204,6.907838277416821],[79.86039868250793,6.907823469646989],[79.86038996400931,6.907808613455697],[79.86038130718299,6.907793755466212],[79.86037251838265,6.907778914766177],[79.86036370967864,6.907764056119953],[79.86035500452012,6.907749151201952],[79.86034611829955,6.90773433893958],[79.86033718383607,6.907719575111159],[79.86032823101623,6.907704810256571],[79.86031933435756,6.907690015992964],[79.86031048989038,6.907675170021618],[79.86030157167296,6.907660345061401],[79.860292655815,6.907645540624267],[79.86028384005245,6.907630742338279],[79.86027502962068,6.907615959727617],[79.86026607017052,6.907601220095435],[79.86025717241833,6.907586448524169],[79.860248269875,6.907571678049932],[79.86023937041031,6.907556904275587],[79.86023037999274,6.907542131603471],[79.86022141209892,6.907527378472236],[79.86021239630217,6.907512628452407],[79.86020337236418,6.907497904456245],[79.86019440997288,6.907483171632397],[79.8601854463754,6.907468440633087],[79.86017661975696,6.907453621878915],[79.860167899207,6.9074387227826],[79.86015914871253,6.907423842065012],[79.86015041907946,6.9074090010817795],[79.86014158573276,6.907394218732478],[79.86013263577084,6.907379401579892],[79.86012587250863,6.9073684372367286]]}},{"type":"Feature","properties":{"Type":0.0,"ImageName":null,"Width":0.12,"MCode":null,"SCode":null,"ID":null},"geometry":{"type":"LineString","coordinates":[[79.86069436786151,6.909115623954448],[79.86069362611644,6.909096550978747],[79.86069265149494,6.909079344247765],[79.8606914032867,6.909062068781651],[79.86068961581624,6.909044887269813],[79.8606873978762,6.909027779024516],[79.86068488766755,6.90901066985369],[79.86068189356527,6.908993672874113],[79.8606784902552,6.908976770078424],[79.86067526703754,6.908959753989278],[79.86067220117559,6.908942683926087],[79.86066900710819,6.908925718935084],[79.86066568274411,6.908908801304137],[79.86066251287798,6.90889180662605],[79.86065941920104,6.90887485070131],[79.86065615304837,6.908857886387187],[79.86065283723042,6.908840848143462],[79.86064957598717,6.908823822360454],[79.86064632146609,6.908806850834128],[79.86064306773181,6.908789825966537],[79.860639864748,6.908772744387959],[79.86063668326717,6.908755670406311],[79.86063428373207,6.9087429703028445],[79.86063354438308,6.90873959847569],[79.86063020767166,6.90872133992681],[79.86062286910888,6.908681631375287],[79.86061947701474,6.908664098477211],[79.86061613345053,6.908647082477976],[79.86061263811871,6.908630065920945],[79.86060944479779,6.908613044635864],[79.86060622377249,6.908596107552233],[79.86060301961966,6.908579108192719],[79.8605997712212,6.9085620525317415],[79.86059657886634,6.908545018605525],[79.86059330887946,6.908528040067324],[79.86059010845102,6.908511112185304],[79.86058703460559,6.9084942292469345],[79.86058369914834,6.9084773380458655],[79.86058063965936,6.9084603210945446],[79.86057774371785,6.908443196011813],[79.86057439158469,6.90842618547696],[79.86057139183723,6.908409168332782],[79.86056833206261,6.908392186235496],[79.86056521473584,6.908375288678053],[79.86056224865558,6.9083582445687455],[79.86055919905928,6.908341224664264],[79.86055605936723,6.908324261179769],[79.8605530148886,6.908307178122662],[79.86054979929011,6.9082901144596205],[79.86054634594186,6.908273149934477],[79.86054297403827,6.908256159118467],[79.86053923563725,6.908239211293122],[79.86053551985167,6.9082222789321115],[79.86053126035331,6.908205440940919],[79.86052638783552,6.908188860314862],[79.86052104154723,6.9081723930926335],[79.86051524007212,6.908156172131847],[79.86050884439487,6.908140205476109],[79.86050202699866,6.908124349853797],[79.86049474156606,6.908108667091312],[79.8604871701574,6.908093197357014],[79.86047931682576,6.9080777369515065],[79.86047252253564,6.908064840111881],[79.86046984582302,6.908059678219561],[79.86045938831708,6.908039430626792],[79.86045072794674,6.908023287038982],[79.86044226927218,6.908008178579278],[79.86043383119183,6.907993051004859],[79.86042519926404,6.907977886182592],[79.86041658390097,6.907962735301792],[79.86040758644344,6.907947917894819],[79.86039880194956,6.9079329118247355],[79.86039011120639,6.907917903358055],[79.86038120775193,6.907902982767441],[79.8603723631903,6.907888077249541],[79.86036342881609,6.907873190684095],[79.86035471293228,6.907858562429718],[79.86034583846737,6.907844009698526],[79.86033008298652,6.907817850400017],[79.86031964667843,6.907800633766191],[79.8603105647282,6.9077859249761735],[79.86030139733474,6.907771152705141],[79.8602923239298,6.907756323451557],[79.860283164915,6.907741565326784],[79.86027412732336,6.907726815709272],[79.86026480459934,6.9077121903456336],[79.86025588315918,6.907697282645046],[79.86024685053168,6.907682412178438],[79.86023773042365,6.9076675915860495],[79.86022868295109,6.907652831359037],[79.86021963377432,6.907638241651545],[79.86021079243673,6.907624170401231],[79.86019514481984,6.907598594903843],[79.86018405780565,6.907580428890116],[79.86017503136387,6.9075657222972655],[79.86016604361245,6.907550914981771],[79.86015707417675,6.907536103354139],[79.86014784992076,6.907521449734856],[79.86013879275829,6.907506593400749],[79.86012965958173,6.907491884762321],[79.86012074946281,6.907477042855488],[79.86011160171543,6.90746242328665],[79.86010256794802,6.90744767005235],[79.86009358042305,6.907432896938211],[79.86008451248587,6.907418060377095],[79.86007528787414,6.907403372645935],[79.86006622414587,6.907388676767568],[79.86005710557704,6.907373992802785],[79.86004792317341,6.907359292726207],[79.86003881458312,6.907344587576635],[79.86002981074367,6.90732978500692],[79.86002067137844,6.907315040067363],[79.86001131334102,6.907300427862229],[79.86000214236303,6.907285681919765],[79.85999303705832,6.907270942013906],[79.85998383349985,6.907256257769683],[79.85997466103464,6.907241534000045],[79.85996562500142,6.907226738486294],[79.85995645602023,6.907212007501575],[79.85994721780116,6.907197303220211],[79.85993785766144,6.907182630124524],[79.8599285749791,6.907167946281308],[79.85991923444799,6.907153354840036],[79.85990991141344,6.90713870920595],[79.85990053848684,6.907124091238926],[79.85989106875726,6.9071095659216555],[79.8598816635616,6.9070950512537115],[79.85987220198429,6.9070805561305555],[79.85986261389944,6.907066120852356],[79.85985302007884,6.907051681744347],[79.8598433156483,6.907037322154143],[79.85983350974197,6.90702302105712],[79.8598237696043,6.907008630076448],[79.8598140106043,6.9069942882273105],[79.85980416201693,6.90698004008433],[79.85979427886781,6.9069657568447065],[79.85978433450718,6.906951507713515],[79.85977436851518,6.906937339233067],[79.85976450548701,6.906923122694512],[79.8597597145561,6.906916134564124],[79.85975392973,6.906907683946146]]}},{"type":"Feature","properties":{"Type":1.0,"ImageName":null,"Width":0.12,"MCode":null,"SCode":null,"ID":null},"geometry":{"type":"MultiLineString","coordinates":[[[79.85978329157274,6.906896872650719],[79.85978959289875,6.906906415905622]],[[79.85981602790228,6.906944085443612],[79.85982244853142,6.906953704938885]],[[79.85984657758411,6.906990127892278],[79.85985380353918,6.907000416817882]],[[79.85987758621307,6.907036882946259],[79.85988324090746,6.907045668258936]],[[79.85990672387408,6.907081147721683],[79.85991237513427,6.907089959605142]],[[79.85993507467052,6.907125671249912],[79.85994118045627,6.907135316678359]],[[79.85996409847242,6.907171658883367],[79.85997022063775,6.9071815226046915]],[[79.85999337485741,6.90721881662031],[79.8599990796977,6.907228330053436]],[[79.86002212193482,6.907265435177912],[79.860028270648,6.907275508970986]],[[79.86005088500083,6.907312153678924],[79.86005613218349,6.907321097313893]],[[79.86007934062293,6.907358596659311],[79.86008453608429,6.907367302565401]],[[79.86010765859578,6.907405029408835],[79.86011352650114,6.907414797651903]],[[79.86013605760766,6.907451740223793],[79.86014177889408,6.907460963665765]],[[79.86016402108393,6.907497781174898],[79.8601691519686,6.907505955930018]],[[79.86019178930496,6.907543600438084],[79.86019807771612,6.907553707604081]],[[79.86022073058257,6.907590360445273],[79.86022730862764,6.907601033899153]],[[79.8602499105723,6.907638734413568],[79.86025615872583,6.9076490438993305]],[[79.8602796236884,6.907687712307511],[79.86028562566464,6.907697909611076]],[[79.86030845332246,6.907735400421253],[79.86031489494215,6.907745928942699]],[[79.86033729792679,6.907782800401842],[79.86034360340085,6.907793407048791]],[[79.86036580156586,6.907829738454167],[79.8603715295374,6.907839082228809]],[[79.86039335918582,6.907875747358799],[79.86039911968003,6.90788540238516]],[[79.86042107585705,6.907923281773475],[79.86042722234853,6.907933542880488]],[[79.86045011189775,6.907972649404939],[79.86045603309297,6.907982690531435]],[[79.86047623703784,6.9080203077786715],[79.86048208416052,6.908031598335705]],[[79.86050163344046,6.908070435000851],[79.86050710414092,6.908081265368148]],[[79.86054529762534,6.908171477174592],[79.86054896219746,6.908181865284202]],[[79.8605583633154,6.9082246278543415],[79.8605607795539,6.908236714247502]],[[79.86056795822459,6.908276669243877],[79.8605704371782,6.908288694466928]],[[79.86057785248852,6.908330167543777],[79.86057995447811,6.908342139425875]],[[79.86058772037326,6.908384692955705],[79.86058970222707,6.908395584698612]],[[79.8605978969852,6.908440241452864],[79.86059991602983,6.908451942705907]],[[79.86060780302174,6.908494520550386],[79.86060970222961,6.908505215634448]]]}},{"type":"Feature","properties":{"Type":1.0,"ImageName":null,"Width":0.12,"MCode":null,"SCode":null,"ID":null},"geometry":{"type":"MultiLineString","coordinates":[[[79.8606189356961,6.9085304814202555],[79.86062863182612,6.908581613950339]],[[79.86063352935724,6.908606068281386],[79.86064263666987,6.908654288579829]],[[79.86064760321668,6.908680616581366],[79.8606578422342,6.908732420603664]],[[79.8606629729116,6.90875800221846],[79.8606855050114,6.908882841621822]],[[79.8606911851477,6.908909483100523],[79.86071993042717,6.909109016947378]],[[79.86074578608859,6.909106403085569],[79.86070958112845,6.908901089683117]],[[79.86070771191362,6.908879887764874],[79.86068416125842,6.9087525215555]],[[79.86067983343924,6.908728276512124],[79.86067051652817,6.908676427991074]],[[79.86066526424509,6.908649808703484],[79.86065642896112,6.908602458682975]],[[79.86065182360431,6.908577090886255],[79.86064195350313,6.908525657059909]],[[79.86063781610845,6.908503088509515],[79.86063549563197,6.908490643424768]],[[79.86062783503117,6.908449536656479],[79.86062543039282,6.908436643542397]],[[79.86061700959291,6.908393405318493],[79.860614674552,6.90838101604651]],[[79.86060716476965,6.908339278236009],[79.86060506152337,6.908327981994129]],[[79.86059671407662,6.90828560757868],[79.86059499476431,6.908274220349952]],[[79.86058718040337,6.9082315049409395],[79.86058514950817,6.908222026607955]],[[79.8605577221464,6.908121771938039],[79.86055382327771,6.9081122410762505]],[[79.86053343512468,6.908069835030397],[79.86052733794692,6.908058739067701]],[[79.86050627671266,6.908021264948596],[79.86050114792454,6.908012679559587]],[[79.86047720115135,6.9079723142118885],[79.86047174442264,6.907963285032991]],[[79.8604485034622,6.907924234871548],[79.86044262547522,6.907914155510195]],[[79.86041997259417,6.907876215036321],[79.86041363623907,6.907865748544429]],[[79.86039224613594,6.907829716510029],[79.8603871016657,6.907821063865845]],[[79.86036477260963,6.907783649179477],[79.86035872658046,6.9077734990078685]],[[79.86033661143658,6.907736155440588],[79.86033017178347,6.907725588190813]],[[79.86030797722638,6.907688254763476],[79.8603017638945,6.90767804793903]],[[79.8602785092767,6.907639235723906],[79.86027262546135,6.907629632370683]],[[79.86024912598508,6.907590410077003],[79.86024355759548,6.907580920889906]]]}},{"type":"Feature","properties":{"Type":1.0,"ImageName":null,"Width":0.12,"MCode":null,"SCode":null,"ID":null},"geometry":{"type":"MultiLineString","coordinates":[[[79.86010651172003,6.907352826714632],[79.86010021897259,6.907343041851183]],[[79.86007765757,6.907304782972079],[79.86007259820569,6.907296490730916]],[[79.8600501568363,6.90725986352604],[79.86004403531517,6.907249716952598]],[[79.8600216581525,6.907212917648367],[79.86001574819092,6.907203432309232]],[[79.85999288559023,6.907166153447201],[79.85998674086935,6.907155963170416]],[[79.85996382707293,6.907119037583796],[79.8599578362101,6.907109529033922]],[[79.85993525635992,6.90707355253116],[79.8599294654491,6.90706446104875]],[[79.85990679066401,6.907029097137952],[79.85990028135657,6.9070202304075865]],[[79.859876415405,6.906983657171414],[79.85986886200295,6.906972814216863]],[[79.85984456336622,6.906935936284692],[79.85983910224338,6.906927602552224]],[[79.85981235541423,6.906888453326325],[79.85980549204878,6.906878859002591]]]}},{"type":"Feature","properties":{"Type":1.0,"ImageName":null,"Width":0.12,"MCode":null,"SCode":null,"ID":null},"geometry":{"type":"MultiLineString","coordinates":[[[79.86012229266149,6.907359128583901],[79.86011794271894,6.907351868357103]],[[79.86011395487915,6.907345421323558],[79.86010977786286,6.907338603485447]],[[79.86010590844258,6.907332173369525],[79.86010204922619,6.907325602912561]],[[79.86009802132226,6.907318870099882],[79.86009405060143,6.907312542505743]],[[79.86009021702093,6.907306236308637],[79.86008605255181,6.90729895958562]]]}},{"type":"Feature","properties":{"Type":1.0,"ImageName":null,"Width":0.12,"MCode":null,"SCode":null,"ID":null},"geometry":{"type":"LineString","coordinates":[[79.86008140488316,6.9072914631192575],[79.86007734821511,6.907284647903288]]}},{"type":"Feature","properties":{"Type":0.0,"ImageName":null,"Width":0.12,"MCode":null,"SCode":null,"ID":null},"geometry":{"type":"LineString","coordinates":[[79.86063981359237,6.908880690256622],[79.8606420615021,6.908894368758885],[79.86064508724974,6.908910583203586],[79.86064823123152,6.908926777583591],[79.86065140270797,6.908942939363281],[79.86065450660978,6.908959106183291],[79.86065733236052,6.908975303162511],[79.8606598880759,6.908991592526586],[79.860662318522,6.909007286823091],[79.86066426899947,6.909020869722152],[79.86066651795792,6.909035997943454],[79.86066777127023,6.909047537568772],[79.86066859269714,6.909062708822171],[79.86066924418454,6.909079131727502],[79.86066966615181,6.909095568014329],[79.86066995756,6.909111980550088],[79.86066990466355,6.909128296267383],[79.86066979929087,6.909135200297156],[79.86066916126201,6.9091440790389544]]}},{"type":"Feature","properties":{"Type":0.0,"ImageName":null,"Width":0.12,"MCode":null,"SCode":null,"ID":null},"geometry":{"type":"LineString","coordinates":[[79.85911573390227,6.905763365314169],[79.85911086319922,6.905765697004302],[79.85910088970483,6.905770137397085],[79.85908930250208,6.905775402488071],[79.85907868761208,6.905780808396186],[79.85906873506715,6.905785050715126],[79.85904574537788,6.905794212711007],[79.85902939350949,6.905799558783779],[79.85901549841275,6.9058035266023765],[79.859010262273,6.905804824761462],[79.8590012467261,6.905805535218258],[79.85895222184199,6.905808903166922],[79.85894143208013,6.9058096143344905],[79.8589355369648,6.905809609646775],[79.85892196659063,6.905808840229741],[79.85891715082501,6.905808481508216],[79.85890612494897,6.905806817341835],[79.85890048996197,6.905805950566054],[79.85889029855548,6.905803568053015],[79.8588831969557,6.905801906898662],[79.85887085989123,6.90579863738739]]}},{"type":"Feature","properties":{"Type":0.0,"ImageName":null,"Width":0.12,"MCode":null,"SCode":null,"ID":null},"geometry":{"type":"LineString","coordinates":[[79.85881780628708,6.905774828062063],[79.8588081157685,6.905768630766636],[79.85880073688286,6.905763649103497],[79.85879455892729,6.905758782580825],[79.85878141698386,6.905747708759352],[79.85876912633394,6.905735826437339],[79.85875738826206,6.9057233945606455],[79.8587459534448,6.905710686817339],[79.85873477216589,6.905697692315717],[79.85872634658848,6.9056875732341245],[79.85871654267679,6.9056753237205735],[79.85869888050466,6.90565269975189],[79.85868841626025,6.90563859835884],[79.85867835961369,6.9056247358186065],[79.85866854413793,6.9056107089695935],[79.8586591521627,6.905596367118981],[79.85865020488662,6.9055817498763234],[79.858641811662,6.905566785268454],[79.8586338655515,6.905551610889435],[79.85862620748651,6.905536243902598],[79.85861880490066,6.905520481289498],[79.85861205999238,6.905506487555215],[79.85860789122887,6.905496285266058],[79.85860160280512,6.905481114599931],[79.85859503837153,6.905465219051784],[79.85858855541728,6.905449392824964],[79.85858256695813,6.905433354195601],[79.85857675100816,6.905417260085834],[79.85857135928421,6.905401029652706],[79.85856659318638,6.905384548720688],[79.85856260871024,6.905367965636816],[79.85855872698393,6.9053527442109734],[79.858557648857,6.905348401304433],[79.85855457761966,6.905334180098886],[79.85855139387888,6.905317163734177],[79.85854893930009,6.905300193128876],[79.85854633858119,6.905284105531674],[79.8585455504307,6.905279439484412],[79.8585441144186,6.905269751560404],[79.85854201345856,6.905253857595322],[79.8585391639706,6.905237429476981],[79.85853812403737,6.905231901864176],[79.85853652031243,6.905218381903811],[79.85853447386911,6.905200385952918],[79.85853289538625,6.905183296956201],[79.85853167402003,6.905166224315794],[79.85853032051517,6.905149104408455],[79.85852877025836,6.905132053246315],[79.85852727877233,6.905115001065634],[79.8585261865486,6.905097723599866],[79.85852460849875,6.905080535379125],[79.8585229479038,6.905066557814103],[79.85852254244107,6.905048725890067]]}},{"type":"Feature","properties":{"Type":0.0,"ImageName":null,"Width":0.12,"MCode":null,"SCode":null,"ID":null},"geometry":{"type":"LineString","coordinates":[[79.85880222866581,6.905795018690955],[79.85879257133311,6.905787548715697],[79.85877900438214,6.905776771100648],[79.85876714770745,6.905766478939106],[79.85876152364885,6.90576136199139],[79.85874266107989,6.905741402400658],[79.85871441362788,6.905710822446128],[79.85870599088499,6.905700358067855],[79.85869214790291,6.905682714837768],[79.85867498041864,6.905660122295665],[79.85866468515282,6.905646196127996],[79.85865463001694,6.90563228242211],[79.85864508219674,6.905617996069139],[79.85863615018332,6.9056032548572395],[79.85862746070708,6.905588352568501],[79.8586189821529,6.905573440964403],[79.85861125976028,6.905558168395453],[79.85860469235533,6.905544882514375],[79.85859779844749,6.905529911989137],[79.85858583970594,6.905502866359152],[79.85857889005739,6.905486404032756],[79.8585723909803,6.9054704757961325],[79.85856605894972,6.90545447731592],[79.85856020943541,6.905438425901477],[79.85855473554481,6.9054222300462245],[79.85854943144486,6.905405903984324],[79.85854455093532,6.905389469226523],[79.85854017793359,6.905372876427628],[79.85853645639622,6.905356249301725],[79.85853327692348,6.905339373040433],[79.85853029371573,6.905322502521069],[79.8585273988463,6.9053056169054425],[79.85852490387717,6.905290201474198],[79.85852325899324,6.905278918928117],[79.85851927086881,6.905249857275618],[79.85851685791741,6.905230596152179],[79.85851484097604,6.905213550395824],[79.85851321035952,6.905196463835796],[79.85851167868218,6.90517938577675],[79.85851016949913,6.90516232389331],[79.85850872827238,6.905145222939515],[79.85850716111686,6.905128123501593],[79.85850560183347,6.905110943560989],[79.85850416971783,6.905093864786665],[79.85850280519512,6.90507682259384],[79.85850120168652,6.905059660555325],[79.85849976203535,6.905042577396984],[79.85849844468065,6.90502549826354],[79.85849700321656,6.9050085085939905],[79.85849553273553,6.904991565038685],[79.85849401673785,6.904974490778589],[79.85849255607273,6.9049573881358],[79.8584911485321,6.904940270931132],[79.85848970418006,6.904923168348961],[79.85848819909205,6.90490608978973],[79.85848667016306,6.904888985072509],[79.85848519067024,6.90487186387107],[79.85848377339404,6.904854789019958],[79.8584823133855,6.904837679803742],[79.8584808066573,6.904820578214518],[79.85847928344472,6.904803496061236],[79.85847780999325,6.904786430484418],[79.85847633926035,6.9047693379075845],[79.85847476859895,6.904752256685817],[79.8584731522967,6.904735179296653],[79.85847153530275,6.904718075091711],[79.85846988230767,6.904700999904098],[79.85846822697098,6.904683899316408],[79.85846649927268,6.9046611120178945]]}},{"type":"Feature","properties":{"Type":0.0,"ImageName":null,"Width":0.12,"MCode":null,"SCode":null,"ID":null},"geometry":{"type":"LineString","coordinates":[[79.85846163782251,6.904602679056807],[79.85846050079385,6.904587747168342],[79.8584591964261,6.9045707170462975],[79.85845799640829,6.904553700787326],[79.85845677413998,6.90453670266118],[79.85845545397726,6.904519697256511],[79.85845413656295,6.9045027258459335],[79.85845290001014,6.904485775420287],[79.85845170638896,6.904468767164969],[79.85845047622166,6.904451781852754],[79.85844917713719,6.90443482679906],[79.85844777684316,6.904417916611492],[79.85844628805638,6.904400989049865],[79.85844483049141,6.904384140475776],[79.85844346478035,6.904367139794319],[79.85844190449218,6.904350116224268],[79.85844053215692,6.904333056200138],[79.8584391684965,6.904316073903095],[79.85843770374703,6.90429912652548],[79.85843619273213,6.904282153715718],[79.85843468802054,6.904265162037483],[79.85843330407944,6.904248211207069],[79.85843184529702,6.904231003382622],[79.85843041807108,6.904213924581555],[79.85842879270855,6.9041969047244285],[79.85842721089398,6.904179872072062],[79.858425735872,6.904162872143574],[79.85842435748958,6.904145788204302],[79.85842303394476,6.904128689021972],[79.85842155098204,6.904111598932608],[79.8584200887294,6.904094608725762],[79.85841869846072,6.904077550904023],[79.85841729779501,6.904060527551262],[79.85841605707233,6.90404349563455],[79.85841517139167,6.904026429060725],[79.85841456849865,6.904009316119094],[79.85841433836521,6.903992192027839],[79.85841441665391,6.903975118409623],[79.85841504679195,6.90395805930962],[79.85841597320312,6.903941030651017],[79.85841707851041,6.903924041667696],[79.8584183594043,6.903907086206778],[79.85842010665984,6.903890137563636],[79.8584223507219,6.903873224455868],[79.8584248182642,6.903856441610285],[79.85842622443418,6.903847839980843],[79.85842655079126,6.903846251038831],[79.85843117287207,6.903824937864592],[79.85843697750417,6.903799728298853],[79.85844143685868,6.903783223749899],[79.85844624206327,6.903766848633131],[79.85845219757645,6.903746143003336]]}},{"type":"Feature","properties":{"Type":0.0,"ImageName":null,"Width":0.13,"MCode":null,"SCode":null,"ID":null},"geometry":{"type":"LineString","coordinates":[[79.85847146471426,6.9036898655358465],[79.8584768820324,6.903673666414941],[79.8584863663634,6.903645905711358],[79.85849101719423,6.903631231204115],[79.858495998205,6.903616557332162],[79.858500785922,6.9036022973661995],[79.85850672489441,6.9035860479646445],[79.85851056585378,6.903574572070516],[79.858515197798,6.903558859846724],[79.85852130704993,6.903542689577475],[79.85852636189576,6.903525767596652],[79.85853294430981,6.903510210920025],[79.85853902451947,6.903494085689533],[79.85854419655232,6.903475970513378],[79.85854924665671,6.903459644417223],[79.85855347952243,6.903446013980013],[79.85855960757594,6.903429974182323],[79.85856317936077,6.903417508891082],[79.85856936629204,6.903401320752565],[79.85857585339716,6.903381328844071],[79.85858100044513,6.903366160341648],[79.85858565031415,6.903351980778409],[79.85859195776287,6.903334339768741],[79.85859791602293,6.903315852550393],[79.85860555214092,6.903294089530057],[79.85861368480043,6.903271667534245],[79.85861883248099,6.903256169066728],[79.858623148988,6.90324363868827],[79.85862580855127,6.903234239792138],[79.85862863225111,6.903225336159992],[79.85863659759235,6.903204068720315],[79.85864274163994,6.903185547486636],[79.85864744854557,6.903170323140777],[79.85865165244583,6.90315911240624],[79.85865829314085,6.903139877203042],[79.85866562197877,6.903118125046618],[79.85867159173203,6.903100950720328],[79.85867767473992,6.9030847170650524],[79.8586828778107,6.903069572631111],[79.85868874313306,6.903053421544444],[79.85869379463993,6.903036852541928],[79.85869957589811,6.903020609040045],[79.85870502439487,6.903004560660779],[79.85871082929648,6.902988291124189],[79.85871661020423,6.902972545784533],[79.85872238208823,6.9029562985540895],[79.85872833367186,6.902939086677413],[79.85873272878136,6.90292607360808],[79.8587349092413,6.902919668557768],[79.85874054985713,6.90290337270417],[79.85874262179762,6.902897701823341],[79.85874963745162,6.902877331277955],[79.85877591241416,6.9027960731544615],[79.85878385616589,6.902772385855805],[79.85878904588877,6.902755905897756],[79.85879432270832,6.9027394273749545],[79.85879973247009,6.902722983460358],[79.85880514778238,6.902706851281865],[79.85880927408179,6.902694461940152],[79.85881103986881,6.90268885885493],[79.85881825086504,6.902665720712491],[79.85882402166223,6.902648110664772],[79.85882937109798,6.9026316196130875],[79.85883486773457,6.902615256211728],[79.85884037644746,6.902598944194357],[79.85884546026541,6.902583035225245],[79.85884900664485,6.902571988793915],[79.85885461275925,6.902554642143834],[79.85888762329603,6.902452410233139],[79.85889781438968,6.902419939687442],[79.85890288316168,6.902402989595373],[79.85891208179537,6.902374939170567],[79.85891541663777,6.902365591625284],[79.85892043974559,6.902350136063582],[79.85895702645205,6.9022361033622195],[79.85896908589282,6.902197653874385],[79.85897428372638,6.9021811168878],[79.85897966641066,6.902164621402242],[79.85898490246831,6.902148108264902],[79.85899027926843,6.902131661766499],[79.85899554725795,6.90211514239679],[79.85900072320536,6.9020986323715725],[79.85900607425009,6.902082184612521],[79.85901156271808,6.902065736449892],[79.85901687931597,6.902049208076468],[79.85902216052463,6.902032676061727],[79.85902740974923,6.902016108231817],[79.85903289796347,6.901999623984876],[79.85903824732394,6.901983140554834],[79.8590433650407,6.901966595897703],[79.8590485972147,6.901950082957108],[79.85905398501666,6.901933669274284],[79.85905928131473,6.901917187949325],[79.85906454596359,6.901900638743899],[79.85906981785786,6.90188400229495],[79.8590751445428,6.901867955315477],[79.85907806938515,6.9018590175339005],[79.8590863235566,6.901833926541612],[79.85909326474838,6.901812647105659],[79.85909859212735,6.90179614760688],[79.85910379836547,6.901779620192156],[79.85910902893735,6.9017631284859355],[79.85911435387906,6.90174664055977],[79.85911964111776,6.901730100489889],[79.85912491664328,6.901713560218578],[79.85913028030038,6.9016970545733605],[79.85913558826181,6.901680532067244],[79.85914087017515,6.901664014536123],[79.85914626490164,6.901647539049063],[79.85915154252501,6.901631108172537],[79.85915536805753,6.901618021211616],[79.8591565785341,6.901613669716822],[79.85916165026107,6.901599988834486],[79.85916772237614,6.901581557394722],[79.85917103569203,6.901570312707074],[79.85917855082619,6.9015469434873244],[79.85918595231817,6.901523693855486],[79.8591912338865,6.9015071805939465],[79.85919652491195,6.9014906661182485],[79.85920186378169,6.901474166050539],[79.85920708710479,6.901457605780215],[79.85921237302972,6.901441067788755],[79.85921779236394,6.901424617498029],[79.85922297213604,6.9014081014607],[79.85922687120552,6.901395428770382],[79.85923404270314,6.9013727808812835],[79.85924196719043,6.901348222091993],[79.8592472736268,6.901331802242965],[79.85924975490217,6.901323902126286],[79.85925024738256,6.901322776350293],[79.85925072509961,6.901321684321792]]}},{"type":"Feature","properties":{"Type":0.0,"ImageName":null,"Width":0.13,"MCode":null,"SCode":null,"ID":null},"geometry":{"type":"LineString","coordinates":[[79.85926991181756,6.901256112753702],[79.85928264599563,6.901215668113184],[79.85928760184862,6.901199913463316],[79.85928992613756,6.901192068452865],[79.85929348227201,6.901181170064883],[79.85929987694895,6.901161965706041],[79.85930510204665,6.90114655282361],[79.85931037943632,6.901130105023348],[79.85931557527047,6.901113612365286],[79.8593208785944,6.901097125898861],[79.8593261639166,6.901080594477198],[79.85933149492557,6.901064100513377],[79.85933672915351,6.901047591398933],[79.85934191625752,6.901031056699936],[79.85934718565633,6.9010145880530676],[79.8593524681565,6.900998127169111],[79.85935766929835,6.9009815986117164],[79.85936289110037,6.900965059104366],[79.85936822845136,6.90094860301797],[79.85937332163473,6.90093211097238],[79.85937848373389,6.900915512326971],[79.85938362638306,6.90089898925693],[79.85938870750653,6.900882439751586],[79.85939394049957,6.900865924101316],[79.85939922548836,6.900849464882291],[79.85940441716811,6.900832967713007],[79.85940963984274,6.90081644905937],[79.85941480657314,6.900799914363478],[79.85941998105038,6.900783372843865],[79.85942525347963,6.9007668514022],[79.8594305724988,6.900750355282703],[79.85943583680582,6.900733847035277],[79.85944114248494,6.900717332118257],[79.85944628489207,6.9007007261139615],[79.85945155039495,6.900684222831173],[79.85945681372478,6.900667713550157],[79.85946206803064,6.900651260977089],[79.85946714241926,6.9006347361496365],[79.8594722635625,6.900618199072285],[79.85947744669012,6.900601670772121],[79.85948262555213,6.900585220530896],[79.8594880134483,6.900568779977462],[79.85949325162163,6.900552238167794],[79.85949846738625,6.900535718334141],[79.85950361390353,6.900519214162925],[79.85950876047319,6.900502701846539],[79.85951413255889,6.900486307010703],[79.85951935160504,6.900469845549962],[79.85952470424654,6.900453349115751],[79.85952990913805,6.900436861343682],[79.8595352290164,6.900420391708452],[79.8595404701675,6.900403868669158],[79.85954554431562,6.900387304316956],[79.85955073276868,6.900370789338218],[79.85955614599821,6.900354294890388],[79.85956142050615,6.900337796408996],[79.85956665516716,6.900321280254968],[79.8595718499572,6.900304774500346],[79.85957708738454,6.900288275031108],[79.85958223837696,6.900271751377493],[79.85958749976304,6.900255250120423],[79.85959284000715,6.9002387899077045],[79.85959797975774,6.900222232035194],[79.85960319649685,6.9002056460193835],[79.85960855423919,6.900189137296609],[79.85961361481205,6.900172530741977],[79.85961898763178,6.900156015872443],[79.85962421461026,6.900139523306372],[79.8596293332737,6.900123001522527],[79.85963460051913,6.900106473539639],[79.85963991099185,6.900090000384248],[79.85964518954658,6.900073536139939],[79.85965045687752,6.900057064989091],[79.85965581492337,6.90004062761981],[79.85966103391752,6.900024187117875],[79.85966601785896,6.90000831677629],[79.85967114937274,6.89999196763901],[79.85967650961918,6.89997547337003],[79.85968196873777,6.899959004632799],[79.85968725416501,6.8999425285163785],[79.85969244816152,6.899926043319351],[79.85969754363154,6.899909506420402],[79.85970299157587,6.899893058404091],[79.85970828804162,6.899876570649175],[79.8597135619244,6.899860057434383],[79.8597190055734,6.899843596971243],[79.85972456939582,6.89982719131825],[79.85972984730918,6.89981071510577],[79.85973540010175,6.8997943542858025],[79.85974097907459,6.899778000125783],[79.8597465808485,6.8997622537271805],[79.85974882661188,6.899755943256991],[79.85976224470018,6.899714395054623],[79.85977274437248,6.899683386123175],[79.85977894236541,6.899667257580969],[79.85978502912755,6.899651035546915],[79.85979137907131,6.8996348770774],[79.85979788963628,6.899618791559214],[79.85980472487938,6.899602908711425],[79.85981169354268,6.899587099213157],[79.85981886414369,6.899571369729976],[79.85982615927158,6.899555669692741],[79.85983378992252,6.899540021443533],[79.85984633441102,6.899514673776347],[79.85985736993759,6.89949250903861],[79.85986538211883,6.899477131361317],[79.85987365845452,6.899461929908819],[79.8598825662946,6.899447106722709],[79.8598920835737,6.899432610166731],[79.85990172492805,6.899418218023166],[79.85991158006595,6.899403966322476],[79.85992168352037,6.899389885946089],[79.8599276216994,6.899381826169746],[79.85993976681075,6.899365822300421],[79.85995566195274,6.899345125165619],[79.8599664914281,6.899332446745801]]}},{"type":"Feature","properties":{"Type":0.0,"ImageName":null,"Width":0.13,"MCode":null,"SCode":null,"ID":null},"geometry":{"type":"LineString","coordinates":[[79.8599157294037,6.899290291669163],[79.85990686097857,6.899301270869743],[79.85989670986274,6.899314023269957],[79.85988663408394,6.899326943447101],[79.8598767469537,6.899340039629747],[79.8598671125337,6.899353431300947],[79.85985987507772,6.899363853180439],[79.85985511885873,6.899371297649946],[79.85983669929104,6.899400532713424],[79.85982649853551,6.899417085784938],[79.85981789693022,6.899431056703352],[79.8598097669647,6.899445309035692],[79.85980206207651,6.899459839316924],[79.85979461478313,6.899474468658785],[79.85978709365104,6.899489075078285],[79.85977963177334,6.8995036835377075],[79.85977242114383,6.899518362333086],[79.85976536071925,6.89953307135066]]}},{"type":"Feature","properties":{"Type":0.0,"ImageName":null,"Width":0.12,"MCode":null,"SCode":null,"ID":null},"geometry":{"type":"LineString","coordinates":[[79.85839756358675,6.904607281433777],[79.85839663147846,6.9045907588743445],[79.85839557182673,6.90457438404489],[79.85839442788813,6.904557976768299],[79.8583932669399,6.904541567170928],[79.8583921923214,6.904525185423295],[79.85839110594942,6.904508784878317],[79.85839002948002,6.904492404645043],[79.85838881891738,6.904476000379931],[79.8583875751356,6.904459647762901],[79.85838601965457,6.904443233595539],[79.85838475509217,6.904426814845429],[79.85838342744358,6.904410391669027],[79.85838239853102,6.904393994668924],[79.85838100705234,6.904377701920407],[79.85837938760119,6.904361394981267],[79.8583778615875,6.904345074295264],[79.85837656814255,6.904320012752943]]}},{"type":"Feature","properties":{"Type":null,"ImageName":null,"Width":null,"MCode":null,"SCode":null,"ID":null},"geometry":{"type":"LineString","coordinates":[[79.8640462152639,6.907668952067549],[79.86404563393135,6.907668818932111],[79.86402882636764,6.907664969702299],[79.86402773755,6.907664590863574],[79.8640235677948,6.907662274132889],[79.86401539442727,6.907656099392893],[79.86401386618121,6.907655008055585],[79.86401097255984,6.907652972831278],[79.86400154692896,6.90765067618004],[79.86399731434022,6.907649989920556],[79.863991787854,6.907648095570269],[79.86399103796423,6.907647838525575]]}},{"type":"Feature","properties":{"Type":null,"ImageName":null,"Width":null,"MCode":null,"SCode":null,"ID":null},"geometry":{"type":"LineString","coordinates":[[79.86384139660662,6.90762540493442],[79.8638423508016,6.907625884505904],[79.86385334142005,6.907631408310934],[79.8638565956059,6.907633042118167],[79.8638665912008,6.907637750227867],[79.86386998099627,6.907639442423601],[79.86388493557529,6.907646523889314],[79.8638860705032,6.907647061313521]]}},{"type":"Feature","properties":{"Type":null,"ImageName":null,"Width":null,"MCode":null,"SCode":null,"ID":null},"geometry":{"type":"LineString","coordinates":[[79.86379777330703,6.9076051528835025],[79.86379927930487,6.907605954639274],[79.863801444116,6.907607107130832],[79.86380442741256,6.907608451072164],[79.86381432508108,6.90761308149216],[79.86381771598084,6.907614787898916],[79.86383290336502,6.907621797474945],[79.86383431659448,6.9076224497359755]]}},{"type":"Feature","properties":{"Type":null,"ImageName":null,"Width":null,"MCode":null,"SCode":null,"ID":null},"geometry":{"type":"LineString","coordinates":[[79.8640664712289,6.907677738510375],[79.86406690546272,6.907677882372285],[79.86407674872925,6.907681143451694],[79.86407802691092,6.907681916089806],[79.86407931606585,6.9076820202800775],[79.86407951834802,6.907682036628641]]}},{"type":"Feature","properties":{"Type":null,"ImageName":null,"Width":null,"MCode":null,"SCode":null,"ID":null},"geometry":{"type":"LineString","coordinates":[[79.86404941060646,6.907670976888778],[79.86405943915913,6.907678727080165]]}},{"type":"Feature","properties":{"Type":null,"ImageName":null,"Width":null,"MCode":null,"SCode":null,"ID":null},"geometry":{"type":"LineString","coordinates":[[79.8640462152639,6.907668952067549],[79.86404563393135,6.907668818932111],[79.86402882636764,6.907664969702299],[79.86402773755,6.907664590863574],[79.8640235677948,6.907662274132889],[79.86401539442727,6.907656099392893],[79.86401386618121,6.907655008055585],[79.86401097255984,6.907652972831278],[79.86400154692896,6.90765067618004],[79.86399731434022,6.907649989920556],[79.863991787854,6.907648095570269],[79.86399103796423,6.907647838525575]]}},{"type":"Feature","properties":{"Type":null,"ImageName":null,"Width":null,"MCode":null,"SCode":null,"ID":null},"geometry":{"type":"LineString","coordinates":[[79.86384139660662,6.90762540493442],[79.8638423508016,6.907625884505904],[79.86385334142005,6.907631408310934],[79.8638565956059,6.907633042118167],[79.8638665912008,6.907637750227867],[79.86386998099627,6.907639442423601],[79.86388493557529,6.907646523889314],[79.8638860705032,6.907647061313521]]}},{"type":"Feature","properties":{"Type":null,"ImageName":null,"Width":null,"MCode":null,"SCode":null,"ID":null},"geometry":{"type":"LineString","coordinates":[[79.8640664712289,6.907677738510375],[79.86406690546272,6.907677882372285],[79.86407674872925,6.907681143451694],[79.86407802691092,6.907681916089806],[79.86407931606585,6.9076820202800775],[79.86407951834802,6.907682036628641]]}},{"type":"Feature","properties":{"Type":null,"ImageName":null,"Width":null,"MCode":null,"SCode":null,"ID":null},"geometry":{"type":"LineString","coordinates":[[79.86404941060646,6.907670976888778],[79.86405943915913,6.907678727080165]]}},{"type":"Feature","properties":{"Type":0.0,"ImageName":null,"Width":0.12,"MCode":null,"SCode":null,"ID":null},"geometry":{"type":"LineString","coordinates":[[79.86409557240641,6.9075397011331345],[79.86408723080241,6.9075596652137055],[79.86408014915907,6.907572722433886],[79.86407644269445,6.907578469389185],[79.86407551933391,6.907579476077183],[79.86406934504627,6.907585863400991],[79.8640588648604,6.907595674883407],[79.86405366517495,6.907599573664642],[79.8640512092013,6.907600604181497],[79.86404138749073,6.907604106571838],[79.86403054024342,6.907607555368018],[79.86403019423786,6.907607665047241],[79.86402772268018,6.907607753563893],[79.8640218299399,6.907607964606684],[79.8640209758767,6.907607972709891],[79.86401947375414,6.907607964982549],[79.86401660243529,6.90760751457321],[79.86400789153781,6.907606100039661],[79.86400584882902,6.9076055783562325],[79.86399808429967,6.907602911777173],[79.86398304674124,6.90759672961301],[79.8639683111868,6.907589728617986],[79.8639536568014,6.907582442733411],[79.86392658214379,6.907569092963859],[79.86390907974696,6.9075612572046206],[79.86389358895173,6.907553944743346],[79.86387812024927,6.907546609760042],[79.86386271641867,6.907539279092177],[79.86384728303464,6.907531983361853],[79.86383180749516,6.9075246755826685],[79.86381632873821,6.907517401310844],[79.86380086022213,6.907510020928897],[79.8637853639191,6.907502795232331],[79.86376981599504,6.907495784653571],[79.86375422073174,6.907488758992431],[79.86373866919138,6.907481543279875],[79.86372353194848,6.907473685633841]]}},{"type":"Feature","properties":{"Type":1.0,"ImageName":null,"Width":0.12,"MCode":null,"SCode":null,"ID":null},"geometry":{"type":"MultiLineString","coordinates":[[[79.86399098214028,6.907647777173693],[79.86397724689589,6.907638062967902]],[[79.86397591523601,6.9076372127267005],[79.86395804842951,6.907633424457315]]]}},{"type":"Feature","properties":{"Type":1.0,"ImageName":null,"Width":0.12,"MCode":null,"SCode":null,"ID":null},"geometry":{"type":"LineString","coordinates":[[79.86395695972419,6.907632453581862],[79.86394286129432,6.90762255703219]]}},{"type":"Feature","properties":{"Type":0.0,"ImageName":null,"Width":0.12,"MCode":null,"SCode":null,"ID":null},"geometry":{"type":"LineString","coordinates":[[79.86407505502686,6.907733679403447],[79.864085905282,6.907737120376141],[79.86409821893047,6.907740947369346],[79.86411563433862,6.907745658046461],[79.86414247057441,6.907752528707531],[79.86415906621117,6.907755852475024],[79.86417519299019,6.907759745625204],[79.8641911892186,6.90776418438619],[79.86420698390297,6.907769288395158],[79.86422192168133,6.907775294347745],[79.86423463359532,6.907781761678324],[79.86424864431204,6.907790073478611],[79.86426257757694,6.907799502283704],[79.86427477113024,6.907808929555855],[79.86428226570798,6.907816557089089],[79.86429225696845,6.907826905288338],[79.8642976621161,6.907833772836817],[79.86431559924442,6.907850632867247],[79.86433180178234,6.9078660800493825],[79.86433629625462,6.907870652468602],[79.86433629548041,6.90787065383099],[79.86433595479706,6.90787125326924]]}},{"type":"Feature","properties":{"Type":0.0,"ImageName":null,"Width":0.12,"MCode":null,"SCode":null,"ID":null},"geometry":{"type":"LineString","coordinates":[[79.86435088376372,6.907886385721691],[79.86436730471101,6.907903202549933],[79.86437888960589,6.907915775282446],[79.86439069426653,6.907928285655609],[79.86440261706701,6.907940790219731],[79.86441440234205,6.907953294801527],[79.86442608299299,6.9079658563563155],[79.86443756298253,6.90797862465065],[79.8644488391819,6.9079915565773256],[79.86445979492638,6.908004735549174],[79.86447060977476,6.908018027458423],[79.86448144427874,6.908031295766853],[79.86449168321384,6.90804505453089],[79.86450121376774,6.908059285107335],[79.86450963419625,6.908074157167098],[79.86451702157854,6.908089632774095],[79.86452203891388,6.90810116427477],[79.86452286606408,6.90810380761605],[79.86452554771449,6.908113517192062],[79.8645298335373,6.908129668124179],[79.86453358678943,6.908146470020644],[79.86453598751014,6.908159947228942],[79.86453621614362,6.90816549850515],[79.86453616770042,6.908185377585669],[79.86453509871686,6.9082028964545135],[79.86453271265432,6.908219588757454],[79.8645293367945,6.908234348517794],[79.86452554953274,6.908246253070429],[79.86452004492882,6.90826158556305],[79.86451374634439,6.90827613287163],[79.86450693838037,6.90828985191713],[79.86449891839926,6.90830463448256],[79.86449040383017,6.908317993328495],[79.86448104495099,6.908332092867676],[79.86447139306055,6.908346305006897],[79.86446143098817,6.908360284946391],[79.86445138443065,6.908374174683508],[79.86444140630205,6.908388094215169],[79.8644313909233,6.908402050232733],[79.86442137386676,6.908415955574223],[79.86441126070906,6.908429842883137],[79.86440121506246,6.908443806678031],[79.86439121886146,6.908457741194541],[79.86438121066276,6.90847167052116],[79.86437113484388,6.908485553045078],[79.8643611245124,6.908499441988111],[79.8643511426808,6.9085133661451055],[79.86434108373774,6.908527257154237],[79.8643310343132,6.908541155325924],[79.86432096237277,6.9085550266777584],[79.86431080584263,6.908568871320047],[79.86430084803715,6.9085828048359526],[79.86429087306165,6.908596697809421],[79.86428081385185,6.908610576814349],[79.8642707823056,6.908624438195544],[79.86426072348779,6.908638274392685],[79.86425061553143,6.908652116192769],[79.8642405323823,6.908665984769025],[79.86422566609828,6.90868723973294]]}},{"type":"Feature","properties":{"Type":0.0,"ImageName":null,"Width":0.12,"MCode":null,"SCode":null,"ID":null},"geometry":{"type":"LineString","coordinates":[[79.86423809525748,6.908695055604929],[79.86425075224699,6.908677630549732],[79.86426086476017,6.908663789436779],[79.864270943739,6.908649916046368],[79.86428098053528,6.908635986883238],[79.86429102242501,6.908622071457725],[79.86430107378379,6.908608180116728],[79.86431106037772,6.908594238783264],[79.86432110253939,6.90858032621276],[79.86433114234225,6.908566427546987],[79.86434119436862,6.908552501916052],[79.86435130535659,6.9085386759085425],[79.86436138484095,6.9085247924683815],[79.86437147021341,6.90851082775568],[79.86438160207426,6.908496940249054],[79.86439171033976,6.90848300792925],[79.86440180396066,6.908469060609039],[79.86441181614333,6.908455127510634],[79.86442179527245,6.908441146732461],[79.86443173045531,6.908427172770752],[79.86444178835542,6.908413273726773],[79.86445186545038,6.908399402144981],[79.86446191416897,6.908385482108876],[79.86447197921248,6.908371550868597],[79.86448198297977,6.908357612983223],[79.86449171737965,6.908343507605641],[79.86450105041406,6.908329119548884],[79.8645099737423,6.908314455036251],[79.86451847270648,6.908299522091511],[79.86452638700302,6.908284259956883],[79.86453341561922,6.908268532896367],[79.86453945017003,6.908252479125196],[79.86454459498125,6.90823640763632],[79.86454786782465,6.9082233915760645],[79.86454842617772,6.908220445726297],[79.86454948284877,6.908211463474328],[79.86455135316736,6.9081964921508145],[79.86455221703831,6.9081875778438935],[79.86455226843664,6.908185099015146],[79.86455182044725,6.9081761502498304],[79.86455162991037,6.90817272177776],[79.8645506588369,6.908159237514089],[79.86454873972501,6.908146236200483],[79.86454800987936,6.90814227679914],[79.86454471463045,6.908126629951791],[79.8645399971912,6.908109741431266],[79.86453441471613,6.908093577574136],[79.86452786990718,6.908077685416976],[79.86452049797924,6.90806240950763],[79.86451353360671,6.908050608121734],[79.86450454385573,6.908037473757615],[79.86449448319314,6.908023581099367],[79.86448406281497,6.908009917561016],[79.86447325011838,6.907996557437863],[79.86446215853955,6.9079834589930185],[79.86445075142534,6.907970570786553],[79.86443912870527,6.907957973456604],[79.86442744837282,6.907945426691832],[79.86441566083886,6.907932907040293],[79.86440383179502,6.907920386224002],[79.86439206935023,6.907908018343802],[79.864380494806,6.90789577175437],[79.86436866686678,6.907883508628673],[79.86435679222669,6.907871104358295],[79.86434516570482,6.907858564505388],[79.86433374596876,6.9078458035682475],[79.8643224502789,6.907832834359886],[79.86431705089814,6.9078266037784575],[79.8643063806798,6.9078130561437066]]}},{"type":"Feature","properties":{"Type":0.0,"ImageName":null,"Width":0.12,"MCode":null,"SCode":null,"ID":null},"geometry":{"type":"LineString","coordinates":[[79.86433647783348,6.907870416106943],[79.86431367938296,6.907844627186823],[79.86430556080076,6.907835340754132],[79.86430359316611,6.9078330369051715],[79.86429559609668,6.907823154728664]]}},{"type":"Feature","properties":{"Type":1.0,"ImageName":null,"Width":0.12,"MCode":null,"SCode":null,"ID":null},"geometry":{"type":"MultiLineString","coordinates":[[[79.8642896097584,6.907816379308767],[79.86428387074947,6.90780897715853]],[[79.86427731130044,6.90780105076851],[79.86426994451918,6.907792182027711]],[[79.86426380798453,6.907783512410639],[79.86425801338495,6.9077762208365865]],[[79.86425148286004,6.907767648849671],[79.86424500193671,6.907758880187568]],[[79.86423930795497,6.907750457379077],[79.86423400579244,6.907743068361687]],[[79.86422772280629,6.907733758961069],[79.86422222468647,6.90772587764386]],[[79.86421672788798,6.907717307635101],[79.86421142610526,6.907709721849037]],[[79.86420592978016,6.907700905879304],[79.86420111987098,6.907693517804506]],[[79.86419581959899,6.9076851449424215],[79.86419061494821,6.907678248036877]],[[79.86418594040553,6.907668606395848],[79.86418383465102,6.9076607541173125]],[[79.86417643331471,6.907652908270991],[79.86417032055627,6.9076440332646305]],[[79.86416646688961,6.9076359792832855],[79.86416119265556,6.907626297244069]],[[79.86415550446536,6.907617050121066],[79.8641521343936,6.907609664802048]]]}},{"type":"Feature","properties":{"Type":1.0,"ImageName":null,"Width":0.12,"MCode":null,"SCode":null,"ID":null},"geometry":{"type":"MultiLineString","coordinates":[[[79.86415522469828,6.9075824995636115],[79.86415866852131,6.907591538023949]],[[79.86416422146203,6.907603750488106],[79.8641692054669,6.907611830648863]],[[79.86417399498731,6.907621063424345],[79.8641780141236,6.907630871158562]],[[79.864183000834,6.907637510157362],[79.86418827348618,6.907645446770418]],[[79.864194027764,6.907652903907607],[79.86419809818304,6.907661078419935]],[[79.86420109159118,6.907666848891801],[79.86420588353064,6.907674784584584]],[[79.86421299662624,6.9076855926800835],[79.86421759615217,6.907693595260118]],[[79.86423490748804,6.907718249965629],[79.86424059555414,6.907726586895086]],[[79.86424618909412,6.9077344252445885],[79.8642518648306,6.907742737337526]],[[79.86426018012219,6.907754659061843],[79.86426575790884,6.907762068285735]],[[79.86427168430619,6.9077699405859905],[79.86427683926536,6.907777083360887]],[[79.86428261046157,6.907783745229478],[79.86428869864199,6.907791962186985]]]}},{"type":"Feature","properties":{"Type":1.0,"ImageName":null,"Width":0.12,"MCode":null,"SCode":null,"ID":null},"geometry":{"type":"LineString","coordinates":[[79.86429580754188,6.907800547587023],[79.86430148652022,6.9078071686957605]]}},{"type":"Feature","properties":{"Type":0.0,"ImageName":null,"Width":0.12,"MCode":null,"SCode":null,"ID":null},"geometry":{"type":"LineString","coordinates":[[79.86487834621391,6.908290606404646],[79.86486703380238,6.908284936735216],[79.86485297565432,6.908277820152406]]}},{"type":"Feature","properties":{"Type":0.0,"ImageName":null,"Width":0.12,"MCode":null,"SCode":null,"ID":null},"geometry":{"type":"LineString","coordinates":[[79.86484712266629,6.9082747891174785],[79.86483423166563,6.9082690600340975],[79.86481833836966,6.908262740882469],[79.86480320845745,6.908257963196633],[79.86479034638292,6.908255226261729],[79.86477782529342,6.90825380422036],[79.86476412439104,6.9082532700473545],[79.86475136118196,6.908253972739346],[79.86473822570599,6.908255903048306],[79.86472414535254,6.908258862757555],[79.86471269665218,6.908262460606368],[79.86470131154984,6.908267273229188],[79.86468900911821,6.9082735605683085],[79.86467814895848,6.908280366885315],[79.86466759386202,6.9082882448044405],[79.86465431719625,6.908298772996693],[79.86464142378603,6.908310000093063],[79.86462918247591,6.908321984138421],[79.86461737432072,6.908334242509156],[79.86460606582655,6.90834663431677],[79.86459518358596,6.908359842974347],[79.86458448680796,6.908373234005385],[79.8645741153429,6.908386831844205],[79.86456385636357,6.908400539002415],[79.864553743296,6.908414347845124],[79.86454373164128,6.908428198171675],[79.86453369540384,6.908442018468748],[79.8645236620897,6.908455836515336],[79.86451359091876,6.908469677667622],[79.86450357492762,6.908483598228235],[79.86449356840951,6.908497459871932],[79.8644835878863,6.908511329624269],[79.86447381979443,6.908525435645646],[79.86446384633804,6.908539397034366],[79.86445407963748,6.908552295957498],[79.86445151134551,6.908555659942012],[79.86444822802477,6.908560285272613],[79.86443964606204,6.908572029975129],[79.8644296839246,6.9085859433938905],[79.86441977221834,6.90859987819734],[79.86440965702597,6.908613655221999],[79.86439963403377,6.9086274617351515],[79.86438969231041,6.908641323788468],[79.86437971729045,6.908655172622952],[79.86436973523811,6.908669064076539],[79.86435973588497,6.908682935859711],[79.86434973021274,6.908696777453134],[79.86433988988914,6.908710846937119],[79.86432985264344,6.90872481420538],[79.86431975876688,6.908738645453197],[79.86431507152848,6.908745193548466],[79.86431438409117,6.908746101220514]]}},{"type":"Feature","properties":{"Type":0.0,"ImageName":null,"Width":0.12,"MCode":null,"SCode":null,"ID":null},"geometry":{"type":"LineString","coordinates":[[79.86457618641629,6.907978917691388],[79.86457884238227,6.907986193471688],[79.86458376353885,6.908000249482032],[79.86458562921734,6.908006543003971],[79.8645874924536,6.908013164101327],[79.86459199207461,6.908029177415869],[79.86459345886915,6.908033759909708],[79.86459751450751,6.908045917454162],[79.86459831502931,6.908048899926015],[79.86460019811926,6.9080584806755025],[79.864602901885,6.908073730203937],[79.86460533844311,6.908089737778571],[79.86460729576744,6.9081058952778065],[79.86460855840888,6.90812190347826],[79.86460938563134,6.908138214386758],[79.86460961943492,6.908154751124554],[79.86460948567981,6.908171313387832],[79.86460873204396,6.908187531199247],[79.86460594055212,6.908212232042551]]}},{"type":"Feature","properties":{"Type":0.0,"ImageName":null,"Width":0.12,"MCode":null,"SCode":null,"ID":null},"geometry":{"type":"LineString","coordinates":[[79.86459984276642,6.907941777178941],[79.86461291823868,6.907971907152796],[79.86461744703054,6.907984637167104],[79.86462351429088,6.908001705961679],[79.86462577513915,6.908007247314468],[79.8646296580843,6.908016715042064],[79.86463085564712,6.908020889862668],[79.86463335411105,6.908029901636505],[79.86463489893754,6.908035939572422],[79.86463915912267,6.908052724284237],[79.86464042813452,6.90805807957969],[79.86464395125329,6.908073388698121],[79.86464472587107,6.908077403388342],[79.86464636126617,6.908088010506961],[79.86464672531288,6.908090897195388],[79.8646472143571,6.908098315523747],[79.86464777196711,6.908107135238934],[79.86464944132182,6.908134503394496],[79.86464993633788,6.908155632634119],[79.86465045607859,6.908172194532369],[79.8646498645895,6.908179837330585],[79.86464945151607,6.9081810873818625],[79.86464944313643,6.908181158066836],[79.86464877702022,6.908186800887798],[79.86464775134893,6.90819947808702],[79.86464835440546,6.908209600898229]]}},{"type":"Feature","properties":{"Type":0.0,"ImageName":null,"Width":0.12,"MCode":null,"SCode":null,"ID":null},"geometry":{"type":"LineString","coordinates":[[79.86464835262022,6.908209310605042],[79.86466267008565,6.908193144879833],[79.86467080123305,6.908184951389773],[79.86467373865611,6.908182704561555],[79.86467805792266,6.908179021439733],[79.86469430087075,6.908165039942384],[79.86469886880928,6.908160868036089],[79.8647007937335,6.9081591071403725],[79.86472173782259,6.908140518101621],[79.86473242872984,6.908131022513661],[79.86474593333841,6.9081183617621615]]}},{"type":"Feature","properties":{"Type":0.0,"ImageName":null,"Width":0.12,"MCode":null,"SCode":null,"ID":null},"geometry":{"type":"LineString","coordinates":[[79.86464721940362,6.9080999949958635],[79.86468545181982,6.908125056180429],[79.86472755680978,6.908135349722346]]}},{"type":"Feature","properties":{"Type":0.0,"ImageName":null,"Width":0.12,"MCode":null,"SCode":null,"ID":null},"geometry":{"type":"LineString","coordinates":[[79.86464921613423,6.9081236200205565],[79.8646773008626,6.908142554690274],[79.86470983746007,6.908150851542152]]}},{"type":"Feature","properties":{"Type":0.0,"ImageName":null,"Width":0.12,"MCode":null,"SCode":null,"ID":null},"geometry":{"type":"LineString","coordinates":[[79.86464973919995,6.908147218065638],[79.86467019957401,6.908159964255257],[79.86469499802656,6.908164403227318]]}},{"type":"Feature","properties":{"Type":0.0,"ImageName":null,"Width":0.12,"MCode":null,"SCode":null,"ID":null},"geometry":{"type":"LineString","coordinates":[[79.86465026116281,6.908169677129218],[79.86465336244524,6.908172726598417],[79.86465990959714,6.908179164366656],[79.86466226179724,6.9081804714470865],[79.86467686958626,6.908179747860219]]}},{"type":"Feature","properties":{"Type":0.0,"ImageName":null,"Width":0.12,"MCode":null,"SCode":null,"ID":null},"geometry":{"type":"LineString","coordinates":[[79.8646488602695,6.908186095663947],[79.86465465948274,6.908191825924321],[79.8646626700852,6.908193144879803]]}},{"type":"Feature","properties":{"Type":0.0,"ImageName":null,"Width":0.12,"MCode":null,"SCode":null,"ID":null},"geometry":{"type":"LineString","coordinates":[[79.86478533714849,6.908119989133848],[79.86476219443873,6.908142016121736],[79.8647565824101,6.908147055111771],[79.86474641309894,6.908156166537672],[79.86474321635637,6.908158941955876],[79.86473239846235,6.908168380157333],[79.86472065371903,6.908179095988064],[79.8647088675087,6.908189769954897],[79.86469736392407,6.908200620174702],[79.86468610450585,6.908211284447548],[79.86468176174185,6.908215380897407],[79.8646684733322,6.9082281750700965]]}},{"type":"Feature","properties":{"Type":1.0,"ImageName":null,"Width":0.12,"MCode":null,"SCode":null,"ID":null},"geometry":{"type":"MultiLineString","coordinates":[[[79.86464901730227,6.908247567545175],[79.86461373522441,6.908282376316576]],[[79.86459668660403,6.908300943968186],[79.86458292336872,6.908316156190363]],[[79.8645814553704,6.908317822297605],[79.86456599024659,6.908337350162856]],[[79.86455495002112,6.908352186094263],[79.86454967947536,6.90835964106101]],[[79.86449116965741,6.90844041028416],[79.8644832746763,6.908450835545812]],[[79.86445783198386,6.908486716079131],[79.86445140893537,6.908495454720816]],[[79.86442644356423,6.908529883430156],[79.86441963526464,6.908539881853281]],[[79.86439379091556,6.9085752403025245],[79.8643872021559,6.90858428709474]],[[79.8643618294829,6.908619714770286],[79.86435517245695,6.908628526037766]],[[79.86432968713137,6.908664226464135],[79.86432401028215,6.908672025142649]],[[79.86429708224459,6.908709647386594],[79.86429161953136,6.908717253908511]]]}},{"type":"Feature","properties":{"Type":1.0,"ImageName":null,"Width":0.12,"MCode":null,"SCode":null,"ID":null},"geometry":{"type":"MultiLineString","coordinates":[[[79.86426134742761,6.908697840860208],[79.86426862116534,6.908687655378431]],[[79.86429479355122,6.908651334448537],[79.86430094194621,6.908642756345031]],[[79.86432735037941,6.908605994107331],[79.86433292339512,6.908598285490414]],[[79.86435889179785,6.90856242581876],[79.8643650993996,6.908553797666994]],[[79.86439136006926,6.908517463985809],[79.86439769999627,6.908508583306057]],[[79.86442301333037,6.908473552003339],[79.86442806185548,6.90846653500058]],[[79.86445443079566,6.9084299555291295],[79.86446013339587,6.908421516822279]],[[79.86448639027371,6.908385976744257],[79.86449210754729,6.908377657103115]],[[79.86451661669406,6.908340394020678],[79.86452219905746,6.90833135499139]],[[79.8645435590318,6.9082938822407725],[79.86454772883323,6.908284983771381]],[[79.86456362013507,6.908241389044459],[79.86456398036707,6.90823711634153]],[[79.86457122164882,6.908194381900608],[79.86457161584931,6.908184823503327]]]}},{"type":"Feature","properties":{"Type":1.0,"ImageName":null,"Width":0.12,"MCode":null,"SCode":null,"ID":null},"geometry":{"type":"LineString","coordinates":[[79.86456964317898,6.9081408129118085],[79.8645678498893,6.908131546277359]]}},{"type":"Feature","properties":{"Type":1.0,"ImageName":null,"Width":0.12,"MCode":null,"SCode":null,"ID":null},"geometry":{"type":"MultiLineString","coordinates":[[[79.86464812493827,6.908209424541112],[79.86464183947321,6.908223418355759]],[[79.86463833111547,6.908234433261036],[79.86463483061459,6.908244968806861]],[[79.86463129786182,6.908253402863966],[79.86462816572251,6.908262068747805]],[[79.86462361206715,6.908272486154435],[79.8646201326828,6.908281030431478]],[[79.86461568352745,6.90829086293676],[79.86461233142415,6.908299571445545]]]}},{"type":"Feature","properties":{"Type":1.0,"ImageName":null,"Width":0.12,"MCode":null,"SCode":null,"ID":null},"geometry":{"type":"MultiLineString","coordinates":[[[79.86460391737774,6.908223443658937],[79.86460082771409,6.908234930459548]],[[79.86459811750456,6.90824704593515],[79.86459472041555,6.908257074572558]],[[79.86459047961793,6.908269220369237],[79.86458714437308,6.908278924934067]]]}},{"type":"Feature","properties":{"Type":1.0,"ImageName":null,"Width":0.12,"MCode":null,"SCode":null,"ID":null},"geometry":{"type":"LineString","coordinates":[[79.86458292825152,6.90828904104146],[79.86457988449969,6.908296151930146]]}},{"type":"Feature","properties":{"Type":0.0,"ImageName":null,"Width":0.12,"MCode":null,"SCode":null,"ID":null},"geometry":{"type":"LineString","coordinates":[[79.86273043026284,6.909595551652898],[79.86271786551873,6.909590506036572],[79.86270279490746,6.909583569028318],[79.86269141783843,6.909577247080012],[79.86268744120088,6.909574266262241],[79.86268379247575,6.909570573107411],[79.86267238922605,6.909558851952333],[79.8626610882183,6.909546723553831],[79.86265241759641,6.909536621343001],[79.86265166928432,6.909535288663231],[79.86265237241781,6.90953394971232],[79.86265284837499,6.9095336808244525],[79.86265570522703,6.909533503741158],[79.86265934956366,6.909534234902943],[79.86266070376587,6.909534648509843],[79.86266803761292,6.909537474717686],[79.86268178233959,6.909542743014671],[79.86269728964356,6.909548536287109],[79.86271268273873,6.909554265797501],[79.8627280853429,6.9095601004073295],[79.86274487405096,6.9095664139277115]]}},{"type":"Feature","properties":{"Type":0.0,"ImageName":null,"Width":0.12,"MCode":null,"SCode":null,"ID":null},"geometry":{"type":"LineString","coordinates":[[79.86277698352691,6.909614251771067],[79.86279215523871,6.909620418696808],[79.86280793840797,6.909626893177744],[79.86282372828407,6.909633348398798],[79.86283952927873,6.909639789530113],[79.86285527313511,6.909646177597706],[79.86287097762033,6.90965256142476],[79.86288673718771,6.909659056788105],[79.86290246128672,6.909665737637274],[79.8629180262867,6.909672552944551],[79.86293365750805,6.909679496875639],[79.86294919270803,6.909686558351791],[79.8629645780742,6.90969379535055],[79.86297998793437,6.909701079476176],[79.86299518337364,6.90970878483303],[79.86301027085986,6.909716884991698],[79.86302513075671,6.90972521863294],[79.86303987767093,6.909733771773464],[79.86305450944873,6.909742605645544],[79.863069106511,6.9097514937642455],[79.86308343596968,6.909760601831404],[79.86309810006384,6.909769492789224],[79.86311269142361,6.909777833112583],[79.86312680788541,6.909785130702406],[79.86314172744235,6.9097931563825785],[79.86315675063128,6.909801355457265],[79.86317181669571,6.909809420081356],[79.86318704990624,6.9098171276364955],[79.86320233084372,6.909824823717701],[79.86321808909597,6.9098316003371885],[79.86323419063862,6.909837437004612],[79.86325053056368,6.909842556550929],[79.86326688914859,6.909847372157648],[79.86328332920212,6.909852082750196],[79.86329986267296,6.909856383782449],[79.8633165731414,6.90986006724937],[79.86333348037735,6.909862860045369],[79.86335049743329,6.909864875637558],[79.86336752048376,6.90986652163541],[79.86338410294877,6.909867308494883],[79.86338942961247,6.9098674427298015],[79.86339592797427,6.909867256011241],[79.86339927877731,6.909867124833594],[79.8634049915535,6.909865496307876],[79.86341526855595,6.909861618807391],[79.86342558465911,6.909856391506212],[79.86343488154411,6.909850389638109],[79.86344505096137,6.909842593342407],[79.86345586788988,6.90983302679174],[79.86346732803386,6.909821771544195],[79.86347304867415,6.9098160105272655],[79.86348106873906,6.909807681853183]]}},{"type":"Feature","properties":{"Type":0.0,"ImageName":null,"Width":0.12,"MCode":null,"SCode":null,"ID":null},"geometry":{"type":"LineString","coordinates":[[79.86420824993677,6.908710323563567],[79.86419840598167,6.908724225358063],[79.86418829601625,6.908738202215755],[79.8641781408658,6.908752169739105],[79.8641680149547,6.9087661410615],[79.86415783281382,6.9087801095005865],[79.86414772667777,6.908794170273915],[79.86413771522281,6.908808235324126],[79.8641275593989,6.908822210324844],[79.8641174121253,6.908836199586992],[79.8641072560976,6.9088502195184285],[79.86409709972285,6.908864232652947],[79.86408701201809,6.908878288807898],[79.86407692776702,6.9088923552532036],[79.86406676905692,6.908906398190334],[79.86405658278638,6.908920438296243],[79.86404655311581,6.9089344967762925],[79.8640364255374,6.908948471867461],[79.8640264038319,6.908962529130914],[79.864016311108,6.9089765795576],[79.86400617054012,6.908990610111927],[79.86399603318537,6.90900463444681],[79.86398595328517,6.909018692597827],[79.86397579023141,6.90903268941628],[79.86396560246534,6.909046668315382],[79.86395548734335,6.909060693491615],[79.86394543479587,6.909074734325454],[79.86393543451929,6.909088732438882],[79.8639254287026,6.909102780942457],[79.86391520607685,6.909116698109359],[79.863905151543,6.90913070425067],[79.86389500453309,6.90914469656326],[79.86388487578084,6.90915871680182],[79.86387475041334,6.9091727138111],[79.86386476838375,6.909186784739136],[79.86385474935699,6.909200824896389],[79.86384476850364,6.909214896927778],[79.86383471217775,6.9092288946173674],[79.8638246025932,6.909242905425805],[79.8638144288163,6.9092569315992],[79.86380425323765,6.909270949367588],[79.86379420978153,6.909285011197486],[79.86378412963114,6.9092990541934745],[79.86377411044855,6.909313084555126],[79.8637639625307,6.909327023792037],[79.86375387947865,6.909341040866956],[79.86374397149164,6.909355163225879],[79.86373387091629,6.909369112582585],[79.86372366881083,6.909383082089494],[79.8637138104562,6.909397318185807],[79.86370360995207,6.9094113398595915],[79.86369344842035,6.909425374258809],[79.8636832262288,6.909439423027537],[79.86367298612983,6.909453417875248],[79.86366286709007,6.909467479808093],[79.86365271293273,6.90948142347998],[79.86364253645819,6.9094952603243405],[79.8636323575213,6.909509230459124],[79.86362225436707,6.909523339630671],[79.8636120779613,6.909537372892735],[79.86360182466117,6.909551324667729],[79.86359170926607,6.909565284074376],[79.86358153608344,6.909579220468152],[79.86357133311675,6.909593178954936],[79.86356099737044,6.909607017738153],[79.86355052053831,6.909620745022032],[79.86354023335517,6.909634601701905],[79.86352971256994,6.909648314590055],[79.86351910805858,6.909661942673208],[79.86350833209204,6.9096755099122396],[79.86349739946392,6.909688972412355],[79.86348610704574,6.909702050552809],[79.86347417398149,6.9097144262478665],[79.86346227065002,6.909725077154643],[79.86345306488127,6.909731616967111],[79.86344358021609,6.909736702654128],[79.86343293315942,6.9097413094528735],[79.86342992983862,6.90974251830808],[79.86342757168018,6.909743028728672],[79.86341482258497,6.909746116733226],[79.86340080578148,6.90974846676404],[79.86338976955163,6.909748465167424],[79.8633745892626,6.909747172498303],[79.86335737061364,6.909745265604972],[79.86334024206748,6.909742664763002],[79.86332339433675,6.909738976319316],[79.86330692144674,6.9097340648808245],[79.86329278143101,6.909728446549791],[79.86327977030025,6.909722063935492],[79.86326521986261,6.9097145609738275],[79.86325001580111,6.909707106730843],[79.86324426682582,6.909704342403578],[79.86322722385282,6.909694883449027],[79.8632076550349,6.909684514529817],[79.86319220874151,6.909676711506191],[79.86317668419103,6.909668638065122],[79.86316118819865,6.909660587847856],[79.86314586168346,6.909652581176436],[79.86313064389397,6.9096445379004265],[79.86312428038939,6.909641175065316],[79.8631242803897,6.9096411750654125],[79.86312424085857,6.909641153478794],[79.86311385409554,6.909635481615931],[79.86310546089744,6.909630898371734],[79.86310545438886,6.909630925284526],[79.86310410816698,6.909628937680234],[79.86310405658311,6.909628673005303],[79.8631045459351,6.909624872434895],[79.86310797283588,6.909615092669934]]}},{"type":"Feature","properties":{"Type":0.0,"ImageName":null,"Width":0.12,"MCode":null,"SCode":null,"ID":null},"geometry":{"type":"LineString","coordinates":[[79.86305912154587,6.909597744335967],[79.8630572804962,6.909601494999173],[79.86305663273126,6.909602090962772],[79.86305440233966,6.909603294646119],[79.86305218214194,6.909603929125756],[79.86305082371975,6.909603331026165],[79.86304384641382,6.909599964559943],[79.8630293656292,6.909592953299152],[79.86301437445225,6.909585797898837],[79.86299935449948,6.909578696354996],[79.86298420784134,6.909571880408687],[79.86296907049035,6.909565057796745],[79.86295396901846,6.909558235263674],[79.86293884508099,6.9095513146382235],[79.86292369391008,6.90954428147463],[79.86290909443684,6.9095378127292495],[79.8629039754687,6.909535563780006],[79.86288042034855,6.909524812399469],[79.86285865872085,6.909514885177168],[79.86284362970703,6.909508027777966],[79.8628371185709,6.9095050561727005],[79.86282438371195,6.909499690613544]]}},{"type":"Feature","properties":{"Type":0.0,"ImageName":null,"Width":0.12,"MCode":null,"SCode":null,"ID":null},"geometry":{"type":"LineString","coordinates":[[79.86282204636856,6.909514672353721],[79.8628379225831,6.909521557289087],[79.86285296846553,6.909528140963893],[79.8628676451617,6.909534802337693],[79.86288017359671,6.909540661036722],[79.86289570889997,6.9095476796668756],[79.8629211350422,6.909559013316396],[79.86293768287024,6.909566529437212],[79.86296436517044,6.909578748468052],[79.86298086772871,6.909586296801246],[79.86299584087688,6.909593317434943],[79.86301075033595,6.90960026318571],[79.86302562027434,6.909607055815499],[79.86303882724191,6.909613264162054],[79.86304245887173,6.9096150004027965],[79.86304738269567,6.909617521866097],[79.86305029105395,6.909619012185175],[79.86307681507554,6.90963264139899],[79.86310324553861,6.909646301165774],[79.8631141123749,6.9096517503492665]]}},{"type":"Feature","properties":{"Type":1.0,"ImageName":null,"Width":0.12,"MCode":null,"SCode":null,"ID":null},"geometry":{"type":"MultiLineString","coordinates":[[[79.86282091308632,6.909533800052113],[79.86283025141209,6.909537430220048]],[[79.86287137634115,6.909554417948235],[79.86287993381224,6.909557885410087]],[[79.86291827806998,6.909574063880785],[79.86292761171086,6.9095784449252715]],[[79.86296736940595,6.90959540872575],[79.86297666646884,6.909599672690083]],[[79.8630143559248,6.909617594259078],[79.86302404486861,6.9096224066740115]],[[79.86306221086195,6.909642660235539],[79.86307026181584,6.909646714969243]],[[79.86310747234813,6.909666595888129],[79.86311241537135,6.909669154362227]],[[79.8631509796017,6.909690145223103],[79.86315861063773,6.909694263421052]],[[79.86319684643055,6.909714839787065],[79.8632054566649,6.909719292162835]]]}},{"type":"Feature","properties":{"Type":1.0,"ImageName":null,"Width":0.12,"MCode":null,"SCode":null,"ID":null},"geometry":{"type":"LineString","coordinates":[[79.86324028997585,6.909737215449465],[79.86324962793157,6.909742006654185]]}},{"type":"Feature","properties":{"Type":1.0,"ImageName":null,"Width":0.12,"MCode":null,"SCode":null,"ID":null},"geometry":{"type":"MultiLineString","coordinates":[[[79.86281008324069,6.9095603644322034],[79.86281969521455,6.9095640849918984]],[[79.86285997693196,6.909580383089166],[79.86286934725766,6.9095842674678325]],[[79.86290767038835,6.909600570460636],[79.86291681182676,6.909604499277634]],[[79.86295523408998,6.909621602596976],[79.86296489568112,6.909626113636139]],[[79.86300221344014,6.9096437877858765],[79.86301146554949,6.909648333960044]],[[79.863049121358,6.9096676477469785],[79.86305785866966,6.909672235047188]],[[79.86309480622383,6.909692322645862],[79.86310366400905,6.909697040602034]],[[79.86313755102165,6.909715582956763],[79.86314589950794,6.909720119991905]],[[79.86318340246115,6.9097401690243325],[79.86319223057482,6.909745161740182]],[[79.86322977651474,6.909763970640752],[79.863239068556,6.909768410323597]],[[79.8632778117376,6.90978634096459],[79.86328669621504,6.909789719814603]],[[79.86332621798246,6.9098025628277],[79.86333289555313,6.90980420949003]],[[79.86337428339493,6.909810494065485],[79.86338399835174,6.909809875025609]]]}},{"type":"Feature","properties":{"Type":0.0,"ImageName":null,"Width":0.12,"MCode":null,"SCode":null,"ID":null},"geometry":{"type":"LineString","coordinates":[[79.8634623429186,6.90982705315505],[79.86344463764243,6.909833741102024],[79.86343017658169,6.9098378254989035],[79.86341752392876,6.909839909351964],[79.86341007284037,6.909840721281704],[79.86340730365457,6.9098408722843265],[79.86339665701672,6.9098408755281],[79.86337971132536,6.9098399098798815],[79.863362738378,6.909838099018045],[79.86334582219058,6.90983582669449],[79.86332901468164,6.909832849350461],[79.86331243332555,6.909828867595218],[79.86329607310711,6.909823912719041],[79.8632799775098,6.909818229876592],[79.8632641053162,6.909812063301326],[79.86324844218016,6.909805311881853],[79.86323305330164,6.90979789908603],[79.86321780624276,6.909790309273737],[79.86320257177806,6.909782697673069],[79.8631873454545,6.909775055156652],[79.8631721728526,6.909767263243517],[79.86315708058083,6.909759440654622],[79.86314201130202,6.909751494779541],[79.8631270064032,6.909743442706377],[79.86311219346098,6.909735352264668],[79.86309818059804,6.9097273484340205],[79.86308318698045,6.90971931793576],[79.86306804566095,6.909711406219671],[79.863053028416,6.909703368904638],[79.86303807956727,6.909695281139278],[79.86302304044811,6.909687264389255],[79.86300795265439,6.909679456284446],[79.86299279841836,6.90967180374274],[79.86297755634187,6.9096642135597826],[79.86296217020919,6.90965686876474],[79.86294673115306,6.909649673813071],[79.86293123395399,6.909642609699995],[79.86291559737931,6.909635775954692],[79.86289990186818,6.909629020273476],[79.86288421589249,6.909622374214027],[79.86286851849977,6.909615779779009],[79.86285276787352,6.909609209473789],[79.8628369885594,6.909602693366794],[79.8628211652979,6.909596317028534],[79.86280798096652,6.909591121533156]]}},{"type":"Feature","properties":{"Type":0.0,"ImageName":null,"Width":0.12,"MCode":null,"SCode":null,"ID":null},"geometry":{"type":"LineString","coordinates":[[79.86279005584686,6.909584039254735],[79.86280779244795,6.909591121369475]]}},{"type":"Feature","properties":{"Type":0.0,"ImageName":null,"Width":0.12,"MCode":null,"SCode":null,"ID":null},"geometry":{"type":"LineString","coordinates":[[79.86429649555156,6.9087707454792024],[79.86428290351778,6.908789604640135],[79.86427309389092,6.908803246306074],[79.86426326684007,6.908816840819333],[79.8642534268246,6.90883045536488],[79.86424357079095,6.908844052191324],[79.86423381776835,6.908857657205184],[79.86422401382195,6.908871252204615],[79.86421426155631,6.9088848539834595],[79.86420451182715,6.90889849113065],[79.86419465190193,6.9089120707286735],[79.86418473014196,6.90892559736098],[79.86417490211961,6.908939168362729],[79.86416511013381,6.908952781325284],[79.86415519753287,6.908966332301854],[79.86414534938085,6.908979914187312],[79.8641355476054,6.908993547123159],[79.86412576757697,6.909007160355803],[79.86411591034688,6.909020751453629],[79.86410602097918,6.9090343668019605],[79.8640961975169,6.9090482532690745],[79.86408630005539,6.90906191476796],[79.86407650637808,6.909075535471297],[79.86406667717594,6.909089127882649],[79.8640568950337,6.9091026655276435],[79.86405254846314,6.90910873223646],[79.8640346578097,6.909133568656524]]}},{"type":"Feature","properties":{"Type":0.0,"ImageName":null,"Width":0.12,"MCode":null,"SCode":null,"ID":null},"geometry":{"type":"LineString","coordinates":[[79.86402228906319,6.909148197097866],[79.86402228906319,6.909148197097868],[79.86401338247974,6.9091423273491595],[79.86400359758873,6.909135878764849],[79.86400048149218,6.909140277396818],[79.86399219387508,6.909151830283018],[79.86398212450679,6.909165846631855],[79.8639721310206,6.909179910375612],[79.86396206283148,6.909193976469408],[79.86395198964397,6.909208040240315],[79.86394192554438,6.90922206127876],[79.86393190089636,6.909236138127462],[79.8639217178039,6.909250174320486],[79.86391145273988,6.909264148104674],[79.86390150059609,6.909278186956011],[79.8638914442508,6.909292058896789],[79.86388139501716,6.909306067466539],[79.86387134873952,6.909320073847762],[79.86386122091287,6.909333916061704],[79.86385426833864,6.909343717504923],[79.8638516070345,6.90934742508447],[79.86384594748964,6.9093552978435735],[79.86384552932242,6.909355821048559],[79.86384514077614,6.909356211769482],[79.86384615280177,6.9093569463681055],[79.86384965929857,6.909359291023048],[79.8638516819797,6.909360472241599],[79.86385180951076,6.909360545355685],[79.86385475350485,6.909362458319275],[79.86386293231809,6.9093707859338345],[79.86385507532255,6.909383426858777],[79.86383960241666,6.909404930709444],[79.86382907414546,6.909419700167147],[79.86381900071396,6.909433640304719],[79.86381075162218,6.909445212189712],[79.86380829589807,6.909448661976039],[79.86379954118391,6.909460880821468],[79.86379097054626,6.909472569063027],[79.86378882373144,6.909475469768555],[79.86378173686829,6.909485044577785],[79.86377190804781,6.909498571369911],[79.86376183265952,6.909512548058235],[79.86375202529759,6.909526463989409],[79.86374207036849,6.909540318037484],[79.86373203258357,6.909554331349987],[79.8637220826655,6.909568417375261],[79.86371196810542,6.909582362171197],[79.86370197930032,6.909596345933269],[79.86369230037985,6.909610046849693],[79.86368247057513,6.909624086797131],[79.86367259173942,6.90963816285009],[79.86366278436145,6.909652305438],[79.8636532764408,6.909666652666131],[79.86364391542888,6.909681030698578],[79.86363494110861,6.909695768364199],[79.8636262875503,6.909710939840032],[79.86361784091567,6.9097249343780245],[79.86361525882306,6.909729288210632],[79.86360774894457,6.909744214209845],[79.8636001915822,6.909761159189912],[79.8635942649305,6.90977741857955],[79.86358948118071,6.909793332447945],[79.86358817022659,6.909798080579501],[79.86358747527015,6.909803285147344],[79.86358547455151,6.909817297364774],[79.86358367588848,6.909834031875217],[79.86358318982117,6.909839490189241],[79.8635830866508,6.909843286694685],[79.86358308161375,6.909856441916965],[79.86358411663092,6.909866873049148],[79.86358468113451,6.909869401455142],[79.8635852208597,6.909872712063476],[79.86358808463686,6.909885124466812],[79.86359252727114,6.909901696620105],[79.8635944413681,6.909908335747968],[79.86360089320644,6.909920938100742],[79.86361050565978,6.909938335033744],[79.86361433221255,6.909944737606453],[79.86363193000874,6.909965756130065],[79.86365203616357,6.909989747361863],[79.8636634744842,6.910002681807188],[79.86367503640531,6.91001550093132],[79.8636863703351,6.910028423727383],[79.86370346451815,6.91004779879774]]}},{"type":"Feature","properties":{"Type":0.0,"ImageName":null,"Width":0.12,"MCode":null,"SCode":null,"ID":null},"geometry":{"type":"LineString","coordinates":[[79.86351313006472,6.909962447632626],[79.86349659500648,6.909940865469772],[79.86348660408083,6.9099271663107125],[79.8634769538305,6.9099131845475465],[79.86346760948369,6.909898970473145],[79.86346095989738,6.909889034929515],[79.86345917634914,6.909887109547608],[79.86345579291304,6.909889533376176],[79.86344486107522,6.909897583017268],[79.86343117288665,6.909907533662861],[79.8634174058732,6.90991682720601],[79.86340486953388,6.909923985492944],[79.86339389577871,6.909928785176336],[79.86338039443089,6.909933710855803],[79.86337015088154,6.909936689883678],[79.86336822766924,6.909937161429273],[79.8633641381854,6.909938022034141],[79.863365181224,6.909939549345135],[79.86337474414711,6.909948263092648],[79.86338685139144,6.9099596546194375],[79.86339915294514,6.909971361412163],[79.86341146550025,6.909983018809669],[79.86342380561625,6.90999466242519],[79.86343617737101,6.910006268800324],[79.86344806319997,6.910016885482358],[79.86345091375044,6.910019278498087],[79.86345205906242,6.9100187357986975],[79.8634525514917,6.910018417191127],[79.86345449546137,6.910015638846007],[79.86346213495845,6.910004964081119],[79.86347252780331,6.909991719794047],[79.86348372309524,6.909979659845712],[79.86349199466407,6.90997249789182],[79.86349453285804,6.909970680480492],[79.86349851503023,6.909968572307658],[79.8635014717509,6.90996700923327],[79.86350763846424,6.909964543301752],[79.86351313006199,6.909962447631818]]}},{"type":"Feature","properties":{"Type":0.0,"ImageName":null,"Width":0.12,"MCode":null,"SCode":null,"ID":null},"geometry":{"type":"LineString","coordinates":[[79.86345922553976,6.909887502031859],[79.86345341272349,6.9098984140201445],[79.8634465876431,6.909910501511011]]}},{"type":"Feature","properties":{"Type":0.0,"ImageName":null,"Width":0.12,"MCode":null,"SCode":null,"ID":null},"geometry":{"type":"LineString","coordinates":[[79.86346779328572,6.909899412691706],[79.86346485663212,6.909905819100525],[79.86346029605075,6.909915673482331],[79.8634562099713,6.909924492550012]]}},{"type":"Feature","properties":{"Type":0.0,"ImageName":null,"Width":0.12,"MCode":null,"SCode":null,"ID":null},"geometry":{"type":"LineString","coordinates":[[79.86347587246347,6.909911809279579],[79.86347357665966,6.909917100938043],[79.8634693166806,6.909927015264811],[79.86346508078364,6.909936931990369]]}},{"type":"Feature","properties":{"Type":0.0,"ImageName":null,"Width":0.12,"MCode":null,"SCode":null,"ID":null},"geometry":{"type":"LineString","coordinates":[[79.86348404990473,6.909923642881978],[79.8634818572887,6.909930200236715],[79.86347827399455,6.9099404766809895],[79.86347489323836,6.9099500970847805]]}},{"type":"Feature","properties":{"Type":0.0,"ImageName":null,"Width":0.12,"MCode":null,"SCode":null,"ID":null},"geometry":{"type":"LineString","coordinates":[[79.86349330456305,6.909936276802795],[79.86349152480449,6.909942622825637],[79.863488894141,6.909953298622405],[79.86348626273815,6.909964373990421]]}},{"type":"Feature","properties":{"Type":0.0,"ImageName":null,"Width":0.12,"MCode":null,"SCode":null,"ID":null},"geometry":{"type":"LineString","coordinates":[[79.86350361219925,6.909949853754635],[79.86350112475273,6.909958694852882],[79.86349829520182,6.9099687882396745]]}},{"type":"Feature","properties":{"Type":0.0,"ImageName":null,"Width":0.12,"MCode":null,"SCode":null,"ID":null},"geometry":{"type":"LineString","coordinates":[[79.86340830634599,6.909922041573213],[79.86341812814725,6.90991998677127],[79.86342465734072,6.909918471624526]]}},{"type":"Feature","properties":{"Type":0.0,"ImageName":null,"Width":0.12,"MCode":null,"SCode":null,"ID":null},"geometry":{"type":"LineString","coordinates":[[79.86336726941344,6.909941582116173],[79.8633783139658,6.909938873871958],[79.86339094281952,6.909935799228375],[79.8634037440611,6.909932494152224],[79.86341826717381,6.909928839007781]]}},{"type":"Feature","properties":{"Type":0.0,"ImageName":null,"Width":0.12,"MCode":null,"SCode":null,"ID":null},"geometry":{"type":"LineString","coordinates":[[79.86337580389723,6.909949067366524],[79.86338700977116,6.909947044470649],[79.86339832529562,6.909945122065734],[79.86340876551877,6.909943453617777]]}},{"type":"Feature","properties":{"Type":0.0,"ImageName":null,"Width":0.12,"MCode":null,"SCode":null,"ID":null},"geometry":{"type":"LineString","coordinates":[[79.86338455155988,6.909957586872538],[79.8633907386989,6.909956813900563],[79.86339936059443,6.909955897459259]]}},{"type":"Feature","properties":{"Type":0.0,"ImageName":null,"Width":0.12,"MCode":null,"SCode":null,"ID":null},"geometry":{"type":"LineString","coordinates":[[79.86342709491414,6.909839791665765],[79.86342613768339,6.909842220975408],[79.86342411686289,6.909847349517975],[79.86342415332756,6.909848605735452],[79.86343108183635,6.909851253599992]]}},{"type":"Feature","properties":{"Type":0.0,"ImageName":null,"Width":0.12,"MCode":null,"SCode":null,"ID":null},"geometry":{"type":"LineString","coordinates":[[79.86344006864786,6.909837046120079],[79.86343956950893,6.90983838015108],[79.86343851577118,6.909841196438746],[79.86343857221155,6.909841836874377],[79.8634427464099,6.909842549868811]]}},{"type":"Feature","properties":{"Type":0.0,"ImageName":null,"Width":0.12,"MCode":null,"SCode":null,"ID":null},"geometry":{"type":"LineString","coordinates":[[79.86349654942688,6.910055748475308],[79.86349168177458,6.910045200238122],[79.86348940423987,6.910037350179878],[79.86348952555149,6.910035325025775],[79.86349025563536,6.910033409045956],[79.86349308590613,6.910027935453356],[79.8634956944462,6.910023783242927],[79.86349805677825,6.910022373533207],[79.86350492680303,6.910019046081405],[79.86351167207317,6.910017131151679],[79.86351415389251,6.9100172422359405],[79.86351421013974,6.910017245772449],[79.86351421014004,6.910017245772535],[79.86351546609508,6.910017783987418],[79.86351826144701,6.910018981880604],[79.86352089116981,6.910020619238074],[79.86352716225814,6.910024582834074],[79.86352834469726,6.910025735999097],[79.86353340101293,6.91003149685795],[79.86354416492276,6.910044041598728],[79.8635552152779,6.910057110100158],[79.86356640498272,6.910070055987534],[79.8635776084162,6.910082984539319],[79.8635887610748,6.9100959479167745],[79.86360003992225,6.910108859137941],[79.86361129487456,6.910121796600223],[79.86362251078263,6.9101347510821265],[79.86363405248365,6.910147476735661],[79.86364569555842,6.910160111493633],[79.86365722334062,6.910172702326018],[79.8636687162363,6.910185361386902],[79.86368026659633,6.910198099302924],[79.86369180640143,6.910210806485119],[79.86370336730793,6.910223444495154],[79.86371493174713,6.910236094868379],[79.86372650580438,6.910248832513218],[79.86373817884461,6.910261456266335],[79.86374982567924,6.910274045520187],[79.86376154129417,6.91028654406201],[79.86377314412509,6.910299119994531],[79.86378471953691,6.910311715664981],[79.86379644103503,6.910324246123156],[79.86380809024818,6.910336799063436],[79.86381967642802,6.9103493671716585],[79.86383128693024,6.910361918476878],[79.86384286105306,6.91037452218788],[79.86385452600585,6.910387114075412],[79.86386623833224,6.910399630631462],[79.86387798488705,6.910412162415094],[79.86388965937476,6.9104247861965735],[79.86390114293071,6.910437429021847],[79.8639126343234,6.910450079792592],[79.86392414270078,6.910462823141903],[79.8639354692541,6.91047570176895],[79.86394667191162,6.910488599836224],[79.86395790564266,6.9105014564021605],[79.86396925263448,6.910514270722358],[79.86398050735167,6.9105272388780445],[79.8639973422761,6.9105468276884245]]}},{"type":"Feature","properties":{"Type":0.0,"ImageName":null,"Width":0.12,"MCode":null,"SCode":null,"ID":null},"geometry":{"type":"LineString","coordinates":[[79.86402611747627,6.910582652925994],[79.864037415179,6.910595763572463],[79.86404840275159,6.910608817038745],[79.86405911310987,6.910622113921839],[79.86406977027842,6.910635458290059],[79.86408037535537,6.910648749844995],[79.86409104183674,6.910662009136777],[79.86410170242698,6.910675381797972],[79.86411213358389,6.9106888964699325],[79.86412256601841,6.910702401394611],[79.86413304217686,6.910715900831708],[79.86414326845842,6.910729571894611],[79.86415343722815,6.910743323452909],[79.8641638393317,6.9107569726014075],[79.86417398623523,6.910770782060056],[79.86418407784379,6.910784565866389],[79.86419417868751,6.910798332341407],[79.86420396828365,6.91081231682279],[79.864213640034,6.9108264573838545],[79.86422339017608,6.910840651126886],[79.86423296075782,6.910854841806525],[79.86424255156278,6.910868957754115],[79.86425211701628,6.910883145558873],[79.8642616641473,6.910897343344146],[79.86426979420239,6.910910013806433],[79.86427501046084,6.9109182377762375],[79.86430185727058,6.91096076662202],[79.86431426766416,6.910981575957151],[79.86432311984557,6.910996243769256],[79.86433188063731,6.911010927918568],[79.8643415032859,6.911025072724711],[79.86435107342955,6.911039239156171],[79.86436013057452,6.9110537504421705],[79.86436896298135,6.911068384988618],[79.86437784105553,6.911083008763828],[79.86438661140548,6.911097631818503],[79.86439549350908,6.911112193300498],[79.86440458515482,6.911126673494362],[79.86441341538283,6.911141380654217],[79.86442248417386,6.91115586971297],[79.8644313438365,6.911170419139448],[79.86443990195792,6.9111849735147],[79.8644431883114,6.911190577253384],[79.86444791099284,6.911199135592459],[79.86445560167765,6.911213974798499],[79.86446352424785,6.911229184226353],[79.86447129306666,6.9112444277746015],[79.86447480724676,6.911251667202953],[79.86448644170926,6.911279204876332]]}},{"type":"Feature","properties":{"Type":0.0,"ImageName":null,"Width":0.12,"MCode":null,"SCode":null,"ID":null},"geometry":{"type":"LineString","coordinates":[[79.86449859473097,6.911323149607957],[79.8645030240546,6.911339217008823],[79.86450753172345,6.911355338124299],[79.864512016279,6.911371425275466],[79.86451645886325,6.911387504084815],[79.86452096891549,6.911403558764194],[79.8645255461789,6.911419580596024],[79.86453008440762,6.911435652231501],[79.86453364673797,6.911447991984942],[79.86453452038745,6.911451048579618],[79.86453674147046,6.911458860384119],[79.86453717925399,6.911460200487803],[79.86453801931101,6.911462163996745],[79.86453811790508,6.911462748203664],[79.86453763278605,6.911464751009391],[79.86453603791854,6.9114676565723485],[79.86453419902308,6.911468830484656],[79.8645288579449,6.911469111902196],[79.8645150700483,6.911470239449411],[79.86449844806766,6.911471810502799],[79.86448211669757,6.9114736683079],[79.86447596569195,6.911474448806963],[79.86446433406252,6.9114776778619245],[79.86445582165464,6.91147990946561]]}},{"type":"Feature","properties":{"Type":0.0,"ImageName":null,"Width":0.12,"MCode":null,"SCode":null,"ID":null},"geometry":{"type":"LineString","coordinates":[[79.863140998702,6.911649290833236],[79.86315809589502,6.911648947602391],[79.86317525126424,6.911648031312166],[79.86319241024405,6.911647054103682],[79.86320958994409,6.911646070005588],[79.86322673407264,6.911645324281953],[79.86324387701404,6.911644547548787],[79.86326101893442,6.911643627743369],[79.8632781653695,6.911642632629064],[79.86329530147772,6.91164146950672],[79.86331243981158,6.911640320547294],[79.86332377324831,6.911639878285362],[79.86332524404303,6.911639819877315],[79.8633276602691,6.91163972292891],[79.86333052912651,6.9116396087750775],[79.86334179824372,6.9116392565601235],[79.8633586415487,6.911638992676647],[79.86337580720165,6.911638886562094],[79.8633929717164,6.911638657715576],[79.86340978707644,6.91163839613851],[79.86343004970655,6.911638102063471],[79.86346026772767,6.911637638050795],[79.86347855052207,6.91163736980469],[79.86349570305397,6.911637180721122],[79.86351043466858,6.911637082637214],[79.86352094460052,6.911636844789155],[79.86355026124605,6.911636289701555],[79.86356915147,6.9116359420927465],[79.86358628774268,6.911635710050691],[79.86360163967045,6.911635524613674],[79.86361109875797,6.91163544388271],[79.86363991821439,6.911635107316417],[79.86365925987344,6.9116348016674545],[79.86367596825296,6.911634616405078],[79.86369075424183,6.911634650461976],[79.86369480043955,6.9116346316643344],[79.86370794246336,6.911634316900737],[79.86372469242453,6.911633922040319],[79.86373861485818,6.91163394806269],[79.86374154007005,6.911633979593871],[79.86374473742782,6.911633909431396],[79.8637865249552,6.911633007446704],[79.86381297455355,6.911632640192967],[79.86383017581295,6.91163239119807],[79.86384738427549,6.911632359228507],[79.8638645400515,6.911632138049787],[79.86388166627786,6.911631846126136],[79.86389882310648,6.9116316128030215],[79.86391595120787,6.9116318125229474],[79.86393309683554,6.911631397177116],[79.86395026570294,6.91163089392994],[79.86396742698453,6.911630601747615],[79.86398458179751,6.91163028336894],[79.86400174774688,6.911629952590168],[79.8640188930254,6.911629651819497],[79.86403606091964,6.911629400745336],[79.86405320992178,6.911629140747956],[79.86406828295011,6.911628979010449],[79.86408377171814,6.911628734553252],[79.8640919712192,6.911628544248325],[79.86410085064571,6.911628103691926]]}},{"type":"Feature","properties":{"Type":0.0,"ImageName":null,"Width":0.12,"MCode":null,"SCode":null,"ID":null},"geometry":{"type":"LineString","coordinates":[[79.86414835967393,6.91162477644151],[79.86417361873498,6.911619937243819],[79.86418946471689,6.91161558171091],[79.86420516818255,6.911610787565668],[79.86421881486886,6.911606137010286],[79.86422926890118,6.911601095362053],[79.864242687837,6.911594135015196],[79.86425330737038,6.911587442436954],[79.8642642903927,6.91157937559838],[79.86427473329098,6.911570421287369],[79.86428428777741,6.911560773950204],[79.8642913788849,6.91155246472621],[79.86429330828882,6.911550057010114],[79.86429748345009,6.911544079034744],[79.8643053697379,6.911532214953279],[79.86431396579452,6.911518239805133],[79.86432547262848,6.9114960382753905]]}},{"type":"Feature","properties":{"Type":0.0,"ImageName":null,"Width":0.12,"MCode":null,"SCode":null,"ID":null},"geometry":{"type":"LineString","coordinates":[[79.86420954442761,6.908734670093398],[79.86419543526482,6.908753904319632],[79.86418424869412,6.9087693684786435],[79.86416862512054,6.908791072157665],[79.86415859729307,6.908805072441834],[79.8641485663257,6.908819020340461],[79.8641384851056,6.908832947006674],[79.86412842510862,6.908846899026446],[79.86411837940705,6.908860830569911],[79.86410832127982,6.908874717472542],[79.8640985495549,6.908888275669574],[79.86409267303955,6.908896517240146],[79.86409161050261,6.908898030349516],[79.86408639714718,6.908905230106937],[79.86407635780371,6.908918919086973],[79.86406622861483,6.908932835806774],[79.8640561474879,6.9089467896891925],[79.86404614691784,6.908960777302783],[79.8640361335835,6.908974742289262],[79.86402616939242,6.908988754608285],[79.86401616259188,6.9090027635841045],[79.86400606692919,6.909016691454581],[79.8639958967382,6.909030548953811],[79.86398572274807,6.909044398032152],[79.86397554462467,6.909058197341531],[79.86396543011135,6.909072069526204],[79.86395537198489,6.909085988279423],[79.86394534447969,6.9090999949690755],[79.86393531510973,6.909113969168752],[79.86392526304932,6.9091279801805365],[79.86391531427154,6.909142047654322],[79.86390536335605,6.909156136617592],[79.86389539678872,6.909170143902766],[79.8638854062863,6.909184137117878],[79.86387535466932,6.909198068312956],[79.86386539611615,6.909212062614138],[79.86385546720325,6.909226091021465],[79.8638454743082,6.9092400793650475],[79.86383536840455,6.909253994457265],[79.86382535372415,6.9092679563749435],[79.86381531047718,6.90928191412695],[79.8638052415402,6.909295835387285],[79.86379521799162,6.9093098046443995],[79.8637851892741,6.909323783577429],[79.86377515969991,6.909337761893683],[79.86376516469724,6.909351742097947],[79.86375507831738,6.909365671142631],[79.86374503543294,6.909379610460401],[79.8637349273706,6.909393514297578],[79.86372489356154,6.909407473342126],[79.86371485242113,6.909421425909011],[79.86370482011135,6.909435365310051],[79.86369478008066,6.909449314153211],[79.86368467310679,6.909463251613899],[79.86367451674218,6.909477148227302],[79.86366437498307,6.909491014615997],[79.86365425807108,6.909504885522525],[79.86364418603753,6.909518805875622],[79.86363415422836,6.9095327486434135],[79.86362408832838,6.909546692058601],[79.86361404246021,6.909560630092926],[79.86360384363611,6.9095744985173795],[79.8635935974954,6.909588321067771],[79.86358336693985,6.909602154616354],[79.86357310509388,6.909615950203905],[79.86356285800272,6.9096297334700045],[79.86355256045212,6.909643464927402],[79.86354217311698,6.909657119345928],[79.86353164495651,6.909670666148722],[79.86352099861725,6.909684145580724],[79.86351009473066,6.90969741221794],[79.863498889082,6.909710455597615],[79.863482122184,6.909727694478697]]}},{"type":"Feature","properties":{"Type":1.0,"ImageName":null,"Width":0.12,"MCode":null,"SCode":null,"ID":null},"geometry":{"type":"MultiLineString","coordinates":[[[79.86351705203458,6.909722513458209],[79.86352187021707,6.909717141243088]],[[79.86354940068681,6.909684546378181],[79.86355582939979,6.909676241882479]],[[79.86358206844386,6.909640013535187],[79.86358852648046,6.909631171080087]],[[79.86361386293997,6.9095957713741205],[79.86361967835785,6.9095877932916645]],[[79.86364641141591,6.90955046336633],[79.8636521119576,6.909542575617226]],[[79.86367802714256,6.9095064584924755],[79.86368439055386,6.909497629031505]],[[79.86370919344276,6.909463298618931],[79.86371541645184,6.9094548454459614]],[[79.86374184986586,6.909418144201799],[79.86374815107052,6.909409391525973]],[[79.86377423737669,6.909373147310615],[79.86378039499446,6.909364568296507]],[[79.86380607982113,6.909328818833575],[79.86381164896945,6.909321111817946]],[[79.86383863872517,6.909283517934151],[79.86384459406747,6.909275485222327]],[[79.86387102263187,6.90923846039089],[79.86387707889155,6.909230139250725]],[[79.86390343150902,6.909193527030586],[79.86390956511842,6.909184967403895]],[[79.86393532631418,6.909149069539502],[79.86394142876088,6.909140580461692]],[[79.86396793208664,6.909103661840871],[79.86397381142275,6.909095767604556]],[[79.8640005741439,6.909058613667627],[79.86400603516778,6.909051099146759]],[[79.86401598561399,6.90903714091794],[79.86404112187411,6.909002204551386]],[[79.86405705905152,6.908979841086585],[79.86408426306866,6.908942182043148]]]}},{"type":"Feature","properties":{"Type":1.0,"ImageName":null,"Width":0.12,"MCode":null,"SCode":null,"ID":null},"geometry":{"type":"MultiLineString","coordinates":[[[79.86416229603444,6.908896685476459],[79.86413261613805,6.908937821801496]],[[79.86411684816999,6.908959583208749],[79.86408729602178,6.909000535508209]],[[79.86407112678668,6.909022789001671],[79.86404882911809,6.909053885326723]],[[79.86400397516701,6.909116111005749],[79.86399761464055,6.909124828539552]],[[79.86397140529732,6.909161236503792],[79.8639650752859,6.909170039548925]],[[79.86393919822117,6.909205514247031],[79.86393234189823,6.909215292627698]],[[79.86390648196016,6.909251276781755],[79.86390027625617,6.909259857082678]],[[79.8638746843933,6.909295636047068],[79.8638683672256,6.909304252580582]],[[79.86384261947674,6.909340232380072],[79.86383517486195,6.909350432664748]],[[79.86381063575791,6.909384499557776],[79.86380334644707,6.909394623049564]],[[79.86377796774266,6.909429840070776],[79.86377131741617,6.909439019585797]],[[79.86374537271153,6.909475126787522],[79.86373881235491,6.909483998942552]],[[79.86371403643302,6.909518613117178],[79.86370746683268,6.909527783657317]],[[79.86368175067975,6.909563228761717],[79.86367544866891,6.909571900086623]],[[79.86364969693423,6.909607887255361],[79.86364322474552,6.909616771030901]],[[79.86361810267694,6.909651688623784],[79.86361117989246,6.909661189189355]],[[79.86358820213951,6.909699704295788],[79.86358369099173,6.909709516410004]],[[79.86356739956842,6.909748841585452],[79.86356436502965,6.909758304306444]],[[79.86354999360273,6.909823499006809],[79.86354852903581,6.909832569699748]],[[79.86354967329882,6.909889786587768],[79.86355233782223,6.909900094400495]],[[79.86356829272796,6.90993835080222],[79.86357319310119,6.90994655358048]],[[79.8635957862251,6.909977640602282],[79.86360170364763,6.909984928174142]],[[79.86363135335145,6.910018160969679],[79.86363816942747,6.9100252287211]],[[79.8636648445332,6.910055411489489],[79.86367167736012,6.910062691552878]],[[79.86369872049286,6.910094099498926],[79.86370582965728,6.910101218664188]],[[79.8637355071803,6.910134378148298],[79.86374052599079,6.910140706791254]],[[79.86376579480668,6.910167538342397],[79.86377316289696,6.910175661028524]],[[79.86379641707215,6.910201730625097],[79.86380473953446,6.9102110945647715]],[[79.86383755603761,6.910246008018003],[79.86384277898448,6.910251552332091]]]}},{"type":"Feature","properties":{"Type":1.0,"ImageName":null,"Width":0.12,"MCode":null,"SCode":null,"ID":null},"geometry":{"type":"MultiLineString","coordinates":[[[79.86357514396406,6.909996085644134],[79.86358163021868,6.910002938178629]],[[79.86361005534177,6.910034993887754],[79.86361629583307,6.910042192071058]],[[79.86364471006563,6.910074598683133],[79.86365085094967,6.910081627960607]],[[79.86367825505442,6.910112535801573],[79.86368429783242,6.910119790797925]],[[79.86370931120221,6.910147768518801],[79.86371772292415,6.910156234796808]],[[79.86374452858493,6.910185830708886],[79.86375226525912,6.910194043860064]],[[79.86378009118619,6.9102248981305445],[79.86378818464956,6.910233049968319]],[[79.86381693133167,6.910264260810389],[79.86382333692191,6.910271442594495]],[[79.86385236613857,6.910303060073987],[79.8638592492096,6.910310281411853]],[[79.86388713819404,6.910340472593299],[79.86389474619492,6.910347902586892]],[[79.86395970599575,6.910418487992017],[79.86396559664735,6.910425482466382]],[[79.8639947270516,6.9104584346361015],[79.86400104933512,6.910465700676549]],[[79.86402843232872,6.910497937853476],[79.86403628975137,6.910506413572399]]]}},{"type":"Feature","properties":{"Type":1.0,"ImageName":null,"Width":0.12,"MCode":null,"SCode":null,"ID":null},"geometry":{"type":"MultiLineString","coordinates":[[[79.86401494691403,6.91052473185237],[79.86400711429872,6.910515744771362]],[[79.86398007999205,6.910485045734343],[79.8639732747617,6.910476498942882]],[[79.8639453642702,6.910445544728469],[79.86393844890713,6.9104367562662885]],[[79.86391046025862,6.910406303667837],[79.86390320497395,6.910398516627588]],[[79.8638748756581,6.910368280089802],[79.86386793355652,6.910360786343524]],[[79.86383883073745,6.910329481631562],[79.86383119730527,6.910320966169191]],[[79.8638038150897,6.910290985431503],[79.86379544729738,6.91028200348451]],[[79.86376804799042,6.9102525362039895],[79.86375967158456,6.9102432927615425]],[[79.86369703520934,6.910175144673149],[79.8636901857414,6.910168021307475]],[[79.86366330032327,6.910138207324352],[79.86365660413891,6.910131137119379]],[[79.8636295861719,6.910100241654208],[79.86362300720883,6.910093055944034]],[[79.86359630764383,6.910061308782709],[79.86358892490136,6.910052553015437]],[[79.86356210876892,6.910020915504843],[79.86355508244047,6.910012802414066]]]}},{"type":"Feature","properties":{"Type":1.0,"ImageName":null,"Width":0.12,"MCode":null,"SCode":null,"ID":null},"geometry":{"type":"LineString","coordinates":[[79.86352960801739,6.909982451226604],[79.86352102641422,6.909972430601927]]}},{"type":"Feature","properties":{"Type":0.0,"ImageName":null,"Width":0.12,"MCode":null,"SCode":null,"ID":null},"geometry":{"type":"LineString","coordinates":[[79.86317183966007,6.911641911643095],[79.86318303386254,6.911641666996186],[79.86319750729021,6.911641450463083],[79.86321205953087,6.911641256207534],[79.86322562665167,6.911641033910852],[79.86322967414465,6.911640965903341],[79.86323569694842,6.911640911164491]]}},{"type":"Feature","properties":{"Type":0.0,"ImageName":null,"Width":0.12,"MCode":null,"SCode":null,"ID":null},"geometry":{"type":"LineString","coordinates":[[79.86324494071333,6.911640600367558],[79.86325483737573,6.911640552790572],[79.86326868952189,6.911640358766002],[79.86328137028985,6.9116401899282565],[79.86328570806238,6.91164015112189],[79.86331366981697,6.911640221058455]]}},{"type":"Feature","properties":{"Type":0.0,"ImageName":null,"Width":0.12,"MCode":null,"SCode":null,"ID":null},"geometry":{"type":"LineString","coordinates":[[79.86332781922201,6.91161173345269],[79.86333307491162,6.911621545668538],[79.8633345227917,6.911624289536372],[79.86334085014181,6.911636428261277]]}},{"type":"Feature","properties":{"Type":0.0,"ImageName":null,"Width":0.12,"MCode":null,"SCode":null,"ID":null},"geometry":{"type":"LineString","coordinates":[[79.86296658893573,6.91165345701301],[79.86295329033958,6.911653458119122],[79.86293686759672,6.911654030775888],[79.86292855700358,6.911654502678444],[79.86292877170894,6.911657209262439],[79.86292937176873,6.911668063301184],[79.86292978663751,6.911677806478813],[79.86292749584231,6.911677725734915],[79.86291726328867,6.911677549729285],[79.86290006616194,6.9116777340057585],[79.86288280484143,6.911678070824537],[79.8628655490007,6.911678271444541],[79.8628483102296,6.9116784214244715],[79.86283106237998,6.911678655003021],[79.86281379548113,6.911678900350929],[79.86280210091606,6.911678976446562],[79.86279924193722,6.911679113034461],[79.86279381830565,6.911679404576304],[79.8627934950527,6.911679407194056],[79.86279323710247,6.911679385975838],[79.86279317452201,6.911677196450551],[79.86279304405986,6.911671496325663],[79.8627929098013,6.911667222486502],[79.86279254816358,6.911655966954543],[79.86279136718598,6.911655154758083],[79.86278391027808,6.911655092398991],[79.86276736087542,6.911655304637178],[79.86275012915432,6.9116554095965705],[79.86273291912069,6.911655639715951],[79.86271572571975,6.911655710005454],[79.86269850919206,6.911655782908728],[79.8626813149327,6.9116560253287735],[79.86266415248673,6.911656206157862],[79.86264961597452,6.911656209158969],[79.86264704917711,6.911656241014463],[79.8626404041404,6.91165642120516],[79.8626244893841,6.911656501390687],[79.86260723723278,6.911656635361172],[79.86258995484094,6.911656804257517],[79.86257271999881,6.911656956608997],[79.8625554453965,6.9116569095965446],[79.86253824627029,6.911656864930959],[79.86252104999012,6.911656668788048],[79.86250381069208,6.9116564475365685],[79.86248657757625,6.911656180628369],[79.86246935110758,6.911655843252541],[79.86245211841064,6.911655484328002],[79.86243487466717,6.911655028490002],[79.86241765960898,6.911654521059993],[79.86240042645485,6.911653998556031],[79.86238320562488,6.911653491455799],[79.86236600075188,6.911652945631254],[79.86234879164542,6.911652299316367],[79.86233157830009,6.911651673370888],[79.86231435786463,6.911650892019538],[79.86229717786233,6.911650086444889],[79.86228034738166,6.911649401310081],[79.86226333392977,6.911648212357455],[79.86224614360044,6.911646921816944],[79.86222893968637,6.911645706521568],[79.86221182235592,6.911644410691794],[79.86219469531001,6.911643026678633],[79.86217751054443,6.911641609824515],[79.86216038222389,6.9116401509793075],[79.8621432379048,6.911638621281604],[79.86212607379713,6.911636924364115],[79.86210895687962,6.911635195291734],[79.86209182664906,6.911633421811457],[79.86207471527754,6.911631555155727],[79.86205765933998,6.91162953391373],[79.86204057794289,6.911627556599363],[79.86202348237751,6.91162564726277],[79.86200640076268,6.911623602627194],[79.86199819676357,6.911622578918862],[79.86199205753861,6.9116221215192075]]}},{"type":"Feature","properties":{"Type":0.0,"ImageName":null,"Width":0.12,"MCode":null,"SCode":null,"ID":null},"geometry":{"type":"LineString","coordinates":[[79.86192418025728,6.9116130991706966],[79.86192058508425,6.911612682833834],[79.86190893241036,6.911611173144713],[79.86189220948131,6.911608957506402],[79.86187548105849,6.91160683496679],[79.86185877059845,6.9116046095370285],[79.86184210367146,6.911602407997401],[79.86182540022152,6.911600278883957],[79.86180865647839,6.911598207364242],[79.86179186102883,6.9115962977338565],[79.86177495653972,6.911594622893597],[79.86175821807055,6.911592454260606],[79.86174145171229,6.911590754886849],[79.86172456799963,6.911589166683256],[79.8617074006431,6.911587622811139],[79.86169053173253,6.911586219118453],[79.86167368021232,6.911584962363833],[79.8616568403136,6.911583844792182],[79.86164000064026,6.911582674949944],[79.86162316690817,6.9115815137641885],[79.8616062716035,6.911580565290814],[79.86158934867622,6.911579751453348],[79.86157256887402,6.911579014868216],[79.86155579221801,6.911578548475114],[79.86153895267039,6.911578018325612],[79.8615220905184,6.9115775350858],[79.86150518706602,6.91157715113391],[79.8614882509499,6.9115769911503016],[79.86147134690312,6.911576888537203],[79.86145441900754,6.911576784638616],[79.86142914757998,6.911577806024676]]}},{"type":"Feature","properties":{"Type":0.0,"ImageName":null,"Width":0.12,"MCode":null,"SCode":null,"ID":null},"geometry":{"type":"LineString","coordinates":[[79.86145753839715,6.911661063076653],[79.86149988677344,6.911660882313366],[79.8615164850241,6.911661155909907],[79.86153316721371,6.911661616809276],[79.8615500209296,6.911662122496116],[79.86156678166208,6.911662816722697],[79.86158352238428,6.911663700198168],[79.86160023004719,6.911664869808362],[79.86161689525156,6.911665913350407],[79.86163365411164,6.911667100017256],[79.86165042633702,6.911668370363403],[79.86166719945022,6.911669668321166],[79.86168391304754,6.911671090361401],[79.86170063673264,6.911672613616868],[79.86171731287051,6.91167436527767],[79.86173396991941,6.91167617180173],[79.86175069228048,6.911677980441814],[79.86176741740101,6.911679868272088],[79.86178411480876,6.911681739342167],[79.86180080973062,6.911683621847733],[79.86181748540055,6.911685499937004],[79.86183413689406,6.911687360368792],[79.86185080167654,6.911689287376894],[79.86186750997199,6.911691200925865],[79.86188419736065,6.911693046161216],[79.86190085382401,6.91169494257935],[79.86191752858934,6.911696865381115],[79.86194104251732,6.911699542548167]]}},{"type":"Feature","properties":{"Type":0.0,"ImageName":null,"Width":0.12,"MCode":null,"SCode":null,"ID":null},"geometry":{"type":"LineString","coordinates":[[79.86198302897506,6.911704456366257],[79.86199868560645,6.911706308609835],[79.86201592339725,6.91170814429258],[79.86203311472282,6.911710175578851],[79.86205033743663,6.911712074286805],[79.86206756564388,6.911713971314374],[79.8620847759061,6.911715839463327],[79.86210200096619,6.911717653415499],[79.86211924525632,6.911719402090757],[79.86213648625255,6.9117210651453025],[79.86215372784581,6.911722561071726],[79.86217098692264,6.911723898805436],[79.86218823336844,6.911725147167604],[79.86220546907936,6.911726341880964],[79.86222269654806,6.911727361612594],[79.8622399278395,6.911728273425438],[79.86225720314037,6.911729272879107],[79.86227448318733,6.911730385093188],[79.86229175760695,6.9117312581333845],[79.8623090321653,6.911732080006045],[79.86232629314237,6.91173296445714],[79.86234353745299,6.911733877841023],[79.86236083370746,6.911734596623444],[79.8623780900635,6.911735313068205],[79.86239532582807,6.911735906929391],[79.86241263820467,6.911736384020297],[79.86242996531895,6.911736894486334],[79.86244726222644,6.911737364516858],[79.86246457869859,6.911737687760553],[79.86248188431098,6.911737906309976],[79.86249917277202,6.911738028397274],[79.86251646347918,6.911738120503481],[79.86253377408005,6.911738072518823],[79.8625510787977,6.911738021651782],[79.8625683599552,6.911737975439721],[79.86258561900284,6.911738007484586],[79.86260290849741,6.911738064654042],[79.86262020028943,6.91173802359441],[79.86263748649718,6.911737794537556],[79.86265477636358,6.911737573366934],[79.86267202562128,6.911737480119967],[79.86268928011101,6.911737405596908],[79.86270652029177,6.911737188002956],[79.8627238211348,6.911737024745467],[79.86274109041719,6.91173683872638],[79.86275835432617,6.911736575071854],[79.86277567229715,6.911736322557005],[79.86279296244422,6.911736140474697],[79.86281026225144,6.911735921871459],[79.86282758501652,6.911735659520568],[79.86284490207306,6.911735404921558],[79.86286221585094,6.911735072290556],[79.86287951954456,6.911734780482748],[79.86289682398046,6.911734648962832],[79.86291403491937,6.911734463229033],[79.86293133912052,6.911734351262154],[79.86294862778206,6.911734180365798],[79.86296587330457,6.911733990813842],[79.86298320241475,6.911733881996204],[79.8630005152731,6.911733625884474],[79.86301781023387,6.911733356635841],[79.86303511218964,6.911733107233768],[79.86305240851668,6.9117328918843715],[79.86306969383023,6.911732646257382],[79.8630870294484,6.9117322911246735],[79.86310430123854,6.911732029520988],[79.86312163570841,6.911731668081652],[79.8631390646268,6.911731434529956],[79.8631564741763,6.91173106975863],[79.86317374176392,6.9117309506816715],[79.86319106980974,6.911730608550002],[79.86320827329746,6.911730475422623],[79.86322551222304,6.91173038604686],[79.86324282006068,6.911730092205243],[79.86326012087792,6.911729919991271],[79.8632774515719,6.911729778027085],[79.86329473462871,6.911729668139089],[79.86331198452588,6.911729421085508],[79.86332921487829,6.911729261140732],[79.8633463505292,6.91172897444237],[79.86336361264095,6.911728788104145],[79.86338058738954,6.911728730865475],[79.86339641447296,6.911728640095853],[79.86340082225321,6.911728581161345],[79.8634110240387,6.911728149711289],[79.86342716656247,6.911728007597055],[79.8634445975033,6.911727843297332],[79.86346195913589,6.911727624835819],[79.86347930665343,6.91172738275859],[79.86349662589511,6.911727156586678],[79.86351393578042,6.911726898840062],[79.8635312075071,6.91172663433816],[79.86354852220029,6.911726390862519],[79.86356582359657,6.911726224514743],[79.86358314892183,6.911726078701498],[79.86360047573248,6.911725885079455],[79.86361775704339,6.911725704416172],[79.86363503695185,6.911725509413535],[79.86365232078106,6.911725282439971],[79.86366955781733,6.911725061019102],[79.86368683715001,6.9117248763738015],[79.86370414514931,6.911724691888549],[79.8637214239946,6.9117245198598605],[79.86373866704209,6.911724331417172],[79.86375593396706,6.91172412020978],[79.86377319878316,6.9117239354536],[79.86379047350148,6.911723682936983],[79.86380776520248,6.911723515155812],[79.86382508621217,6.911723296587993],[79.86384239566594,6.911723090006676],[79.86385968546888,6.911722910330918],[79.86387698901865,6.911722672334131],[79.86389430672746,6.911722472529785],[79.86391160590493,6.91172229779934],[79.8639288884293,6.911722147692348],[79.86394616714152,6.911722009377908],[79.86396342954703,6.911721870201692],[79.86398069905752,6.911721805313592],[79.86399800017323,6.911721737942953],[79.86401527719794,6.911721541012903],[79.86403256119745,6.911721297394913],[79.86404984531805,6.911721106471298],[79.86406709638285,6.911720926003206],[79.86408438314456,6.911720689155396],[79.86410307851163,6.91172047939581]]}},{"type":"Feature","properties":{"Type":0.0,"ImageName":null,"Width":0.12,"MCode":null,"SCode":null,"ID":null},"geometry":{"type":"LineString","coordinates":[[79.86415257836636,6.911719758372453],[79.86416675438734,6.911719035698262],[79.86418376673488,6.911717699694789],[79.86420069924407,6.911715623498776],[79.86421750696164,6.911712870110792],[79.86423422255295,6.91170958882437],[79.86425082423212,6.911705840407089],[79.86426730389294,6.911701600232825],[79.8642783471942,6.911698579137837],[79.86427960217374,6.911698307929577],[79.86428164503798,6.911697910022719],[79.86428228095764,6.911697757151268],[79.86428370428261,6.91169740351801],[79.86428379681452,6.911697380527927],[79.86428406939925,6.911697439094188],[79.86428499643014,6.911697638271649],[79.86428519823268,6.911697765770529],[79.86428575654247,6.9116986479398115],[79.86428629156983,6.911700673492313],[79.86428634179408,6.911701337015018],[79.8642863857562,6.9117051227643405],[79.86428738674618,6.911717206228266],[79.8642894864534,6.911732233459673],[79.86429238544997,6.9117488183228675],[79.86429564097914,6.911764498843077],[79.86429574373902,6.911770834879698],[79.86429546017514,6.911771709884942],[79.8642931261057,6.911771540017232],[79.8642807048314,6.9117699401779715],[79.86427632426418,6.911769347196238],[79.86427205767066,6.911768517516561],[79.8642585649684,6.9117659893533485],[79.8642417375292,6.911763299705963],[79.86422488160737,6.911760600382115],[79.86420812451291,6.911758520716307],[79.86420178840166,6.911757888151269],[79.86419897832764,6.9117577825494365],[79.86418715341964,6.9117568469759725],[79.86417014553786,6.911755937191888],[79.8641622519875,6.911755725428986],[79.86415227327981,6.911755554982738]]}},{"type":"Feature","properties":{"Type":0.0,"ImageName":null,"Width":0.12,"MCode":null,"SCode":null,"ID":null},"geometry":{"type":"LineString","coordinates":[[79.86410243007842,6.911754784635801],[79.86408738584544,6.911754810734889],[79.86407071886862,6.91175498565222],[79.8640539805524,6.911755295208796],[79.8640430902153,6.911755484616115],[79.86404279979217,6.911755489658578],[79.86404105401189,6.9117554343453],[79.86403653271697,6.911755291092641],[79.86403228781417,6.911755281991354],[79.86401670614427,6.91175527856254],[79.8640033139665,6.911755325973182],[79.86397526181945,6.911755807297397],[79.8639341266621,6.911756418957422],[79.86389425664235,6.9117570066661855],[79.86384899843674,6.911757772718237],[79.86377994824583,6.911758760050647],[79.86372735046335,6.9117589503194115],[79.86371395457112,6.9117589274747635],[79.86370226498651,6.911759180710777],[79.86364220760939,6.911759954476813],[79.86355429775301,6.911760807682257],[79.86340245097588,6.911762350297283],[79.86329892237056,6.911763486143421]]}},{"type":"Feature","properties":{"Type":0.0,"ImageName":null,"Width":0.12,"MCode":null,"SCode":null,"ID":null},"geometry":{"type":"LineString","coordinates":[[79.86410218137411,6.911756475534978],[79.8640823796343,6.911755779402037],[79.86406513297624,6.911755180716132],[79.86404781443095,6.911755717365106],[79.86403039753384,6.91175659226569],[79.86401379379298,6.911757096801126],[79.86399735789003,6.91175718866737],[79.86398009916209,6.911757309754921],[79.86397034287639,6.911757444707109],[79.86396051118275,6.91175750631174],[79.86392817557865,6.91175793096124],[79.86389317168766,6.911758528659028],[79.86383940480499,6.911759239754345],[79.86376344306477,6.911760171569416],[79.86373080664485,6.911760655499894],[79.86370513234061,6.911761211838917],[79.86369087396903,6.911761428270901],[79.86368702487495,6.911761395225873],[79.86368074049734,6.91176133190297],[79.86366824499838,6.91176151216726],[79.86363950803523,6.911761854861825],[79.86362188496153,6.911761926932252],[79.86360456922483,6.911762063525096],[79.8635873517269,6.911762152670601],[79.8635700788052,6.91176223399805],[79.86355273557528,6.911762331674563],[79.86353543754689,6.911762361425268],[79.8635181652376,6.911762658546224],[79.86350581868689,6.911762698825884],[79.86349545158951,6.911762864064863],[79.8634662304185,6.911763307594707],[79.86344827228086,6.911763505229685],[79.8634310216715,6.911763806190235],[79.86341377682861,6.911764066981528],[79.86339659198707,6.911764311263376],[79.86337939412789,6.911764193740457],[79.86336205990172,6.911763422797298],[79.86334470427691,6.911763339986646],[79.86332748461815,6.911763605767075],[79.86331011054907,6.911764218825745],[79.86329256008561,6.911764867883436],[79.86327850789579,6.911765662911079],[79.86327209642572,6.911765914476897],[79.86324936415461,6.911766538588805],[79.86323136359093,6.911766450926495],[79.86321404052657,6.911766657647575],[79.86319674583748,6.911767000652504],[79.86317944793848,6.9117672161995705],[79.86316219220596,6.911767240712599],[79.86314488434186,6.911767361016159],[79.86312761158516,6.911767518747532],[79.8631102924011,6.9117678738611765],[79.86309299790871,6.911768164626189],[79.86307573487775,6.911768268695088],[79.86305847522358,6.911768312514777],[79.86304120480162,6.911768426960871],[79.86302386695338,6.911768608057857],[79.86300652292192,6.911768412980173],[79.86298910115403,6.91176833446132],[79.86297157863402,6.911768718997383],[79.86295421527268,6.911769060524687],[79.86293687498404,6.9117693511936436],[79.8629196121768,6.911769585297387],[79.86290236704338,6.911769806401203],[79.86288508789839,6.911770090698071],[79.862867838894,6.911770495886134],[79.862850644049,6.911770593864545],[79.86283339400758,6.911770726768531],[79.8628161506048,6.911770760333334],[79.8627989089184,6.911771009096213],[79.86278164156325,6.911771296724696],[79.86276433764266,6.911771450394029],[79.86274699804255,6.91177168870131],[79.86272970484951,6.911772015949508],[79.86271244934409,6.911772202675958],[79.86269515719006,6.91177239900195],[79.86267783058805,6.911772745544901],[79.86266051118308,6.91177292959557],[79.86264322834866,6.911773147238821],[79.86262597368767,6.911773337105004],[79.86260866804255,6.91177330219508],[79.86259139796887,6.911773286602487],[79.86257413859923,6.911773184624156],[79.86255690108331,6.911773141356302],[79.86253958093292,6.911772987116528],[79.86252227162349,6.911772824235343],[79.86250511294833,6.91177276290327],[79.8624878293247,6.9117727149444725],[79.86247045916942,6.911772466155547],[79.8624531754031,6.911772204027072],[79.86243586934995,6.9117719034733245],[79.86241872193493,6.911771603785532],[79.86240197625443,6.911771153266741],[79.86238489201963,6.911770521791661],[79.86236751496463,6.911770206447113],[79.8623502013593,6.911769779637338],[79.86233292568298,6.911769016371542],[79.86231562825968,6.911768167645265],[79.86229833815703,6.911767301358732],[79.86228099575523,6.911766556359937],[79.86226370648183,6.911765728057532],[79.86224658045914,6.911764791947656],[79.86222927595449,6.911763701895543],[79.86221193344797,6.911762463746756],[79.86219491012605,6.911761160009473],[79.86218741685069,6.911760571326402],[79.86213186442647,6.911756720066116],[79.86207848425029,6.911752862707007],[79.86206161756168,6.911751391394287],[79.86204470084,6.911749664663544],[79.8620275271707,6.911747899097532],[79.86201036629687,6.911746236072722],[79.86199322072255,6.911744337357578],[79.86196753619248,6.911741582953439]]}},{"type":"Feature","properties":{"Type":0.0,"ImageName":null,"Width":0.12,"MCode":null,"SCode":null,"ID":null},"geometry":{"type":"LineString","coordinates":[[79.86193047703449,6.911736962355155],[79.861914820258,6.9117350357850995],[79.86189837136718,6.911733138643317],[79.86188193834906,6.911731243509415],[79.86186552167231,6.911729337417844],[79.86185393272959,6.911727962363633],[79.86184934345772,6.911727477932624],[79.86183788198254,6.911726288357919],[79.86183498462141,6.911725940394698],[79.86182479058103,6.9117246453358385],[79.86180880803633,6.91172274977145],[79.86179229627493,6.911721086807311],[79.86177582163029,6.911719145941062],[79.8617594060576,6.911717129996989],[79.86174316465313,6.911715261918649],[79.86172684226365,6.911713400610041],[79.8617103606868,6.911711886633872],[79.86169392657891,6.911710248143444],[79.8616771588587,6.911708760747777],[79.8616605539531,6.911707282823253],[79.86163916099075,6.911705272255526]]}},{"type":"Feature","properties":{"Type":1.0,"ImageName":null,"Width":0.12,"MCode":null,"SCode":null,"ID":null},"geometry":{"type":"MultiLineString","coordinates":[[[79.86429409417651,6.911798867296382],[79.86424127892491,6.911789715855261]],[[79.86419060501697,6.911784592473615],[79.86416563597926,6.911783217894222]]]}},{"type":"Feature","properties":{"Type":1.0,"ImageName":null,"Width":0.12,"MCode":null,"SCode":null,"ID":null},"geometry":{"type":"MultiLineString","coordinates":[[[79.86217092500821,6.9116675030659165],[79.86225853778818,6.911673373975827]],[[79.86228736982851,6.911675027650602],[79.86233590502474,6.91167734694529]],[[79.86236524856182,6.91167876493882],[79.86241369650278,6.911680329578364]],[[79.86244112557168,6.911681330201017],[79.86249207905402,6.911681869469677]],[[79.86251098587485,6.911682129170116],[79.86251908555163,6.911682144710015]],[[79.86255973148496,6.911682075522186],[79.86256753634623,6.911682237664128]],[[79.86260919474515,6.911681941963118],[79.86261956287471,6.911681679290026]],[[79.86266524505403,6.911681422340024],[79.86267434797757,6.9116814731308835]],[[79.86271983160368,6.9116810144663265],[79.86272921923522,6.911680691644782]]]}},{"type":"Feature","properties":{"Type":0.0,"ImageName":null,"Width":0.12,"MCode":null,"SCode":null,"ID":null},"geometry":{"type":"LineString","coordinates":[[79.86213110841348,6.911692717356481],[79.8621434713542,6.911693531805571],[79.86215864170023,6.911694979861949],[79.8621737821896,6.9116962756134654],[79.86218892387177,6.911697395478515],[79.86220412927834,6.911698503824727],[79.86221935082159,6.911699462354452],[79.86223474610775,6.91170036474436],[79.86225776018095,6.911701668623786]]}},{"type":"Feature","properties":{"Type":1.0,"ImageName":null,"Width":0.12,"MCode":null,"SCode":null,"ID":null},"geometry":{"type":"LineString","coordinates":[[79.86228597020863,6.9117031257810995],[79.86233686171417,6.911705303338597]]}},{"type":"Feature","properties":{"Type":1.0,"ImageName":null,"Width":0.12,"MCode":null,"SCode":null,"ID":null},"geometry":{"type":"MultiLineString","coordinates":[[[79.8623650847404,6.911706790481781],[79.8624145184624,6.911708343180079]],[[79.86244240807312,6.91170907799457],[79.86249207402739,6.9117100532186155]],[[79.86251040009508,6.911710548321595],[79.86251915113262,6.911710402163703]],[[79.86255953657883,6.911710425045024],[79.86256852546758,6.911710443507748]],[[79.86261027049554,6.911709768055186],[79.86262021620767,6.911709937719208]],[[79.86266542632326,6.911709640867326],[79.8626748552403,6.911709587304963]],[[79.8627205694422,6.911709478798828],[79.86272961622699,6.911709242241823]],[[79.86277392580016,6.9117086310385165],[79.86278376706575,6.9117085314021685]],[[79.86282953783261,6.9117079330678255],[79.86284052109363,6.911707861351335]],[[79.86288852775272,6.911707214076204],[79.86289801277881,6.911707144804469]],[[79.8629428502524,6.911706558514695],[79.86295354614043,6.9117064889104585]],[[79.86299794211732,6.911705787728314],[79.86300800546039,6.911705613689609]],[[79.86305163573084,6.911705053945569],[79.8630610496068,6.911704937763827]],[[79.86310611663302,6.911703848836617],[79.86311693344447,6.911703810286841]],[[79.86316010879492,6.911703272678523],[79.8631696090219,6.911703203214794]],[[79.86321477440035,6.911702642849875],[79.86322396097513,6.911702573525518]]]}},{"type":"Feature","properties":{"Type":0.0,"ImageName":null,"Width":0.12,"MCode":null,"SCode":null,"ID":null},"geometry":{"type":"LineString","coordinates":[[79.86199007079571,6.911825785708214],[79.86200117039809,6.911827024791915],[79.86201835958539,6.9118287285079285],[79.86203553315066,6.911830307674599],[79.86205262594169,6.911831955830125],[79.86206975336385,6.911833566091495],[79.86208688330345,6.911835098069984],[79.86210398633297,6.911836540807176],[79.86212113244997,6.911837840692582],[79.8621382002655,6.911839225161946],[79.86215524163475,6.911840616094231],[79.86217230258006,6.911841866645738],[79.86218936480446,6.911843136176981],[79.86220647000565,6.911844342229273],[79.86222364053444,6.911845439558635],[79.86224098653865,6.9118464928462],[79.86225823311617,6.911847574548974],[79.86227535156877,6.911848284860263],[79.86229235646154,6.911849006240909],[79.86230948009559,6.9118497173241735],[79.86232659458793,6.911850552199638],[79.86234382716421,6.911851328014181],[79.8623610477331,6.91185168210243],[79.86237827746145,6.911852233876602],[79.86239551781601,6.911852735865117],[79.8624127091637,6.911852973028952],[79.8624298590348,6.911853320763965],[79.86244705860926,6.911853765522539],[79.86246435554392,6.911854095797483],[79.86248152106246,6.911854398792606],[79.86249888727875,6.911854655741949],[79.86251612603448,6.9118550107438175],[79.86253329461964,6.911855202880941],[79.86255045796631,6.911855279096207],[79.86256757080476,6.911855297734507],[79.86258481587745,6.911855249577584],[79.86260204395906,6.9118552722963],[79.86261926742527,6.911855217183085],[79.86263660799196,6.911855024180038],[79.86265386978086,6.911854849330997],[79.86267093817587,6.911854749140617],[79.86268784929625,6.911854583468551],[79.8627049657628,6.9118543833621615],[79.86272215097772,6.911854275880516],[79.86273927608131,6.911854123107017],[79.86275647642215,6.911854130897293],[79.86277361400906,6.9118536567295425],[79.86279083609699,6.9118533790074315],[79.86280806843352,6.911853145274954],[79.86282523986381,6.911853039316759],[79.86284244726896,6.911852729116292],[79.86285979782747,6.911852448831645],[79.8628769200104,6.911852154459392],[79.86289416440448,6.911851955950998],[79.86291145075224,6.911851744256813],[79.86292867971017,6.911851500732107],[79.86294597458507,6.911851265781631],[79.86296320586902,6.911851185536546],[79.8629804552904,6.911850946577213],[79.86299769561732,6.9118506857931346],[79.86301487847805,6.911850415393569],[79.86303201849842,6.911850335697984],[79.86304923285675,6.911850440369297],[79.86306648401225,6.9118503281632035],[79.86308381721301,6.911849981159574],[79.8631010737653,6.911849679499904],[79.86311818031557,6.911849503181973],[79.8631353373217,6.911849270989229],[79.86315248726346,6.911849039707422],[79.86316970071508,6.9118489511728125],[79.86318690850763,6.911848758245384],[79.8632040422925,6.911848522443092],[79.86322119419854,6.9118482675533555],[79.86323845873964,6.911848065780585],[79.86325572219828,6.9118479581004575],[79.8632639912598,6.911847903770437],[79.86328137120316,6.911847639199985]]}},{"type":"Feature","properties":{"Type":1.0,"ImageName":null,"Width":0.12,"MCode":null,"SCode":null,"ID":null},"geometry":{"type":"MultiLineString","coordinates":[[[79.86199815905445,6.911772402577088],[79.86200922419735,6.91177345367031]],[[79.86205174178241,6.911777360634681],[79.862063002235,6.911778185021612]],[[79.86210611314822,6.911781854901618],[79.86211640417606,6.911782737497405]],[[79.86215955980143,6.9117862154261385],[79.86217100721217,6.911786982312802]],[[79.86221364825374,6.911789818404719],[79.8622244281098,6.911790429244062]],[[79.86226717674188,6.911792794900808],[79.86227848443575,6.911793436399707]],[[79.86232217008222,6.911795390364112],[79.86233220252993,6.911795865442306]],[[79.8623742627634,6.911797309008044],[79.86238557524683,6.911797890417327]],[[79.8624273052257,6.911798806262136],[79.86243845694928,6.911799039048611]],[[79.8624820496192,6.911799777634893],[79.86249276804385,6.911800056715627]],[[79.86253609414173,6.911800603423393],[79.86254761551436,6.911800623388554]],[[79.86258997068025,6.911800581290517],[79.86260167069774,6.911800423755683]],[[79.862644697546,6.911800373372462],[79.86265543260353,6.911800202265202]],[[79.86269761162372,6.911799784953317],[79.86270872499956,6.9117995817632805]],[[79.8627531549335,6.911799088111392],[79.86276339521496,6.911798891635206]],[[79.86280654516835,6.911798366974044],[79.86281702163075,6.9117980496385165]],[[79.86285794728573,6.911797520434152],[79.8628693587307,6.911797612282913]],[[79.86291134521213,6.91179696703523],[79.86292310304768,6.911796631373945]],[[79.86296566644793,6.9117961704389215],[79.86297636808031,6.911795956348867]],[[79.86301867376346,6.911795882660064],[79.86303003128442,6.911795621270418]],[[79.8630708997756,6.911794953358786],[79.86308211303128,6.911794980846166]],[[79.8631238781705,6.911794431680695],[79.8631346021499,6.91179452520695]],[[79.86317699012508,6.911794017383291],[79.86318736669047,6.911793834302297]],[[79.86322881316066,6.911793291074708],[79.86324020992606,6.911793183669837]],[[79.86328771460431,6.9117924415044225],[79.86329093762596,6.91179262717349]],[[79.8633350355263,6.911791926134163],[79.86334656977594,6.911791527784296]],[[79.86338926094803,6.911791365554447],[79.86339876240885,6.911791352996122]],[[79.86344232600665,6.911791012342834],[79.86345254880733,6.911790641622952]],[[79.86349917900903,6.911790023637918],[79.86350591142045,6.911789804744853]],[[79.86354910817222,6.911789360315829],[79.86356042186577,6.911789264539706]],[[79.86360283865497,6.91178873078563],[79.86361453090178,6.911788759532572]],[[79.86365628239659,6.911788224679162],[79.86366623345876,6.911788190702834]],[[79.86371073297931,6.911787662192959],[79.8637215050492,6.91178756553758]],[[79.86376505684211,6.911787083189168],[79.86377715641405,6.911786919295577]]]}},{"type":"Feature","properties":{"Type":0.0,"ImageName":null,"Width":0.12,"MCode":null,"SCode":null,"ID":null},"geometry":{"type":"LineString","coordinates":[[79.8628239266578,6.909720262211733],[79.86283606917864,6.909725773950352],[79.86284546215471,6.909729832853088],[79.86284689674464,6.909730506758621],[79.86285248806657,6.909733235774536],[79.86286536704067,6.909739517514127],[79.86287952123833,6.909746006515844],[79.8628937591559,6.909752325327061],[79.86290784741749,6.909758639628507],[79.86291659962362,6.909762058140539]]}},{"type":"Feature","properties":{"Type":1.0,"ImageName":null,"Width":0.12,"MCode":null,"SCode":null,"ID":null},"geometry":{"type":"MultiLineString","coordinates":[[[79.8627762570807,6.909644372088176],[79.86278645789885,6.909648698609368]],[[79.8628254115133,6.909664236251309],[79.86283500136307,6.909667964885544]],[[79.86287378480397,6.909683819011408],[79.86288304658656,6.909687755082439]],[[79.86292208759504,6.909704816562478],[79.86293069588419,6.909708774480005]],[[79.86296845576608,6.9097267724012195],[79.86297762274073,6.909731463733581]],[[79.86301483593101,6.909750891812336],[79.86302378354695,6.9097558716398435]],[[79.8630596957313,6.909776382681881],[79.86306916045052,6.909781858927868]],[[79.86310357562562,6.909802802843544],[79.86311231097126,6.909808323414106]],[[79.86314810606167,6.909830168219862],[79.86315670464658,6.909835274113524]],[[79.8631927778089,6.9098577131928876],[79.8632023807106,6.909863525218694]],[[79.8632378126115,6.909885525607349],[79.86324625786466,6.909890931775681]],[[79.86328097073358,6.9099140232164],[79.86328853016691,6.909919204595621]],[[79.86332127239353,6.909943213894751],[79.86332950731646,6.909949398798675]],[[79.86336169479202,6.909975904643005],[79.86336964284105,6.909982582735269]],[[79.86340111915887,6.910011123147824],[79.86340828649095,6.910017828965412]],[[79.86343913483692,6.910046751723612],[79.86344640575783,6.910053489241954]],[[79.86347688384984,6.910082485840035],[79.86348445483961,6.910089638280242]]]}},{"type":"Feature","properties":{"Type":1.0,"ImageName":null,"Width":0.12,"MCode":null,"SCode":null,"ID":null},"geometry":{"type":"MultiLineString","coordinates":[[[79.86270911137214,6.909617719498659],[79.86267648074237,6.909605094693332]],[[79.86265873469868,6.909598531912114],[79.86263520587113,6.909589632599013]],[[79.8626077439277,6.909579554009194],[79.86258922733853,6.90957254062838]]]}},{"type":"Feature","properties":{"Type":1.0,"ImageName":null,"Width":0.12,"MCode":null,"SCode":null,"ID":null},"geometry":{"type":"MultiLineString","coordinates":[[[79.86421021554823,6.910772379699436],[79.86421813311793,6.9107838035590525]],[[79.86424162487218,6.910817200930558],[79.86427107958873,6.91086158979622]],[[79.86429915266402,6.910903943306513],[79.86430489147466,6.910912778854439]],[[79.8643267624668,6.91094686531102],[79.86433147187101,6.9109541394404745]],[[79.86435450610531,6.910990761032001],[79.86436073152666,6.9110006973358304]],[[79.86438192772461,6.911035531276056],[79.8643876360449,6.911045180107125]],[[79.86440929562411,6.911080371685404],[79.86441509812688,6.911089374572496]],[[79.86443632017833,6.911124584326808],[79.8644428055951,6.911135405247257]],[[79.86446270699493,6.911169002091162],[79.86446740644901,6.9111777116215265]],[[79.86448639483585,6.911212001239827],[79.86449024052405,6.911219378071668]]]}},{"type":"Feature","properties":{"Type":1.0,"ImageName":null,"Width":0.12,"MCode":null,"SCode":null,"ID":null},"geometry":{"type":"MultiLineString","coordinates":[[[79.86451546016511,6.911206478570256],[79.86451041794432,6.911197285535453]],[[79.86449162422286,6.9111626789590765],[79.86448711734342,6.911155421186273]],[[79.86446566811676,6.91111837232467],[79.8644602296114,6.9111096519601665]],[[79.86443928926526,6.911075274564343],[79.86443420418179,6.911067250906789]],[[79.86441132925835,6.911029306003208],[79.86440653300362,6.91102200011873]],[[79.86438362165069,6.910984419845698],[79.86437885898548,6.910977213276016]],[[79.86435550890013,6.910939590615537],[79.8643504416649,6.910932259066933]],[[79.86432840676333,6.9108967786574915],[79.86432215508616,6.910887705001909]],[[79.86429867582613,6.910852798889702],[79.86429354835225,6.910845082436319]],[[79.86427139749962,6.910811138117774],[79.86426675139504,6.910804286155283]],[[79.86424009555361,6.910765395614813],[79.8642343658328,6.91075834237605]]]}},{"type":"Feature","properties":{"Type":0.0,"ImageName":null,"Width":0.12,"MCode":null,"SCode":null,"ID":null},"geometry":{"type":"LineString","coordinates":[[79.86422122138008,6.910740493511458],[79.86421054164019,6.910725870629599],[79.86420086541429,6.910712553192756],[79.86419094184194,6.910699407634512],[79.86418073029577,6.910686431614361],[79.86417071011576,6.910673284228861],[79.86416062398075,6.910660154572748],[79.86415059687985,6.91064705062481],[79.86414054209362,6.910633925411363],[79.86413038914509,6.9106211563092055],[79.86412023250354,6.910608333306635],[79.86410995437619,6.910595461595376],[79.86409949255413,6.9105827708393335],[79.86408917847295,6.910570302441478],[79.86407872101384,6.910557759483865],[79.86406966555738,6.910547759756792],[79.8640662454821,6.9105442145567615],[79.86406624548212,6.910544214556764]]}},{"type":"Feature","properties":{"Type":0.0,"ImageName":null,"Width":0.12,"MCode":null,"SCode":null,"ID":null},"geometry":{"type":"LineString","coordinates":[[79.8640465850252,6.910562298493305],[79.86405743095303,6.9105761998026045],[79.8640679856995,6.910588677708317],[79.86407845835228,6.910601265692419],[79.86408871857864,6.910613919368156],[79.86409891619833,6.910626683256966],[79.86410901323633,6.910639582330107],[79.86411916562761,6.9106523250366125],[79.86412909623022,6.91066509241723],[79.86413902234902,6.910677879526902],[79.86414902353417,6.9106906735293565],[79.86415906905039,6.910703540626028],[79.86416893083947,6.910716417967857],[79.86417866767188,6.910729405527235],[79.86418840481566,6.910742548520517],[79.86419890940762,6.9107578126469695]]}},{"type":"Feature","properties":{"Type":1.0,"ImageName":null,"Width":0.12,"MCode":null,"SCode":null,"ID":null},"geometry":{"type":"MultiLineString","coordinates":[[[79.86402978529554,6.910577532637788],[79.86403831876095,6.910593448733614]],[[79.86403903378582,6.910594414557917],[79.864053280782,6.910606219428207]],[[79.86405409312025,6.910607316873312],[79.86406249982434,6.910622757636864]],[[79.86406330281449,6.9106238368008],[79.8640768871312,6.910635152580727]],[[79.86407792102062,6.910636429051304],[79.86408617476643,6.910652486367903]],[[79.86408778822852,6.910653924597815],[79.86410092690447,6.910664915095161]],[[79.86410154766563,6.910666238284617],[79.86410952002457,6.910682281057748]]]}},{"type":"Feature","properties":{"Type":1.0,"ImageName":null,"Width":0.12,"MCode":null,"SCode":null,"ID":null},"geometry":{"type":"LineString","coordinates":[[79.86411051759741,6.9106840827771],[79.86411380053609,6.910681988839055]]}},{"type":"Feature","properties":{"Type":1.0,"ImageName":null,"Width":0.12,"MCode":null,"SCode":null,"ID":null},"geometry":{"type":"MultiLineString","coordinates":[[[79.86453455975871,6.911306534726037],[79.86455586480848,6.911357809494949]],[[79.86456487793498,6.91138206063593],[79.86458183958938,6.911433602514767]]]}},{"type":"Feature","properties":{"Type":1.0,"ImageName":null,"Width":0.12,"MCode":null,"SCode":null,"ID":null},"geometry":{"type":"MultiLineString","coordinates":[[[79.86460891432502,6.911425433601118],[79.86458960789474,6.911370183319896]],[[79.86458086632099,6.911345698732216],[79.86455931000282,6.911295667019896]]]}},{"type":"Feature","properties":{"Type":1.0,"ImageName":null,"Width":0.12,"MCode":null,"SCode":null,"ID":null},"geometry":{"type":"MultiLineString","coordinates":[[[79.86415042786675,6.911685963016702],[79.86416796179508,6.911687509178226]],[[79.8641697365547,6.911687408260965],[79.86418584015446,6.911681743620779]],[[79.864187938675,6.9116814402510425],[79.86420610031597,6.911682257400493]],[[79.86420789861782,6.911681988206455],[79.86422242055846,6.911675600583371]],[[79.86422463202452,6.911675025520935],[79.86424169821323,6.911675527623121]],[[79.86424349331084,6.9116746895131635],[79.86426000198237,6.911666532321396]],[[79.86426169069702,6.911666530524825],[79.8642778204137,6.911665466092882]],[[79.86428001341886,6.911665000870722],[79.86427882088232,6.9116608781059155]]]}},{"type":"Feature","properties":{"Type":1.0,"ImageName":null,"Width":0.12,"MCode":null,"SCode":null,"ID":null},"geometry":{"type":"MultiLineString","coordinates":[[[79.86427566734658,6.911621431096668],[79.86427749483099,6.9116253056971795]],[[79.8642750463331,6.9116263197194625],[79.86425913949539,6.911628530422932]],[[79.86425760971059,6.911628832976948],[79.86424148512583,6.911638276110505]],[[79.86423952327551,6.9116391478519725],[79.86422287162874,6.911640211283807]],[[79.86422045270575,6.911641206986489],[79.8642053536408,6.9116491582456385]],[[79.86420344248106,6.911649157895035],[79.86418600933952,6.911649489616789]],[[79.86418416947,6.911649542620493],[79.86416818532373,6.911656344641811]],[[79.86416633550216,6.911656814096194],[79.8641489050597,6.911655737555303]]]}},{"type":"Feature","properties":{"Type":1.0,"ImageName":null,"Width":0.12,"MCode":null,"SCode":null,"ID":null},"geometry":{"type":"MultiLineString","coordinates":[[[79.86408608935622,6.911663063079487],[79.86407742482456,6.91166330727415]],[[79.86403333464688,6.911664286154837],[79.8640242659944,6.911664333981938]],[[79.86398212817161,6.911665101095982],[79.86397364668956,6.911665150047053]],[[79.86392879086448,6.911665887240813],[79.86391794420051,6.911666029456359]],[[79.86387333054014,6.911666580037791],[79.86386424866026,6.911666719112937]],[[79.8638188871242,6.911667372091069],[79.86380983474659,6.911667436245158]],[[79.86376412770122,6.91166785905617],[79.86375431501526,6.911668048887407]],[[79.86370913266852,6.911668783051997],[79.86370016199406,6.911668765863554]],[[79.86366061326765,6.911668970771215],[79.86365025621458,6.911668950925192]],[[79.86360582156301,6.911669790754314],[79.86359645906704,6.911669819492532]],[[79.86355086645942,6.911670459772975],[79.86354171295055,6.911670539713567]],[[79.86349668413249,6.911671120946555],[79.86348808832983,6.9116708457611775]],[[79.86344268288167,6.91167172591327],[79.86343255860093,6.911671545794298]],[[79.86338821293845,6.91167228314309],[79.86337757956953,6.911672553080861]],[[79.86333355409606,6.911673063202943],[79.86332360405797,6.9116733911571355]],[[79.86327817620176,6.911673854241334],[79.86326867060484,6.911673989272536]],[[79.86322277582636,6.911674398492821],[79.8632136277927,6.911674429520843]],[[79.86316895804565,6.911674999109539],[79.86315972300065,6.911675218488605]],[[79.86311571811984,6.9116757601636145],[79.86310655540218,6.911675990815112]],[[79.86306038401584,6.91167676693798],[79.8630514676918,6.911676904586056]],[[79.86300687965455,6.9116774592778],[79.86299660442646,6.9116774167081445]],[[79.862952250078,6.911678296313265],[79.86294205142057,6.9116784581861825]]]}},{"type":"Feature","properties":{"Type":1.0,"ImageName":null,"Width":0.12,"MCode":null,"SCode":null,"ID":null},"geometry":{"type":"MultiLineString","coordinates":[[[79.86326848382838,6.911701788492005],[79.86328003425723,6.9117019376172575]],[[79.86332364212709,6.911701268840091],[79.8633343571247,6.911701198296545]],[[79.86337959315226,6.9117006094988005],[79.86338968737947,6.91170060643691]],[[79.86343358198062,6.911699921366853],[79.86344324957156,6.9116998901990945]],[[79.86348749617504,6.911699432426449],[79.86349757012992,6.9116993991050695]],[[79.86354121537623,6.91169859985855],[79.86355220903388,6.911698398248235]],[[79.86359657512168,6.911697994400499],[79.86360739910303,6.911698213014444]],[[79.86365083927622,6.911697439894091],[79.86366029662163,6.911697273592884]],[[79.86370121822846,6.911696727608344],[79.86371074569918,6.911696509953667]],[[79.8637548293232,6.911696217208297],[79.86376475597093,6.911695899979444]],[[79.863809560864,6.911695327438639],[79.863820329499,6.911695306692156]],[[79.86386512918897,6.911694942662716],[79.86387473137277,6.911694687841768]],[[79.86392044670019,6.911694097867417],[79.86393067652345,6.911693977824292]],[[79.86397360517425,6.911693350596337],[79.86398205470795,6.911693034749543]],[[79.86402336455785,6.911692453478792],[79.8640325153495,6.911692177969302]],[[79.86407635502808,6.91169128503179],[79.86408566045519,6.911691035035386]]]}},{"type":"Feature","properties":{"Type":0.0,"ImageName":null,"Width":0.12,"MCode":null,"SCode":null,"ID":null},"geometry":{"type":"LineString","coordinates":[[79.86422595410565,6.908746421064424],[79.8642088304022,6.908770026084093],[79.86420000075401,6.908782438369986],[79.86419120820798,6.9087945448107915],[79.86418246540539,6.908806674646615],[79.86417372439213,6.90881878153892],[79.86416477752987,6.908831047765334],[79.86415097252507,6.908850110587805]]}},{"type":"Feature","properties":{"Type":0.0,"ImageName":null,"Width":0.12,"MCode":null,"SCode":null,"ID":null},"geometry":{"type":"LineString","coordinates":[[79.86425593735514,6.908767006847059],[79.86424661741466,6.908779784550354],[79.86423762693373,6.908792136555094],[79.86422864043219,6.908804547238249],[79.86421973170023,6.908816929690483],[79.86421082448297,6.908829253640786],[79.86420190250064,6.908841567673131],[79.86419285654952,6.908854004330747],[79.86417926470153,6.908872959213872]]}},{"type":"Feature","properties":{"Type":1.0,"ImageName":null,"Width":0.12,"MCode":null,"SCode":null,"ID":null},"geometry":{"type":"LineString","coordinates":[[79.86413302777251,6.9088746532571115],[79.86410945138468,6.9089063095542596]]}},{"type":"Feature","properties":{"Type":1.0,"ImageName":null,"Width":0.12,"MCode":null,"SCode":null,"ID":null},"geometry":{"type":"MultiLineString","coordinates":[[[79.86211965795341,6.911663460984058],[79.8621123731609,6.91166101715608]],[[79.86211000731353,6.911660691691929],[79.8620885233849,6.911662260735892]],[[79.86208685717426,6.911662398830884],[79.86207058208855,6.9116567207936805]],[[79.86206809592345,6.9116564538999405],[79.86204807006574,6.9116583033837715]],[[79.86204597553443,6.911658060890691],[79.86202848075769,6.911651904633796]],[[79.86202614504755,6.91165181680693],[79.86200837149597,6.91165314988772]],[[79.862006019764,6.911653570587265],[79.86198871750989,6.911647627375032]]]}},{"type":"Feature","properties":{"Type":1.0,"ImageName":null,"Width":0.12,"MCode":null,"SCode":null,"ID":null},"geometry":{"type":"MultiLineString","coordinates":[[[79.86198537549382,6.911674855166751],[79.86200427214791,6.911680776463211]],[[79.86200605622584,6.911680770381249],[79.86202573245225,6.9116792272075935]],[[79.86202755432944,6.911679819924679],[79.86204482190936,6.911685161868486]],[[79.86204644955252,6.911685368691946],[79.86206559047574,6.911684266697938]],[[79.86206754961476,6.911684305669164],[79.86208553453893,6.9116898903782875]],[[79.86208722861637,6.911690000816585],[79.86210738959663,6.911688440865955]],[[79.86210862018478,6.911688738288993],[79.86212748713476,6.911694353561193]]]}},{"type":"Feature","properties":{"Type":1.0,"ImageName":null,"Width":0.12,"MCode":null,"SCode":null,"ID":null},"geometry":{"type":"LineString","coordinates":[[79.86212951596245,6.911694900068051],[79.86212979257039,6.911690798115054]]}},{"type":"Feature","properties":{"Type":1.0,"ImageName":null,"Width":0.12,"MCode":null,"SCode":null,"ID":null},"geometry":{"type":"MultiLineString","coordinates":[[[79.86193869065411,6.911642877082238],[79.86192957414576,6.911641994228919]],[[79.86188850202205,6.911637053012377],[79.86187992006568,6.911635639763055]],[[79.86183474269097,6.911631018408314],[79.86182668535983,6.911630006756507]],[[79.86177927427478,6.911624655240229],[79.86177016423409,6.9116236687081365]],[[79.86172292958982,6.91161861671072],[79.86171465982726,6.911618030698152]],[[79.86166851755448,6.91161369732483],[79.861660190265,6.911613094235377]],[[79.86161331464527,6.911609548556235],[79.86160314272941,6.911608983613701]],[[79.86155732265469,6.911606592166142],[79.86154662211457,6.911606131883773]],[[79.86150112331292,6.911604506977301],[79.86149097923851,6.911604351913253]],[[79.86144215572646,6.911604185952012],[79.86143442903258,6.911603787867253]]]}},{"type":"Feature","properties":{"Type":1.0,"ImageName":null,"Width":0.12,"MCode":null,"SCode":null,"ID":null},"geometry":{"type":"MultiLineString","coordinates":[[[79.86148934896477,6.911632358770904],[79.86149974030654,6.911633274403769]],[[79.86154665611507,6.9116339007504735],[79.86155590641829,6.91163439523532]],[[79.86160192700115,6.9116370497956305],[79.8616111840579,6.9116376030913305]],[[79.86165766683791,6.911640974013144],[79.86166671145861,6.911641547147149]],[[79.86171231983806,6.9116458119040045],[79.86172180897955,6.911646794111314]],[[79.86176850900587,6.911651755385386],[79.86177770863833,6.911652633371153]],[[79.86182368529637,6.911658178167276],[79.861833838881,6.911658879957926]],[[79.86187659955826,6.911664168046848],[79.86188552558015,6.911665074984005]],[[79.86192768147043,6.911670096404804],[79.86193695155578,6.91167104540304]]]}},{"type":"Feature","properties":{"Type":1.0,"ImageName":null,"Width":0.12,"MCode":null,"SCode":null,"ID":null},"geometry":{"type":"MultiLineString","coordinates":[[[79.86368912097842,6.9075053387396474],[79.86369919514702,6.907509592715333]],[[79.86373902433816,6.907528353781217],[79.86374910205056,6.907533129723333]],[[79.863788738754,6.907551896678204],[79.8637977706872,6.907556184398665]],[[79.86383610137361,6.907574373407714],[79.86384626466764,6.907579167618765]],[[79.8638856907669,6.907597797086298],[79.86389524503981,6.907602352852231]]]}},{"type":"Feature","properties":{"Type":1.0,"ImageName":null,"Width":0.12,"MCode":null,"SCode":null,"ID":null},"geometry":{"type":"MultiLineString","coordinates":[[[79.86392427896844,6.907666077384645],[79.86394300344274,6.907670582737715]],[[79.86394397692325,6.9076715900723356],[79.86395610492542,6.907681801602364]],[[79.86395743479804,6.9076821576082725],[79.86397536246037,6.907686436542652]],[[79.86397665789883,6.9076869112449035],[79.86398990770599,6.907697496958982]],[[79.86399636517177,6.907699597114697],[79.86400990083774,6.907703001102348]],[[79.86401103021608,6.907703528434306],[79.86402290031607,6.907712749498266]],[[79.8640253928925,6.9077136042803815],[79.8640270373171,6.907709762704866]]]}},{"type":"Feature","properties":{"Type":0.0,"ImageName":null,"Width":0.12,"MCode":null,"SCode":null,"ID":null},"geometry":{"type":"LineString","coordinates":[[79.86402729657188,6.907713798402928],[79.8640367856826,6.907717995861264],[79.8640482706645,6.907722758722361],[79.86406607227596,6.907729883453432]]}},{"type":"Feature","properties":{"Type":0.0,"ImageName":null,"Width":0.12,"MCode":null,"SCode":null,"ID":null},"geometry":{"type":"LineString","coordinates":[[79.8640668442996,6.907677923436875],[79.86417413994539,6.907714295416418]]}},{"type":"Feature","properties":{"Type":0.0,"ImageName":null,"Width":0.12,"MCode":null,"SCode":null,"ID":null},"geometry":{"type":"LineString","coordinates":[[79.86420156194792,6.907723689349347],[79.86422123974033,6.907731214017097],[79.86422972155589,6.9077343441025585],[79.86425588713901,6.9077437769423735]]}},{"type":"Feature","properties":{"Type":null,"ImageName":null,"Width":null,"MCode":null,"SCode":null,"ID":null},"geometry":{"type":"LineString","coordinates":[[79.86468403957237,6.90801959562564],[79.86468079832028,6.908022992543358],[79.86467786564835,6.908026658837424],[79.8646752638764,6.9080305666048805],[79.86467301280686,6.908034686108203],[79.86467112957264,6.908038985993971],[79.86466962850301,6.9080434335386665],[79.86466852102596,6.908047994891641],[79.86466781556479,6.908052635336445],[79.86466751749523,6.908057319562227],[79.8646676290778,6.908062011914464],[79.864668149472,6.908066676684114],[79.86466907471119,6.908071278367433],[79.86467039775607,6.908075781945808],[79.86467210853803,6.908080153140127],[79.86467419403422,6.908084358686077],[79.86467663837479,6.9080883665776565],[79.86467942295701,6.908092146309229],[79.8646825265862,6.908095669118256],[79.86468592564654,6.908098908189438],[79.86468959426529,6.90810183887543],[79.86469350452177,6.9081044388714705],[79.86469762665952,6.908106688388673],[79.86470192930504,6.908108570305903],[79.86470637971384,6.908110070303961],[79.8647109440134,6.908111176962984],[79.86471558746487,6.908111881865927],[79.86472027473448,6.90811217964129],[79.86472497014456,6.908112068030817],[79.86472963796277,6.908111547875244],[79.86473424266212,6.908110623139375],[79.86473874920108,6.908109300858699],[79.86474312327796,6.90810759109607],[79.86474733160651,6.908105506866512],[79.86475134215956,6.9081030640303105],[79.8647551244112,6.908100281178741],[79.86475864957973,6.908097179493319],[79.86476189083189,6.908093782575077],[79.86476482350372,6.90809011628047],[79.86476742527539,6.90808620851248],[79.86476967634448,6.908082089008645],[79.86477155957807,6.9080777891224034],[79.86477306064694,6.908073341577285],[79.8647741681231,6.908068780223949],[79.86477487358333,6.9080641397788565],[79.86477517165183,6.908059455552872],[79.86477506006821,6.908054763200521],[79.86477453967295,6.9080500984308495],[79.86477361443272,6.9080454967476035],[79.86477229138687,6.908040993169392],[79.86477058060406,6.908036621975324],[79.86476849510709,6.908032416429705],[79.86476605076591,6.908028408538526],[79.86476326618325,6.908024628807406],[79.86476016255378,6.908021105998877],[79.86475676349336,6.908017866928219],[79.86475309487471,6.908014936242769],[79.8647491846185,6.908012336247255],[79.86474506248122,6.908010086730565],[79.86474075983631,6.9080082048138145],[79.86473630942828,6.908006704816182],[79.8647317451296,6.908005598157518],[79.8647271016791,6.908004893254865],[79.86472241441051,6.908004595479702],[79.8647177190015,6.908004707090292],[79.86471305118437,6.908005227245883],[79.86470844648605,6.908006151981681],[79.86470393994806,6.908007474262192],[79.86469956587204,6.90800918402457],[79.86469535754425,6.9080112682538],[79.8646913469918,6.908013711089602],[79.86468756474062,6.908016493940716],[79.86468666974578,6.908017230686941]]}},{"type":"Feature","properties":{"Type":1.0,"ImageName":null,"Width":0.12,"MCode":null,"SCode":null,"ID":null},"geometry":{"type":"MultiLineString","coordinates":[[[79.86471378112482,6.9078953168929145],[79.86469163969589,6.907880246924856]],[[79.86466990065686,6.907866954366712],[79.86466028302402,6.9078614111829335]],[[79.86463826765228,6.907849456210031],[79.86462629884697,6.907843264380235]],[[79.86461486821455,6.907837624905751],[79.86459147514068,6.907826590332373]],[[79.86458076944973,6.90782207762053],[79.8645562667482,6.907811287039871]]]}},{"type":"Feature","properties":{"Type":1.0,"ImageName":null,"Width":0.12,"MCode":null,"SCode":null,"ID":null},"geometry":{"type":"MultiLineString","coordinates":[[[79.86454642478427,6.907807188131558],[79.86452000128004,6.907796632221158]],[[79.86471514058422,6.90788054484435],[79.86468795738688,6.907864828795636]],[[79.86468561697038,6.907863345340718],[79.86467145341543,6.9078555839950555]],[[79.86467032520278,6.907854764955349],[79.86462109027708,6.907827113147625]],[[79.86471139681024,6.907862657234649],[79.86469102528334,6.907863922113887]],[[79.8647110500324,6.907845947844867],[79.86469746702724,6.907847184834493]],[[79.86469311073697,6.9078472625357135],[79.86467439921694,6.907848504094804]]]}},{"type":"Feature","properties":{"Type":1.0,"ImageName":null,"Width":0.12,"MCode":null,"SCode":null,"ID":null},"geometry":{"type":"MultiLineString","coordinates":[[[79.86458493363875,6.9079153613615905],[79.86458184226515,6.907910075496937]],[[79.8645758030187,6.907900574297959],[79.86457161425729,6.907893552366376]],[[79.86456554209529,6.907882816645844],[79.86456033257156,6.907874162008151]],[[79.86455462415933,6.907865554530754],[79.86454898578205,6.9078570387330185]],[[79.86454305078165,6.90784697570955],[79.86453782512747,6.907839521808413]],[[79.86453162732096,6.907830227788],[79.8645266580178,6.907822545439219]],[[79.86451995358834,6.90781283596867],[79.86451486979458,6.907805194403022]],[[79.86450813935188,6.907795662016571],[79.8645020942207,6.907786696300098]],[[79.86449632577957,6.907777813226239],[79.8644908605654,6.907769963454492]],[[79.86448386866292,6.9077597101816055],[79.86447854611814,6.9077518447658255]],[[79.86447217818844,6.907742367906965],[79.86446668440512,6.907734291321537]],[[79.86446033621485,6.907725153096307],[79.86445457412412,6.907717116282444]],[[79.8644484316186,6.9077078738894935],[79.86444556930267,6.90770318580339]]]}},{"type":"Feature","properties":{"Type":1.0,"ImageName":null,"Width":0.12,"MCode":null,"SCode":null,"ID":null},"geometry":{"type":"MultiLineString","coordinates":[[[79.86446736219249,6.907801089526791],[79.86446189884137,6.907792766491179]],[[79.86445548253701,6.907782929812646],[79.86444986920941,6.907774833863656]],[[79.86444274917604,6.907764178187665],[79.86443728426985,6.907756262268698]],[[79.86443000460125,6.907745361528888],[79.86442440750177,6.907737871814196]],[[79.86441762049529,6.907727596964098],[79.86441187465257,6.907719432613876]],[[79.8644065726192,6.907711306384124],[79.86439701266488,6.90769762040978]]]}},{"type":"Feature","properties":{"Type":0.0,"ImageName":null,"Width":0.12,"MCode":null,"SCode":null,"ID":null},"geometry":{"type":"LineString","coordinates":[[79.8647054020243,6.907838166527895],[79.86468846645344,6.907837884197455],[79.86467123384224,6.907836617244878],[79.86465409462497,6.907834372930574],[79.86464487750797,6.907832867653984],[79.86463844603914,6.9078313548974375],[79.86462321089138,6.907827375889215],[79.86460683878508,6.907822125318739],[79.86459130755084,6.9078159161779995],[79.86458117572998,6.907811078560841],[79.86457897875214,6.907809748959464],[79.86457545842778,6.907807688970997],[79.86456432982132,6.9078011233992],[79.86454965835868,6.90779222528759],[79.86453514062275,6.907782908322162],[79.86452094257466,6.90777313415387],[79.86450714261649,6.907762779784257],[79.8644937830645,6.907751834558496],[79.86448090620722,6.907740334349086],[79.8644688680124,6.907727999599161],[79.86445734978486,6.907715060031977],[79.86444932917088,6.907705850851086],[79.86444708417609,6.90770306410383],[79.86443938425407,6.907693517531529],[79.86442864851728,6.907680274104586],[79.86441802122687,6.907666639116707],[79.86440740064813,6.90765299886244],[79.86439691735872,6.9076392884109525],[79.86438684368748,6.907625307491113],[79.86437695367873,6.907611377521331],[79.86436719832385,6.907597211407124],[79.86435761287434,6.907582824152568],[79.86434844581153,6.907568166205629],[79.86433944480213,6.907553380564702],[79.86433083907026,6.907538409668866],[79.86432446361447,6.907525910202273],[79.86432268724612,6.907522200760246],[79.86431651760304,6.907509081934628],[79.8643091292312,6.907493635131878],[79.86430185242486,6.9074779462906895],[79.86429498471102,6.907462141191182],[79.86428839510651,6.9074462502917156],[79.86428203026685,6.907430270378704],[79.86427587517646,6.90741414759315],[79.86426969770739,6.907398017750944],[79.86426390579574,6.907381749741248],[79.86425828699826,6.907365459716552],[79.86425292980536,6.907349021779273],[79.86424756825544,6.907332567251505],[79.86424230020855,6.9073161408333785],[79.8642371900077,6.907299669910512],[79.86423213308449,6.907283165042698],[79.86422713913772,6.9072666499131214],[79.86422209843754,6.907250152156387],[79.8642169926567,6.907233635936678],[79.8642114656658,6.907217214256001],[79.8642065642225,6.90720069947107],[79.86420143871946,6.907184201473154],[79.86419616274347,6.907167848876153],[79.86419153725848,6.907153418522979],[79.8641903319454,6.907149606870914],[79.86418835555273,6.907142930276196],[79.8641836447806,6.907128390987872],[79.86417844283315,6.907111772683369],[79.86417296301985,6.907095339300657],[79.86416738097613,6.9070790984567],[79.86416148209602,6.90706287267576],[79.86415604002975,6.907046473664212],[79.86415055472335,6.9070301050376575],[79.86414501484794,6.907013790267895],[79.86413952176817,6.9069974100928775],[79.86413377066104,6.9069811021724945],[79.86412798037401,6.906964884062783],[79.86412214056006,6.90694894414137],[79.86412001134916,6.906943222800268],[79.86411837710689,6.9069383551385855],[79.86411359350889,6.906925448636989],[79.86410716001913,6.906909404545277],[79.86410119323159,6.906893156230153],[79.86409520878549,6.906876940306418],[79.8640888151696,6.906860912531028],[79.86408219658736,6.906844955120633],[79.86407532684363,6.906829113565283],[79.86406953968252,6.906816689594247],[79.86406371597468,6.906803520201586],[79.86405688325,6.906787677918256],[79.86404966803619,6.906771968343377],[79.86404198032963,6.9067563603452555],[79.8640315972755,6.906735745310597]]}},{"type":"Feature","properties":{"Type":0.0,"ImageName":null,"Width":0.12,"MCode":null,"SCode":null,"ID":null},"geometry":{"type":"LineString","coordinates":[[79.86400330156083,6.9067514169113435],[79.86402396435632,6.906794482033814],[79.86403117724159,6.906810090774939],[79.86403815334691,6.906825833329429],[79.86404507725548,6.906841601668075],[79.86405193925006,6.90685737983996],[79.8640557542602,6.906866813460607],[79.86406757246287,6.906897061235171],[79.86408837890254,6.90695020083024],[79.86409475958395,6.906966823999964],[79.86410063802153,6.906982971975385],[79.86410655339624,6.906999067622333],[79.8641121943572,6.907015321414693],[79.86411772997036,6.907031602333655],[79.86412342030094,6.907047742885588],[79.86412862027369,6.907064063527898],[79.86413380382369,6.907080393439705],[79.86413874406173,6.907096826397985],[79.86414368611293,6.907113169147744],[79.86414867590334,6.907129724152699],[79.86415347536519,6.907146179490647],[79.86415843885653,6.90716254054364],[79.8641634643207,6.907178880154136],[79.86416772424406,6.907194274582085],[79.86417235313372,6.907209146752234],[79.86418079976245,6.9072379741984715],[79.86418609194371,6.907256036022601],[79.8641908002275,6.907272561841616],[79.86419583028339,6.9072889749906174],[79.86420086485272,6.9073053569902605],[79.86420589304721,6.9073216749449236],[79.8642111541875,6.907338007296572],[79.86421656328001,6.907354291550846],[79.86422153919716,6.907370709228971],[79.86422672796101,6.907387092012396],[79.86423187519907,6.907403442029197],[79.86423717867252,6.907419703383014],[79.86424304853914,6.907435731046182],[79.86424899263089,6.9074517352406195],[79.86425533098875,6.907467658345192],[79.8642622634999,6.9074833615896685],[79.86426947782023,6.907498941832507],[79.86427676827194,6.9075137993977735],[79.86427966582043,6.907520242388286],[79.86428033098265,6.9075217118747085],[79.86428795946283,6.907533978423882],[79.86429753734268,6.907549506465479],[79.86430668277582,6.907564050424161],[79.86431589170668,6.907578539008294],[79.86432528133722,6.907592887417909],[79.86433494677043,6.907607039672788],[79.86434453812896,6.907621267122685],[79.86435412019313,6.907635479725365],[79.86436306377773,6.907648662423203],[79.86437223347419,6.90766211476696],[79.86438204607919,6.907676202864268],[79.86438658420278,6.907682638398877],[79.86438658608553,6.907682641056964],[79.86439291640288,6.907691578830553]]}},{"type":"Feature","properties":{"Type":0.0,"ImageName":null,"Width":0.12,"MCode":null,"SCode":null,"ID":null},"geometry":{"type":"LineString","coordinates":[[79.86397810581309,6.906763276930826],[79.86398655799022,6.906780682997921],[79.86399336550721,6.906794904567748],[79.86400003459111,6.906809122167671],[79.86400658195709,6.906823439876664],[79.86401295547152,6.906837893729647],[79.86401922162095,6.906852445817573],[79.86402534771253,6.906867046358789],[79.86403138612538,6.90688140894453],[79.86403605806707,6.906892874065164],[79.86404462229667,6.906915679033546],[79.8640552780353,6.906945093093392]]}},{"type":"Feature","properties":{"Type":1.0,"ImageName":null,"Width":0.12,"MCode":null,"SCode":null,"ID":null},"geometry":{"type":"LineString","coordinates":[[79.86406092383133,6.906962821507566],[79.86407121458218,6.906996782603298]]}},{"type":"Feature","properties":{"Type":0.0,"ImageName":null,"Width":0.12,"MCode":null,"SCode":null,"ID":null},"geometry":{"type":"LineString","coordinates":[[79.86395385155807,6.906775969506028],[79.86396300050696,6.906795712638815],[79.86396966271798,6.906809818070265],[79.86397605365892,6.906823943967892],[79.86398227125395,6.906838198884559],[79.86398844040284,6.906852476321364],[79.86399448681465,6.906866722115383],[79.86400031179613,6.906880985979149],[79.8640058749246,6.9068953137259586],[79.86400977946892,6.906906021753834]]}},{"type":"Feature","properties":{"Type":1.0,"ImageName":null,"Width":0.12,"MCode":null,"SCode":null,"ID":null},"geometry":{"type":"MultiLineString","coordinates":[[[79.86401551393256,6.906922703938397],[79.86402181447785,6.9069440150863555]],[[79.86403107824708,6.906973806422163],[79.86403472172302,6.9069844141284955]]]}},{"type":"Feature","properties":{"Type":0.0,"ImageName":null,"Width":0.12,"MCode":null,"SCode":null,"ID":null},"geometry":{"type":"LineString","coordinates":[[79.86393593480675,6.9067856816021935],[79.86394578516821,6.9068061756724735],[79.86395229902134,6.906820556635337],[79.86395897928107,6.906834948991082],[79.86396568696043,6.906849347670178],[79.86397223648845,6.906863856532228],[79.86397878697211,6.906878202657643],[79.86398498726724,6.906892631617111],[79.86399113874003,6.90690720980608],[79.86399712051808,6.906921950873842],[79.86400240384286,6.90693596387309],[79.86400770827049,6.906950831280809]]}},{"type":"Feature","properties":{"Type":0.0,"ImageName":null,"Width":0.12,"MCode":null,"SCode":null,"ID":null},"geometry":{"type":"LineString","coordinates":[[79.86392233155448,6.906793629737769],[79.86392920633828,6.906807138791161],[79.86393303658818,6.906816577529446],[79.8639364937111,6.906827239405712],[79.86394535663827,6.906848325610674],[79.86395207784152,6.906863653938128],[79.8639586682196,6.906878776931525],[79.86396510286724,6.906893924180616],[79.8639713916879,6.90690913248101],[79.86397751651135,6.906924380220298],[79.86398340656957,6.906939612744479],[79.86398895336296,6.906954750152109],[79.86399265258416,6.906967251552577],[79.86399363046522,6.9069710428217554],[79.86399650932732,6.906985061359828],[79.86399997527904,6.907001870957994],[79.864003144744,6.907017813171972],[79.86400628335134,6.90703406212396],[79.86400994252242,6.907051126109985]]}},{"type":"Feature","properties":{"Type":0.0,"ImageName":null,"Width":0.12,"MCode":null,"SCode":null,"ID":null},"geometry":{"type":"LineString","coordinates":[[79.86391067023004,6.9067308367560125],[79.86390115005142,6.906711144549064],[79.86389379391323,6.906695538346491],[79.86388634819296,6.9066800579098855],[79.86387854943243,6.906664699876635],[79.86387074264363,6.906649240342283],[79.86386507165312,6.9066376569660335],[79.86385635858548,6.906620660422523],[79.86384358783467,6.906596143117556],[79.86383541625057,6.906580843227726],[79.86382720174056,6.906565661941596],[79.86381894248755,6.906550511161177],[79.86381042969421,6.906535461012625],[79.86380196979925,6.906520406922875],[79.86379334104934,6.906505493698868],[79.86378467518483,6.906490590869739],[79.86377606562509,6.9064756164578265],[79.86376726765494,6.90646077291072],[79.86375841298926,6.906445978007355],[79.86374946277607,6.906431216356339],[79.86374044282,6.906416506928869],[79.86373135496453,6.906401817668029],[79.86372266789307,6.906387732598103],[79.86371174688497,6.906370565124803],[79.86369551383538,6.906345401872038],[79.86368570858293,6.9063303418461],[79.86367596769702,6.906316093723309],[79.86366585643401,6.906302066771124],[79.86365572468384,6.906288113343637],[79.86364557071005,6.90627415384923],[79.86363537561738,6.906260191203596],[79.86362502864594,6.906246336482316],[79.86361473403711,6.906232410267814],[79.86360447839151,6.9062185068933415],[79.86359393180773,6.906204804121289],[79.86358352102265,6.906191018958419],[79.86357307955129,6.906177294415233],[79.86356272344194,6.906163558682857],[79.8635522370883,6.906149780800597],[79.86354164034539,6.90613614865936],[79.86353124883539,6.90612241755152],[79.86352087910778,6.906108685056769],[79.86351021363036,6.906095110059337],[79.86349991226557,6.906081294134566],[79.86348952414123,6.9060676032073],[79.86347908294215,6.906053825887748],[79.86346842592589,6.906040167109904],[79.86345788951955,6.906026487211229],[79.86344711796717,6.9060129517654625],[79.86343634196953,6.90599942509134],[79.86342562059141,6.905985872317951],[79.86341488223893,6.905972324543433],[79.86340403226836,6.905958864621738],[79.86339309365498,6.905945513865491],[79.86338221691553,6.905932093202212],[79.86337153450052,6.905918633510923],[79.86336037131578,6.905905432936194],[79.86334936109645,6.905892103020075],[79.8633384702451,6.905878760419169],[79.86332757224713,6.905865320469442],[79.86331668928176,6.905851935562268],[79.86330578156962,6.905838551928096],[79.86329471056358,6.905825309939291],[79.86328354100864,6.90581211863692],[79.86327243680753,6.905798880661801],[79.86326126507826,6.905785735902711],[79.86325024772877,6.90577240929339],[79.86323921294925,6.905759179779471],[79.86322797593533,6.905746078337607],[79.86321673837423,6.905732980242723],[79.86320550314053,6.905719864056649],[79.86319428240323,6.905706720292281],[79.86318305601415,6.905693593253093],[79.86317178040181,6.9056805254922065],[79.86316054988269,6.9056674372316085],[79.86314940743377,6.9056542853752605],[79.86313828725945,6.90564110232957],[79.86312715793079,6.905627941724805],[79.8631159041764,6.905614848287745],[79.86310446486067,6.90560193950333],[79.86309939822866,6.905596308733912],[79.8630953818079,6.905592035890872],[79.86308572324913,6.905581614406534],[79.86307371173416,6.905569228429701],[79.86306300942766,6.905558954789292],[79.86304883411258,6.90554648684416]]}},{"type":"Feature","properties":{"Type":0.0,"ImageName":null,"Width":0.12,"MCode":null,"SCode":null,"ID":null},"geometry":{"type":"LineString","coordinates":[[79.8630388317668,6.905559067760133],[79.86304628324994,6.905565608125643],[79.86305314340255,6.905571708465687],[79.86306064719035,6.9055783811657125],[79.86306625970887,6.905583842742739],[79.86307294966208,6.905590353633398],[79.86307904099117,6.905597011816996],[79.86309186088808,6.905611116823615],[79.86310328267896,6.905624017417936],[79.86311454552806,6.905637036196873],[79.86312582882029,6.905650041358584],[79.86313710564335,6.9056630718488945],[79.86314706304432,6.9056746469796995],[79.86316049519974,6.905690262742892],[79.86317911547829,6.905712077238658],[79.86319042805042,6.9057253864087],[79.86320152932825,6.905738569334849],[79.86321269069877,6.905751759305631],[79.86322391184494,6.905764858663499],[79.8632349779516,6.905778028439226],[79.86324605218708,6.905791169655209],[79.86325703579904,6.905804389997694],[79.8632680706326,6.90581757770501],[79.86327900023907,6.905830556246662],[79.86329260469452,6.905846853304625],[79.86331163543436,6.905870042042398],[79.86332296718159,6.905884108329481],[79.86333397351032,6.905897528422042],[79.86334316434204,6.905908742954123],[79.86335092543698,6.905918539303023],[79.86336967617983,6.905941413572154],[79.86338126901447,6.905955618945748],[79.86339149745633,6.90596821184616],[79.86340210326483,6.905981462130077],[79.86342101801192,6.906005156595317],[79.86343255682876,6.906019794176429],[79.86344322337258,6.906033345114468],[79.86345384538804,6.906046832969794],[79.86346422369301,6.906060101152311],[79.86347466489629,6.906073798935623],[79.86348495528907,6.9060875465801],[79.86349544747533,6.906101211584123],[79.86350596808134,6.906114844753064],[79.86351651358108,6.9061284675681565],[79.86352700554802,6.906142170121246],[79.86353751686151,6.9061558805865015],[79.86354797198881,6.906169609044859],[79.86355846148906,6.906183336374047],[79.86356890429558,6.9061970604006335],[79.86357927337421,6.906210841374735],[79.86358964164017,6.906224617212995],[79.86360007695629,6.9062382863537835],[79.86361034178303,6.906252034451698],[79.86362055480348,6.906265851829886],[79.86363079169385,6.906279636626328],[79.86364099398543,6.906293564688882],[79.86365117377764,6.906307539807718],[79.86366060107234,6.906320771209668],[79.86366306909754,6.906324285174275],[79.86366743702166,6.906330825594845],[79.86367607303895,6.906343685692857],[79.86368557286391,6.906358088652663],[79.86369482729437,6.906372622769096],[79.86370405383624,6.906387213798632],[79.86371333757002,6.9064017735236005],[79.86372219756159,6.906415968486981],[79.86373104974982,6.906430496495249],[79.863740091514,6.906445174651432],[79.86374903920057,6.906459926733511],[79.86375776005872,6.9064747257648005],[79.86376643281717,6.906489563625835],[79.86377516441769,6.90650443259046],[79.86378389796266,6.9065193114741685],[79.86379242117113,6.906534331765347],[79.8638008338544,6.906549312690784],[79.86380922454184,6.906564339140551],[79.86381745389961,6.906579489157291],[79.86382556744883,6.906594656771642],[79.86383367803965,6.906609901349843],[79.86384173435735,6.906625204687057],[79.86384960530026,6.906640549468608],[79.86385727837134,6.906655947868075],[79.86386502468044,6.906671277184206],[79.86387256262668,6.906686671948549],[79.86388001168955,6.90670216381195],[79.8638875876543,6.906717692054733],[79.86389123786816,6.90672521519661],[79.86389657255043,6.90673763968225]]}},{"type":"Feature","properties":{"Type":null,"ImageName":null,"Width":null,"MCode":null,"SCode":null,"ID":null},"geometry":{"type":"LineString","coordinates":[[79.8631079736441,6.905605417802173],[79.8631089398877,6.905606634316366],[79.86311025514922,6.905608290249048],[79.86311558673776,6.9056143441377325],[79.86312190213403,6.905621333185102],[79.86312649256871,6.90562714182703],[79.86313294054645,6.905634588722319],[79.86313744416404,6.905639901980523],[79.86314420660138,6.9056481191880685],[79.86314827682249,6.905652943337688],[79.86315541980741,6.905661204120489],[79.86315920968441,6.905665873050356],[79.86316657891847,6.905674653231253],[79.86317026886054,6.905678875123028],[79.86317809257731,6.905687944806843],[79.86318156678705,6.905691817114475],[79.86318944994626,6.905701122783936],[79.8631927106352,6.9057048273198625],[79.86320092055581,6.905714291584287],[79.86320393151836,6.905717844399492],[79.86321226746928,6.905727612024533],[79.86321499417274,6.905730984128907],[79.86322314856949,6.905740496887807],[79.86322586304169,6.9057436832655394],[79.86323410749948,6.90575326430022],[79.86323687517022,6.905756441368164],[79.86324511248087,6.90576641774876],[79.86324782720857,6.905769644484636],[79.8632560439966,6.9057795025566024],[79.86325871240362,6.905782684192002],[79.86326687482041,6.905792280874561],[79.86326974056868,6.905795481611592],[79.86327794248311,6.905805340294248],[79.86328079451978,6.905808784466994],[79.8632888659809,6.905818201003835],[79.86329179336681,6.905821733032017],[79.86329966934743,6.905831208247201],[79.86330277205032,6.90583495712567],[79.86331063115371,6.905844332452345],[79.86331392103804,6.905848363906681],[79.86332150107349,6.905857723890897],[79.86332506222196,6.905862084409121],[79.86333219123239,6.9058711703160185],[79.86333597733945,6.905875815185785],[79.86334294300896,6.905884428893407],[79.8633470892078,6.905889350102296],[79.86335394295463,6.905897565163802],[79.86335845769943,6.905903000851406],[79.86336479482244,6.9059108233623485],[79.86336975583514,6.905916520950228],[79.86337557981238,6.90592380388731],[79.86338067097418,6.905930039115099],[79.86339186978756,6.905943243952765],[79.86339218681297,6.905943617766378]]}},{"type":"Feature","properties":{"Type":0.0,"ImageName":null,"Width":0.12,"MCode":null,"SCode":null,"ID":null},"geometry":{"type":"LineString","coordinates":[[79.86400256307098,6.906679954579775],[79.86399560416442,6.906666228911358],[79.86398750075406,6.906650925563306],[79.86397946583944,6.906635653706398],[79.86397099049962,6.906620473116538],[79.86396522075515,6.9066104811241855],[79.86396393594156,6.9066082608656005],[79.86396154136239,6.906604166284433],[79.86395870419058,6.906599314933987],[79.86395500941867,6.9065924091234985],[79.86395042595043,6.9065838409604945],[79.86391868765867,6.906531045377101],[79.86387616840506,6.906461481032369],[79.86387432869509,6.906459966762787],[79.86385609600754,6.906430806174876],[79.8638285565966,6.906386754830102],[79.86382531892657,6.906381584858208],[79.86382238424513,6.906376743492008],[79.86381804654238,6.906369585465406],[79.86381044282463,6.906357803958028],[79.8637986593075,6.906339553440857],[79.86379490175965,6.906334070148764],[79.86378567555575,6.906320726387101],[79.86377999669415,6.906312601786897],[79.863772569588,6.906301341303828],[79.86375804576485,6.906279040150174],[79.86375465575588,6.90627342541978],[79.86375087568082,6.906268274702531],[79.86374080263766,6.906254233306831],[79.86373133430993,6.906240481415703],[79.86372155141548,6.9062268280951455],[79.86371228898655,6.9062143872950275],[79.8637044739718,6.906204014968554],[79.86369715553397,6.906194023005888],[79.8636923191073,6.906187089709002],[79.8636758325827,6.906165255472682],[79.86363663553044,6.906113814511779],[79.8636280217737,6.906103377312991],[79.86360777287207,6.906077459109091],[79.86356088003186,6.906017375994544],[79.86354985316639,6.906003455158255],[79.86352790084324,6.905975837272108],[79.86352094360103,6.905967142156364],[79.86350499943124,6.905947190531848],[79.8634961570244,6.905935978555918],[79.86347776104795,6.905912808937728],[79.86346729129787,6.905899618358434],[79.86346149815249,6.905892612928467],[79.86345443825748,6.90588348249286],[79.8634348655752,6.905858083164959],[79.8634316286632,6.905854347078068],[79.86342578073891,6.905848168644863],[79.8634155803275,6.905835515696805],[79.8633829048326,6.905794770945002],[79.86337510281406,6.90578518078578],[79.86337185499082,6.905781049385183],[79.8633602811653,6.905766425420228],[79.8633523891056,6.905756981141769],[79.8633483636517,6.905752227879549],[79.86333399198736,6.905734998796397],[79.86332363559825,6.9057215994115735],[79.86331722318037,6.905713316839179],[79.86331316581803,6.905708693583273],[79.86329738379938,6.905690838790603],[79.86328587554836,6.905676800201055],[79.86327619468726,6.905665206355005],[79.86326862428868,6.905656516919018],[79.86324941642533,6.905633975324235],[79.86323693151483,6.9056194132458275],[79.86322571501726,6.9056062087985],[79.86321431759373,6.905593201376751],[79.86320374414184,6.905581217672942],[79.86319776194068,6.905574769009479],[79.86319618835351,6.905572883174146],[79.86318992622691,6.905565000747545],[79.86317904018077,6.905552457895115],[79.86316751965467,6.9055395386307215],[79.86315608913297,6.905526513899675],[79.8631446087827,6.905513543624777],[79.86313348121467,6.905501089534086],[79.86312566194154,6.905492366468982],[79.86311712040009,6.905482966661011],[79.86306942025894,6.905430651806874],[79.86305080007863,6.905410739357817],[79.86303885911211,6.905398047030476],[79.86302694403531,6.905385298929904],[79.8630150566016,6.905372607408655],[79.8630031936191,6.905359871018097],[79.8629909142937,6.905347224090358],[79.86297943376434,6.905334242782847],[79.8629679057421,6.905321365630287],[79.86295639882795,6.905308414334403],[79.86294500212018,6.905295342341594],[79.86293409783254,6.905282903383521],[79.86292829092137,6.905275808320308],[79.86292545579751,6.90527233456149],[79.86290709939072,6.905250093095746],[79.86289435525623,6.905233460841797],[79.86288412752661,6.905219526946246],[79.86287438048154,6.905205885067361],[79.86286704312461,6.905194755286622],[79.86284998003228,6.905169822049372],[79.8628381819762,6.905152131033666],[79.8628289197917,6.905137620145758],[79.86281977551536,6.905122833004779],[79.86281079914163,6.905107979023603],[79.86280209563827,6.905093049102328],[79.86279363017668,6.905077874348649],[79.86278526035183,6.905062683769504],[79.86277747664224,6.905048171430132],[79.86277529592043,6.905044049478636],[79.86277142476362,6.9050364024019055],[79.8627689747711,6.9050301445745275],[79.8627566792662,6.905006677025508],[79.86274701443516,6.904987158116462],[79.86273987680939,6.904971355380872],[79.86273306954608,6.9049553460460595],[79.86272650789088,6.9049392633494175],[79.86272017946044,6.904923137179979],[79.86271422117761,6.904906849882833],[79.86270861088158,6.904890436731566],[79.86270307965343,6.904874139863609],[79.86269785527024,6.90485765063951],[79.86269291269134,6.904840969372706],[79.86268758142963,6.904824413973274],[79.86268242385556,6.904807761348572],[79.86267778205264,6.904791308996663],[79.86267315175436,6.904775433004959],[79.86267147042986,6.904769741775562],[79.8626671293575,6.9047520481190405],[79.86266241525936,6.904731823011924],[79.86265845778921,6.9047148859120036],[79.8626548418914,6.904698531426177],[79.8626513418216,6.904681849587652],[79.86264807795972,6.9046647837504125],[79.86264562369583,6.9046478450981414],[79.8626428264991,6.9046308708530875],[79.86264015468056,6.904613608473322],[79.86263797509764,6.904596319731952],[79.86263620510648,6.904579046106817],[79.8626345200194,6.9045617872911835],[79.86263284706853,6.9045446103854795],[79.86263115797338,6.904527540098428],[79.86262957000524,6.904510344309494],[79.86262795710634,6.904493120345989],[79.86262627753503,6.904475896157747],[79.86262475582332,6.904458604662806],[79.86262324349903,6.904441396215893],[79.86262255176727,6.9044339137515545],[79.8626208059869,6.904416113744016],[79.86261865392503,6.9043924661192815],[79.86261707032739,6.904375220705598],[79.86261531533526,6.9043580322741125],[79.86261363195091,6.90434087958542],[79.86261213418182,6.904324232335186],[79.8626105608847,6.904307445229624],[79.86260889907163,6.9042901756932675],[79.86260723946619,6.904272964880561],[79.86260558717008,6.904255775913734],[79.86260343296306,6.904230359944719]]}},{"type":"Feature","properties":{"Type":0.0,"ImageName":null,"Width":0.12,"MCode":null,"SCode":null,"ID":null},"geometry":{"type":"LineString","coordinates":[[79.86251424786673,6.904238917749273],[79.86251762410124,6.904273421233921],[79.8625192017265,6.904290420832798],[79.86252090286334,6.904307395199288],[79.86252270375158,6.9043243334598285],[79.86252442128854,6.904341302993093],[79.86252614863763,6.9043582730232185],[79.86252781438009,6.904375235969451],[79.86252953054849,6.904392212745591],[79.86253142512528,6.904409178383915],[79.86253325711488,6.90442613632394],[79.8625350249179,6.904443094979971],[79.86253676030769,6.904460031795144],[79.86253849814456,6.90447695056269],[79.86254039301146,6.90449395371821],[79.86254218680799,6.9045109895052015],[79.86254386801727,6.904527981467316],[79.86254576718096,6.904544996180006],[79.86254758084539,6.904561988341336],[79.86254949367569,6.904578914816158],[79.86255108841084,6.9045958805486745],[79.86255278255153,6.904612849487922],[79.86255443421094,6.904629855840246],[79.86255621692096,6.90464685983468],[79.8625579426763,6.904663854035767],[79.86255974464282,6.9046808200290775],[79.86256176757001,6.904697762396345],[79.86256358316587,6.90471469314146],[79.86256554706547,6.904731560401875],[79.8625675904233,6.904748482405926],[79.86256955335689,6.9047654436177766],[79.86257185380354,6.904782366096659],[79.86257429648914,6.904799212789274],[79.86257675615036,6.904816111454034],[79.86257923994505,6.90483298819852],[79.86258155026563,6.904849860420178],[79.86258413069879,6.904866696394503],[79.8625867132304,6.904883558500642],[79.86258920979672,6.904900440092383],[79.8625917100039,6.90491731245979],[79.86259423915298,6.904934208424452],[79.86259683948415,6.904951076195742],[79.86259964291645,6.904967905620527],[79.86260267239179,6.9049847081408915],[79.86260701981067,6.9050041477231625]]}},{"type":"Feature","properties":{"Type":0.0,"ImageName":null,"Width":0.12,"MCode":null,"SCode":null,"ID":null},"geometry":{"type":"LineString","coordinates":[[79.86249855524076,6.9042411257632335],[79.86250033948417,6.904257949450117],[79.86250204787157,6.9042748883063965],[79.86250373194476,6.904291845309259],[79.86250556843515,6.904308824260541],[79.86250731907505,6.90432576799253],[79.86250906599464,6.904342651164726],[79.86251084731927,6.904359503199997],[79.86251252137568,6.904376309548846],[79.86251422062196,6.904393226088962],[79.86251603668802,6.904410169799839],[79.86251780743214,6.904427068368074],[79.86251944587352,6.904444078652468],[79.86252134648696,6.904461137470634],[79.86252304712424,6.904478145167236],[79.86252490283343,6.904495093078557],[79.86252661836858,6.904512048700325],[79.86252823322052,6.904529053950931],[79.86253006496727,6.904545971562413],[79.86253186843982,6.904562901789134],[79.86253366227187,6.904579838803581],[79.86253533735251,6.904596785252482],[79.86253717126172,6.904613791884329],[79.86253889545985,6.904630761151445],[79.8625407283304,6.904647711502947],[79.86254262211465,6.904664657174345],[79.86254441774516,6.904681588740602],[79.86254634868797,6.904698514555517],[79.86254818444594,6.904715441479637],[79.86255008259451,6.904732391009653],[79.86255146500137,6.904749548447886],[79.86255396051239,6.904766436939788],[79.86255655884347,6.904783258174323],[79.86255893967719,6.904800124893873],[79.86256119918964,6.904817065869918],[79.86256361047955,6.904833921104227],[79.86256624949075,6.9048507302238376],[79.86256887522455,6.90486756753098],[79.86257158203261,6.904884374370791],[79.86257412985988,6.904901193928087],[79.86257657019658,6.9049180554752025],[79.86257909541837,6.904934945328653],[79.86258153893904,6.904951862792253],[79.86258378681897,6.904968801637341],[79.8625867342503,6.904994491537447]]}},{"type":"Feature","properties":{"Type":0.0,"ImageName":null,"Width":0.12,"MCode":null,"SCode":null,"ID":null},"geometry":{"type":"LineString","coordinates":[[79.86258672064267,6.904993819802293],[79.86258703735821,6.904999355604472],[79.86258735721027,6.9050033202547185],[79.86258959931074,6.90502950164824]]}},{"type":"Feature","properties":{"Type":1.0,"ImageName":null,"Width":0.12,"MCode":null,"SCode":null,"ID":null},"geometry":{"type":"MultiLineString","coordinates":[[[79.86260895698629,6.90501187398484],[79.86261119710483,6.905018137999346]],[[79.86261361491698,6.905024112769293],[79.8626159835061,6.9050289045325615]],[[79.86261876924341,6.905034903530484],[79.86262179443585,6.905040838992499]],[[79.8626249949839,6.905047492780352],[79.8626277350042,6.905053308749973]],[[79.86263058026775,6.905058176742859],[79.86263371583586,6.905063392043385]],[[79.86263669057449,6.905068837005971],[79.86263960296901,6.905074524632901]],[[79.86264276595064,6.905079574301506],[79.86264548510664,6.905084125534417]],[[79.86264908544567,6.9050898705850825],[79.86265204405511,6.905094607542241]],[[79.86265609301425,6.905101183216889],[79.86265933059576,6.905106069582286]],[[79.86266365253931,6.9051131097798875],[79.86266704955204,6.905118406194473]],[[79.8626710776668,6.90512358915519],[79.86267418558491,6.905128625296521]],[[79.86267875814652,6.905135089187768],[79.86268216964471,6.905140130778706]],[[79.86268636314378,6.905146893984418],[79.86268930154331,6.90515171636791]],[[79.86269349822574,6.905157557378008],[79.8626979883887,6.905164269239684]],[[79.86270151543077,6.9051700415231965],[79.86270613594849,6.905176656112754]],[[79.86271027083386,6.905182706312763],[79.86271438297486,6.90518865417415]],[[79.86271944981205,6.90519634938974],[79.86272280688891,6.905201148000737]],[[79.86272576884879,6.905206397892649],[79.86273014999372,6.905212927175445]],[[79.86273424394224,6.905218705784934],[79.86273854521966,6.905225130420311]],[[79.86274206915535,6.90523066214251],[79.86274665321471,6.9052365738872945]],[[79.86274963601214,6.905241030878803],[79.86275456750758,6.905247159208205]],[[79.86275846159653,6.905253504060473],[79.86276363098563,6.905260000105549]],[[79.86276759533277,6.9052657663516],[79.8627722092308,6.905271515831378]],[[79.86277734984822,6.90527848081286],[79.8627809078151,6.90528354660727]],[[79.86278660561386,6.905290786547605],[79.86279141839812,6.905296721131563]],[[79.86279603774324,6.905303289310743],[79.8628011779518,6.905309062674752]],[[79.86280658716427,6.905315825989892],[79.86281074298766,6.90532031603857]],[[79.86281528280603,6.905327139165673],[79.86281966739448,6.905332065350728]],[[79.86282453866274,6.905338050545927],[79.86282826119074,6.905342092277922]],[[79.86283285157104,6.905347000200131],[79.86283664500888,6.905351842276917]],[[79.86283977019373,6.905356171257675],[79.8628441197822,6.905360732505812]],[[79.86284934387425,6.905366870664979],[79.86285447364536,6.905372237869256]],[[79.86285933900514,6.905378286794127],[79.86286420617652,6.905383203111556]],[[79.86286855722979,6.905388746167578],[79.86287355629104,6.905394331632928]],[[79.86287872213623,6.905399432283654],[79.86288279805572,6.905403948688337]],[[79.86288982090718,6.9054113938831705],[79.86289336868563,6.905415544910248]],[[79.8628988417428,6.905420736469472],[79.86290390756118,6.905425257712457]],[[79.86290956875015,6.905430295339608],[79.86291415613822,6.9054346456143465]]]}},{"type":"Feature","properties":{"Type":1.0,"ImageName":null,"Width":0.12,"MCode":null,"SCode":null,"ID":null},"geometry":{"type":"MultiLineString","coordinates":[[[79.86266214777028,6.904913328752146],[79.8626585726528,6.90490374219673]],[[79.86264509165424,6.904863961775404],[79.86264174016267,6.90485193708923]],[[79.86262939486099,6.9048117870870795],[79.86262708978337,6.904803056431222]],[[79.86261714426116,6.904765034975655],[79.86261512519212,6.904755170512247]],[[79.86260470687914,6.904713247980352],[79.86260294477427,6.9047038500215185]],[[79.8625956209314,6.904663266124591],[79.86259424403319,6.904652396773917]],[[79.86258803284203,6.904610283849227],[79.862586705366,6.904599393913895]],[[79.8625827099745,6.904560886447734],[79.86258147300775,6.90454833473363]],[[79.86257768258615,6.904508121082055],[79.86257662888691,6.904497266430936]],[[79.86257499770824,6.904479493589238],[79.86257118149983,6.904443132936585]],[[79.86257028371084,6.904427633683129],[79.86256639181092,6.904391686282936]]]}},{"type":"Feature","properties":{"Type":1.0,"ImageName":null,"Width":0.12,"MCode":null,"SCode":null,"ID":null},"geometry":{"type":"MultiLineString","coordinates":[[[79.86254666418336,6.9044823514826525],[79.86254338338018,6.904446079876921]],[[79.86254158485762,6.904429641755927],[79.86253818182254,6.904394406299075]]]}},{"type":"Feature","properties":{"Type":0.0,"ImageName":null,"Width":0.12,"MCode":null,"SCode":null,"ID":null},"geometry":{"type":"LineString","coordinates":[[79.86253599924189,6.904375747694948],[79.86253425435322,6.9043558207394025],[79.8625328621002,6.904340131335136],[79.86253134112658,6.904324529918219],[79.86252988922105,6.904308990431979],[79.8625283564772,6.904293402971589],[79.86252675987254,6.904277696684972],[79.86252528400796,6.904261974782019],[79.86252390288888,6.904246757009352],[79.86252340086727,6.904241206859071],[79.862523040135,6.904237249065252]]}},{"type":"Feature","properties":{"Type":0.0,"ImageName":null,"Width":0.12,"MCode":null,"SCode":null,"ID":null},"geometry":{"type":"LineString","coordinates":[[79.86256462029766,6.904372420015972],[79.862563165141,6.904355399959113],[79.86256161207871,6.904339810729238],[79.86256009421554,6.904324284962942],[79.862558554424,6.904308705021975],[79.86255703761158,6.904293219195886],[79.86255560160325,6.904277674928493],[79.86255419578328,6.9042631897428475],[79.86255377244134,6.904258911999117],[79.86255330682445,6.90425433612834],[79.86255114030473,6.904233936604168]]}},{"type":"Feature","properties":{"Type":0.0,"ImageName":null,"Width":0.12,"MCode":null,"SCode":null,"ID":null},"geometry":{"type":"LineString","coordinates":[[79.86250686126075,6.904176287713169],[79.86250447341172,6.904161106125213],[79.86250227821178,6.904144326880117],[79.86250017795409,6.90412751668673],[79.86249791134384,6.904110670015934],[79.86249576877285,6.9040938200265005],[79.86249379715062,6.904076984933645],[79.86249169725643,6.904060185040092],[79.86248946095122,6.904043309656606],[79.86248724578745,6.904026462437771],[79.86248506987206,6.904009682375607],[79.8624830368677,6.903992860461888],[79.86248079333653,6.903976054777204],[79.86247854690603,6.903959215499362],[79.86247634866325,6.903942398296276],[79.86247403530038,6.903925555143804],[79.86247193143991,6.903908700910066],[79.86246998043066,6.903891820100648],[79.86246775211048,6.903874911778231],[79.86246561976117,6.903858025991005],[79.86246339601757,6.903841178775926],[79.86246111444531,6.903824322762778],[79.86245900631174,6.90380744839471],[79.8624567932098,6.903790584356896],[79.86245461210268,6.903773770350642],[79.8624524065588,6.9037569519442155],[79.8624502211547,6.903740145800507],[79.86244811964202,6.903723416218317],[79.86244607632531,6.903708295315577],[79.86244211742942,6.903680648836206],[79.86243872207974,6.903657988540898],[79.86243620226476,6.903641206773176],[79.86243376400381,6.9036244283550685],[79.8624313149718,6.903607749519394],[79.86242907934013,6.903590966105252],[79.86242640234393,6.903574129748993],[79.86242221410576,6.903549462056643]]}},{"type":"Feature","properties":{"Type":0.0,"ImageName":null,"Width":0.12,"MCode":null,"SCode":null,"ID":null},"geometry":{"type":"LineString","coordinates":[[79.8624914414261,6.904177804338632],[79.8624892482881,6.904163559446034],[79.86248704866489,6.904146435392213],[79.86248508505507,6.904129259576996],[79.86248287488282,6.904112029236378],[79.86248061638487,6.904094822299139],[79.8624784062478,6.90407759384437],[79.86247623432939,6.904060354493314],[79.86247406607525,6.90404317985049],[79.86247195224198,6.904026030594138],[79.86246965491695,6.90400888466736],[79.86246770691083,6.903991404504261],[79.86246593106662,6.90397383614167],[79.86246320327739,6.903956753334604],[79.8624605677308,6.903939625909454],[79.86245834547005,6.903922452722108],[79.86245625170147,6.903905232828507],[79.86245401759844,6.903888044839871],[79.86245180846018,6.903870854094063],[79.8624494545116,6.903853648552635],[79.86244716846528,6.9038365086435105],[79.86244495306856,6.903819343993079],[79.8624426593482,6.9038021699853145],[79.86244028986974,6.903785075175178],[79.86243803760595,6.903768026557462],[79.86243586589208,6.903750883766747],[79.86243348823835,6.903733724777261],[79.8624314821258,6.9037165589729685],[79.86242979206688,6.903699305755876],[79.8624274981279,6.9036820720201675],[79.86242512408174,6.90366488562134],[79.86242252975174,6.903647702395108],[79.86242047369485,6.903635707083947],[79.86241745759817,6.903613216533068],[79.86240970468921,6.9035571221588485],[79.86240693483924,6.903538289405435],[79.86240618441671,6.903525681344358],[79.86240422093174,6.903518591062044],[79.86239828873934,6.903497466201457],[79.8623942444821,6.903480447821928],[79.86239090071183,6.903467948114823],[79.86238746189845,6.903451528304345],[79.86237736478252,6.903403024048478],[79.8623731807338,6.90338410233671],[79.86236939447781,6.9033672035466696],[79.86236559335978,6.903350270731716],[79.8623616436821,6.903333427467117],[79.8623576420736,6.903316579235758],[79.86235363320881,6.903299727800176],[79.86234961789867,6.903282899835649],[79.86234542543724,6.903266130961438],[79.86234139147919,6.903249368366251],[79.86233755711959,6.903232767014339],[79.86233363040141,6.903215934206574],[79.86233004992624,6.903198954088576],[79.86232797575273,6.903185039444408],[79.86232717940933,6.903181925227077],[79.862323462803,6.903171800279927],[79.86231702828326,6.903156345155492],[79.86231111608683,6.903140099379949],[79.86230543070573,6.903123696281407],[79.86229987740506,6.903107238665794],[79.86229445193963,6.903090767307353],[79.86228973708795,6.903074011509244],[79.86228437966449,6.9030574587772735],[79.86227878853651,6.903041040270774],[79.86227347090211,6.903024538172984],[79.86226804265912,6.903008055201091],[79.86226262548952,6.902991598959621],[79.8622572153728,6.902975117398153],[79.86225181495747,6.902958681248022],[79.86224634179167,6.902942254179682],[79.86224084370309,6.9029257721841315],[79.86223637079213,6.902909033599127],[79.86223095734796,6.902892991097722],[79.86222471652998,6.902876911465772],[79.86221914191225,6.902860536345586],[79.86221369068274,6.902844128684345],[79.86220807882597,6.902827731331702],[79.8622024861797,6.902811342440036],[79.86219690100371,6.902794971200749],[79.86219124241039,6.902778606469786],[79.86218566062121,6.902762196507041],[79.86217991428389,6.902745805040373],[79.86217432586646,6.902729419534333],[79.86216858305023,6.902713097978321],[79.86216282460144,6.902696767016614],[79.86215692069382,6.902680463676219],[79.86215116342794,6.9026641403325595],[79.86214529090978,6.902647920476613],[79.86213942537461,6.902631668415009],[79.86213337915876,6.902615452097556],[79.8621274039301,6.90259919417479],[79.86212120664486,6.902583107468728],[79.86211493639443,6.902566949683677],[79.8621088220238,6.90255070770661],[79.86210263932783,6.90253450377166],[79.86209660595037,6.902518274080874],[79.86209037289116,6.902502080196189],[79.8620841980907,6.902485864995206],[79.86207817003633,6.902469566389919],[79.86207198553383,6.9024533677894855],[79.86206582525898,6.90243718351031],[79.86205968813255,6.902420991872959],[79.86205349303364,6.902404762771735],[79.86204734895159,6.902388544285111],[79.86204110052806,6.90237236331451],[79.86203497008879,6.902356167954349],[79.86202899739568,6.90234046239792],[79.86202705635985,6.902335397101703],[79.86202441259964,6.902328446619529],[79.86201891619989,6.902314262888095],[79.86201286404997,6.90229805159811],[79.8620067835026,6.902281853030533],[79.86200056761515,6.902265722840332],[79.86199444951873,6.902249530135065],[79.86198826952315,6.902233352600994],[79.86198204169368,6.902217152121929],[79.8619758544846,6.902201023003272],[79.86196964667599,6.902184937586339],[79.86196496396607,6.902171401496543],[79.86195959129246,6.902156829418682],[79.86195306495846,6.902140745924551],[79.86194672889852,6.902124559081749],[79.86194052870125,6.9021083625469055],[79.86193430029701,6.9020921345352315],[79.86192827988165,6.902075854639619],[79.86192228670123,6.9020596058318135],[79.86191572001997,6.902043577195641],[79.86191271038692,6.902036637828994],[79.8618986131495,6.9019983984550075],[79.8618840640797,6.901960251040811],[79.86188106626808,6.901953153317699],[79.86187796254129,6.901944657043486],[79.86187172750837,6.901928921691069],[79.86186860302382,6.901921500464686],[79.861864391254,6.901910553230456],[79.86185682301526,6.901892464876505],[79.86185040397767,6.901876294883086],[79.86184763978798,6.9018682193608205],[79.8618254809962,6.901810222847474]]}},{"type":"Feature","properties":{"Type":0.0,"ImageName":null,"Width":0.12,"MCode":null,"SCode":null,"ID":null},"geometry":{"type":"LineString","coordinates":[[79.8618333132309,6.901761756205144],[79.86183887780402,6.9017759526374265],[79.86184466573292,6.901790812157401],[79.86185056596814,6.9018057007539895],[79.86185632552939,6.901820618439096],[79.86186210274364,6.901835567130171],[79.86186793343292,6.901850456381877],[79.86187382106071,6.90186534608918],[79.86187939629494,6.901879399723305],[79.86188089153008,6.901883182058841],[79.86188214382842,6.901886642123869],[79.86189017299485,6.901907200042155],[79.86190164633305,6.901936456790476]]}},{"type":"Feature","properties":{"Type":0.0,"ImageName":null,"Width":0.12,"MCode":null,"SCode":null,"ID":null},"geometry":{"type":"LineString","coordinates":[[79.8618585259381,6.901750271268126],[79.86186354965963,6.901764172173549],[79.86186942854401,6.901778917434796],[79.86187520419479,6.901793650659943],[79.86188112320859,6.901808329520236],[79.86188694015377,6.90182301382513],[79.86189278647257,6.901837552395864],[79.86189850558674,6.901852172109991],[79.86190408161231,6.901866544573812],[79.86190787673986,6.901876369227205],[79.86191636961135,6.901897948147576],[79.86192776057456,6.901927215028322]]}},{"type":"Feature","properties":{"Type":0.0,"ImageName":null,"Width":0.12,"MCode":null,"SCode":null,"ID":null},"geometry":{"type":"LineString","coordinates":[[79.86190708096686,6.901731557995352],[79.86191249837859,6.901745079926886],[79.86191890429177,6.901761261424309],[79.86192555302372,6.901777226063005],[79.86193192217891,6.901793149397878],[79.86193885702649,6.901809028754201],[79.86194630908443,6.901824603816034],[79.86195283558588,6.901840527993994],[79.86195829721832,6.90185676397962],[79.8619631931776,6.901873115972273],[79.86196883518883,6.90188948566818],[79.8619748594087,6.90190554590171],[79.86198107597261,6.901921438813195],[79.86198758139346,6.901937550778715],[79.86199137714019,6.901947565560808],[79.86200101687247,6.9019739589265185],[79.8620193296365,6.90202288486338],[79.86202621631162,6.902039392792629],[79.86203243575906,6.902055528075413],[79.86203864031724,6.902071627942613],[79.8620443593556,6.902087893231089],[79.86205001643766,6.902104261391225],[79.86205683224237,6.902120150877987],[79.86206213490293,6.90213325280058],[79.86206790625572,6.902148456424282],[79.86207830012263,6.902175646518361],[79.86208455320016,6.902192209615211],[79.86209073948899,6.902208331478669],[79.86209495687858,6.9022199393530785],[79.86211295950481,6.902267360323465],[79.86215935627195,6.902389489673762],[79.86216753118386,6.902411132842425],[79.8621736071436,6.902427346457573],[79.86217997105229,6.902443446461661],[79.86218595977212,6.902459607955529],[79.86219178795179,6.902475767353595],[79.86219805490286,6.902491816487804],[79.8622041926979,6.902507953138691],[79.8622102647994,6.902524088508804],[79.86221636359338,6.902540267279164],[79.8622225271379,6.902556420739559],[79.86222865331617,6.902572599086105],[79.86223353226322,6.902585624300636],[79.8622345757106,6.9025885082046825],[79.86223694264598,6.902595201187992],[79.8622334150689,6.902597333670109],[79.86221786484049,6.902603212971879],[79.86221696984373,6.902606191765563],[79.86222186710464,6.902618982609866],[79.86222790519653,6.902634910242814],[79.86223404660144,6.9026510912858985],[79.86224026494992,6.902667232495993],[79.86224639512416,6.902683412302077],[79.86225255945483,6.902699572024735],[79.86225879058398,6.9027157062435025],[79.86226481262564,6.902731854367094],[79.86227019338804,6.902745926840392],[79.86227410371605,6.902755049167474],[79.86229344846039,6.902798890391542],[79.86229718657601,6.902806566381427],[79.86229949161165,6.902804907449183],[79.86230388912956,6.902802870022753],[79.86230518350375,6.902802320038708],[79.86230878460812,6.902800847878474],[79.86230993214106,6.902800467246835],[79.86231299213793,6.902799929077718],[79.86231426701286,6.902801019857458],[79.8623198059296,6.902812885467408],[79.86232650754421,6.902829577054216],[79.86233791617362,6.902858123065957],[79.86234565464183,6.90287743597786],[79.86235202611283,6.902893464929996],[79.86235853115551,6.90290948655249],[79.86236504400678,6.902925517434294],[79.86237153515353,6.902941549613167],[79.8623781214769,6.902957562921188],[79.86238484126638,6.9029735040921185],[79.86239151687819,6.902989453763126],[79.86239835816004,6.903005351003409],[79.86240520089032,6.903021221308557],[79.86241201353181,6.903036758365021],[79.86241910185063,6.903052427302476],[79.8624263117293,6.9030681243334175],[79.86243391939884,6.903083634073596],[79.86244186687264,6.9030988391479955],[79.86244860173058,6.903110413855773],[79.8624507607531,6.903113887753064],[79.86245804931738,6.903124611236675],[79.86246834178645,6.903138517015231],[79.86247195049276,6.903143129579673],[79.86248161076638,6.903153695550149],[79.86249410326002,6.903166919824346],[79.86249808717172,6.90317105100799],[79.86249822071767,6.903171161734964],[79.86250428199804,6.903176160285384],[79.86251655438329,6.90318498675579],[79.86252782891125,6.903191608997143],[79.86254115318384,6.903197520130895],[79.86254715818359,6.903200021216045],[79.86255081314516,6.903200498508848],[79.86256312383877,6.903201187385658],[79.86258006153605,6.9032020868872195],[79.8625872283243,6.903202527316345],[79.862593405797,6.903201393782396],[79.86259800590524,6.903200542045671],[79.86260728398665,6.903197168414804],[79.86261459841438,6.9031945082545105],[79.86261748264684,6.90319325328941],[79.86262723035917,6.903188206233855],[79.86263361516727,6.903184724520519],[79.8626371669324,6.903181550908761],[79.86264753519103,6.903172949667879],[79.8626672823441,6.903155721447062]]}},{"type":"Feature","properties":{"Type":0.0,"ImageName":null,"Width":0.12,"MCode":null,"SCode":null,"ID":null},"geometry":{"type":"LineString","coordinates":[[79.86259724321665,6.9041651731571445],[79.86259557632155,6.904150850631154],[79.86259329354506,6.90413396101683],[79.86259003960602,6.904100747810603],[79.86258879148389,6.904083805260975],[79.86258743848387,6.904066920066858],[79.86257840279742,6.903983879788659],[79.86257693863158,6.903970971474945],[79.86257550289858,6.903954295141866],[79.8625737390206,6.903937321063899],[79.86257248722869,6.903922966563465],[79.8625690812587,6.903886210580454],[79.86256809172303,6.90387849549178],[79.86256512031875,6.9038540792491965],[79.86256337572978,6.903835826060892],[79.86256166236717,6.903818881000143],[79.86255996627258,6.903801939254667],[79.86255835692079,6.903784961069609],[79.8625567580819,6.903768007362237],[79.86255522396075,6.90375107796829],[79.86255369018414,6.903734294475399],[79.86255237332686,6.903717379837509],[79.86255115319551,6.903700389313555],[79.86255025646729,6.903683338532221],[79.86254970280719,6.903666943309325],[79.86254956489157,6.903661277112005],[79.86254949132199,6.9036384747923565],[79.86254950015585,6.903616525046464],[79.86255010877602,6.903599530482691],[79.86255163299421,6.903582548782666],[79.86255411964319,6.903565665485856],[79.86255754518098,6.903549021508427],[79.86256072193535,6.903538385232126],[79.86256193255541,6.903535556530561],[79.86256500163984,6.903528359743523],[79.86257557392273,6.903506371807125]]}},{"type":"Feature","properties":{"Type":0.0,"ImageName":null,"Width":0.12,"MCode":null,"SCode":null,"ID":null},"geometry":{"type":"LineString","coordinates":[[79.86182973970026,6.901780707354257],[79.86183809973411,6.901801414946616],[79.86184479788047,6.901817375333262],[79.86185115081196,6.901833479931928],[79.86185739039585,6.901849622868335],[79.8618638512017,6.901865643490093],[79.86187027435336,6.90188174014373],[79.86187653424632,6.901897913445177],[79.86188290437285,6.901913975864345],[79.86188911507531,6.901930128409434],[79.8618953174254,6.9019462531311175],[79.86190154310567,6.901962372664377],[79.86190776360131,6.901978493207715],[79.86191404269843,6.9019946076132115],[79.8619203092055,6.902010773963672],[79.86192614710525,6.902027098053626],[79.86193223589386,6.902043271801307],[79.86193854183307,6.902059367789354],[79.86194485842852,6.902075495373472],[79.86195097436446,6.902091682491053],[79.8619570950772,6.902107865237422],[79.86196323032553,6.90212402503598],[79.86196935025107,6.902140168101145],[79.86197542308737,6.9021563378709665],[79.86198147675194,6.9021725232066515],[79.86198761334981,6.902188673449111],[79.86199376230849,6.902204835849698],[79.86200008367355,6.902220962627042],[79.86200622317264,6.902237111021388],[79.86201224298127,6.902253327256557],[79.86201843783998,6.902269477767734],[79.86202464465985,6.902285597942889],[79.86203087309147,6.90230172511079],[79.86203703735106,6.902317874278855],[79.8620431388323,6.902334025930551],[79.86204941998125,6.902350162748865],[79.86205557057806,6.90236634794731],[79.86206184966302,6.902382482049148],[79.86206808679991,6.902398608021498],[79.86207414656455,6.902414805499135],[79.86208039088211,6.902430946275735],[79.86208641235332,6.902447175901255],[79.86209238137153,6.902463416024599],[79.86209848708275,6.902479596771128],[79.86210463762366,6.902495766309894],[79.86211073739116,6.9025119549711755],[79.8621167838559,6.90252813116543],[79.86212271494739,6.902544363008649],[79.86212864050998,6.902560651908014],[79.86213468220724,6.902576920644797],[79.8621404460789,6.902593254708068],[79.86214660245845,6.9026094103484175],[79.86215262916883,6.902625591673594],[79.86215856545742,6.90264181087889],[79.86216458136967,6.902657976733469],[79.86217064825168,6.902674140951161],[79.86217668429046,6.902690371725131],[79.86218261258149,6.902706640915565],[79.86218844614378,6.902722941283699],[79.862194052598,6.902739320016928],[79.86219988242975,6.902755660534613],[79.86220551081085,6.902772005564641],[79.86221102918556,6.90278840932585],[79.86221670872322,6.9028047699882285],[79.86222225694952,6.902821156834054],[79.86222775311612,6.902837520497559],[79.8622331467582,6.902853955290959],[79.86223860733234,6.90287039928111],[79.86224408108045,6.902886788549552],[79.8622494691561,6.9029032172792615],[79.86225496446731,6.902919590507052],[79.8622604283371,6.902936006129899],[79.86226599097742,6.902952365199937],[79.86227155205391,6.902968752797048],[79.86227700520449,6.902985193910297],[79.86228215125203,6.9030017545496705],[79.8622875896052,6.903018204696713],[79.86229283394451,6.9030346980965644],[79.86229846441803,6.903051065248381],[79.86230398684044,6.903067458755195],[79.86230939537596,6.9030838951512274],[79.86231471816573,6.903100380832591],[79.86232000249264,6.9031168573383015],[79.86232513648037,6.903133376071201],[79.86233004741145,6.9031499427118606],[79.86233502965382,6.90316653108447],[79.86233985565556,6.903183157749386],[79.86234457190504,6.903199791479569],[79.86234927284205,6.903216441589464],[79.86235362103719,6.903233203646814],[79.86235781005063,6.9032499868176105],[79.86236191237504,6.9032667728562185],[79.86236594879348,6.903283533783641],[79.86236992245419,6.903300377232201],[79.86237386053067,6.903317215576825],[79.8623778147534,6.9033339989706315],[79.86238167124282,6.903350828824548],[79.86238350451934,6.903358999576305],[79.86238667844434,6.903372846391334]]}},{"type":"Feature","properties":{"Type":0.0,"ImageName":null,"Width":0.12,"MCode":null,"SCode":null,"ID":null},"geometry":{"type":"LineString","coordinates":[[79.86238678205885,6.903372874050524],[79.86239169490561,6.90339656920703],[79.8623947826042,6.903411684395881],[79.86239719403993,6.903423334932294],[79.86239855840563,6.90342974678433],[79.86240483823198,6.903459119986439],[79.86240859949031,6.903477057205253],[79.86240967602005,6.9034823789477135],[79.86242231009224,6.90354980427816]]}},{"type":"Feature","properties":{"Type":0.0,"ImageName":null,"Width":0.12,"MCode":null,"SCode":null,"ID":null},"geometry":{"type":"LineString","coordinates":[[79.86250289209603,6.903277885643107],[79.8625080078084,6.903299255625689],[79.86251168957527,6.90331596843737],[79.86251519362611,6.9033327424541095],[79.8625172862056,6.903342154233962],[79.86251914064763,6.903352043443976],[79.86252337012843,6.903372583400926],[79.86252585487571,6.903382816870595],[79.86252653415451,6.903392623912999],[79.86252846748376,6.903415048542706],[79.86253000069651,6.903426338842878],[79.86253074151209,6.9034333676991455],[79.86253216530287,6.903447049498516],[79.86253265590105,6.903449099959021],[79.86253366322117,6.9034526897807496],[79.86253472259428,6.90345378645485],[79.86253733406653,6.903456185314403],[79.86253748828435,6.9034563269765945],[79.86253748828435,6.9034563269765945],[79.86253868192203,6.903456166571392],[79.86254260809567,6.903455638958387],[79.86254358498573,6.903454656869058],[79.86254761344244,6.90344842392255],[79.86255599605092,6.903434487131885],[79.86256411815573,6.903419436733267],[79.86257190651077,6.903404143731165],[79.86257979285509,6.903388868746751],[79.8625877957285,6.903373633772965],[79.86259586354319,6.903358428875238],[79.86260426169552,6.903343418251642],[79.86261270452945,6.9033284723702435],[79.8626218053217,6.903313937259095],[79.8626305346274,6.903301011372196],[79.8626330697468,6.903297190519334],[79.8626417269241,6.903283384931742],[79.86265087280606,6.903268196195117],[79.86265871068264,6.903254305067323],[79.86266039156621,6.903251082721464],[79.86265969094434,6.903249948370526],[79.8626592684844,6.903249523767371],[79.86265629628078,6.903248645419883],[79.86265491596487,6.90324840440813],[79.86264877434651,6.9032500764012354],[79.86263478724265,6.903254182678482],[79.86261817117592,6.903258491586438],[79.86260140445775,6.903262142723221],[79.86258451268131,6.903264978282565],[79.86256782669676,6.903267749064222],[79.8625615582226,6.903268833681912],[79.86254875658638,6.9032700341745805],[79.86253042734204,6.90327236200727],[79.86251349062132,6.903274394301124],[79.86250628275567,6.903275092586747],[79.86250421752862,6.903275186717731],[79.86250253460126,6.903275264545829],[79.86250256836144,6.903276172945619],[79.86250289209323,6.903277885642273]]}},{"type":"Feature","properties":{"Type":1.0,"ImageName":null,"Width":0.12,"MCode":null,"SCode":null,"ID":null},"geometry":{"type":"MultiLineString","coordinates":[[[79.86254309753906,6.904163443225926],[79.86254158821971,6.904150476410569]],[[79.86253727104435,6.904110815752739],[79.8625355025885,6.904098216139905]],[[79.86253124782638,6.90405871665239],[79.86252998178523,6.90404665516048]],[[79.86252506460994,6.904005486134096],[79.8625241614285,6.903996094026515]],[[79.86251926207618,6.903955488074837],[79.86251844041634,6.903945066828528]],[[79.86251343866051,6.903903915353031],[79.86251258296298,6.903893450485459]],[[79.86250792473778,6.9038540637749275],[79.8625069705252,6.9038445776634205]],[[79.86250217146726,6.903804342084018],[79.86250130407224,6.903795149131839]],[[79.86249682379596,6.903754347456592],[79.86249584412806,6.903745308702006]],[[79.86249120978323,6.903703924561177],[79.86249031687166,6.903692883547356]],[[79.86248567620123,6.903653705097024],[79.86248464960475,6.903644315405086]],[[79.86248048568065,6.903603500426777],[79.86247920140461,6.903593556114021]],[[79.86247461767842,6.9035527181312],[79.86247282384686,6.903543533967737]],[[79.8624679225603,6.903502218844954],[79.86246666461865,6.903492536170017]],[[79.86245997742998,6.903451234246244],[79.86245803990388,6.903440821190644]],[[79.86245022028149,6.903399245626029],[79.86244830836662,6.903388944842192]],[[79.86244016625909,6.903350368177184],[79.86243783979178,6.903338955772025]],[[79.86242915922547,6.903300614082964],[79.8624270598387,6.9032911543411135]],[[79.86241693500124,6.903251370549062],[79.86241373646659,6.903240960220715]],[[79.86240239325868,6.9032026524659695],[79.86239902762598,6.903192282229073]],[[79.86238569523385,6.903153892297151],[79.86238209008722,6.903143743148824]],[[79.86236895255496,6.903107162545404],[79.8623653096813,6.903096229526176]],[[79.86235151970838,6.9030599567998285],[79.8623475885038,6.903048639173845]],[[79.86233377803403,6.9030103726144985],[79.86233039013932,6.9030014067416765]],[[79.86231617110478,6.902962639919129],[79.86231260344049,6.902952833812026]],[[79.86229950107274,6.902917310152437],[79.86229560072321,6.902906785032693]],[[79.86228222202318,6.902869531922307],[79.86227838256266,6.902858968999268]],[[79.86226387646705,6.902819685762389],[79.86226039972277,6.902809838305317]],[[79.86224658601708,6.902771217018197],[79.8622426567126,6.90276062895424]],[[79.86222799887913,6.902720847102801],[79.86222431584598,6.902711450756305]],[[79.86220845132765,6.902668113829078],[79.86220460456016,6.902657926926415]],[[79.8621892913159,6.902616370802977],[79.8621853912149,6.902605617170951]],[[79.86217287918845,6.902571064240117],[79.8621695362712,6.9025625044317085]],[[79.86215607551053,6.902526959132734],[79.86215248122724,6.902517344921031]],[[79.86213845673905,6.902480395853493],[79.86213495937892,6.902470999989334]],[[79.86212129770598,6.902434804160452],[79.86211746310505,6.902424790316928]],[[79.86210413859781,6.902389389757335],[79.86210016782401,6.902379181648656]],[[79.8620858445536,6.9023419651956885],[79.86208168012082,6.902331179275515]],[[79.86206753796249,6.902292882698917],[79.86206325122467,6.90228222639996]],[[79.86204966205291,6.9022466383906895],[79.8620454734969,6.902235308820869]],[[79.8620309135226,6.90219740156203],[79.86202729536036,6.902187232477784]],[[79.86201226461283,6.902148907284104],[79.8620087203001,6.902139437058111]],[[79.86199412011607,6.902101185017806],[79.86199071337263,6.902091996256466]],[[79.86197570965925,6.902053649447571],[79.86197199969678,6.902043934102169]],[[79.8619583600539,6.902007357995728],[79.8619539364714,6.901996544782257]]]}},{"type":"Feature","properties":{"Type":1.0,"ImageName":null,"Width":0.12,"MCode":null,"SCode":null,"ID":null},"geometry":{"type":"LineString","coordinates":[[79.86194704431742,6.90197715492661],[79.86193388301368,6.901943692762639]]}},{"type":"Feature","properties":{"Type":1.0,"ImageName":null,"Width":0.12,"MCode":null,"SCode":null,"ID":null},"geometry":{"type":"MultiLineString","coordinates":[[[79.86190847191818,6.901953774057399],[79.86192107058999,6.901987210871358]],[[79.86192917285645,6.902008152728671],[79.8619328388212,6.90201735805816]]]}},{"type":"Feature","properties":{"Type":1.0,"ImageName":null,"Width":0.12,"MCode":null,"SCode":null,"ID":null},"geometry":{"type":"MultiLineString","coordinates":[[[79.86194733530634,6.902054107102693],[79.86195136521287,6.90206533017381]],[[79.86196526073753,6.902101161677434],[79.86196893497964,6.902111315427824]],[[79.86198353352322,6.90214987629533],[79.8619872410417,6.90215901139033]],[[79.86200101590389,6.90219553147908],[79.86200570079309,6.902207692814727]],[[79.86201985144771,6.902245287839377],[79.86202349264886,6.902255534492948]],[[79.86203852432978,6.902294046139622],[79.8620423317984,6.9023040464862815]],[[79.86205665615091,6.9023416351081925],[79.86206097110042,6.902352109173833]],[[79.86207509655982,6.902389730573502],[79.86207853914907,6.9023992297016665]],[[79.86209203147874,6.90243560795781],[79.86209579136566,6.9024455717394115]],[[79.86210920999473,6.902481278781177],[79.86211281290608,6.9024914056709985]],[[79.86212583092585,6.902527062130799],[79.86213038773275,6.90253843864326]],[[79.86214257647289,6.902571421768189],[79.8621461861088,6.902581072125833]],[[79.86216040892197,6.902619200846365],[79.8621639734703,6.902630142554851]],[[79.86217906277913,6.902668944616474],[79.86218273008615,6.9026785869769824]],[[79.86219702260242,6.902719490374586],[79.86220137638732,6.902731230656488]],[[79.86221542483815,6.90277050607421],[79.86221939543319,6.90278170547763]],[[79.86223269497118,6.902818410002174],[79.86223619201144,6.902829115617962]],[[79.86224963757184,6.902868229090664],[79.86225364481645,6.902880004701161]],[[79.86226691156196,6.902917733551885],[79.86227020922549,6.902926885960208]],[[79.86228307922691,6.902963152226342],[79.86228614898215,6.902972768981256]],[[79.86229938680138,6.90301149240927],[79.86230304276488,6.903022285388278]],[[79.86231598631329,6.903059285504892],[79.86231937192531,6.903069443097414]],[[79.8623327307433,6.9031077657089766],[79.86233607225985,6.903117837665228]],[[79.86234871369003,6.903154731503888],[79.86235231525056,6.903164902402522]],[[79.86236423066012,6.9032031718391025],[79.86236692307425,6.903212614880915]],[[79.86237712428054,6.903250547681719],[79.86237988219645,6.90326163450091]],[[79.86238900549705,6.903299203564859],[79.86239144034553,6.903308347052165]],[[79.86240067720777,6.903347990984894],[79.86240250334426,6.903356882373199]],[[79.86242034252203,6.903445310922279],[79.86242197033573,6.903453689881675]],[[79.86243032286887,6.903498039763306],[79.86243187548098,6.903506794489917]],[[79.86243828615393,6.903548349510798],[79.86243961373431,6.903557860392894]],[[79.86244532357645,6.903599175358134],[79.86244687326781,6.903608221495726]],[[79.86245167133168,6.903648633596878],[79.86245293471723,6.903657073806692]],[[79.86245804249309,6.903699494302954],[79.86245885761633,6.903706737581918]],[[79.86246412697939,6.90374958262889],[79.86246531993032,6.903759362721915]],[[79.86247052120068,6.903800097751036],[79.86247164626027,6.903809401437427]],[[79.86247621003854,6.903848515070154],[79.86247725849353,6.903857775460884]],[[79.86248188742202,6.903896801167049],[79.86248332168772,6.903907140328908]],[[79.86248840621533,6.9039489081046455],[79.86248952531548,6.903959880658747]],[[79.86249430000797,6.9039979353388565],[79.86249534453049,6.90400782125192]],[[79.86250056582877,6.904051017480797],[79.86250193388459,6.904060931526217]],[[79.86250637242595,6.904101988822105],[79.8625077882135,6.904112471480274]],[[79.86251314049277,6.904154401142474],[79.86251433075773,6.90416531266791]]]}},{"type":"Feature","properties":{"Type":1.0,"ImageName":null,"Width":0.12,"MCode":null,"SCode":null,"ID":null},"geometry":{"type":"MultiLineString","coordinates":[[[79.86183208018075,6.901684282713111],[79.8618270516878,6.901671670196032]],[[79.8618126936841,6.901636166612681],[79.86180866140381,6.901626240864525]],[[79.86179350199266,6.901588916098912],[79.86178906405767,6.901577935551752]],[[79.86177370850106,6.901540620622927],[79.8617697515161,6.901531118226822]],[[79.86175419918138,6.901493010144838],[79.86175005646182,6.901482363938165]],[[79.86173473994147,6.901445158300706],[79.86173068929774,6.9014349369096015]],[[79.86171474973345,6.901397858023055],[79.8617103441188,6.901387139896175]],[[79.86169501361944,6.901349316085798],[79.8616905076794,6.901338777456421]],[[79.86167509631673,6.901302238887245],[79.86167065921688,6.901291576386243]],[[79.8616555361821,6.901256445967401],[79.86164955972305,6.901242473802319]],[[79.86163367478035,6.901205195565808],[79.86162998762407,6.901196583918232]],[[79.86161329639248,6.901156971616398],[79.86160971996458,6.901148433102315]],[[79.86159398047045,6.901112759455601],[79.86158778878765,6.9010986468836935]],[[79.86157325511786,6.9010652079026915],[79.86156872230701,6.901054806440656]],[[79.8615530056606,6.901018763358275],[79.86154808347773,6.901007817608626]],[[79.86153094547976,6.900971041167181],[79.8615267795711,6.90096128763176]],[[79.86151038618179,6.900925394136187],[79.86150621903074,6.900915993548457]],[[79.86148965010132,6.900877950050881],[79.86148567992596,6.900868482807373]],[[79.86146920495725,6.900830929313207],[79.86146426523953,6.900821220693009]],[[79.86144695231422,6.900783207745234],[79.86144293099233,6.9007746464636845]],[[79.86142652627665,6.9007377427026215],[79.86142192547709,6.900726074398558]],[[79.86140573010302,6.900689538567914],[79.8614020363367,6.900681009711719]],[[79.86138335974424,6.900642017251117],[79.86137894203003,6.900631546124095]],[[79.86136270230178,6.900594854449055],[79.86135842463445,6.900585030933303]],[[79.86134254225935,6.900547763698037],[79.86133803638683,6.900537444794464]],[[79.86132165405009,6.900500244271336],[79.86131662294883,6.900490014198431]],[[79.86130080237581,6.900451941827407],[79.86129667934469,6.900442523564916]],[[79.86127886348567,6.900404178501158],[79.86127491416643,6.900395562190266]],[[79.86125783506971,6.900356621838924],[79.8612536651829,6.9003468914669535]],[[79.8612371636966,6.90030963687303],[79.86123362799324,6.900301130462992]],[[79.8612171456481,6.900261496841858],[79.8612120774419,6.900251105632053]],[[79.86119632305174,6.900213135749443],[79.86119239207768,6.90020370715454]],[[79.86117546102153,6.900166196282052],[79.86117009357542,6.90015554846724]],[[79.86115379050125,6.900119056756884],[79.8611491788817,6.900107970899787]],[[79.86113351823414,6.900069963946814],[79.86112894335896,6.900060577798952]],[[79.86111215873208,6.9000233571626355],[79.86110761251808,6.900013133762966]],[[79.86109068702719,6.899974063653118],[79.86108648756472,6.899963862446787]],[[79.86107170261465,6.899927569756316],[79.86106561929911,6.89991542624757]],[[79.86105058649919,6.899878166957809],[79.86104602080857,6.899867563319511]],[[79.8610297994928,6.899829334131207],[79.86102526862362,6.899818860024048]],[[79.86100880407234,6.899780593602186],[79.86100449101036,6.8997704433534555]],[[79.86098867479451,6.899733597074932],[79.86098407301196,6.899723102644505]],[[79.86096776532243,6.8996846773209],[79.86096322914027,6.899673944878918]],[[79.86094753605121,6.899637224586174],[79.86094271762215,6.8996252096272865]]]}},{"type":"Feature","properties":{"Type":1.0,"ImageName":null,"Width":0.12,"MCode":null,"SCode":null,"ID":null},"geometry":{"type":"MultiLineString","coordinates":[[[79.86091755761062,6.899637330391554],[79.86092130486915,6.899646578104718]],[[79.86093799369607,6.899686080615342],[79.86094171188633,6.899695050702219]],[[79.86095826218072,6.899734093465788],[79.86096242712638,6.899744316192956]],[[79.86097861704552,6.8997823178759],[79.86098253000961,6.899791171580924]],[[79.86099852003738,6.899828806880314],[79.86100328287674,6.899839823898058]],[[79.86101953418725,6.899877804308629],[79.861023969324,6.899888289644582]],[[79.86104111988747,6.899927766193765],[79.8610450525244,6.89993677770743]],[[79.86106153793095,6.8999747801056515],[79.86106564436975,6.899984908033706]],[[79.86108260243671,6.900023984529291],[79.86108662526783,6.900032959737914]],[[79.86110389862176,6.900072576092139],[79.86110795102712,6.900081821575843]],[[79.8611246908094,6.900120500309149],[79.86112855608722,6.900129290617061]],[[79.86114506831217,6.900167359370975],[79.86114881038807,6.900175885861563]],[[79.86116636772766,6.9002159918505575],[79.86117039122682,6.900224940218178]],[[79.86118698345473,6.90026315847899],[79.86119104190489,6.900271686068251]],[[79.8612074037325,6.900309624238043],[79.86121156198482,6.900318981756146]],[[79.86122886957405,6.900359008976325],[79.86123279946682,6.900367592422501]],[[79.8612497321056,6.900406451414606],[79.86125393882082,6.900416147716564]],[[79.86127028145799,6.900453780518412],[79.86127455611208,6.900463687153846]],[[79.86129161665568,6.900502173368184],[79.86129571622796,6.900511348922838]],[[79.86131257773005,6.900549599416515],[79.86131709012894,6.900558989717589]],[[79.86133348287903,6.900597320040148],[79.86133746121149,6.900605888609189]],[[79.86135527861593,6.900645761004272],[79.86135834163437,6.900652878142005]],[[79.8613759224672,6.9006917570203345],[79.86137955243623,6.900700180780776]],[[79.86139629497143,6.90073818071313],[79.86140036576134,6.900747200723875]],[[79.86141775617935,6.900785738813461],[79.86142183519652,6.900794713169593]]]}},{"type":"Feature","properties":{"Type":1.0,"ImageName":null,"Width":0.12,"MCode":null,"SCode":null,"ID":null},"geometry":{"type":"MultiLineString","coordinates":[[[79.86156330676852,6.9011115680255255],[79.86156867249261,6.901123915450512]],[[79.86158454383212,6.901160456221289],[79.86158878723379,6.901170252433697]],[[79.86160469784207,6.901207257022403],[79.86160883543353,6.901216649282034]],[[79.86162472191526,6.901254216650975],[79.86162870234817,6.901263531155536]],[[79.86164501377456,6.901301078471941],[79.86164976004534,6.9013122115042425]],[[79.86166493555207,6.901349793747679],[79.86166945714682,6.901360721438767]],[[79.86168451910285,6.901397303035535],[79.86168937065031,6.901408326878141]],[[79.86170471417219,6.901445327356986],[79.86170923148063,6.901454994132357]],[[79.86172443276908,6.901492696857974],[79.86172949753816,6.901504204747065]],[[79.8617445611278,6.901541624661679],[79.86174881284417,6.901551704854337]],[[79.86180272716675,6.901684606931228],[79.86180696692232,6.901694935024226]]]}},{"type":"Feature","properties":{"Type":1.0,"ImageName":null,"Width":0.12,"MCode":null,"SCode":null,"ID":null},"geometry":{"type":"MultiLineString","coordinates":[[[79.86180069532303,6.901707132915276],[79.86178917649337,6.901678942436616]],[[79.8617840157478,6.901666902780232],[79.86176403367824,6.901617061005007]],[[79.86175994759307,6.901607544492452],[79.86175069305341,6.901583169486747]],[[79.86173404031929,6.901543129583629],[79.86171944036725,6.901506684613296]],[[79.8617024586171,6.901465402850502],[79.8616953169706,6.901447347327301]],[[79.86168017617904,6.901411319630856],[79.86165427238296,6.901350076693226]]]}},{"type":"Feature","properties":{"Type":0.0,"ImageName":null,"Width":0.12,"MCode":null,"SCode":null,"ID":null},"geometry":{"type":"LineString","coordinates":[[79.86164226921663,6.901320109720786],[79.86163451924706,6.9013021096249245],[79.86162779789402,6.901286115738816],[79.86162097287885,6.901270168900387],[79.86161411314343,6.901254253560857],[79.86160723574626,6.901238373801596],[79.86160032997168,6.901222519781362],[79.86159347665901,6.901206688936072],[79.8615866710045,6.90119084092587],[79.86157975113369,6.901174953207577],[79.86157287571635,6.901159040180934],[79.86156599251142,6.901143142629633],[79.86155899470604,6.901127317176078],[79.86155200546354,6.901111481346652],[79.86154508210937,6.901095652399524],[79.861537988315,6.901079950039593],[79.86153093525536,6.901064154935968],[79.86152427038483,6.901048172376325],[79.86151729532556,6.901032302595785],[79.86151038212661,6.90101639867392],[79.86150337452486,6.901000532624045],[79.86149619426027,6.900984739743936],[79.86148902665863,6.9009689726796175],[79.86148187960137,6.90095317216883],[79.86147484036663,6.900937313332769],[79.86146780323816,6.900921492699184],[79.86146079374993,6.9009057342065265],[79.86145381024168,6.900889938419252],[79.86144666723469,6.900874178247666],[79.86143955670528,6.900858375470147],[79.8614324936112,6.900842539776323],[79.86142531254286,6.900826766785658],[79.86141828396941,6.900810956387745],[79.86141123115868,6.900795163051493],[79.86140417225164,6.900779354863356],[79.86139713468488,6.900763549102271],[79.86139010308369,6.900747723633193],[79.86138297539765,6.900731911857798],[79.86137598415509,6.900716067065164],[79.86136882922884,6.900700245144015],[79.86136173472144,6.900684427235674],[79.8613547063946,6.9006685659325235],[79.86134752376381,6.900652746033329],[79.86134042685568,6.900636946615978],[79.8613334170573,6.900621078551921],[79.86132627124948,6.900605248678971],[79.86131931218432,6.90058932608179],[79.86131225664006,6.900573453223052],[79.86130531423038,6.900557595027069],[79.8612983055005,6.90054176123629],[79.86129131550517,6.900525872622331],[79.8612842255411,6.9005100516189],[79.8612771228938,6.900494240347754],[79.86127007406809,6.900478386594072],[79.86126308303103,6.90046249205042],[79.86125605945838,6.900446632558198],[79.86124905904205,6.900430761243342],[79.86124224800861,6.900414828894792],[79.86123518935526,6.9003990959131905],[79.86122813365466,6.90038328032595],[79.86122109472596,6.900367387693073],[79.86121424817995,6.900351401464075],[79.86120726433974,6.900335496250311],[79.86120035496576,6.90031961564619],[79.86119322254837,6.900303819544757],[79.86118640121478,6.900287908860955],[79.86117949037012,6.900271935021189],[79.86117258041146,6.900256007892156],[79.86116555910777,6.9002401692373105],[79.86115865369526,6.900224306267622],[79.86115171717522,6.900208431410539],[79.86114480993716,6.900192544062527],[79.86113791044326,6.90017662479097],[79.86113083202791,6.90016077090036],[79.86112385131551,6.900144894335236],[79.86111699761246,6.900128979520433],[79.8611101151217,6.900113056093488],[79.86110311937875,6.900097231224014],[79.8610961811487,6.9000814124517795],[79.86108930202784,6.900065544336434],[79.86108228259647,6.900049685607991],[79.86107527869346,6.900033773813939],[79.86106837561952,6.9000178479656675],[79.86106158915226,6.900001878493373],[79.86105456679456,6.89998602522887],[79.86104773168223,6.899970090886301],[79.86104085708351,6.899954177093477],[79.86103406801885,6.899938232122771],[79.86102715079745,6.899922363307156],[79.86102023576048,6.89990653308791],[79.86101345570638,6.89989059571823],[79.86100654358722,6.899874676296163],[79.86099978099607,6.899858682970062],[79.86099278783423,6.899842791010358],[79.86098585565583,6.899826915037823],[79.86097906407399,6.899810994805079],[79.8609723899404,6.899795013602601],[79.86096558947335,6.899779057020085],[79.86095892250384,6.899763039206553],[79.86095219448035,6.899747054553843],[79.86094542693304,6.8997310727818375],[79.86093867986268,6.899715118367122],[79.86093197516477,6.89969918490692],[79.8609253728603,6.899683188390576],[79.8609186765271,6.8996672116825355],[79.86091195595672,6.899651275231295],[79.86090539142504,6.8996352691662235],[79.86089876685409,6.899619266490527],[79.8608920644394,6.899603292325366],[79.86088545248252,6.899587257519392],[79.86087874187679,6.89957125224588],[79.86087208563296,6.899555221709515],[79.86086535037363,6.89953921750722],[79.86085865294962,6.899523224958937],[79.86085201584142,6.899507220741571],[79.8608453714969,6.8994912254975285],[79.86083860742988,6.899475301145749],[79.86083164386463,6.899459451450364],[79.86082471328982,6.899443580441504],[79.86081780844194,6.899427709512124],[79.86081081873814,6.899411831578182],[79.86080387701853,6.899395914778423],[79.8608005251862,6.899388142401352],[79.86079484061024,6.899374613255927]]}},{"type":"Feature","properties":{"Type":0.0,"ImageName":null,"Width":0.12,"MCode":null,"SCode":null,"ID":null},"geometry":{"type":"LineString","coordinates":[[79.86087777197493,6.899338533528881],[79.86088289955289,6.899350624902038],[79.86088956351556,6.899366659378207],[79.86089615353386,6.8993827086422765],[79.86090273260818,6.899398772370771],[79.8609094272542,6.899414764933544],[79.86091607773457,6.89943075351555],[79.86092277172027,6.899446770997163],[79.86092943675824,6.899462790027663],[79.86093922612196,6.899486356069325],[79.86094692085196,6.899504727904048],[79.86094873123697,6.899509148860869],[79.86095106213716,6.899514842946261],[79.86095322581346,6.89952004276384],[79.86095901378545,6.8995337580322],[79.86096575984138,6.8995496505473906],[79.86097247972877,6.899565598742645],[79.86097927882608,6.899581577675331],[79.86098606506206,6.8995975410949155],[79.86099284790706,6.899613514097445],[79.86099707752037,6.899623384043462],[79.86099891367222,6.899627824067628],[79.86100438842168,6.899640828567043],[79.8610111830506,6.899656729909687],[79.86101796067014,6.899672690428756],[79.86102481075162,6.899688688478149],[79.861031667658,6.899704652758801],[79.8610384621243,6.899720660699539],[79.86104525155979,6.899736762674647],[79.86105230609871,6.899752647975999],[79.86105923285662,6.899768556041089],[79.86106608685088,6.899784485075039],[79.86107297777657,6.899800403310854],[79.86107983685481,6.899816297728807],[79.86108678406168,6.899832231800892],[79.86109375248462,6.899848123451757],[79.86110060164592,6.899864025859423],[79.86110744771534,6.899879834950674],[79.86111435054097,6.899895515552442],[79.86112135963269,6.899911287125892],[79.86112826988209,6.899927147817446],[79.861135094441,6.899943185874134],[79.86114201166436,6.899959180543335],[79.86114898269787,6.8999749566363855],[79.86115593119781,6.899990857904185],[79.86116283916425,6.900006815798632],[79.86116980119847,6.900022774784022],[79.8611769921727,6.900038658833022],[79.86118421882425,6.900054599319074],[79.86119102072588,6.900070689449899],[79.86119792770425,6.900086624220527],[79.86120488952528,6.900102520408353],[79.86121180190447,6.900118468532096],[79.86121868890196,6.900134387657596],[79.86122565378884,6.9001502658763405],[79.86123260423282,6.900166122521276],[79.8612395332626,6.900182001840055],[79.86124661043316,6.9001978542235],[79.8612535962139,6.900213739015012],[79.86126055059741,6.900229729681679],[79.86126742500996,6.900245585341654],[79.86127432426899,6.9002613987504136],[79.8612812957063,6.900277272964499],[79.86128819174851,6.900293134971569],[79.86129513109422,6.900308991629132],[79.86130205050401,6.900324857927058],[79.86130843114012,6.900339301219619],[79.8613116831934,6.900346272253195],[79.86131259461564,6.90034824971033],[79.86131636438688,6.900356712170736],[79.86132277334954,6.900371638025308],[79.86132982998281,6.900387465362898],[79.86133698267253,6.900403265009152],[79.86134393910683,6.900419194607291],[79.86135084021585,6.900435080623522],[79.86135781747139,6.900450892460609],[79.86136482771403,6.900466718518405],[79.86137181240156,6.90048258813618],[79.86137877341437,6.900498445197821],[79.86138577299943,6.900514284236269],[79.86139281271102,6.900530128698923],[79.86139982477408,6.90054596589115],[79.86140607053635,6.900560027641671],[79.86140736092747,6.90056296628283],[79.86141109563533,6.900571584908486],[79.86142357602957,6.900599580245458],[79.86143166268668,6.900618159071169],[79.86143875731233,6.900633924966382],[79.86144540074825,6.9006480709693765],[79.86144690289011,6.9006513659567],[79.86145009385558,6.900659176377597],[79.8614565383737,6.9006738056706585],[79.86146364674389,6.900689667085339],[79.86147068354138,6.900705474673048],[79.86147790402708,6.900721119561011],[79.86148518847264,6.900736899538725],[79.86149207736409,6.900752878353006],[79.86149904120954,6.900768722852477],[79.86150598244079,6.90078463998296],[79.86151292226617,6.900800386115175],[79.86151998428048,6.9008161333346125],[79.86152713026749,6.9008319318334035],[79.8615342391383,6.900847702966083],[79.86154138793474,6.900863447131157],[79.8615485955794,6.900879286286476],[79.86155522601699,6.900894357910817],[79.86155933335918,6.900903857732964],[79.86157027816847,6.900928704196773],[79.86157460820885,6.900938523336955],[79.86158831047419,6.900969683531768],[79.86159342494739,6.900981296427839],[79.86160008612444,6.900996164793009],[79.8616075014032,6.901013069167161],[79.86161453721782,6.901028861097603],[79.86162154795619,6.901044613735249],[79.86162832693321,6.9010604794437125],[79.86163507256416,6.901076313366493],[79.86164203275943,6.901092166838476],[79.86164877588702,6.901108064577586],[79.86165567654879,6.9011239257006585],[79.86166270082025,6.901139841251006],[79.86166954265761,6.901155805396756],[79.86167634596299,6.901171711615323],[79.86168288858993,6.901187367809459],[79.86168514647227,6.9011928234371664],[79.86169102837212,6.9012063898720895],[79.86169854028745,6.901223616825989],[79.86170525169548,6.901239469928357],[79.86171213237776,6.901255353226137],[79.86171922152519,6.9012712988215945],[79.86172588531473,6.901287381518431],[79.86173257331605,6.901303402811944],[79.86173923749618,6.901318920321274],[79.86174592170256,6.901334642906398],[79.86175274088907,6.901350627213461],[79.86175936220008,6.9013666531244855],[79.8617660363255,6.90138276987946],[79.86177268190269,6.9013988353763995],[79.86177921989082,6.901414871510198],[79.86178574902628,6.901430945767825],[79.86179226648392,6.901447038148533],[79.86179882921313,6.901463124016269],[79.86180535729761,6.901479192066631],[79.86181191843743,6.901495257487546],[79.86181834364405,6.901511126810448],[79.8618247445163,6.901527052673661],[79.86183082140069,6.9015427531859475],[79.86183714574653,6.901558344550467],[79.86184153433166,6.901568632919967],[79.86184970742435,6.9015895022617295],[79.86185650581335,6.901607014069618],[79.86185725041348,6.901608916357133],[79.86186878961432,6.901637115583485],[79.86187922706833,6.90166262234215],[79.86187948432628,6.901663133952508],[79.86187972904156,6.901663620681276],[79.86188352830685,6.901672685237927]]}},{"type":"Feature","properties":{"Type":0.0,"ImageName":null,"Width":0.12,"MCode":null,"SCode":null,"ID":null},"geometry":{"type":"LineString","coordinates":[[79.86169799412382,6.901495322726657],[79.86168744955737,6.901469481765296],[79.8616806106729,6.9014536123150805],[79.86167700726821,6.901445455158646],[79.86167391937441,6.9014374927633835],[79.86166749996326,6.901421010703695],[79.86166088192991,6.901404958977607],[79.8616540481633,6.901389032112769],[79.86164715655678,6.901373106343988],[79.86164047838004,6.901357073325494],[79.86163407563856,6.901340952102389],[79.8616274331118,6.901324964493577],[79.86162090999248,6.901308786690113],[79.86161415709874,6.901292628464113],[79.86160721158372,6.901276752832643],[79.8616003221678,6.901260846109025],[79.86159347113643,6.901244929006178],[79.86158666463747,6.901229001182941],[79.86157982179964,6.901213097841078],[79.86157291494418,6.901197198951701],[79.86156591821819,6.901181277852873],[79.86155899249349,6.9011653560611474],[79.86155411006963,6.901152541116019],[79.86154794524928,6.901136471216706],[79.8615360515069,6.90111030198928],[79.86152911850881,6.901094389933563],[79.86152215459772,6.90107913535651],[79.86151463537607,6.901063765013773],[79.86150725765762,6.90104811100861],[79.86150030722811,6.901032289451268],[79.86149321378636,6.9010164930756766],[79.86148613860122,6.901000643479472],[79.86147923156187,6.900984755939284],[79.86147245308157,6.9009694122454635],[79.86146612708635,6.900954675463716],[79.86145878726045,6.900939053983523],[79.8614518245361,6.90092322140291],[79.86144479614593,6.900907427629545],[79.86143766716717,6.900891651561693],[79.8614306268018,6.900875879338341],[79.86142359261974,6.900860074180457],[79.86141640308651,6.900844263044014],[79.86140917895051,6.900828453765772],[79.86140255979979,6.9008131669663735],[79.86139644144777,6.900799076125118],[79.86138929355364,6.90078350757813],[79.86138208033418,6.900767749871398],[79.86137485354872,6.900752013625817],[79.86136772803195,6.900736222745817],[79.86136071801674,6.900720418042748],[79.86135371137674,6.900704628291112],[79.86134673843758,6.90068874606673],[79.8613397288612,6.900672906278082],[79.8613326268215,6.900657116425453],[79.86132698545333,6.900644290858841],[79.86132515843374,6.900640372632114],[79.86131874008747,6.900626578491704],[79.86131197057446,6.900610751843511],[79.86130486551576,6.9005949132022355],[79.8612979348989,6.900579053800877],[79.8612909495113,6.900563233938427],[79.86128393638414,6.900547407613316],[79.86127692692217,6.900531563347764],[79.8612704229128,6.900517148802703],[79.86126486099252,6.900505802351956],[79.86125328090336,6.900478358064217],[79.86124560349359,6.900460669094088],[79.86123864633132,6.900444860699092],[79.86123167548186,6.900428973246995],[79.8612246746794,6.900413150493032],[79.86121765809509,6.9003973233589475],[79.8612106257465,6.900381503157854],[79.86120371058571,6.90036560746164],[79.86119682352388,6.900349703723427],[79.86118978469447,6.9003338971991335],[79.8611836919845,6.900319767046829],[79.8611827116766,6.900317474134501],[79.8611825855616,6.900317235099992],[79.8611816594231,6.900315479726238],[79.8611808845242,6.900313868200611],[79.86117573808319,6.9003026468879485],[79.86116926469599,6.90028706477676],[79.86116239261537,6.9002711846426195],[79.86115548587406,6.900255318739992],[79.86114853318567,6.900239449907373],[79.86114159160101,6.900223534001272],[79.86113461598354,6.900207656890765],[79.8611277096105,6.9001917715365115],[79.86112075667079,6.900175856355351],[79.86111331953342,6.900160068189724],[79.86110669227159,6.9001440374516205],[79.86109993823266,6.900128098198891],[79.8610929597635,6.90011224030091],[79.8610860214596,6.9000963482644275],[79.86107910436517,6.9000804460516525],[79.8610721718321,6.900064573326989],[79.8610647973351,6.900048825802912],[79.86105819078698,6.900032779956574],[79.86105146134024,6.900016853312627],[79.86104462190806,6.900000965275509],[79.86103769254004,6.899985072131814],[79.86103079206138,6.899969178566142],[79.86102393693238,6.899953275484397],[79.86101701122331,6.899937377090723],[79.8610101970914,6.899921546286952],[79.86100376782177,6.899907764774147],[79.86099746051448,6.899892538725803],[79.86099096494941,6.899876430265716],[79.86098406754054,6.8998605212802655],[79.86097699240801,6.899844665871859],[79.8609701750879,6.89982872299832],[79.86096317805621,6.899812899154364],[79.86095652558242,6.899796963930678],[79.86095006033098,6.8997809674310355],[79.8609430924942,6.899765125361199],[79.86093624681308,6.899749250599689],[79.86092956575794,6.899733295080037],[79.86092282261532,6.899717347672839],[79.86091544563551,6.899701849994608],[79.86091261950149,6.899696228281286],[79.86091201011413,6.899692981736883],[79.86090952026602,6.899684996806831],[79.86090401131821,6.899671401807949],[79.86089712689913,6.89965547413828],[79.86089038470011,6.899639518646549],[79.86088366392953,6.8996235471371525],[79.86087702698505,6.899607576586651],[79.86087040651545,6.8995915521786495],[79.86086379110766,6.899575503954396],[79.8608571887461,6.8995595512792365],[79.8608506104816,6.8995436249632895],[79.8608440926987,6.899527600324972],[79.86083731244084,6.899511654204343],[79.86083049248629,6.8994957282426705],[79.86082374157738,6.899479762923321],[79.86081688303754,6.8994638754454645],[79.86081005020745,6.8994479826754604],[79.86080320174536,6.899432051422587],[79.86079624476194,6.8994161322707575],[79.86079281896755,6.899408343725527],[79.8607885374023,6.899398604526267]]}},{"type":"Feature","properties":{"Type":0.0,"ImageName":null,"Width":0.12,"MCode":null,"SCode":null,"ID":null},"geometry":{"type":"LineString","coordinates":[[79.86076387148779,6.899342287638699],[79.86075604923413,6.89932445781517],[79.86075471402636,6.899321229763335],[79.86075009309454,6.899310931981232],[79.86074312913857,6.899295953897663],[79.8607363391878,6.8992807948309745],[79.86073119284622,6.899269558608031],[79.86072941001461,6.899265435113125],[79.8607231931411,6.899251153527877],[79.86071619169125,6.8992360627585185],[79.86070927808173,6.899220943314248],[79.86070248952419,6.899205824713174],[79.86069530446025,6.899190813861243],[79.8606884619235,6.899175720175141],[79.86068143531642,6.899160762559797],[79.86067454180316,6.8991457541257635],[79.860667448643,6.899130797398846],[79.86066043622287,6.89911571569264],[79.86065336608257,6.899100792333527],[79.86065027337476,6.899094428854576],[79.86064769361973,6.899089103931344]]}},{"type":"Feature","properties":{"Type":0.0,"ImageName":null,"Width":0.12,"MCode":null,"SCode":null,"ID":null},"geometry":{"type":"LineString","coordinates":[[79.86063943757094,6.8990370863661195],[79.86065334123124,6.899066040890766],[79.86066071707165,6.899081006594441],[79.86066798574593,6.899095958246698],[79.86067512114224,6.8991109563236925],[79.86068209539052,6.899126032100497],[79.8606891845783,6.899141006936667],[79.8606962623001,6.899156003994821],[79.86070326089592,6.899171024835886],[79.86071030351425,6.8991860450516],[79.86071708915533,6.899201178242664],[79.86072401471677,6.89921623108449],[79.86073099698619,6.899231293960736],[79.8607379421849,6.899246403774451],[79.86074480217603,6.8992615270047555],[79.86075158021832,6.899276712776388],[79.86075830683664,6.899291898011625],[79.86076505760892,6.899307066635118],[79.86077183419029,6.899322109819119],[79.86077475846236,6.899328564101362],[79.860778216682,6.899336077183378]]}},{"type":"Feature","properties":{"Type":0.0,"ImageName":null,"Width":0.12,"MCode":null,"SCode":null,"ID":null},"geometry":{"type":"LineString","coordinates":[[79.86086176784642,6.899299973017165],[79.86085239717283,6.899278317048453],[79.86084598881453,6.899262363149998],[79.86083995865823,6.899246379926966],[79.86083463370254,6.899230198482296],[79.86083182161978,6.899220764030454],[79.86082933189508,6.899211813121077],[79.86082412466459,6.899192142014983],[79.86082006686237,6.899175368941377],[79.86081596990041,6.89915855108989],[79.86081216370815,6.899141764331703],[79.86080874889129,6.899124890388841],[79.8608053928978,6.899108036735677],[79.86080176117147,6.899091329605643],[79.86079810951718,6.899074549729544],[79.86079470120798,6.899057710030528],[79.86079130634043,6.899040949687191],[79.86078799179317,6.899024201409176],[79.86078527307708,6.899011485709022],[79.86078334713639,6.899003208836788],[79.86077689713598,6.898975678346581],[79.86077279057892,6.8989579419462626],[79.86076894702325,6.898941187196044],[79.86076504386664,6.89892449994824],[79.86076081016122,6.898907886692523],[79.86075641246214,6.898891283956828],[79.86075219624884,6.898874389880219],[79.86074802070195,6.8988576923744285],[79.86074369879546,6.898841093280858],[79.86073923811838,6.8988245347049375],[79.8607345737661,6.89880802401017],[79.86072979227495,6.898791523495453],[79.86072503005903,6.898775068200313],[79.86072013912754,6.898758619653892],[79.8607151777359,6.898742274897674],[79.8607098980349,6.898726978703629],[79.86070438818788,6.89871099212454],[79.86069888610591,6.898695879839242],[79.86069706372591,6.898691035398345],[79.86068977482905,6.898672400807894],[79.86068218412919,6.898654572299353],[79.86067535449642,6.898638816346991],[79.86066822387473,6.898623194559607],[79.8606609721568,6.898607649610406],[79.86065359558114,6.898592169176399],[79.86064624569856,6.898576680095391],[79.86063868915505,6.898561269384451],[79.86063121654233,6.898545822599676],[79.86062359616284,6.8985304258307405],[79.86061580069483,6.898515201236114],[79.86060788010803,6.898499913022519],[79.86060019823512,6.898484411135965],[79.86059247425119,6.898468980274159],[79.86058467472573,6.898453634493118],[79.86057694528927,6.898438317153235],[79.86056911821858,6.898423067421868],[79.86056113599568,6.898407658375367],[79.86055718177857,6.898400004590263]]}},{"type":"Feature","properties":{"Type":0.0,"ImageName":null,"Width":0.12,"MCode":null,"SCode":null,"ID":null},"geometry":{"type":"LineString","coordinates":[[79.8604747442719,6.898247894865677],[79.860460589071,6.898222013230084],[79.86045261250094,6.898207409010831],[79.86044436568051,6.8981929572313705],[79.86043628514162,6.898178347842634],[79.86042838465738,6.898163741658289],[79.86042034990905,6.898149229771968],[79.86041233858833,6.898134679754911],[79.86040430435698,6.898120145611119],[79.86039632351846,6.898105610229033],[79.86038837868433,6.898091113033295],[79.86038055260128,6.898076905235423],[79.86037258202681,6.898062404798586],[79.86036468755877,6.89804770218661],[79.86035645610791,6.8980331762577265],[79.86034841725785,6.898018618098384],[79.86034043884882,6.898003841426252],[79.86033252465472,6.897989117919658],[79.86032467393933,6.8979743797472075],[79.86031692432991,6.897959591952768],[79.86030928446691,6.8979448969881885],[79.86029711692724,6.897923025029585]]}},{"type":"Feature","properties":{"Type":0.0,"ImageName":null,"Width":0.12,"MCode":null,"SCode":null,"ID":null},"geometry":{"type":"LineString","coordinates":[[79.86025455052642,6.898031838538762],[79.86026251705478,6.898046888012252],[79.86027019796842,6.898061427199888],[79.86027798550539,6.898075863064776],[79.86028592255832,6.898090227456548],[79.86029400492573,6.898104605087694],[79.86030209451239,6.898118896773768],[79.86031008926386,6.898133205145121],[79.86031814785512,6.898147503933587],[79.86032622891561,6.898161885228882],[79.86033427089346,6.898176377064001],[79.86034228972521,6.898190791519062],[79.860350293728,6.89820511639666],[79.86035831103653,6.898219455991037],[79.86036642000751,6.8982338925973234],[79.86037444271119,6.8982483768791125],[79.86038246367228,6.898262770215716],[79.86039047914667,6.898276994235173],[79.86039390687556,6.898283059114098],[79.86039996834032,6.898293471856376]]}},{"type":"Feature","properties":{"Type":0.0,"ImageName":null,"Width":0.12,"MCode":null,"SCode":null,"ID":null},"geometry":{"type":"LineString","coordinates":[[79.86041857918613,6.898327180044783],[79.86042942040551,6.898346276852754],[79.86043794748763,6.898361141200605],[79.86044613632899,6.898376165845965],[79.86045450014768,6.898391048894444],[79.86046284554176,6.898405952582668],[79.8604713300759,6.898420804940479],[79.86047973746497,6.898435697397839],[79.86048772578143,6.898450820949264],[79.86049597427474,6.898465821052525],[79.86050420588091,6.898480834168981],[79.86051256007778,6.898495750171684],[79.86052121603252,6.898510452078484],[79.8605295575341,6.8985245788622125],[79.86053661511546,6.898538409294985],[79.86054219516132,6.898549811148718],[79.86054347543465,6.898552734172058],[79.86054633119687,6.898559488818896],[79.86054645629095,6.89856117529483],[79.86054611627104,6.898565162152072],[79.86054554068251,6.8985671283158],[79.86054339404693,6.898573386119802],[79.86054220442053,6.898575302569852],[79.8605379190359,6.898580725762617],[79.86053614203952,6.898582298477594],[79.86052988494502,6.898586648192315],[79.86052788475126,6.898587613906164],[79.86052117978114,6.898589184016524],[79.8605157148094,6.898589313628876],[79.8605140739689,6.898588921667752],[79.86050779848388,6.898585828026744],[79.86050395962577,6.898582753998479],[79.86050291216178,6.89858151579313],[79.8604979594342,6.89857418103645],[79.86049111166014,6.89856222259616],[79.8604833071039,6.898547778475864],[79.86047519957259,6.898532736702253],[79.86046699948099,6.898517739460391],[79.86045895807811,6.898502640640932],[79.86045105133037,6.898487478265059],[79.86044310032814,6.898472357033648],[79.86043508755378,6.898457364535947],[79.86042861963944,6.898445273907961],[79.86042641539562,6.8984411397941345],[79.86041652425405,6.8984225738595955],[79.86040515266146,6.898402303088703],[79.8603965200371,6.898387540716718],[79.86038796255828,6.898372753434358],[79.8603793928072,6.89835802002475],[79.86037550956239,6.898351360796359],[79.86037550805591,6.898351358243152],[79.86037159215147,6.898344721874146]]}},{"type":"Feature","properties":{"Type":1.0,"ImageName":null,"Width":0.12,"MCode":null,"SCode":null,"ID":null},"geometry":{"type":"MultiLineString","coordinates":[[[79.86035064659815,6.898309519593491],[79.86033834417044,6.89829648847164]],[[79.86033729874536,6.898293358784121],[79.8603320785469,6.898278043937931]],[[79.86033119028258,6.898276592831022],[79.86031940564898,6.898263895188968]],[[79.86031759219343,6.898261232861744],[79.86031287990113,6.898245909612117]],[[79.86031108271196,6.898243032594685],[79.86029930189899,6.898231083100063]],[[79.86029815335226,6.898228502728664],[79.86029316176219,6.898213060988318]],[[79.86029186972664,6.898211596822471],[79.86028014534214,6.898198808655032]],[[79.86027876447315,6.898196456013545],[79.86028171935094,6.898195113850698]]]}},{"type":"Feature","properties":{"Type":0.0,"ImageName":null,"Width":0.12,"MCode":null,"SCode":null,"ID":null},"geometry":{"type":"LineString","coordinates":[[79.86028808950206,6.898205280653009],[79.86028024244587,6.8981923876533875],[79.8602715137829,6.898178575680375],[79.86026287373639,6.898164810561694],[79.86025416660925,6.89815118839001],[79.86024535036196,6.8981376546560655],[79.86023660869036,6.898124159941034],[79.86022783342206,6.898110380032673],[79.86021899839353,6.898096681348669],[79.860210285118,6.8980829788952365],[79.86020156162184,6.898069169729455],[79.86019270464793,6.898055430554483],[79.86018370474207,6.898041837327869],[79.86017466321975,6.898028172373453],[79.86016556195312,6.898014372901145],[79.86015679557639,6.898000983425098],[79.86015009846653,6.897992208630015]]}},{"type":"Feature","properties":{"Type":0.0,"ImageName":null,"Width":0.12,"MCode":null,"SCode":null,"ID":null},"geometry":{"type":"LineString","coordinates":[[79.86057069766264,6.89860525309519],[79.86056543158432,6.898610238000547],[79.86056049405238,6.898613820285771],[79.86055494189559,6.898617848193665],[79.8605511674499,6.898619453226691],[79.86054642574756,6.898621465470031],[79.86054078527172,6.898623012830349],[79.86053057500308,6.898626154249516],[79.86052706677087,6.898627629585912],[79.86052707702926,6.898629165167312],[79.86052771501697,6.898634872070371],[79.86052920249168,6.898645834311035],[79.86053086015681,6.89866593086485],[79.86053220810554,6.898691681944406],[79.86053205082278,6.898709686563862],[79.86053098900982,6.898724403488886],[79.86052981589371,6.898730524794018],[79.86052857644816,6.898734911977162],[79.86052407398512,6.89874959683968],[79.86051833810538,6.898765775986303],[79.86051209784645,6.898781867942308],[79.86050486879196,6.8987975179723495],[79.86049700141585,6.898812830241196],[79.86048916457787,6.898828238302921],[79.86048098487971,6.898843302835511],[79.86047406449178,6.898855156107008],[79.86047322903687,6.898856587218616],[79.8604724110702,6.898858022802854],[79.86047446495185,6.8988587767255],[79.86048656943805,6.89886211211597],[79.86050545073789,6.8988679845206216],[79.8605393100861,6.898881323956693],[79.86056782579897,6.898895151200228],[79.86058859001984,6.898909018867233],[79.86060364849274,6.8989267802265415],[79.86062221625858,6.898956763695204],[79.86064029240231,6.898985982407792],[79.8606554669665,6.899012617417656],[79.86067058032255,6.899044577595062],[79.86068668974855,6.89908396596943],[79.86070185256297,6.899121502441983],[79.86068579453301,6.899047155787078],[79.86067992430942,6.899022054644993],[79.86067241291295,6.8989903139315265],[79.86066719839376,6.898968399324303],[79.86066327257744,6.8989522241888075],[79.86065971922278,6.898936472367937],[79.86065610220889,6.898920036392055],[79.86065258594984,6.898903500797419],[79.86064921731922,6.898886774052056],[79.86064617652914,6.898870099855339],[79.86064380943493,6.898857753548455],[79.86064270840144,6.89885211604516],[79.86063007572125,6.898783788253997],[79.8606213354719,6.898739131737849],[79.8606174012669,6.8987224721095455],[79.86061260309677,6.8987058755514585],[79.86060710706334,6.898689530692883],[79.86060113516088,6.898673467890783],[79.86059461990774,6.898657580921636],[79.86058798520752,6.898641732940321],[79.86058131570334,6.898626036400456],[79.86057836162688,6.898619219239471],[79.86057453174848,6.898611485447207],[79.8605713157349,6.898604992018036],[79.86057096783809,6.89860514882279],[79.86057069766302,6.8986052530953]]}},{"type":"Feature","properties":{"Type":0.0,"ImageName":null,"Width":0.12,"MCode":null,"SCode":null,"ID":null},"geometry":{"type":"LineString","coordinates":[[79.86255394467797,6.909491099586798],[79.86253999425996,6.909485064645188],[79.86252468495253,6.909479489224837],[79.86250842126856,6.909473621781783],[79.86249216392119,6.909467714277398],[79.86247587059972,6.909461769419967],[79.86245960199396,6.909455827728914],[79.86244329666015,6.909450038217916],[79.86242698966838,6.909444361963795],[79.86241066548199,6.9094387588188075],[79.8623943055117,6.9094330814966325],[79.86237796311549,6.909427348912526],[79.86236162759793,6.909421720148997],[79.86234523642267,6.9094162756374145],[79.86232882983803,6.909410916112757],[79.86231239530376,6.909405617437371],[79.86229584580236,6.909400429725057],[79.86227928232694,6.909395410810412],[79.86226269353595,6.909390413552872],[79.86224604528995,6.90938561713771],[79.86222929917344,6.9093811255014606],[79.86221250226531,6.909376879148013],[79.86219574453614,6.909372599568544],[79.86217894788354,6.909368416809092],[79.8621621293791,6.909364388747812],[79.86214533248028,6.909360310893737],[79.86212850227177,6.909356255869847],[79.86211165953935,6.90935244775956],[79.86209477821438,6.909348906724572],[79.86207780435087,6.9093455353745865],[79.86206087240538,6.909342069540794],[79.86204393815449,6.909338544389875],[79.86202691974695,6.909335317836179],[79.8620098625072,6.909332219111242],[79.8619928623092,6.9093291317544105],[79.8619757888278,6.909326283607277],[79.8619587092901,6.909323577453235],[79.86194158596784,6.909321021272437],[79.86192439970267,6.9093186593515545],[79.86190712567806,6.909316469301274],[79.86188990953396,6.9093143347710955],[79.86187269949298,6.909312369534812],[79.86185547296544,6.909310347045874],[79.86183826949532,6.909308373455855],[79.86182493831089,6.909306879137139],[79.86182271320921,6.90930661503271],[79.86181850902992,6.909306094627309],[79.86181741410957,6.90930598646096],[79.86181363424721,6.909305994875062],[79.86180916449244,6.909306809138824],[79.86180845469937,6.909307027045754],[79.86180727198644,6.909307553525065],[79.86180619765757,6.909307795773296],[79.8618010987841,6.909308510145172],[79.8617953500833,6.9093084436942425],[79.86179297833974,6.909308260622502],[79.86178244291294,6.9093072941259335],[79.86176773079274,6.909306265548161],[79.86175619666561,6.909306220395412],[79.86172800916964,6.909303177986128],[79.8617123828663,6.909301912921984],[79.86168288999009,6.9092995848954],[79.86166921872787,6.909297713097901],[79.8616696672392,6.909297830129652],[79.86168206251847,6.909300284594092],[79.8617003712589,6.909304900156518],[79.86172966107414,6.909312385415752],[79.86174640662664,6.909316668775025],[79.86177568693559,6.909324124101001],[79.86179324986611,6.909328597854852],[79.8617982882729,6.90932990954232],[79.8617994329036,6.909330224799073],[79.86180375894962,6.909331452338534],[79.86180557503026,6.909332233817965],[79.8618132723766,6.909336356623698],[79.86181962236388,6.909338518471743],[79.86182178533909,6.909338933074559],[79.8618323387392,6.909340144147377],[79.86184871082519,6.909342058830686],[79.8618659214517,6.909343984706414],[79.86188312304031,6.909346012871551],[79.8619002775275,6.909348130964831],[79.86191744014337,6.909350389169202],[79.86193457724228,6.909352805383351],[79.86195172505607,6.909355356467728],[79.86196879050318,6.909358170005292],[79.86198583538419,6.9093610236645855],[79.86200284787779,6.909363863461647],[79.8620198236889,6.909366934366563],[79.86203680986924,6.909370152606698],[79.86205379452791,6.909373522982194],[79.86207072267892,6.909377044744811],[79.86208763926986,6.909380736413626],[79.8621045296058,6.909384479800061],[79.86212142842855,6.909388091355388],[79.86213835800434,6.909391722601785],[79.8621552520495,6.90939543918365],[79.86217207644943,6.909399251266929],[79.86218888778102,6.909403324662897],[79.86220571342524,6.909407521945086],[79.86222245282714,6.909411862823923],[79.8622390699978,6.909416532641886],[79.86225563092371,6.909421425922047],[79.8622722277507,6.909426427306224],[79.8622887607414,6.909431522330113],[79.86230521934148,6.90943684376893],[79.86232166767611,6.909442231361735],[79.8623381276994,6.909447665673864],[79.86235451352135,6.909453204684097],[79.86237082430246,6.909458850252017],[79.86238714158964,6.90946464767931],[79.86240342657278,6.909470548810603],[79.86241968808012,6.909476508796231],[79.86243596789964,6.909482461806703],[79.86245221317603,6.909488437611339],[79.86246849311155,6.909494293331544],[79.86248473507052,6.909500195322098],[79.86250094184065,6.90950611010007],[79.86251725317764,6.909511967768011],[79.86253352577847,6.909517847856609],[79.86254974536513,6.909523696759521],[79.86256591876563,6.909529575983814],[79.86257273253528,6.90953207928964],[79.86257929057649,6.909534588558508],[79.8625874529202,6.909536896402341],[79.86258996245563,6.909537221500444],[79.86259062425576,6.90953660529861],[79.86259116457978,6.909536098965753],[79.86259106145002,6.909534490787957],[79.86259097003371,6.909533098611228],[79.86258832463638,6.909530367722641],[79.86257986438042,6.909521204609302],[79.8625686490252,6.909507944268364],[79.86255394467659,6.909491099586391]]}},{"type":"Feature","properties":{"Type":0.0,"ImageName":null,"Width":0.12,"MCode":null,"SCode":null,"ID":null},"geometry":{"type":"LineString","coordinates":[[79.86276702452984,6.909485561992059],[79.86276516419159,6.909484789114224],[79.86275597646792,6.909481128921629],[79.86274025773355,6.909474846634496],[79.86272451067563,6.909468521197483],[79.86270869793304,6.9094622659934855],[79.86269290580354,6.909455967123883],[79.8626769896097,6.9094497750426775],[79.8626635614582,6.909444617580437],[79.86264823876206,6.909438909867646],[79.86262106893793,6.909428791589753],[79.86260546993329,6.909422968741394],[79.86259528103618,6.9094193650324796],[79.86258927365712,6.909417235056141],[79.86256962698751,6.909410276527506],[79.86255573811773,6.909405476895559],[79.8625305600006,6.909396848727334],[79.86252637048311,6.909395422413272],[79.86251846005926,6.9093928613873965],[79.86250380434034,6.909388459275445],[79.86249244028605,6.909384952235751],[79.86248912475078,6.909383854036065],[79.8624767640713,6.9093795636260165],[79.86246669628503,6.909376613119969],[79.86246351084621,6.909375722799525],[79.8624496423024,6.909371701062046],[79.86244329116813,6.909369755076147],[79.86244087625126,6.909369004157807],[79.86241522598442,6.909361314307358],[79.86240485469696,6.909358205113078],[79.86239042512773,6.909353879621377],[79.8623606804495,6.909344938204158],[79.86234009716614,6.9093389738349344],[79.86233474990425,6.909337499172466],[79.86230892867218,6.9093303188578385],[79.86228286877297,6.909323105577319],[79.86227608914494,6.909321243546473],[79.862276089145,6.909321243546493],[79.86227606472883,6.909321237546971],[79.86223702616307,6.909311645031744]]}},{"type":"Feature","properties":{"Type":0.0,"ImageName":null,"Width":0.12,"MCode":null,"SCode":null,"ID":null},"geometry":{"type":"LineString","coordinates":[[79.86078603045719,6.909125704497984],[79.86079435575981,6.909143021509598],[79.86080241767898,6.909158100570164],[79.86081047073779,6.909170754841328],[79.86081785617777,6.909180015950708],[79.8608261395016,6.909188282007577],[79.86083308760512,6.909194164432059],[79.86083511281491,6.909195398719525],[79.86083774254462,6.90919720893715],[79.8608474563212,6.909203286693692],[79.86086031792004,6.909210101380651],[79.86086667683765,6.909212658782689],[79.86087035137285,6.909213655241558],[79.86088290722073,6.909216525984093],[79.86089814616062,6.9092187798789535],[79.86090975026548,6.90921903327548],[79.8609225416217,6.909218511130964],[79.86093947193228,6.909217810438214],[79.8609566028483,6.909217089765753],[79.86097367768537,6.909216253767325],[79.86099075037617,6.909215386320783],[79.8610078835053,6.909214458141436],[79.86102501539408,6.909213701427506],[79.86104213915314,6.909212826940591],[79.8610592521955,6.909211942783556],[79.86107639777232,6.909211114845512],[79.8610935330236,6.9092103289233675],[79.86111065542582,6.9092094694125565],[79.86112779671838,6.909208587305085],[79.86114487378782,6.9092076751419675],[79.86116196870202,6.909206766887954],[79.86117907595458,6.9092058732463215],[79.8611962288043,6.90920501140999],[79.86121335515848,6.909204049357928],[79.86123050037166,6.909203226364659],[79.86124763720875,6.909202346097848],[79.8612646607133,6.909201787208174],[79.86128167733571,6.909201320825321],[79.861298746528,6.90920088957451],[79.86131591591366,6.9092005741472295],[79.86133297895708,6.90920027928097],[79.86135009562983,6.909200140994504],[79.8613672166246,6.9092000224555195],[79.86138437634084,6.909199956243944],[79.8614015611851,6.909199634220964],[79.86141860396887,6.90919934562143],[79.861435743294,6.909199138464205],[79.86145290313941,6.90919883639365],[79.86147009492376,6.9091986014798366],[79.86148729097523,6.9091985304290695],[79.86150445343196,6.909198559888238],[79.86152151611448,6.9091984437122065],[79.86153237356089,6.909197362656013],[79.86153517520899,6.909196682242711],[79.86153518739552,6.909196669044965],[79.86153799549668,6.909193627895713],[79.86154029940322,6.909191132784808],[79.86154029999254,6.909191125694984],[79.86154228162178,6.909167285856293]]}},{"type":"Feature","properties":{"Type":0.0,"ImageName":null,"Width":0.12,"MCode":null,"SCode":null,"ID":null},"geometry":{"type":"LineString","coordinates":[[79.86151889690136,6.909213444242633],[79.86150760585072,6.909213127512642],[79.86149050379846,6.909213173660033],[79.86147363149276,6.90921340390208],[79.86145682931058,6.909213692627964],[79.86143987020162,6.909213973511077],[79.8614228566187,6.909214115137239],[79.86140576479282,6.909214353076898],[79.86138869627914,6.909214572603083],[79.86137168111651,6.909214925244491],[79.86135471365577,6.9092153083361],[79.86133771897197,6.909215598586495],[79.86132066612387,6.909215949301892],[79.8613035855968,6.909216239135275],[79.86128893455391,6.909216471424757],[79.8612743454005,6.909216795959755],[79.86124503687347,6.909217940137164],[79.86122700719845,6.909218811390174],[79.86120997079053,6.909219676481715],[79.86119296595318,6.909220489387748],[79.86117588912964,6.909221331869959],[79.86115906522784,6.909222106385748],[79.86114209562433,6.909222862728104],[79.86112506723553,6.909223691249388],[79.8611080136968,6.909224581212832],[79.86109093657767,6.909225456713046],[79.86107386037888,6.909226170742512],[79.86105680199265,6.909226900115144],[79.86104038049992,6.909227575532745],[79.86102979786003,6.909227944821783],[79.86101787345083,6.90922831176304],[79.86091510978096,6.909231441321886],[79.86088525689433,6.909232332584607],[79.86088268093182,6.90923199299192],[79.86086970008338,6.909229583613433],[79.86086492319242,6.909228603332598],[79.86085826427576,6.9092258076262985],[79.86084504889115,6.9092198949417885],[79.86084011273135,6.909217605707764],[79.86083346162728,6.909213156684896],[79.86082141117005,6.909204083896134],[79.86081214355043,6.909196007505034],[79.86080946077368,6.909193417251237],[79.86080728161265,6.909190952257349],[79.86080576357318,6.909189229728286],[79.86079960522976,6.909181396184744],[79.86079243109627,6.909171136074313],[79.86079045023902,6.909167645616198],[79.8607870697069,6.909160538060903]]}},{"type":"Feature","properties":{"Type":0.0,"ImageName":null,"Width":0.12,"MCode":null,"SCode":null,"ID":null},"geometry":{"type":"LineString","coordinates":[[79.86066280721555,6.909188787226641],[79.86065900632313,6.909200834738011],[79.86065604640828,6.909209404310148],[79.86065311824528,6.909214516646049],[79.86064675503543,6.909224322798649],[79.86063913881412,6.909233004429629],[79.86063039817155,6.909241379871327],[79.86062082019278,6.909248808094725],[79.86060813775218,6.909257602956398],[79.8605952603592,6.909265125698423],[79.86058025884354,6.909273078309135],[79.86056962772736,6.90927830564087],[79.8605656315667,6.909279960661493],[79.86055265713946,6.909285233082961],[79.86053693868907,6.909291388381724],[79.86052082505937,6.909296933789976],[79.86050459063418,6.909302284997075],[79.8604882813289,6.909307615218508],[79.86047196701703,6.909312761414455],[79.86045557131332,6.909317540662037],[79.86043932946065,6.909322551882449],[79.86042311128955,6.909327431944366],[79.86040700166068,6.909332274231455],[79.8603908149751,6.909337269398101],[79.86037466279703,6.909342450041936],[79.86035835639302,6.909347548350038],[79.86034207492865,6.909352725635003],[79.86032576543093,6.909357785182192],[79.86030951109709,6.909363058441639],[79.86029408250775,6.909368145929387],[79.86028424997843,6.909372270200824],[79.86025809919785,6.909382118595002],[79.8602387922237,6.909390091947722],[79.86022298427314,6.909396655692173],[79.86020732846364,6.909403337108212],[79.86019147753161,6.909409953455571],[79.86017579790553,6.9094168173082835],[79.86016013155961,6.909423653633516],[79.86014458182326,6.909430515716424],[79.86012897803326,6.90943730764807],[79.86011306042057,6.909444237974607],[79.86009726796281,6.909451162197666],[79.86008174890074,6.9094579862873235],[79.86007392514625,6.909461467730792],[79.8600542215943,6.909470249374236],[79.86003170063887,6.909480317419324],[79.86001612575353,6.909487349829011],[79.86000288961226,6.909493413605903],[79.85996475520315,6.909510734801679]]}},{"type":"Feature","properties":{"Type":0.0,"ImageName":null,"Width":0.12,"MCode":null,"SCode":null,"ID":null},"geometry":{"type":"LineString","coordinates":[[79.8599168914493,6.909532914842488],[79.85990190532964,6.909539784156062],[79.85988711371898,6.909547053212201],[79.85987228860786,6.909554189057468],[79.85985659959316,6.909561573014973],[79.85984103395442,6.909569012216274],[79.85982550493252,6.909576491967199],[79.85980996400008,6.909583913047015],[79.85979441090434,6.909591383277969],[79.85977893362406,6.909599058145821],[79.85976356202926,6.909606906999582],[79.8597484006792,6.9096151052264725],[79.85973330316044,6.909623395264556],[79.85971817615494,6.90963164022209],[79.85970313858168,6.909640063115409],[79.85968808662277,6.909648502749313],[79.85967302570032,6.9096569361061855],[79.85965792218397,6.909665386144639],[79.85964282033031,6.909673935273681],[79.85962765474615,6.909682361597971],[79.85961259477133,6.90969099981306],[79.85959754597063,6.909699575318806],[79.85958246517406,6.90970804050253],[79.85956744028695,6.909716510174498],[79.85955239786813,6.9097249740454005],[79.85953730461438,6.909733352580609],[79.85952228479546,6.909741862405396],[79.85950767474353,6.909751122707665],[79.85949308911115,6.909760355692693],[79.85947856142138,6.9097696268321585],[79.85946410816533,6.909778921726735],[79.85944965754186,6.909788290518198],[79.85943521909479,6.9097976589703],[79.85942059566806,6.909806972227329],[79.85940640006883,6.909816793374559],[79.85939363781175,6.909825700954764],[79.85938340115823,6.909832806406911],[79.85935925384196,6.909849990673407],[79.85934420851277,6.909861681660117],[79.85933079261989,6.909872573393138],[79.8593193785353,6.909882212306873],[79.8593153573267,6.909885482257566],[79.85929924567692,6.909898292297611],[79.85928526363348,6.909909915076485],[79.85927200183254,6.909920567231988],[79.85925886337829,6.909931629267683],[79.85924564900897,6.909942640942773],[79.85923242079862,6.909953681733892],[79.85921921086796,6.909964717667569],[79.85920600532332,6.909975821503614],[79.85919273415104,6.909986856453867],[79.85917947023,6.909997834870953],[79.85916617545917,6.910008773581489],[79.85915290075991,6.910019786583572],[79.85913981112893,6.910030814949614],[79.85912618651983,6.910041892074979],[79.85911327278201,6.910053181001294],[79.8591035773938,6.910061619554765],[79.85909998353291,6.910065021634447],[79.85907842703352,6.91008878052922],[79.85907000387454,6.910097762024854],[79.85906174126445,6.9101010966996474],[79.85905830739233,6.910102544364894],[79.85905553464372,6.910105260219491],[79.85904588440505,6.910114779672082],[79.85903384046034,6.910126803299804],[79.85902636635952,6.910133833134421],[79.85902426982166,6.910135708283525],[79.85901213066514,6.91014818956101],[79.85899772043236,6.910162730529299],[79.85898555986287,6.910174952537254],[79.85897328102772,6.9101870728942405],[79.85896067580836,6.910198735732567],[79.85895559456245,6.9102032984057855],[79.85895116575624,6.910207988135757],[79.8589410130242,6.910218441593029],[79.85892894237868,6.910230796389916],[79.85891679018175,6.910243014211862],[79.85890436358767,6.910255015944464],[79.85889213946702,6.9102672399082845],[79.85888006855441,6.91027956507302],[79.85886799134336,6.910291848503972],[79.85884983159404,6.910310268567437]]}},{"type":"Feature","properties":{"Type":1.0,"ImageName":null,"Width":0.12,"MCode":null,"SCode":null,"ID":null},"geometry":{"type":"MultiLineString","coordinates":[[[79.8615202854361,6.909213370829164],[79.8615301270829,6.9092135734211]],[[79.86153234474989,6.90921361528989],[79.86154062842321,6.909213728039112]],[[79.86154545182157,6.909213993164956],[79.86155150558989,6.90921433453804]],[[79.86155745265096,6.909214262181901],[79.86156590280623,6.909214759845808]],[[79.86156926776391,6.909215281145747],[79.86157752152403,6.909215518732677]]]}},{"type":"Feature","properties":{"Type":0.0,"ImageName":null,"Width":0.12,"MCode":null,"SCode":null,"ID":null},"geometry":{"type":"LineString","coordinates":[[79.86409493154954,6.907541803680342],[79.86409984114685,6.907512448208476],[79.8641008457669,6.907503340075732],[79.86410053335223,6.9074981877886845],[79.86409920599148,6.907480955590181],[79.86400943202497,6.907050994919939]]}},{"type":"Feature","properties":{"Type":0.0,"ImageName":null,"Width":0.12,"MCode":null,"SCode":null,"ID":null},"geometry":{"type":"LineString","coordinates":[[79.86012716328845,6.909565561718729],[79.860126525685,6.909559106412872],[79.86012656234456,6.909555353312856],[79.86012708839287,6.909554403591917],[79.86012996115171,6.909550631764634],[79.86013267395262,6.909547420261329],[79.86013344378087,6.909546976474158],[79.86013990723535,6.909544081029914],[79.86015407197519,6.909538335662211],[79.86017015056551,6.909532037784678],[79.86018617989501,6.909525643575772],[79.86020220323981,6.909519204067488],[79.86021812073592,6.909512579041447],[79.86023253266754,6.909506668179743],[79.86025196693974,6.90949905620374],[79.86027885143885,6.909488753189162],[79.8602953551987,6.909482564114819],[79.86031182745417,6.90947640992933],[79.86032808437668,6.909470321099902],[79.86034430266746,6.909464588503878],[79.86036061709797,6.9094589971855696],[79.86037694251033,6.90945347841666],[79.86039074504194,6.909448677674305],[79.86040569812896,6.909443708125594],[79.8604336953759,6.9094344880145],[79.86045080046323,6.909428981766413],[79.86046726709249,6.909423840657063],[79.86048370104999,6.909418711038902],[79.86050018293636,6.90941364386387],[79.86052097921818,6.909407536603231],[79.8605509648919,6.909398714821272],[79.8605686696053,6.909393732359802],[79.86058533514014,6.909389513636399],[79.86060192276192,6.909385130893427],[79.86061858135032,6.909380855599671],[79.86063530590262,6.909376589986871],[79.86065202498816,6.909372258854661],[79.86066873795446,6.909368133306875],[79.86068551429737,6.909364428716479],[79.86070229349531,6.909360618263579],[79.86071899684269,6.909356841206969],[79.86073545686591,6.909353243846646],[79.86075227610422,6.909349581671019],[79.86076930679036,6.90934603597444],[79.86078624463451,6.909342715513668],[79.86080321445408,6.909339610269072],[79.86082010517275,6.909336527794024],[79.86083706805249,6.909333572197685],[79.86085416223784,6.909330880893748],[79.86087121480178,6.909328302883138],[79.860888309298,6.909326032944556],[79.86090543066763,6.9093238034435664],[79.86092247844431,6.909321512767845],[79.86093956611573,6.909319222586491],[79.86095671164972,6.909317154071744],[79.86097511948124,6.909315143520923],[79.86100596902834,6.909312210658226],[79.86102735451392,6.909310482113808],[79.86104465959133,6.9093086258913665],[79.86106193709983,6.909306964269427],[79.86107919060319,6.909305614119059],[79.86109640275228,6.909304492346799],[79.86111359597912,6.909303396605446],[79.86113034806765,6.909302249957471],[79.86113939574653,6.909301593423977],[79.8611655689112,6.909299997467358],[79.86118779051436,6.909298791321658],[79.86120493584043,6.909297986758939],[79.86122207946333,6.909297315125519],[79.86123932542147,6.9092967280738975],[79.86125664410582,6.909296158935862],[79.86127389988762,6.909295735965685],[79.86129109376674,6.909295228945055],[79.86130829056967,6.909294556395172],[79.86132527379655,6.909294065312146],[79.86133175787147,6.909293925771602],[79.8613449648304,6.909293615705684],[79.86136369966366,6.909293167519238],[79.86138088122864,6.909292869406339],[79.8613981630403,6.909292503318409],[79.861415450889,6.90929132434024],[79.86143104804884,6.909290691942754],[79.86144701610458,6.909291195310378],[79.86146426873373,6.909292104776811],[79.86148145032358,6.90929334338115],[79.86149857660554,6.909295332529661],[79.86151587505924,6.909297086979352],[79.86153395984107,6.909299212369394]]}},{"type":"Feature","properties":{"Type":0.0,"ImageName":null,"Width":0.12,"MCode":null,"SCode":null,"ID":null},"geometry":{"type":"LineString","coordinates":[[79.86180109879068,6.909308510147046],[79.86178858676422,6.909317876590065],[79.86179638796455,6.909328217619029]]}},{"type":"Feature","properties":{"Type":0.0,"ImageName":null,"Width":0.12,"MCode":null,"SCode":null,"ID":null},"geometry":{"type":"LineString","coordinates":[[79.86177731649632,6.909323888053295],[79.86177597032581,6.909321774679752],[79.86177168320894,6.909314566741634],[79.86178071726029,6.909308378440783]]}},{"type":"Feature","properties":{"Type":0.0,"ImageName":null,"Width":0.12,"MCode":null,"SCode":null,"ID":null},"geometry":{"type":"LineString","coordinates":[[79.86175925133794,6.909318747333509],[79.86175491951556,6.909311841315204],[79.86176168194868,6.909307369420373]]}},{"type":"Feature","properties":{"Type":0.0,"ImageName":null,"Width":0.12,"MCode":null,"SCode":null,"ID":null},"geometry":{"type":"LineString","coordinates":[[79.86174221249152,6.909314427451098],[79.8617407052213,6.909309933106497],[79.86174320065155,6.909305889193637]]}},{"type":"Feature","properties":{"Type":0.0,"ImageName":null,"Width":0.12,"MCode":null,"SCode":null,"ID":null},"geometry":{"type":"LineString","coordinates":[[79.86172574114617,6.909309981702365],[79.861723357974,6.909306633673998],[79.86172720812066,6.909303841942752]]}},{"type":"Feature","properties":{"Type":0.0,"ImageName":null,"Width":0.12,"MCode":null,"SCode":null,"ID":null},"geometry":{"type":"LineString","coordinates":[[79.86170888390963,6.909306352322985],[79.86170743358657,6.909304017250094],[79.86170746812321,6.909303592430093],[79.86170919473868,6.90930252894295]]}},{"type":"Feature","properties":{"Type":0.0,"ImageName":null,"Width":0.12,"MCode":null,"SCode":null,"ID":null},"geometry":{"type":"LineString","coordinates":[[79.8619437347812,6.909227805893086],[79.86194695596467,6.909234730949792],[79.86194862797572,6.909236714854773],[79.86194979082897,6.909237055341064],[79.86195741739982,6.9092387593026094],[79.86197357125259,6.909241946767477],[79.86198999773156,6.9092449254639225],[79.86200648605632,6.909247829422543],[79.86202295391955,6.909250833435148],[79.86203938926589,6.909254161644503],[79.86205582557129,6.909257028911276],[79.86207006102002,6.9092597387043035],[79.86207469463415,6.909260612049966],[79.86209209870718,6.9092638118441245],[79.86209644247415,6.90926459375147],[79.8620978845704,6.909264681624615],[79.86209843905583,6.909264701020098],[79.86209980754796,6.909264527357107],[79.86210042262279,6.909264449303508],[79.86210044239041,6.909264436375913],[79.86210167017666,6.909263633430637],[79.86210255147009,6.909263047343883],[79.86211019710463,6.909232319948814]]}},{"type":"Feature","properties":{"Type":0.0,"ImageName":null,"Width":0.12,"MCode":null,"SCode":null,"ID":null},"geometry":{"type":"LineString","coordinates":[[79.86214103122761,6.909242513579918],[79.86213805199226,6.909270808176192],[79.86213841986176,6.909272880470841],[79.86213842162917,6.909272890373325],[79.86213971367017,6.909273337411661],[79.86214759052159,6.909275539689341],[79.8621637417319,6.909279437381794],[79.86218021312338,6.909283021034419],[79.86219667482041,6.909286785019621],[79.86221309240601,6.909290794547079],[79.86222947889034,6.909294961800543],[79.86224574860104,6.909299180553027],[79.86226210308176,6.909303358977919],[79.86227846584183,6.909307572283521],[79.86229478455907,6.909312047270428],[79.86231088246683,6.909317022808088],[79.86232713009325,6.909321633688056],[79.86234345415582,6.9093259538880885],[79.86235979587791,6.909330146732026],[79.86237513761859,6.909334552895194],[79.86238023786784,6.909336069502277],[79.86240136357077,6.909342321827128],[79.86242094193062,6.9093481291914465],[79.86242616028453,6.909349682083127],[79.86242851597292,6.909350462124624],[79.86243189292003,6.909351197204281],[79.86243422428097,6.909351246583136],[79.86243763228387,6.909350311837186],[79.86244625147968,6.909339222226354]]}},{"type":"Feature","properties":{"Type":1.0,"ImageName":null,"Width":0.12,"MCode":null,"SCode":null,"ID":null},"geometry":{"type":"MultiLineString","coordinates":[[[79.86274814764631,6.909532669418357],[79.86271759737201,6.9095205864196565]],[[79.86269914503805,6.909514088247222],[79.86266883197955,6.9095022285413155]],[[79.86265197361006,6.909495719899316],[79.86262423559965,6.909485237262321]],[[79.86260670393187,6.909479099205428],[79.86257392942662,6.909466179261685]],[[79.86255905262944,6.909460722073257],[79.86252497047556,6.90944861167962]],[[79.86248513419974,6.909434308991013],[79.86247645325852,6.90943111746665]],[[79.86243444735739,6.909416421502218],[79.86242535604083,6.909413167355365]],[[79.86238806774854,6.909399865748333],[79.86237882125526,6.909396759454595]],[[79.86234089282907,6.909384137314647],[79.86233088533785,6.909381034288167]],[[79.86229183303539,6.909368597720813],[79.86228316545048,6.909365964913615]],[[79.86224340944518,6.909354643482172],[79.86223408770678,6.9093521464982075]],[[79.86219406783,6.909342130737396],[79.86218404975389,6.909339235826716]],[[79.86214344753677,6.909329583271109],[79.86213314051656,6.909327229232887]],[[79.86209253250469,6.909318184908053],[79.86208296227143,6.909316317309714]],[[79.86204204444883,6.909308399750362],[79.86203254428607,6.909306553882162]],[[79.86199168823205,6.909299499130174],[79.86198245304534,6.909297872632958]],[[79.86194039918476,6.90929148757931],[79.86193070866895,6.909290241266183]],[[79.8618895815094,6.909285312056305],[79.86187985552841,6.909283906279791]],[[79.86178855686634,6.9092738014999],[79.8617774109649,6.909272454351721]],[[79.86173472536294,6.909267975095516],[79.86172476479373,6.909266905608197]],[[79.86168486666328,6.909262689551091],[79.86167524383156,6.9092616345849445]],[[79.86163372558116,6.9092571758814625],[79.86162344111541,6.909256016844408]],[[79.86158149953428,6.90925201677293],[79.86157141846921,6.9092508667321955]]]}},{"type":"Feature","properties":{"Type":1.0,"ImageName":null,"Width":0.12,"MCode":null,"SCode":null,"ID":null},"geometry":{"type":"MultiLineString","coordinates":[[[79.86275856588391,6.909506363493054],[79.86272801561083,6.909494280495197]],[[79.86270946579153,6.909487743973909],[79.86267915273427,6.909475884268832]],[[79.86266198751382,6.909469257623776],[79.86263424950458,6.909458774987527]],[[79.86261709242822,6.909452781537876],[79.86258431792432,6.909439861595034]],[[79.86256853709644,6.909434065717654],[79.86253445494405,6.9094219553249]],[[79.86249490883942,6.909407757526627],[79.86248622789857,6.909404566002495]],[[79.86244399360886,6.909389787181781],[79.86243490229273,6.909386533035163]],[[79.86239708864153,6.9093730491784155],[79.86238784214869,6.909369942884907]],[[79.86234928229554,6.909357116821921],[79.86233927480482,6.909354013795677]],[[79.86229991435668,6.90934202838896],[79.86229124677219,6.909339395581958]],[[79.86225060397268,6.9093278207705495],[79.86224128223472,6.909325323786788]],[[79.86220178687424,6.909315454046635],[79.86219176879858,6.909312559136186]],[[79.8621496387329,6.909302511697248],[79.86213933171322,6.90930015765923]],[[79.86209785829996,6.909290930117467],[79.8620882880672,6.9092890625192975]],[[79.8620473479459,6.909281140617691],[79.86203784778363,6.909279294749664]],[[79.8619965112156,6.909272151009794],[79.86198727602937,6.909270524512736]],[[79.86194394619932,6.909263945153561],[79.86193425568406,6.909262698840577]],[[79.86189355925615,6.909257828454504],[79.86188383327568,6.909256422678139]],[[79.86179189340983,6.909246232821508],[79.86178074750899,6.909244885673492]],[[79.86173769394415,6.909240364427571],[79.86172773337549,6.909239294940389]],[[79.86168789697754,6.909235085581746],[79.86167827414637,6.909234030615731]],[[79.86163683959975,6.909229581218482],[79.86162655513459,6.9092284221815765]],[[79.86158465123606,6.909224426382266],[79.86157457017156,6.909223276341669]]]}},{"type":"Feature","properties":{"Type":0.0,"ImageName":null,"Width":0.12,"MCode":null,"SCode":null,"ID":null},"geometry":{"type":"LineString","coordinates":[[79.86365854571298,6.907446424727383],[79.86364445714392,6.907440609920761],[79.86362848098089,6.907433960634542],[79.86361248834864,6.907427349258098],[79.86359648572775,6.9074208077181485],[79.86358061317682,6.907413890567083],[79.86356465023202,6.907407103437797],[79.8635485486548,6.907400556647953],[79.86353255592024,6.907393774587498],[79.86351653303075,6.907387155342724],[79.86350052323044,6.90738053858312],[79.86348451961442,6.907373983120038],[79.86346839726868,6.907367105156053],[79.86345220008678,6.907360423576944],[79.86343612832545,6.907354271919043],[79.86342008789529,6.907347763415788],[79.86340395017226,6.90734133630765],[79.86338772901622,6.907334980930458],[79.8633714601443,6.907328698607197],[79.8633552615476,6.907322487019019],[79.86333908976091,6.907316453098748],[79.86332302181907,6.907310528785772],[79.86330700568809,6.907304447007976],[79.86329055241457,6.907298410982271],[79.8632740930991,6.907292436728393],[79.86325778179805,6.907286318880579],[79.86324135420271,6.907280372029231],[79.86322498791586,6.90727453378205],[79.8632086453054,6.907268811713674],[79.86319228320261,6.907263168882108],[79.86317591493938,6.9072576202427065],[79.8631595261212,6.907252207153551],[79.86314307638268,6.907246847589063],[79.86312662862746,6.90724155269653],[79.86311012333742,6.907236247028003],[79.86309903211834,6.907232690051808],[79.8630904078769,6.907229905466069],[79.86306830165759,6.907222707868169],[79.86305168723733,6.90721730705761],[79.86304034977914,6.907213819597521],[79.86303677760226,6.9072126904107645],[79.86302464650413,6.907208965519618],[79.86300797841812,6.907204048857708],[79.86299137771016,6.907199131977064],[79.86297473169832,6.907194251307957],[79.86295812535143,6.907189346371164],[79.86294155418022,6.907184292351232],[79.86292496117646,6.9071792997631105],[79.86290828156491,6.907174500378124],[79.86289167638274,6.9071693858742105],[79.8628750223432,6.907164557071885],[79.86285832340226,6.907159780981293],[79.86284169500713,6.907154997898851],[79.86282502840372,6.907150338054685],[79.86280830889928,6.9071457871351685],[79.86279160562354,6.907141075293137],[79.8627749599464,6.907136078271958],[79.86275842995857,6.907130853868889],[79.86274189926704,6.907125651308248],[79.86272501928025,6.90712177275733],[79.86270803545696,6.907118684687937],[79.86269119363278,6.907114629726912],[79.86267434009017,6.907110448290892],[79.86265740751222,6.907106372545898],[79.86264059279797,6.907102291167813],[79.86262378147401,6.9070981432621394],[79.86260683907612,6.907094024673427],[79.86258997488807,6.907089991915203],[79.86257648665519,6.907086710062001],[79.86256699237772,6.907084799604322],[79.86253262976903,6.907078035682148],[79.86251389510596,6.90707415499234],[79.86249697751956,6.907070739870044],[79.86247992106613,6.907067497141149],[79.86246296568665,6.907064347182373],[79.86244600021139,6.90706133920997],[79.86242892908567,6.907058496011449],[79.86241193769807,6.907055759666522],[79.86239486756526,6.907052921619933],[79.86237781098613,6.907050108505268],[79.86236078840138,6.907047700423831],[79.86234356522286,6.907045659751917],[79.86232624783518,6.907043743488005],[79.86230922382539,6.907040807857331],[79.86229218190766,6.907038164628042],[79.86227503463358,6.9070357965055],[79.86225793788363,6.907033478612135],[79.86224088049815,6.907031120418206],[79.8622236699213,6.907029199927452],[79.86220645768574,6.9070270619427285],[79.86218936942068,6.9070249062337865],[79.86217447326148,6.907023137444148],[79.86216925714044,6.907022573861276],[79.86214856809202,6.907020368937707],[79.86213027967709,6.907017873795524],[79.8621130294566,6.907015706539366],[79.86209577245673,6.907013627220946],[79.86207857428181,6.907011655135571],[79.86206139246745,6.907009778229059],[79.86204411026928,6.907007923540002],[79.86202684354257,6.907006141488114],[79.86200946980891,6.907004646137817],[79.86199220131738,6.907002967370765],[79.86197501814912,6.907000967306752],[79.86195766061375,6.90699988175646],[79.86194035110685,6.906998550755899],[79.86192308556717,6.906997074902497],[79.86190579792793,6.906995675824446],[79.86188869338919,6.906994205561414],[79.86187142315218,6.9069927068757355],[79.86185411158085,6.906991103404402],[79.86183690090542,6.906989467354192],[79.8618196266349,6.90698808913225],[79.86180234576241,6.9069866264469795],[79.86178497824997,6.90698531676539],[79.86176764796407,6.906983986521425],[79.86175036856605,6.906982539355018],[79.86173302571544,6.906981312867345],[79.86171574062168,6.906980012274354],[79.86169844684325,6.906978680769501],[79.86168116666722,6.906977250659383],[79.86166371288957,6.906975856389065],[79.86164636893531,6.906974439089625],[79.86162914286672,6.906973054343281],[79.8616118912573,6.906971831679706],[79.86159457287702,6.906970665119412],[79.86157725209156,6.906969442992788],[79.86155994573008,6.906968119383293],[79.86154265627273,6.906966686993488],[79.86152534231444,6.906965512702393],[79.86150791778321,6.90696446529035],[79.86149056663125,6.906963213582007],[79.86147327830925,6.906961768670558],[79.861456695714,6.906960635611146],[79.86145127773398,6.906960301285556],[79.86143356974154,6.906959168573949],[79.86141430306445,6.906957784318529],[79.86139694133789,6.906956572183579],[79.86137961806719,6.90695543201816],[79.86136234310335,6.906954322686665],[79.86134510633214,6.906953261309597],[79.86132781359129,6.906952129490979],[79.86131057839675,6.906951261285379],[79.86129317885144,6.906950036641988],[79.86127575631494,6.906948748872938],[79.86125835111963,6.90694749297687],[79.86124097484263,6.906946401880305],[79.86122346258588,6.906945661874137],[79.86120611291801,6.906944750260037],[79.861188772023,6.906943821912868],[79.86117145178912,6.906942989402993],[79.86115416158104,6.906942074017474],[79.86113700000138,6.906941157259135],[79.86111974726838,6.906940164111717],[79.86110245403961,6.906939230796198],[79.86108514954887,6.906938303469858],[79.86106784108718,6.906937291696248],[79.86105052211099,6.906936225355238],[79.86103316764662,6.906935202948458],[79.86101592945207,6.9069342465564185],[79.86100329691129,6.906933568529819],[79.86097751942248,6.906932691039441],[79.8609531355354,6.90693237004929],[79.86093578583073,6.906932574697565],[79.86091845770859,6.9069329115777425],[79.86090130536014,6.906933008904525],[79.86088412841816,6.906933759656905],[79.86087535457413,6.906934398283567],[79.86087409349068,6.906934467986227],[79.86086604093029,6.906935010316016],[79.8608502132906,6.906935721737948],[79.86083280747742,6.906936474173141],[79.86081556107699,6.906937751635245],[79.8607983588055,6.906938938250506],[79.86078111320069,6.906940032007664],[79.86076383740061,6.906941346549679],[79.86074656982213,6.906942687063681],[79.86072930757739,6.906944102900569],[79.8607121740571,6.90694556649608],[79.86069501050679,6.906947287535939],[79.86067774318118,6.906949169043215],[79.86066052402765,6.906950976848655],[79.86064333680896,6.906952827831737],[79.86062618490675,6.906954847784622],[79.86060901933807,6.906957046550693],[79.86058314015212,6.90696023668414]]}},{"type":"Feature","properties":{"Type":0.0,"ImageName":null,"Width":0.12,"MCode":null,"SCode":null,"ID":null},"geometry":{"type":"LineString","coordinates":[[79.86053797708776,6.906967664851162],[79.86051293591566,6.906972302617301],[79.86049623262895,6.906975576137059],[79.86047954412093,6.906979018206482],[79.86046295057677,6.906982752207631],[79.86044656147851,6.906987151338085],[79.86043031152514,6.906991974687208],[79.86041415273309,6.906997160778664],[79.86039810898272,6.90700262304788],[79.86038215578667,6.907008357154202],[79.86036645797297,6.9070145550883435],[79.86035087444435,6.9070211013611695],[79.86033537901814,6.907027981732515],[79.86031999157136,6.907035067765852],[79.8603046868921,6.907042384526907],[79.86028951556818,6.907049869351274],[79.86027453359024,6.907057814222222],[79.86025975636166,6.907066234802571],[79.86024540180915,6.90707526120971],[79.86023133849062,6.9070847436185225],[79.86021759140814,6.907094591585324],[79.86020403806621,6.907104741140133],[79.86019091990286,6.907115452732102],[79.86017829274563,6.907126796725419],[79.86016638609232,6.90713889806111],[79.86015522886021,6.907151643635037],[79.86014475846302,6.9071650473205715],[79.86013518364301,6.90717912973455],[79.86012645810828,6.9071936593462775],[79.86011822695082,6.907208499950759],[79.86011034623523,6.907223551690867],[79.86010312774803,6.90723892855779],[79.86009674471306,6.9072546022748185],[79.86009137278806,6.907267184114189],[79.86008924169033,6.907271689984535],[79.86008879559722,6.907271603970413],[79.86008584850643,6.907269585287303]]}},{"type":"Feature","properties":{"Type":0.0,"ImageName":null,"Width":0.12,"MCode":null,"SCode":null,"ID":null},"geometry":{"type":"LineString","coordinates":[[79.86011797457007,6.907306776566986],[79.86012051616157,6.907295762541835],[79.86012402529128,6.9072808067472025],[79.86012793124203,6.907265839847774],[79.86013209798757,6.907250976246359],[79.86013692439506,6.90723630117858],[79.86014240780179,6.9072218556265925],[79.86014853373896,6.907208115551048],[79.86015520521484,6.907195564212184],[79.86016191591473,6.907184590982231]]}},{"type":"Feature","properties":{"Type":0.0,"ImageName":null,"Width":0.12,"MCode":null,"SCode":null,"ID":null},"geometry":{"type":"LineString","coordinates":[[79.86015551656241,6.907366344446484],[79.86015243147396,6.907350394718901],[79.86015052565286,6.90733357694618],[79.86014994006948,6.907316658457918],[79.86015037875259,6.907300846530092],[79.86015173402548,6.9072856913673215],[79.86015389714204,6.907270443869889],[79.86015675019482,6.907258318454285],[79.86016056324469,6.907246805856844],[79.86016595959696,6.907233733143202],[79.8601731696427,6.907218471915428],[79.86018123615843,6.907203533672573],[79.86018961390957,6.907190461166549],[79.86019737817828,6.907180824758289],[79.86020814610599,6.907168449042466],[79.86021944249318,6.907157093524084],[79.8602282385639,6.907149807457956],[79.86023790197464,6.9071424666121395],[79.86025100151694,6.907132752340907],[79.86026500272348,6.90712326387035],[79.86027941838374,6.907114209738571],[79.86029424630142,6.907105889741578],[79.86030929821858,6.90709799701827],[79.86032446202329,6.907090469409444],[79.86033964580554,6.907083209437048],[79.86035522371884,6.907076675841928],[79.86037106162978,6.907070424762466],[79.86038687750575,6.907064102237465],[79.86040288273698,6.907058416828227],[79.86041866848433,6.907053392975757],[79.86042411045618,6.907051697214536],[79.86043575886889,6.907047790694775],[79.86045264673949,6.907043046314761],[79.86046920012575,6.907039154680629],[79.86048590326082,6.9070357884001945],[79.8605027304056,6.907033181487323],[79.86051960977106,6.907030962144236],[79.86054517777862,6.907027695354968]]}},{"type":"Feature","properties":{"Type":null,"ImageName":null,"Width":null,"MCode":null,"SCode":null,"ID":null},"geometry":{"type":"LineString","coordinates":[[79.86058216121944,6.907023734114854],[79.86059537540714,6.90702273250654],[79.86061272653622,6.907021678623634],[79.86063006460458,6.9070205621472365],[79.86064738958048,6.907019531791312],[79.86066465263124,6.907018740126622],[79.86068188277056,6.9070180143904825],[79.8606991525367,6.907017298071771],[79.86071650966093,6.907016905207294],[79.86073392071101,6.907016531544205],[79.86075126054112,6.907016167345182],[79.86076853426296,6.9070161566830555],[79.86078580663762,6.907016263527664],[79.8608031185,6.907016429316324],[79.8608175600541,6.907016704234684],[79.8608386673947,6.907017310885154],[79.86086644120093,6.907018155261435],[79.86088382301065,6.907018609043116],[79.86090112087328,6.90701936650615],[79.86091836774239,6.90702018268299],[79.86093565248812,6.907020634515147],[79.86095205274451,6.907021022884902],[79.86096792217243,6.907021630438836],[79.86098524922627,6.907022348749545],[79.86100266601406,6.907022831857799],[79.86102012005449,6.907023360580765],[79.86103110719984,6.9070237553449285],[79.8610509457587,6.907024453581827],[79.86109123635876,6.907026146389453],[79.86110899155062,6.907027334028663],[79.86112632632738,6.907028241702221],[79.86114368551341,6.9070292958795925],[79.86116018378279,6.907030183773231],[79.86116990170908,6.90703051803996],[79.8612158051013,6.90703318010182],[79.86131200522027,6.907038904230975],[79.86133162571724,6.907040415533451],[79.86134880251906,6.907041673259178],[79.8613660462519,6.907042858418305],[79.86138327694448,6.907044098511375],[79.86140056406242,6.907045182451649],[79.86141791586779,6.907046301768474],[79.86143524972088,6.907047590987888],[79.86145255847008,6.907048704380395],[79.8614699001667,6.907049924330944],[79.86148737770036,6.9070513112884635],[79.86150461571164,6.907052777544332],[79.86152164359484,6.907054073671673],[79.86153892068262,6.9070552373757605],[79.86155613195339,6.90705660540069],[79.86157337020433,6.907057974896989],[79.86159060910576,6.9070592682033505],[79.86160785895068,6.90706059735464],[79.86162980356045,6.907062242762143],[79.86166108880207,6.907064537570954],[79.8616792318171,6.9070660806685575],[79.86169651896142,6.907067495097226],[79.86171385505305,6.90706888630965],[79.86173100654189,6.907070105067218],[79.86174779697133,6.907071411162226],[79.86176507789774,6.9070728164187],[79.86178239682559,6.90707417751647],[79.86179970404427,6.907075545777565],[79.8618169840113,6.9070770674689745],[79.86183425635271,6.907078533792805],[79.86185155389826,6.9070800181119365],[79.86186886499115,6.907081393792437],[79.86188619174698,6.907082735212691],[79.86190347359879,6.907084534364398],[79.86192076833404,6.907086289878902],[79.86193806547837,6.907088233374488],[79.86195546062557,6.907089643928985],[79.86197283782485,6.90709080215576],[79.86199013627618,6.9070922739140626],[79.86200745720811,6.907093926207468],[79.8620248404261,6.907095614782685],[79.86204223556926,6.907096734346667],[79.86205955280002,6.907098249376021],[79.86207684755061,6.907100307140647],[79.86209407192263,6.907102464103801],[79.86211130435177,6.907104512898239],[79.86212853770441,6.907106509755088],[79.86214320165834,6.9071083966452615],[79.86214909250717,6.907109037410118],[79.86217257615401,6.907111492665669],[79.86219095322825,6.907114094126821],[79.86220814028667,6.907116523841159],[79.86222540331765,6.907118771697069],[79.86224270328913,6.907121039811507],[79.86225998932865,6.90712337724167],[79.8622772634957,6.907125789060851],[79.86229448847699,6.9071281749123585],[79.86231167057609,6.907130759924818],[79.86232853661177,6.907133889989577],[79.86234580417378,6.90713577360865],[79.86236297226007,6.907138016503471],[79.86238005816129,6.907140550914177],[79.86239718325164,6.907143173929535],[79.86241432167455,6.9071459574902105],[79.86243141517753,6.907148815739357],[79.8624484500386,6.9071519265273205],[79.86246563372495,6.9071550635275685],[79.86248276780499,6.90715828660342],[79.86249976969792,6.907161582703983],[79.86251673915586,6.9071648356771025],[79.8625336624188,6.907168220545325],[79.86255071519841,6.907171733603729],[79.86256772761057,6.907175401240707],[79.86258471388528,6.907179076543139],[79.86260167048695,6.907182916997388],[79.86261859114177,6.907186767433042],[79.86263544722921,6.907190782905624],[79.86265227831629,6.907194982656179],[79.8626691157178,6.907199073951412],[79.86268588061083,6.90720321450382],[79.86270269403582,6.907207519277759],[79.86271930719892,6.907212168591859],[79.86273599109214,6.907216835979041],[79.86275269937617,6.90722165459885],[79.86276938839993,6.907226345694903],[79.86278612235954,6.907230919240593],[79.86280282136242,6.907235689409475],[79.86281949002118,6.907240434996143],[79.86283715955672,6.907245374674217],[79.86286737479365,6.907253967997042],[79.8628885565552,6.907260035051098],[79.86290518775328,6.907264859126329],[79.86292186878237,6.907269834804168],[79.8629386573595,6.907274298105165],[79.86295538190724,6.907279131066829],[79.86297204472156,6.907284174994099],[79.86298865667779,6.907289212535577],[79.86300527445874,6.907294202458202],[79.86302189653115,6.907299120439929],[79.86303845901861,6.907304376369689],[79.86305502200206,6.907309611866394],[79.86307162063225,6.907314696824923],[79.86308822147006,6.907319803494395],[79.86310474745358,6.907325066605191],[79.86312122965268,6.9073304604611625],[79.86313766661628,6.907336040090585],[79.86315409569832,6.9073416679517905],[79.86317048699854,6.907347436939755],[79.86318677373498,6.907353436107427],[79.86320304665622,6.907359500853736],[79.86321936894784,6.907365392338859],[79.86323562306184,6.9073710399415935],[79.86325198791182,6.907376273428993],[79.86326823837408,6.907381441042686],[79.86327433110189,6.907383458816547],[79.86329465747932,6.907392084443954],[79.86331600328833,6.90740111101821],[79.86333206465797,6.907407531910121],[79.86334819163196,6.907413874377663],[79.86336420008142,6.907420471245746],[79.86338027062001,6.907426930759534],[79.86339639270624,6.907433243245499],[79.86341245986758,6.907439718725735],[79.86342857816307,6.907446237919371],[79.86344470389302,6.907452738359363],[79.86346080466379,6.9074592564679875],[79.86347685355884,6.907465808475508],[79.86349292307335,6.907472403315869],[79.86350882626645,6.90747878516452],[79.86352477979817,6.907485233743456],[79.86354083478963,6.907491631140533],[79.86355679633711,6.907498270597529],[79.86357293148927,6.9075048531102246],[79.86358899426922,6.907511668738951],[79.86360484901162,6.9075189022753465],[79.86362089596638,6.907525654394219],[79.86363715855505,6.907531878092466],[79.8636532408319,6.907538412980151],[79.86366912633669,6.907545331685098],[79.86368504148814,6.907552244659803],[79.86370085579881,6.907559374444708],[79.86371652529132,6.907566889719594],[79.86373225137265,6.907574347444758],[79.86374803943374,6.907581581368976],[79.86376379851518,6.90758906977008],[79.86378753004759,6.907600335498123],[79.86379777330703,6.9076051528835025],[79.86379927930487,6.907605954639274],[79.863801444116,6.907607107130832],[79.86380442741256,6.907608451072164],[79.86381432508108,6.90761308149216],[79.86381771598084,6.907614787898916],[79.86383290336502,6.907621797474945],[79.86383431659448,6.9076224497359755]]}},{"type":"Feature","properties":{"Type":1.0,"ImageName":null,"Width":0.12,"MCode":null,"SCode":null,"ID":null},"geometry":{"type":"MultiLineString","coordinates":[[[79.86364935482231,6.90748793780181],[79.86363858182808,6.907483784018415]],[[79.86359746868825,6.907466299678955],[79.86358759763523,6.907462383823345]],[[79.86354742626787,6.9074457983500555],[79.86353810490156,6.90744207848779]],[[79.8634980560131,6.907425833681837],[79.86348886991875,6.907422102344268]],[[79.86344808908508,6.907405996503228],[79.86343819052303,6.9074021606614044]],[[79.86339662322032,6.907385909824903],[79.8633866899027,6.9073819390756235]],[[79.86334574161121,6.907365484295677],[79.86333805830415,6.907362375027466]],[[79.86329623890632,6.907346249633001],[79.86328490140713,6.907341834133639]],[[79.863243830837,6.907327115998746],[79.86323331872256,6.907323265860245]],[[79.86319203042002,6.907308626193689],[79.86318153459888,6.907304869652976]],[[79.86314029770053,6.90729074042424],[79.863130476208,6.907287621142533]],[[79.86308816079179,6.9072737912280955],[79.86307925266975,6.907271041976431]],[[79.86303663022606,6.90725761446899],[79.86302520713751,6.907254234434307]],[[79.86298282275104,6.907241584258788],[79.86297158325698,6.907238302835171]],[[79.86292961145692,6.907225882131898],[79.86291690958006,6.907222087504717]],[[79.86287595166449,6.9072101541401905],[79.86286425261375,6.907206788826721]],[[79.86282255941906,6.907194685624895],[79.86281185496341,6.90719167254957]],[[79.8627692397966,6.907180012371219],[79.86275853235053,6.907177051566877]],[[79.86271575310434,6.907165725796952],[79.86270428123083,6.907162918923875]],[[79.86266114920396,6.907151920183563],[79.86265111390028,6.907149456595798]],[[79.86260750842501,6.907138963585482],[79.86259753397336,6.907136512538475]],[[79.8625523550731,6.907126674813202],[79.86254239939429,6.907124705460806]],[[79.86249825371173,6.907115896342945],[79.86248709569388,6.907113694945654]],[[79.86244303519626,6.907105533239089],[79.8624322596492,6.907103610123185]],[[79.86238901363109,6.907096465729107],[79.8623779586078,6.907094578031045]],[[79.8623341445226,6.907088221311037],[79.86232314836376,6.9070867680034915]],[[79.86227937959195,6.907080441302336],[79.86226872940664,6.907079143447287]],[[79.86222226190732,6.907073083223385],[79.8622129627411,6.90707188813277]],[[79.86216976688713,6.907066521192016],[79.86215794938043,6.907065083706727]],[[79.86211362437804,6.907059852328436],[79.86210229502383,6.907058683661452]],[[79.86205829670364,6.907053742756642],[79.8620464411576,6.907052735160947]],[[79.86200297841359,6.907048506496194],[79.86199224224977,6.9070474587426505]],[[79.86194789390169,6.90704316108235],[79.86193643431108,6.9070420763424005]],[[79.86189295615112,6.907038147792369],[79.86188064770266,6.907037379435549]],[[79.86183667313784,6.907033682626417],[79.86182690453438,6.907032932009385]],[[79.86178228539093,6.907029293790557],[79.86176997685561,6.9070283440283555]],[[79.86172528907822,6.907024986075057],[79.86171430770757,6.907024080312359]],[[79.86167041263846,6.907020733840052],[79.86166085016531,6.90701995546132]],[[79.86161499970113,6.907016593595628],[79.86160243305507,6.907015812102828]],[[79.86155817080905,6.907011984496941],[79.86154696592854,6.907011164798799]],[[79.86150287269294,6.907007728902542],[79.86149134210153,6.907006883621608]],[[79.86144649264733,6.907003798509927],[79.86143140295573,6.90700280315963]],[[79.86139029578725,6.9069997730971835],[79.86138010934556,6.906998933282119]],[[79.8613372334501,6.906996080507175],[79.86132596863897,6.9069954576944745]],[[79.86128261334635,6.906992161113435],[79.86126920587891,6.90699161304787]],[[79.86122460184681,6.906989343338044],[79.86121216045538,6.906988490945874]],[[79.86116819704239,6.90698591251849],[79.86115631473977,6.906985413205993]],[[79.86111224903543,6.906983066197854],[79.86110120727956,6.906982273514887]],[[79.86105611546341,6.9069798062515995],[79.86104431534869,6.906979410867356]],[[79.86100063447232,6.906977480211806],[79.8609877117866,6.906976985331755]],[[79.86094435377737,6.90697587607481],[79.86093265074751,6.906975782300222]],[[79.86088919451053,6.906976054628637],[79.86087678641492,6.906975966244366]],[[79.86083250497414,6.906976654553533],[79.86082032945447,6.906976978263085]],[[79.86077699997624,6.906978292822899],[79.86076669335061,6.906978830292487]],[[79.86072254329302,6.906981166592227],[79.86070990248177,6.906982036322589]],[[79.86066340042818,6.906984415769063],[79.86065353014224,6.906985242158798]],[[79.86060927681501,6.906989159006571],[79.86059837260193,6.9069902535231655]]]}},{"type":"Feature","properties":{"Type":1.0,"ImageName":null,"Width":0.12,"MCode":null,"SCode":null,"ID":null},"geometry":{"type":"MultiLineString","coordinates":[[[79.86050134669418,6.9070035286502],[79.86049031457867,6.907005466237279]],[[79.86044707941976,6.907015683593814],[79.86043606576689,6.907018745375451]],[[79.86039264559743,6.9070329478628665],[79.86038319005785,6.907036497638038]]]}},{"type":"Feature","properties":{"Type":0.0,"ImageName":null,"Width":0.12,"MCode":null,"SCode":null,"ID":null},"geometry":{"type":"LineString","coordinates":[[79.86035764631467,6.907046908546617],[79.86034932765884,6.907050413561628],[79.86033771685841,6.907055478802786],[79.86032538977187,6.907061050929934],[79.8603062281586,6.907070192332646]]}},{"type":"Feature","properties":{"Type":0.0,"ImageName":null,"Width":0.12,"MCode":null,"SCode":null,"ID":null},"geometry":{"type":"LineString","coordinates":[[79.86028129808739,6.907083140580188],[79.86027405011585,6.90708730679447],[79.86026297455076,6.907093802301563],[79.8602516964871,6.907100926046866],[79.86023842312494,6.907110092252314]]}},{"type":"Feature","properties":{"Type":0.0,"ImageName":null,"Width":0.12,"MCode":null,"SCode":null,"ID":null},"geometry":{"type":"LineString","coordinates":[[79.86021647388075,6.907127355566252],[79.8602103615362,6.907132759169359],[79.86020085327597,6.907141255060735],[79.86019120036563,6.907150354389773],[79.86017991415767,6.9071617395938905]]}},{"type":"Feature","properties":{"Type":0.0,"ImageName":null,"Width":0.12,"MCode":null,"SCode":null,"ID":null},"geometry":{"type":"LineString","coordinates":[[79.85925892392216,6.906114199431685],[79.85926722091645,6.906124975381012],[79.85926990149773,6.906128331237372],[79.85927771968542,6.906138476431307],[79.8592879983816,6.906152087031945],[79.8592983241894,6.906165792333089],[79.85930867745269,6.906179492432053],[79.85931905065708,6.9061930959530695],[79.85932936452154,6.90620670945687],[79.85933970354391,6.906220327363896],[79.8593501147885,6.906233919417082],[79.85936053653963,6.906247499136757],[79.85937088111946,6.906261119879971],[79.85938127663877,6.906274727028608],[79.85939160919762,6.906288310525019],[79.85940194891629,6.906301888504793],[79.85941225051421,6.906315516457473],[79.85942254846057,6.906329213082633],[79.85943291617947,6.906342859895228],[79.85944318175264,6.906356499398632],[79.85945341913316,6.906370049079082],[79.85946381592201,6.90638362956649],[79.85947431729414,6.906397187233373],[79.85948472047824,6.906410812492914],[79.85949498916017,6.906424412165722],[79.85950535640583,6.906437996579462],[79.85951575868982,6.906451590645221],[79.85952618463047,6.90646518839466],[79.85953654421414,6.906478778126416],[79.85954688868851,6.906492352461652],[79.8595573149355,6.906505915720396],[79.85956776873539,6.90651952458452],[79.85957846313543,6.906533057935929],[79.85958867383586,6.906546881642264],[79.8595989042311,6.906560612783853],[79.85960919482989,6.9065742578671845],[79.85961947214435,6.9065878527020645],[79.85962979767507,6.90660145758849],[79.85963990190479,6.906614815962296],[79.85964817073233,6.906625066679981],[79.85965778630266,6.906637334957762],[79.85966832074006,6.906651455893938],[79.85968557568043,6.90667493031101],[79.85969924136504,6.90669339636963],[79.8597094792191,6.906707136232207],[79.85971969350351,6.906720886178366],[79.859730049576,6.906734616717194],[79.85974021612084,6.906748456092768],[79.85975033209466,6.90676228558781],[79.85976056342567,6.90677598889308],[79.8597707860361,6.906789647472379],[79.85978093325134,6.906803410281573],[79.85978571848678,6.906809970952631],[79.8597935843602,6.90682089140741]]}},{"type":"Feature","properties":{"Type":0.0,"ImageName":null,"Width":0.12,"MCode":null,"SCode":null,"ID":null},"geometry":{"type":"LineString","coordinates":[[79.85976200629646,6.90680334904582],[79.85975465294997,6.90679331512067],[79.85974446809179,6.906779618121248],[79.85973425381658,6.9067659057180775],[79.85972413824216,6.906752150494219],[79.85971399207631,6.906738393251763],[79.85970368194232,6.9067247791974555],[79.85969340998416,6.906711159700017],[79.85968315968648,6.906697448294781],[79.85967290144715,6.906683722809072],[79.85966269871233,6.906670019424969],[79.85965243766682,6.906656388924809],[79.859642174181,6.906642784613562],[79.85963188493145,6.906629189480761],[79.85962147369756,6.906615639925548],[79.85961117634227,6.90660207025329],[79.85960092146145,6.906588516344647],[79.85959052514966,6.906574930653469],[79.85958016676999,6.906561257916634],[79.8595705649264,6.9065486987353175],[79.85956126393327,6.906536462602611],[79.85954326903519,6.906512586060464],[79.85953190492125,6.906497768393491],[79.85952154889718,6.906484146415366],[79.8595112005011,6.9064705961468045],[79.8595009084026,6.906457034125528],[79.85949061866182,6.906443451504713],[79.85948023753078,6.906429947910993],[79.85946984022941,6.9064164348715185],[79.85945954562847,6.906402995813358],[79.85944919147032,6.906389429416382],[79.8594388015004,6.906375926475621],[79.8594285426782,6.9063622810990895],[79.85941820929501,6.906348720114977],[79.85940790029053,6.906335099898217],[79.85939754901905,6.906321487716938],[79.85938724186589,6.906307842922538],[79.85937685557829,6.906294239752029],[79.85936636784723,6.906280637045615],[79.85935598972404,6.9062670209611365],[79.8593456593301,6.906253435935493],[79.8593352951638,6.906239843849967],[79.85932494472264,6.906226268690299],[79.85931464548534,6.906212690707398],[79.85930433099516,6.906199070757521],[79.85929406619529,6.906185393639874],[79.85928376574938,6.906171818522331],[79.85927336339518,6.906158297276273],[79.85926300026554,6.906144700495123],[79.85925268382557,6.906131066605671],[79.85924617609186,6.9061226155306095]]}},{"type":"Feature","properties":{"Type":0.0,"ImageName":null,"Width":0.12,"MCode":null,"SCode":null,"ID":null},"geometry":{"type":"LineString","coordinates":[[79.85914233387935,6.906224792001249],[79.85915368145794,6.906231545328515],[79.85916807486004,6.906240320628417],[79.85918225867017,6.906249418013903],[79.859196212527,6.90625886245055],[79.85920995615118,6.906268624037491],[79.85922342519692,6.906278836647325],[79.85923657974664,6.906289495720642],[79.8592494750408,6.906300354839307],[79.85926155550584,6.906312024646536],[79.8592712323039,6.9063234757548875],[79.85927895869796,6.906331244444292],[79.85929064133785,6.906342623612794],[79.8593028575111,6.906354276842399],[79.85931423537443,6.906366761551561],[79.85932517493329,6.906379706853831],[79.85933596552695,6.906392772123842],[79.8593465790869,6.906405907969308],[79.85935720825256,6.906419053104097],[79.85936776397465,6.906432352573088],[79.8593780678084,6.906445717216522],[79.85938831406352,6.906459035949243],[79.85939854982321,6.906472453428589],[79.85940870800484,6.906485991324517],[79.85941885234116,6.906499518439085],[79.85942898384647,6.906513058240667],[79.85943890552633,6.906526839217937],[79.8594482692598,6.90654079112519],[79.8594519039346,6.9065463853981255],[79.85945425169727,6.906550939812063],[79.85945609598433,6.906554519160584],[79.85945841956077,6.906560586421962]]}},{"type":"Feature","properties":{"Type":0.0,"ImageName":null,"Width":0.12,"MCode":null,"SCode":null,"ID":null},"geometry":{"type":"LineString","coordinates":[[79.85975161419796,6.906810467103877],[79.85974126135605,6.906796638724382],[79.85973217343323,6.906784296668609],[79.85972310306282,6.906772060496628],[79.85971396620663,6.906759783168193],[79.85970482431803,6.906747532483153],[79.85969570192316,6.906735208911661],[79.8596866037363,6.9067228992390906],[79.85967601194791,6.906708597644815]]}},{"type":"Feature","properties":{"Type":0.0,"ImageName":null,"Width":0.12,"MCode":null,"SCode":null,"ID":null},"geometry":{"type":"LineString","coordinates":[[79.85965976167415,6.906687017467357],[79.85965267411447,6.90667747515069],[79.85964497241905,6.906667078573371],[79.85963716166309,6.90665671096603],[79.85962952019628,6.906646438838647]]}},{"type":"Feature","properties":{"Type":0.0,"ImageName":null,"Width":0.12,"MCode":null,"SCode":null,"ID":null},"geometry":{"type":"LineString","coordinates":[[79.85961292363595,6.906624280664474],[79.85959853154654,6.906604763625879],[79.859590726343,6.906594318297778],[79.85958434465053,6.906585787564577]]}},{"type":"Feature","properties":{"Type":0.0,"ImageName":null,"Width":0.12,"MCode":null,"SCode":null,"ID":null},"geometry":{"type":"LineString","coordinates":[[79.85956841778648,6.906564440186819],[79.85956275560743,6.9065571954967115],[79.85955504493482,6.906547045494949],[79.8595471380478,6.906536596841534],[79.8595383261452,6.90652523066136]]}},{"type":"Feature","properties":{"Type":0.0,"ImageName":null,"Width":0.12,"MCode":null,"SCode":null,"ID":null},"geometry":{"type":"LineString","coordinates":[[79.8595184271166,6.9065416759575555],[79.85952671785122,6.906553141796862],[79.85953488478692,6.906563590937117],[79.8595426346234,6.906573766379162],[79.85954734253667,6.9065801294728]]}},{"type":"Feature","properties":{"Type":0.0,"ImageName":null,"Width":0.12,"MCode":null,"SCode":null,"ID":null},"geometry":{"type":"LineString","coordinates":[[79.85956279822756,6.906600999666907],[79.85957044863237,6.906611094283721],[79.85957811948997,6.906621564579703],[79.85958578929103,6.906631975224097],[79.85959282647897,6.906641590572209]]}},{"type":"Feature","properties":{"Type":0.0,"ImageName":null,"Width":0.12,"MCode":null,"SCode":null,"ID":null},"geometry":{"type":"LineString","coordinates":[[79.85960865846471,6.906663496771523],[79.8596161106777,6.906673876086792],[79.85962377530505,6.906684410891828],[79.85963145364417,6.906694958623428],[79.85963862395509,6.906705017641921]]}},{"type":"Feature","properties":{"Type":0.0,"ImageName":null,"Width":0.12,"MCode":null,"SCode":null,"ID":null},"geometry":{"type":"LineString","coordinates":[[79.85965364250467,6.906725721557583],[79.8596625617535,6.906737748755977],[79.85967178829745,6.906749982513258],[79.85968084671953,6.9067623551560615],[79.85968978632268,6.906774746255785],[79.85969880993486,6.906787185500177],[79.85970773011155,6.906799434535853],[79.85971678068218,6.906811690978821],[79.85972870541781,6.9068277645923395]]}},{"type":"Feature","properties":{"Type":0.0,"ImageName":null,"Width":0.12,"MCode":null,"SCode":null,"ID":null},"geometry":{"type":"LineString","coordinates":[[79.85970639291368,6.906843378675543],[79.85969801489128,6.906832172343756],[79.85968889838716,6.906819962202438],[79.85967993592043,6.906807708136478],[79.8596709177752,6.906795571023319],[79.85966210008688,6.9067832385110375],[79.85965318850477,6.90677094680573],[79.8596440735806,6.906758724585478],[79.85962966581614,6.906739947672237]]}},{"type":"Feature","properties":{"Type":0.0,"ImageName":null,"Width":0.12,"MCode":null,"SCode":null,"ID":null},"geometry":{"type":"LineString","coordinates":[[79.85961804740292,6.906723505569547],[79.85960894792491,6.9067116168022],[79.8595990531991,6.906698323149783]]}},{"type":"Feature","properties":{"Type":0.0,"ImageName":null,"Width":0.12,"MCode":null,"SCode":null,"ID":null},"geometry":{"type":"LineString","coordinates":[[79.85948135824883,6.906538792015084],[79.8594685720157,6.906521199384281],[79.85945846613487,6.906507516593708],[79.85944825925735,6.90649396797637],[79.85943812081719,6.9064808340204875],[79.85942816941207,6.90646751864767],[79.8594185014611,6.906453891465825],[79.85940835208464,6.906440393226519],[79.85939783979636,6.906427092981631],[79.85938809751362,6.906414626369548],[79.85937921368759,6.906404589566557],[79.85936906198239,6.9063916055859975],[79.85935808895869,6.90637882680039],[79.85934718804131,6.906366078515064],[79.85933641091214,6.906353229594932],[79.8593252633136,6.906340561703707],[79.85931395817833,6.906328126001545],[79.85930248550588,6.906315886210793],[79.85929142115639,6.906303285249455],[79.85928023007577,6.90629075371898],[79.85926910629001,6.906278679217485],[79.85926322683025,6.906272399174642],[79.8592467551807,6.906255217745807],[79.85923049158355,6.906238549747847],[79.85921863143415,6.9062266465443525],[79.85921329693389,6.906221298582943],[79.85917780276502,6.906189196116536]]}},{"type":"Feature","properties":{"Type":1.0,"ImageName":null,"Width":0.12,"MCode":null,"SCode":null,"ID":null},"geometry":{"type":"MultiLineString","coordinates":[[[79.85925060554735,6.9061757010895315],[79.85925822422736,6.906184166643222]],[[79.85928884361611,6.906218063386379],[79.85929475053885,6.9062245380550715]],[[79.85932545180154,6.906258657631288],[79.85933196961896,6.906266304872041]],[[79.85935925155816,6.906298230036725],[79.85936559832928,6.90630531785445]],[[79.85939275291284,6.906337925920402],[79.85939851545473,6.906344926776598]],[[79.85942353818761,6.906376255556961],[79.85942973621313,6.9063838464688585]],[[79.85945494517854,6.906416058883528],[79.8594617564054,6.906424152168932]],[[79.85948602449056,6.906455926914074],[79.85949191793195,6.906463738775708]],[[79.85951419397718,6.906493254410714],[79.85952089146453,6.906501842011264]]]}},{"type":"Feature","properties":{"Type":1.0,"ImageName":null,"Width":0.12,"MCode":null,"SCode":null,"ID":null},"geometry":{"type":"MultiLineString","coordinates":[[[79.85925060554735,6.9061757010895315],[79.85925822422736,6.906184166643222]],[[79.85928884361611,6.906218063386379],[79.85929475053885,6.9062245380550715]],[[79.85932545180154,6.906258657631288],[79.85933196961896,6.906266304872041]],[[79.85935925155816,6.906298230036725],[79.85936559832928,6.90630531785445]],[[79.85939275291284,6.906337925920402],[79.85939851545473,6.906344926776598]],[[79.85942353818761,6.906376255556961],[79.85942973621313,6.9063838464688585]],[[79.85945494517854,6.906416058883528],[79.8594617564054,6.906424152168932]],[[79.85948602449056,6.906455926914074],[79.85949191793195,6.906463738775708]],[[79.85951419397718,6.906493254410714],[79.85952089146453,6.906501842011264]]]}},{"type":"Feature","properties":{"Type":1.0,"ImageName":null,"Width":0.12,"MCode":null,"SCode":null,"ID":null},"geometry":{"type":"MultiLineString","coordinates":[[[79.85925060554735,6.9061757010895315],[79.85925822422736,6.906184166643222]],[[79.85928884361611,6.906218063386379],[79.85929475053885,6.9062245380550715]],[[79.85932545180154,6.906258657631288],[79.85933196961896,6.906266304872041]],[[79.85935925155816,6.906298230036725],[79.85936559832928,6.90630531785445]],[[79.85939275291284,6.906337925920402],[79.85939851545473,6.906344926776598]],[[79.85942353818761,6.906376255556961],[79.85942973621313,6.9063838464688585]],[[79.85945494517854,6.906416058883528],[79.8594617564054,6.906424152168932]],[[79.85948602449056,6.906455926914074],[79.85949191793195,6.906463738775708]],[[79.85951419397718,6.906493254410714],[79.85952089146453,6.906501842011264]]]}},{"type":"Feature","properties":{"Type":1.0,"ImageName":null,"Width":0.12,"MCode":null,"SCode":null,"ID":null},"geometry":{"type":"MultiLineString","coordinates":[[[79.85923042310053,6.906193840508902],[79.85923804178042,6.906202306062897]],[[79.85926878472115,6.906236339161857],[79.85927469164376,6.906242813830786]],[[79.8593047874054,6.906276246794563],[79.85931130522266,6.906283894035583]],[[79.85933902379186,6.906316318978933],[79.85934537056282,6.906323406796916]],[[79.85937178968746,6.906355158324919],[79.85937755222918,6.906362159181349]],[[79.85940250693065,6.906393404977279],[79.85940870495598,6.906400995889427]],[[79.8594341713169,6.906433518808121],[79.8594409825436,6.906441612093805]],[[79.85946435002454,6.906472256962277],[79.85947024346571,6.9064800688241546]],[[79.8594927843486,6.906509929713433],[79.85949948183573,6.906518517314258]]]}},{"type":"Feature","properties":{"Type":0.0,"ImageName":null,"Width":0.12,"MCode":null,"SCode":null,"ID":null},"geometry":{"type":"LineString","coordinates":[[79.85965746103834,6.906825232191293],[79.85966762454925,6.906839987955594],[79.85967607155185,6.906851968465628],[79.85968437269773,6.906863911083458],[79.85969221266889,6.906874966991048],[79.85969463898729,6.906878398383795],[79.85970091905901,6.906888163769376]]}},{"type":"Feature","properties":{"Type":0.0,"ImageName":null,"Width":0.12,"MCode":null,"SCode":null,"ID":null},"geometry":{"type":"LineString","coordinates":[[79.85953521089182,6.906664176810521],[79.85954152654415,6.906668580378937],[79.85954843030807,6.906674578760105],[79.8595545534417,6.906681462882654],[79.85956130171174,6.906690010795039],[79.85956348028624,6.906692835049429],[79.8595696044354,6.9067013329065885]]}},{"type":"Feature","properties":{"Type":0.0,"ImageName":null,"Width":0.12,"MCode":null,"SCode":null,"ID":null},"geometry":{"type":"LineString","coordinates":[[79.85949391291487,6.906615619738918],[79.85948783905046,6.906628074275342],[79.85948181573393,6.906639699862408],[79.85947697297253,6.906649200453111],[79.85947018592061,6.906663177845525],[79.85946307352934,6.906677379251782],[79.85945602883645,6.906691594015271],[79.85944890392274,6.9067057370787355],[79.85944177697043,6.906719918653606],[79.8594347514215,6.906734042216502],[79.85942759429608,6.90674826959977],[79.8594167864277,6.90676959763364]]}},{"type":"Feature","properties":{"Type":1.0,"ImageName":null,"Width":0.12,"MCode":null,"SCode":null,"ID":null},"geometry":{"type":"MultiLineString","coordinates":[[[79.85922595193236,6.9060768285379925],[79.85922010992759,6.906071051708614]],[[79.85921354449678,6.9060643205741385],[79.85920759028512,6.906058402905123]],[[79.85920092586119,6.906051749070877],[79.85919483204935,6.906045857047181]],[[79.85918736129221,6.906039283793093],[79.85918071913412,6.90603274981672]],[[79.85917381536333,6.906026408823122],[79.85916688564643,6.9060201649435005]],[[79.85914615743943,6.906000944405189],[79.85914020278794,6.905995614622982]],[[79.85913241964471,6.905988608744845],[79.859125844506,6.90598281224218]],[[79.8591182533238,6.905976080900405],[79.85911129751125,6.905970026570691]],[[79.85910386592298,6.90596392662821],[79.859096491116,6.905957881927057]],[[79.85908810003042,6.905951092205555],[79.85908091446944,6.90594512240374]],[[79.85907334396319,6.905939349982105],[79.85906611909219,6.90593323799609]],[[79.85905677715719,6.905927347656465],[79.85905093070282,6.90592145273981]],[[79.85904194018067,6.905915075656737],[79.85903480230303,6.905909816811433]],[[79.85902617420386,6.905903051353227],[79.85901810225296,6.905897844334072]],[[79.85900921059553,6.905890498736969],[79.85900262623548,6.905886187439041]],[[79.85899293734671,6.905879672714238],[79.85898477761206,6.905874515449777]],[[79.85897493831419,6.90586800806403],[79.8589671495156,6.90586258974082]],[[79.85895888704012,6.905857438857331],[79.85895212331552,6.905852559752287]],[[79.85894217042356,6.90584679963673],[79.85893513353047,6.90584254631916]],[[79.85892614531484,6.905836941347707],[79.85891751024015,6.905831736908853]],[[79.85891068490955,6.9058278147046535],[79.8589001341657,6.905821658210187]],[[79.85889148358277,6.905815928534695],[79.85888451018369,6.905811961506368]]]}},{"type":"Feature","properties":{"Type":1.0,"ImageName":null,"Width":0.12,"MCode":null,"SCode":null,"ID":null},"geometry":{"type":"LineString","coordinates":[[79.85887567447062,6.905807130256057],[79.85886839521207,6.905802524617158]]}},{"type":"Feature","properties":{"Type":1.0,"ImageName":null,"Width":0.12,"MCode":null,"SCode":null,"ID":null},"geometry":{"type":"LineString","coordinates":[[79.859153432996,6.906007891967965],[79.85916083768099,6.906014391977941]]}},{"type":"Feature","properties":{"Type":1.0,"ImageName":null,"Width":0.12,"MCode":null,"SCode":null,"ID":null},"geometry":{"type":"MultiLineString","coordinates":[[[79.8592132237772,6.906089683274293],[79.85920738177246,6.906083906444762]],[[79.85920078382078,6.906077143070487],[79.85919482960915,6.906071225401311]],[[79.85918834289068,6.90606474576861],[79.8591822490789,6.906058853744756]],[[79.85917466663525,6.906052171566597],[79.85916802447719,6.906045637590047]],[[79.85916169763972,6.9060398397894645],[79.85915476792283,6.906033595909661]],[[79.85913408418223,6.906014415303445],[79.85912812953073,6.906009085521088]],[[79.85912044832732,6.9060021701956815],[79.85911387318859,6.905996373692854]],[[79.8591063680988,6.90598971776554],[79.85909941228624,6.905983663435649]],[[79.85909239001434,6.9059779092436555],[79.85908501520734,6.905971864542324]],[[79.8590765314459,6.905964998343749],[79.85906934588492,6.905959028541758]],[[79.85906165194731,6.9059531526404685],[79.85905442707629,6.905947040654271]],[[79.85904392436784,6.905940077938048],[79.85903807791351,6.90593418302124]],[[79.85903120184423,6.9059296316331835],[79.85902406396653,6.905924372787709]],[[79.85901636016176,6.905918245028917],[79.85900828821075,6.905913038009582]],[[79.85899929304561,6.905905625140989],[79.85899270868549,6.90590131384291]],[[79.85898326456906,6.9058949565921],[79.8589751048343,6.905889799327459]],[[79.85896459963607,6.905882850196232],[79.85895681083741,6.905877431872838]],[[79.85894829562872,6.9058721019450395],[79.85894153190407,6.9058672228398335]],[[79.85893280511812,6.905862273577636],[79.85892576822489,6.905858020259911]],[[79.85891679956589,6.905852427092123],[79.85890816449108,6.905847222653076]],[[79.8589015602222,6.90584343155397],[79.85889100947814,6.9058372750592705]],[[79.85888253117204,6.905831644644961],[79.85887555777285,6.905827677616483]]]}},{"type":"Feature","properties":{"Type":1.0,"ImageName":null,"Width":0.12,"MCode":null,"SCode":null,"ID":null},"geometry":{"type":"LineString","coordinates":[[79.8591414904302,6.906021478712374],[79.85914889511521,6.90602797872254]]}},{"type":"Feature","properties":{"Type":1.0,"ImageName":null,"Width":0.12,"MCode":null,"SCode":null,"ID":null},"geometry":{"type":"LineString","coordinates":[[79.85886599438763,6.905822409512644],[79.85885871512897,6.905817803873587]]}},{"type":"Feature","properties":{"Type":0.0,"ImageName":null,"Width":0.12,"MCode":null,"SCode":null,"ID":null},"geometry":{"type":"LineString","coordinates":[[79.85915693385286,6.906007630464655],[79.85914095967057,6.905991164031478],[79.85912912174278,6.905978828316194],[79.85911501692212,6.905963279652629],[79.85910480004866,6.905952386070751],[79.85908903830051,6.905937206078477],[79.8590878647325,6.90593609685821],[79.85908622586754,6.9059345624547355],[79.85909468395513,6.905929760098169],[79.85912126493251,6.9059146748357065],[79.85913638781491,6.905904916600818],[79.85915044755903,6.905895702924717],[79.85916441396702,6.905886176606518],[79.8591781814761,6.905876421036046],[79.85919186371585,6.905866538739423],[79.8592037550859,6.905857402183644],[79.85920528429314,6.9058573720594785],[79.85920134603917,6.905870598839647],[79.85919711030542,6.905885746921227],[79.85919573200214,6.9058905056113264],[79.8591900572312,6.9059076583038905],[79.85918717950253,6.905917039664613],[79.85918669748128,6.905918854644171],[79.85918254170774,6.905933360765321],[79.85917812437452,6.90594943373345],[79.85917668478089,6.905954819246458],[79.85916730188637,6.905984198541658],[79.85916011670619,6.906006693297219],[79.859158611887,6.9060089367890445]]}},{"type":"Feature","properties":{"Type":0.0,"ImageName":null,"Width":0.12,"MCode":null,"SCode":null,"ID":null},"geometry":{"type":"LineString","coordinates":[[79.85917899721127,6.905881420788013],[79.8591760970869,6.905891523322038],[79.85917348989635,6.9058998873778625],[79.85917125928046,6.905907062052684],[79.85914567127229,6.9059896042783135]]}},{"type":"Feature","properties":{"Type":0.0,"ImageName":null,"Width":0.12,"MCode":null,"SCode":null,"ID":null},"geometry":{"type":"LineString","coordinates":[[79.85915437108488,6.905896907196866],[79.85912943955628,6.905972961502615]]}},{"type":"Feature","properties":{"Type":0.0,"ImageName":null,"Width":0.12,"MCode":null,"SCode":null,"ID":null},"geometry":{"type":"LineString","coordinates":[[79.85913094896051,6.90591166651868],[79.85911589393353,6.905960632612769]]}},{"type":"Feature","properties":{"Type":0.0,"ImageName":null,"Width":0.12,"MCode":null,"SCode":null,"ID":null},"geometry":{"type":"LineString","coordinates":[[79.85919303264839,6.9059507502643],[79.85917635321562,6.906022815449899]]}},{"type":"Feature","properties":{"Type":0.0,"ImageName":null,"Width":0.12,"MCode":null,"SCode":null,"ID":null},"geometry":{"type":"LineString","coordinates":[[79.85919987258606,6.906025189020878],[79.85919621466472,6.906039459438489]]}},{"type":"Feature","properties":{"Type":0.0,"ImageName":null,"Width":0.12,"MCode":null,"SCode":null,"ID":null},"geometry":{"type":"LineString","coordinates":[[79.85921266600391,6.906049391851899],[79.85918800070057,6.906043406309512]]}},{"type":"Feature","properties":{"Type":0.0,"ImageName":null,"Width":0.12,"MCode":null,"SCode":null,"ID":null},"geometry":{"type":"LineString","coordinates":[[79.85891534807872,6.9060427786452],[79.85891097478093,6.906057603505522],[79.85890521468825,6.906073309932002],[79.8588989565616,6.906089190096563],[79.85889243626583,6.906104960517881],[79.85888545240464,6.906120566986953],[79.85887819133504,6.906136056187954],[79.85887093427797,6.906151571236524],[79.85886360265492,6.906167017611297],[79.85885616984888,6.906182334277325],[79.85884868768916,6.9061976383061205],[79.85884126466267,6.906213031332538],[79.85883375997786,6.906228407668713],[79.8588271045703,6.906241519472815],[79.85882402054153,6.906247397375869],[79.85881993377134,6.9062553447077635],[79.85880848752758,6.906277444892167],[79.85880658241663,6.906280613103825],[79.85880676412872,6.906280850752063],[79.85880769489707,6.906281222230697],[79.85881284042394,6.906273439382923],[79.85883456340498,6.906240039410377],[79.85884579838992,6.906223581967938],[79.85885536437708,6.906209412392914],[79.85886489568031,6.906195115912089],[79.8588744997053,6.9061809363740965],[79.85888480881758,6.906167268722281],[79.85889509564284,6.9061536127265155],[79.8589054995543,6.906140034856205],[79.85891505801129,6.906127787606922],[79.85891680458458,6.906125557388197],[79.85891840080382,6.906123968556893],[79.85893347700896,6.906108962129387],[79.85893853886039,6.906104020204883],[79.85894974580103,6.906093973677241],[79.85895387563659,6.906090335309985],[79.85896313078632,6.9060829488073985],[79.8589665960914,6.906080197772345],[79.85896985099235,6.906077865613069],[79.85897102418525,6.90607670073101],[79.8589673985012,6.906071328668734],[79.85896261845883,6.906066017333046],[79.8589609119657,6.906064487851012],[79.85895481012909,6.9060599461353345],[79.85894297780962,6.906050474440308],[79.8589297416914,6.9060397442480586],[79.85892201874422,6.90603443704822],[79.85892031883556,6.9060337054119945],[79.85891921732437,6.906034619569918],[79.85891751684397,6.906037118959563],[79.8589168093711,6.906038645468987],[79.85891528485395,6.906043050393516]]}},{"type":"Feature","properties":{"Type":0.0,"ImageName":null,"Width":0.12,"MCode":null,"SCode":null,"ID":null},"geometry":{"type":"LineString","coordinates":[[79.85878166270267,6.905916081206431],[79.85879145759635,6.9059269229366995],[79.85880245822536,6.905939858036954],[79.85881300577276,6.90595315318086],[79.85882263670464,6.905967005307695],[79.85882998611135,6.905979746279515],[79.85883482698517,6.905990903637845],[79.85883883046631,6.906002508220848],[79.85884073644631,6.9060118167719216],[79.85884121821894,6.906017152325093],[79.8588412163694,6.906020170932197],[79.85884075289944,6.906031373486201],[79.85883899526644,6.906045902527438],[79.85883605884291,6.906058580430706],[79.85883154104803,6.906074636685534],[79.85882634137121,6.906090828195352],[79.85882068051941,6.906106884930004],[79.85881505973099,6.906122872947812],[79.85880899890567,6.906138787351855],[79.85880280686611,6.906154639537759],[79.85879633826504,6.906170394644433],[79.85878974222135,6.90618605058892],[79.85878282431484,6.906201567185192],[79.85877568128281,6.906216975143062],[79.85876835604917,6.906232280320355],[79.85876079997377,6.906247485516433],[79.85875317184376,6.906262709462192],[79.85874549417413,6.906277916460726],[79.8587382060596,6.906293289041273],[79.85873095189676,6.906308661484714],[79.85872348902369,6.906323908883126],[79.85871605528101,6.906339220763493],[79.85870850284418,6.906354511031693],[79.8587009136134,6.906369798271477],[79.85869344068485,6.906385080184351],[79.85868595947936,6.9064002838370016],[79.85867846868854,6.906415350114504],[79.85867119962116,6.906429969657226],[79.85866260572058,6.90644740685644]]}},{"type":"Feature","properties":{"Type":0.0,"ImageName":null,"Width":0.12,"MCode":null,"SCode":null,"ID":null},"geometry":{"type":"LineString","coordinates":[[79.85874530060758,6.906450146768879],[79.85877184491216,6.906397918600605],[79.85877924355839,6.906383816127141],[79.85878633773132,6.90637031285972],[79.85879358211864,6.906356881281183],[79.8588002037271,6.906344597217401],[79.85880180778504,6.906341618970295],[79.85880186039239,6.906341524122449],[79.85880517464521,6.906335548704961]]}},{"type":"Feature","properties":{"Type":0.0,"ImageName":null,"Width":0.12,"MCode":null,"SCode":null,"ID":null},"geometry":{"type":"LineString","coordinates":[[79.85882875384381,6.906299576033622],[79.85883854091558,6.906284209548068],[79.85884772453754,6.906271079970891],[79.85885719362695,6.906258273183628],[79.85886684562556,6.906245653390639],[79.85887665740324,6.906233065185138],[79.85888667362443,6.906220651957842],[79.8588968732937,6.906208385561726],[79.85890720177264,6.906196193847976],[79.85891777889508,6.906184182646545],[79.85892875930499,6.906172506352668],[79.85893992257874,6.90616100579339],[79.85895406543881,6.906147427025252]]}},{"type":"Feature","properties":{"Type":0.0,"ImageName":null,"Width":0.12,"MCode":null,"SCode":null,"ID":null},"geometry":{"type":"LineString","coordinates":[[79.8591135558888,6.9062068291672585],[79.8591023192288,6.9062011738596025],[79.85908717447813,6.90619372991823],[79.85907177131968,6.906186870203863],[79.85906199647323,6.906183217082367],[79.8590601363075,6.906183166095284],[79.85905176858522,6.906182716554226],[79.85903576130615,6.906181494527839],[79.85902351807862,6.906180926897678],[79.8590185783224,6.906181830485746],[79.85900212329709,6.906185718830262],[79.85898592402866,6.906190697656944],[79.85897082804046,6.906196743616708],[79.85895912501523,6.906202695872133],[79.85895074924645,6.906208250614004],[79.85894164891121,6.906215010702964],[79.85893963592302,6.9062166202928275],[79.85893536304722,6.906220770996618],[79.85892536459595,6.906229991169514],[79.85892212166426,6.906233010549876],[79.85891360621159,6.9062415681810005],[79.85890286421075,6.906253425546533],[79.85889934388197,6.906257468550054],[79.85889102461518,6.906267394635436],[79.85887990317336,6.906281118346294],[79.85886974947444,6.906294181833831],[79.85886546113258,6.906299825648715],[79.85883602385749,6.906349097047909],[79.85880272168032,6.906406137859804],[79.85878448822793,6.90643736857082],[79.85876169640882,6.906476406958114],[79.85873890458569,6.906515445343759]]}},{"type":"Feature","properties":{"Type":1.0,"ImageName":null,"Width":0.12,"MCode":null,"SCode":null,"ID":null},"geometry":{"type":"MultiLineString","coordinates":[[[79.85875788833843,6.906306276806346],[79.85875338010676,6.906315263427517]],[[79.85874001049719,6.906341880817713],[79.85873517490784,6.906351342200544]],[[79.85872067732205,6.906380574111198],[79.85871567508906,6.9063902283740575]]]}},{"type":"Feature","properties":{"Type":1.0,"ImageName":null,"Width":0.12,"MCode":null,"SCode":null,"ID":null},"geometry":{"type":"MultiLineString","coordinates":[[[79.85871583823727,6.90644395328369],[79.85873038137389,6.906427022625337]],[[79.85873115429251,6.906425230139054],[79.85873425118312,6.906411240434186]],[[79.85873593094469,6.906408337475242],[79.85874681920467,6.906394877855733]],[[79.85874812853541,6.906392044484197],[79.85875301420303,6.906376822484342]],[[79.85875362674244,6.906373991150847],[79.85876429564946,6.906361187948716]],[[79.85876578203565,6.906359895989613],[79.85877043017979,6.90634300808011]],[[79.85877122840232,6.906341760918956],[79.85878257538866,6.906326933955272]],[[79.8588021821418,6.906277862803598],[79.85881172170212,6.906265055917607]],[[79.85881305777343,6.906262438160525],[79.85881843811059,6.906244065778686]],[[79.85881925746223,6.906242938915811],[79.85882920915145,6.906231954480305]],[[79.85882976636746,6.906230423117955],[79.85883388568867,6.906213384211203]],[[79.85883450760564,6.906211455778789],[79.85884775294728,6.906193851244008]],[[79.85884855703482,6.906191774058816],[79.85885241408926,6.906175948277501]],[[79.85885342905677,6.906174585963596],[79.85886476435503,6.906160821314324]],[[79.85886547472036,6.906158674595955],[79.85886147731746,6.90615656994469]]]}},{"type":"Feature","properties":{"Type":0.0,"ImageName":null,"Width":0.12,"MCode":null,"SCode":null,"ID":null},"geometry":{"type":"LineString","coordinates":[[79.85906481428171,6.905886455458242],[79.85907934254008,6.905877423544204],[79.85909066371207,6.90587037146216],[79.85910138918892,6.905863684419582],[79.85910776108388,6.905859741934813]]}},{"type":"Feature","properties":{"Type":0.0,"ImageName":null,"Width":0.12,"MCode":null,"SCode":null,"ID":null},"geometry":{"type":"LineString","coordinates":[[79.85912953385623,6.9058450861450185],[79.85913752657483,6.905840660563856],[79.85914760072629,6.905834408874976],[79.85915861652745,6.905827208589973],[79.85917285799279,6.905817792682552]]}},{"type":"Feature","properties":{"Type":0.0,"ImageName":null,"Width":0.12,"MCode":null,"SCode":null,"ID":null},"geometry":{"type":"LineString","coordinates":[[79.85915096110377,6.9057910666058335],[79.85914058666984,6.905796612699957],[79.85912970998766,6.905803012794015],[79.85911350815363,6.905812835363177]]}},{"type":"Feature","properties":{"Type":0.0,"ImageName":null,"Width":0.12,"MCode":null,"SCode":null,"ID":null},"geometry":{"type":"LineString","coordinates":[[79.85909001287162,6.90582709903545],[79.85907989623303,6.905832605220303],[79.85906855362241,6.905838841959247],[79.85905707682741,6.905845028789828],[79.85904644336262,6.905850541526239]]}},{"type":"Feature","properties":{"Type":0.0,"ImageName":null,"Width":0.12,"MCode":null,"SCode":null,"ID":null},"geometry":{"type":"LineString","coordinates":[[79.85846169629511,6.90550006923459],[79.85845693967163,6.905486364495226],[79.85845115705533,6.905470311698685],[79.85844556610256,6.9054541921834955],[79.8584422741564,6.905444891538484],[79.85844187750321,6.905443259123514],[79.85844130693515,6.905440861024812],[79.85843996787027,6.905440079383036],[79.85843756888838,6.905438739509806],[79.85843674194491,6.9054389566733025],[79.85843210037291,6.905440951767848],[79.85842069193437,6.905446246359251],[79.85840519831088,6.905452794851941],[79.85838917293336,6.905458674623703],[79.8583729729694,6.905464036346586],[79.85835806204392,6.905468678612076],[79.85834285773373,6.905473058865976],[79.85831402434391,6.905481187337301],[79.85829740047993,6.905485836774225],[79.85828309984466,6.905488976366647],[79.85825634062071,6.905494638954432],[79.85825936241669,6.905494075372564],[79.85829980538747,6.905486019980714],[79.85832039266548,6.905482363799726],[79.85833103030848,6.9054812983446565],[79.8583345268224,6.90548114136272],[79.8583505402537,6.905481068340905],[79.85836745734703,6.905482177360989],[79.8583797776794,6.905484342151468],[79.85839478922766,6.90548808930381],[79.8584089146295,6.905492576518092],[79.85842420286289,6.905498181789348],[79.85843965477682,6.905503968943457],[79.85844439087462,6.905505747970985],[79.85844928349715,6.905507692510748],[79.85845166262563,6.90550862685028],[79.85845396607691,6.905509132127496],[79.85845529191381,6.905509385198223],[79.85845830993605,6.905507720755263],[79.85846028182728,6.9055066224322905],[79.85846119901153,6.905504708345838],[79.85846190391634,6.905503234705959],[79.8584619290612,6.905501944991667],[79.85846169629136,6.905500069233477]]}},{"type":"Feature","properties":{"Type":0.0,"ImageName":null,"Width":0.12,"MCode":null,"SCode":null,"ID":null},"geometry":{"type":"LineString","coordinates":[[79.85816127189123,6.905482002874597],[79.85818860708186,6.90547504698811],[79.8582049657868,6.905470947560249],[79.85822135034235,6.905466900526595],[79.85823768589638,6.905462652089498],[79.85825388545815,6.90545818442334],[79.85827001254628,6.905453448232744],[79.85828602301633,6.905448260626463],[79.85830190338059,6.905442461445547],[79.85831768579938,6.905436110717419],[79.85833264687172,6.905429590290279],[79.85834468462608,6.905422531191006],[79.85835680589777,6.905414229085121],[79.8583695025306,6.905404537769619],[79.85838038586853,6.90539503436884],[79.85839071496774,6.905384674704799],[79.85840146603749,6.905372281860678],[79.858410881863,6.905359816418267],[79.85841768814504,6.905349408700023],[79.85841956841715,6.90534446105707],[79.85841995596506,6.905342926419229],[79.85842290883276,6.905333261047529],[79.85842654915422,6.905317915229468],[79.8584288727513,6.905303272820906],[79.85843018212518,6.905287402935098],[79.85843032430172,6.905271780316041],[79.85842930216889,6.905255616336073],[79.85842796328042,6.905238779160899],[79.85842658706606,6.905222002286175],[79.85842521445892,6.905205231653512],[79.8584229670378,6.905179673295257]]}},{"type":"Feature","properties":{"Type":0.0,"ImageName":null,"Width":0.12,"MCode":null,"SCode":null,"ID":null},"geometry":{"type":"LineString","coordinates":[[79.85847180592822,6.90557587533147],[79.8584627684414,6.905568873106028],[79.85844963129921,6.905558915622256],[79.85843615920345,6.905550029878708],[79.85842324404913,6.905542984744025],[79.85841118211398,6.905537758184882],[79.8583976580048,6.90553293541254],[79.8583823008052,6.905528384286774],[79.85837012946065,6.90552568260576],[79.85836736946001,6.905525193692562],[79.85835842284979,6.905524071476961],[79.85834316133531,6.905522853380642],[79.85832846219039,6.905522741975168],[79.85832463715647,6.905522881490695],[79.85832105640634,6.905524486180935],[79.85831765150233,6.905526909444314],[79.85831663167953,6.905527896501246],[79.85831409664847,6.90553126760763],[79.85830296480596,6.90554848742771]]}},{"type":"Feature","properties":{"Type":0.0,"ImageName":null,"Width":0.12,"MCode":null,"SCode":null,"ID":null},"geometry":{"type":"LineString","coordinates":[[79.8581444494169,6.905556555096505],[79.85814794157255,6.905559431274983],[79.8581522508385,6.90556320696325],[79.8581587536903,6.9055684337258665],[79.85816028876503,6.905569111532194],[79.85816366099239,6.905568245835891],[79.85817351396503,6.905565961136255],[79.85818658418854,6.905563027696802],[79.85820301197114,6.905558764334726],[79.85821538561295,6.905555963224347],[79.85821837427125,6.905555202493644],[79.85822522833365,6.905553395325367],[79.85822588011503,6.905553775319571],[79.85822672802055,6.905557652485536],[79.85822908597054,6.905565773288764],[79.85822973855677,6.905567166146243],[79.85823154267668,6.905569011638682],[79.85823214422904,6.905569839713365],[79.8582341046799,6.90557326235883],[79.858234611394,6.905574151683206],[79.8582353375413,6.905575460377341],[79.85823556367244,6.9055760685916825],[79.8582359183692,6.905579100967624],[79.85823596208884,6.905580370019118],[79.8582346698323,6.905584696805276],[79.85823406207423,6.905586592695885],[79.85823210061059,6.905589406344611],[79.85823104995464,6.905590891151907],[79.85822859218139,6.905593266418528],[79.8582227747038,6.905597628215516],[79.85821969698978,6.905599690765393],[79.85820825853473,6.90560688939661],[79.85818277836256,6.905621591480503]]}},{"type":"Feature","properties":{"Type":1.0,"ImageName":null,"Width":0.12,"MCode":null,"SCode":null,"ID":null},"geometry":{"type":"MultiLineString","coordinates":[[[79.85851008484333,6.905488674227474],[79.85850764371601,6.905481950296265]],[[79.85850360401166,6.9054705417512645],[79.85850220158315,6.905466501619337]],[[79.85849846523489,6.9054550545852305],[79.85849536788912,6.905445663485155]],[[79.8584828969195,6.905401214214411],[79.8584807965157,6.905390699738678]],[[79.8584788486688,6.905381182503772],[79.8584769505397,6.90537279317677]],[[79.85846985956664,6.905345589513686],[79.85846830742108,6.905336674796951]],[[79.85846656688163,6.905326727285264],[79.85846508356715,6.905318326923683]],[[79.85846378494007,6.9053103792169495],[79.85846218548262,6.905302323012349]],[[79.85846060427657,6.905290981040517],[79.85845948979583,6.905280401632688]]]}},{"type":"Feature","properties":{"Type":0.0,"ImageName":null,"Width":0.12,"MCode":null,"SCode":null,"ID":null},"geometry":{"type":"LineString","coordinates":[[79.85845547303659,6.90524561176734],[79.85845353033476,6.9052299894711116],[79.85845256926481,6.905219698376516],[79.85845049493726,6.905201386339167],[79.85844798123526,6.905174009601311],[79.85844666753951,6.905156880834234],[79.8584453196071,6.90514552116324],[79.85844481827641,6.905140245643889],[79.858443748857,6.905128760042048],[79.85844010116126,6.905089685673945],[79.85842941341248,6.904972753537937],[79.85842822690378,6.904951902580288],[79.85842749090565,6.904942479077737],[79.85842430248913,6.904904721415662],[79.85842273346601,6.90488482637139],[79.85842117929789,6.904868079968224],[79.8584196229234,6.904852890298399],[79.85841901283777,6.904847931279478],[79.8584188069409,6.90484548629425],[79.8584174572765,6.904825701170458],[79.85841575856476,6.904806976682726],[79.85841448890048,6.904790271874533],[79.85841307249395,6.904773478514882],[79.85841135451986,6.904756717807691],[79.85841010005757,6.904740366707064],[79.85840971494733,6.904734310563027],[79.85840785778622,6.904722661747909],[79.85840638483806,6.904708424730914],[79.85840518878044,6.904694171213283],[79.85840277057676,6.904668435235976]]}},{"type":"Feature","properties":{"Type":1.0,"ImageName":null,"Width":0.12,"MCode":null,"SCode":null,"ID":null},"geometry":{"type":"MultiLineString","coordinates":[[[79.85852314746674,6.905335976945102],[79.85852124379453,6.905324435563433]],[[79.85851429037304,6.9052833767371355],[79.85851270554984,6.905272052114631]],[[79.85850731168036,6.90522997474225],[79.8585063247008,6.905220150710375]],[[79.85850204623897,6.905177234229977],[79.8585013609293,6.905166417913488]],[[79.85849744269721,6.905123701573056],[79.85849667307583,6.905113226648299]],[[79.85849309544251,6.905069123875376],[79.85849165523534,6.90505832994229]],[[79.85848772285964,6.90501640934532],[79.85848745506081,6.905005378937884]],[[79.85847870469007,6.904908040112099],[79.8584781051572,6.9048969587123725]],[[79.8584740908129,6.904853900718052],[79.85847307609498,6.904844977573373]],[[79.85846935359277,6.904801101966819],[79.8584685762606,6.904790642932019]],[[79.85846449480947,6.904747422419206],[79.85846289701699,6.904736737635144]],[[79.85845903493409,6.904693594028055],[79.85845821190571,6.904682065040869]]]}},{"type":"Feature","properties":{"Type":1.0,"ImageName":null,"Width":0.12,"MCode":null,"SCode":null,"ID":null},"geometry":{"type":"MultiLineString","coordinates":[[[79.8584963647677,6.905340388744184],[79.85849446109616,6.905328847362491]],[[79.85848740788838,6.905287133844882],[79.85848582306583,6.905275809222371]],[[79.85848030335895,6.905232684574632],[79.85847931637996,6.905222860542778]],[[79.8584749563871,6.905178948346001],[79.85847427107807,6.905168132029554]],[[79.85847037147458,6.905125687945869],[79.85846960185378,6.905115213021147]],[[79.85846618948071,6.905072709132089],[79.85846474927416,6.905061915199004]],[[79.85846058675493,6.90501706729008],[79.85846031895672,6.905006036882717]],[[79.85845160019322,6.904909504600615],[79.85845100066103,6.904898423200942]],[[79.85844712032984,6.904856963691456],[79.85844610561244,6.904848040546786]],[[79.85844228407544,6.904803111165214],[79.85844150674384,6.904792652130447]],[[79.8584376488474,6.9047514316501255],[79.85843605105553,6.904740746866057]],[[79.85843195967465,6.904695524325141],[79.85843113664691,6.904683995337991]]]}},{"type":"Feature","properties":{"Type":0.0,"ImageName":null,"Width":0.12,"MCode":null,"SCode":null,"ID":null},"geometry":{"type":"LineString","coordinates":[[79.85845223244601,6.904603509415631],[79.85845160738205,6.904592146603388],[79.85845049340728,6.904577007209387],[79.85844933776474,6.904561815866277],[79.85844818379877,6.904546639967499],[79.85844712547845,6.904531434934273],[79.85844587516962,6.904516223596583],[79.85844462146929,6.904500918714092],[79.85844284281595,6.904477136243191]]}},{"type":"Feature","properties":{"Type":0.0,"ImageName":null,"Width":0.12,"MCode":null,"SCode":null,"ID":null},"geometry":{"type":"LineString","coordinates":[[79.85842501433189,6.904605745994883],[79.85842393673504,6.90459242033933],[79.85842306790488,6.9045767903114905],[79.8584219738519,6.904561189558132],[79.85842085452087,6.904545604494419],[79.85841969194014,6.904529954865868],[79.85841847282467,6.904514337934867],[79.85841728292594,6.90449943704174],[79.8584169274811,6.90449498444215],[79.8584165625871,6.904489836638477],[79.85841582828301,6.904478558633378]]}},{"type":"Feature","properties":{"Type":0.0,"ImageName":null,"Width":0.12,"MCode":null,"SCode":null,"ID":null},"geometry":{"type":"LineString","coordinates":[[79.85844045930584,6.9044486951307835],[79.85843928616099,6.904437549934021],[79.85843886732762,6.904431775759334],[79.8584375519415,6.904412896500733],[79.85843716979417,6.9044072721247005],[79.85843687711115,6.904399722050219]]}},{"type":"Feature","properties":{"Type":0.0,"ImageName":null,"Width":0.12,"MCode":null,"SCode":null,"ID":null},"geometry":{"type":"LineString","coordinates":[[79.8584340626634,6.904372850346429],[79.85843311999079,6.9043612478909715],[79.85843222550243,6.904348337269393],[79.85843114527232,6.904334736873162],[79.85843011456777,6.904313484085603]]}},{"type":"Feature","properties":{"Type":0.0,"ImageName":null,"Width":0.12,"MCode":null,"SCode":null,"ID":null},"geometry":{"type":"LineString","coordinates":[[79.85842842278701,6.904295502424332],[79.85842729405451,6.904288880855053],[79.85842705775353,6.90428708651744],[79.8584262886583,6.904280282934296],[79.85842534813384,6.9042675286364155],[79.85842423754107,6.904245093205779]]}},{"type":"Feature","properties":{"Type":0.0,"ImageName":null,"Width":0.12,"MCode":null,"SCode":null,"ID":null},"geometry":{"type":"LineString","coordinates":[[79.85841367778295,6.904450874938027],[79.85841214086028,6.904435720923482],[79.85841123178375,6.904422797492938],[79.85840971408194,6.904403588056425]]}},{"type":"Feature","properties":{"Type":0.0,"ImageName":null,"Width":0.12,"MCode":null,"SCode":null,"ID":null},"geometry":{"type":"LineString","coordinates":[[79.85840768150413,6.904374567966021],[79.85840644012586,6.904363699436401],[79.85840533283785,6.904350804753123],[79.85840363752064,6.904337238165876],[79.85839996829169,6.904316235405842]]}},{"type":"Feature","properties":{"Type":0.0,"ImageName":null,"Width":0.12,"MCode":null,"SCode":null,"ID":null},"geometry":{"type":"LineString","coordinates":[[79.85840094794833,6.9042979167381615],[79.85839694622148,6.904250408894302]]}},{"type":"Feature","properties":{"Type":0.0,"ImageName":null,"Width":0.12,"MCode":null,"SCode":null,"ID":null},"geometry":{"type":"LineString","coordinates":[[79.85835466481156,6.904012617749041],[79.85835368103402,6.9039923626604605],[79.8583534103175,6.903978944599463],[79.85835314360266,6.903966698284793],[79.85835316606511,6.903950078514526],[79.85835384373999,6.903933436897602],[79.85835429357283,6.903917310487104],[79.85835496520379,6.9039059428659675],[79.8583550141407,6.903905150456225],[79.85835525190808,6.903903544756582],[79.85835623533411,6.903896903445473],[79.85835657739692,6.903892662580392],[79.85835789298744,6.903872285056718],[79.85835950374914,6.90385815127459],[79.85836294842929,6.9038427785651155],[79.85836596528279,6.903826504045815],[79.8583691804961,6.903810868696509],[79.8583701695153,6.903806363757143],[79.85837038480405,6.90380561296861],[79.85837833693594,6.903777881065835],[79.85838260167283,6.903760558108274],[79.85838495857425,6.9037532461758655],[79.85839114968279,6.903731852194993]]}},{"type":"Feature","properties":{"Type":0.0,"ImageName":null,"Width":0.12,"MCode":null,"SCode":null,"ID":null},"geometry":{"type":"LineString","coordinates":[[79.85851605995487,6.903222309381606],[79.85851902312945,6.9032292812306695],[79.85851968275864,6.903232217361797],[79.85851929814856,6.9032345563972894],[79.85851772191384,6.903240330139648],[79.85851607638382,6.903244291451326],[79.85851604133161,6.903244375223058],[79.85851407432892,6.903246085609444],[79.85850969637896,6.903249892409421],[79.85850827217624,6.9032507098162235],[79.85850493920881,6.9032524441405805],[79.85850251058739,6.903253089377174],[79.85849418611141,6.9032547699784175],[79.8584902549399,6.903254586597549],[79.85848889927976,6.903254047508297],[79.85848346292777,6.903251049086395],[79.85847888920179,6.903247413240758],[79.85847767843492,6.903245768068082],[79.85847385554126,6.90323768966024],[79.85847202999132,6.9032315599284795],[79.85847206658197,6.903229571005086],[79.85847530318914,6.903220000451388],[79.85847688082947,6.903216473534529],[79.85848543506323,6.90320961373687],[79.85848888413668,6.9032068478612],[79.85848905075946,6.903206844174497],[79.85849465122678,6.903206720258324],[79.85849785320887,6.903206684390146],[79.85850298064851,6.903209023837861],[79.8585065773551,6.903210671636752],[79.85851011743043,6.903214013346323],[79.85851897657777,6.903224338456507]]}},{"type":"Feature","properties":{"Type":0.0,"ImageName":null,"Width":0.12,"MCode":null,"SCode":null,"ID":null},"geometry":{"type":"LineString","coordinates":[[79.85869362846519,6.902844957502367],[79.8586987741458,6.902829997693711],[79.85870429361269,6.902813674910272],[79.85870987384214,6.90279736935671],[79.85871541886547,6.902781052884843],[79.85872090494539,6.902764662916464],[79.85872636874953,6.902748208021471],[79.8587317380123,6.90273185394153],[79.85873710902389,6.902715539601002],[79.85874238587728,6.902699079762545],[79.85874782990129,6.902682671363063],[79.85875329975585,6.902666306856607],[79.85875844810242,6.902649866574587],[79.85876365614921,6.902633381575824],[79.85876937809438,6.902617015277745],[79.8587745841891,6.902600582250796],[79.85877974855391,6.9025842137410125],[79.85878527867678,6.902567939771997],[79.85878954932983,6.9025545972416085],[79.8587942620945,6.9025399259465425],[79.85880307768014,6.902512176894284],[79.85880841797677,6.902495268168513],[79.85881374035213,6.902478902018951],[79.85881882737934,6.90246244395238],[79.85882422939876,6.902446071107662],[79.858829507372,6.902429644275879],[79.85883471373602,6.902413260501308],[79.85883979128768,6.902396787476528],[79.85884504057111,6.902380379436537],[79.85885020854646,6.902363961768879],[79.85885549215536,6.902347573570463],[79.85886072711179,6.902331109114169],[79.85886594106474,6.90231468592728],[79.85887102497783,6.902298223109066],[79.85887637120086,6.9022818984020375],[79.85888163023992,6.902265541131779],[79.85888681335639,6.90224916463374],[79.8588918998205,6.902232836922171],[79.8588964994758,6.902216687486345],[79.85890212109766,6.902200462013464],[79.85890747669008,6.902184064082285],[79.85891267061311,6.902167626462456],[79.858917911436,6.902151201366625],[79.85892317533688,6.902134753345906],[79.85892845128352,6.902118313078039],[79.8589337790653,6.902101910528582],[79.85893917121697,6.902085556569793],[79.85894444600099,6.902069121773224],[79.8589496241779,6.902052651269897],[79.85895497978233,6.90203626573529],[79.85896020304327,6.902019838455734],[79.85896555081213,6.902003405477326],[79.85897071191059,6.90198691838958],[79.85897590852505,6.901970524685811],[79.85898116292852,6.901954098787159],[79.85898637952758,6.901937747439781],[79.85899169406605,6.901921343436687],[79.85899678569162,6.901904872840467],[79.85900210874752,6.90188855492382],[79.85900759762148,6.901872217134991],[79.85901223481272,6.901855786486961],[79.85901634208798,6.901844055713909],[79.8590175718366,6.901840980657849],[79.8590187688834,6.901836374127643],[79.85902306063599,6.901823023275338],[79.85902819805447,6.901806561190094],[79.85903341836266,6.901790166176532],[79.85903863236203,6.901773768364183],[79.85904399945584,6.901757363885419],[79.85904928432977,6.901740957772],[79.85905453141031,6.90172456198746],[79.85905981197972,6.901708170578959],[79.85906506045846,6.901691754829156],[79.8590704088909,6.901675310388946],[79.85907574764363,6.901658860921062],[79.85908104697316,6.901642431345635],[79.8590863589931,6.901625999620404],[79.85909170742222,6.901609539780893],[79.85909714506104,6.901593147832343],[79.8591023849401,6.9015767200212235],[79.85910757163134,6.901560224664384],[79.85911305124499,6.901543829479575],[79.85911989255295,6.901523319078328]]}},{"type":"Feature","properties":{"Type":0.0,"ImageName":null,"Width":0.12,"MCode":null,"SCode":null,"ID":null},"geometry":{"type":"LineString","coordinates":[[79.85926093405365,6.901253767421067],[79.85926517628803,6.901240393775098],[79.85926973544993,6.901225696294324],[79.8592744261605,6.901210950370436],[79.85927918951377,6.901196378807954],[79.85928382449951,6.9011817217409055],[79.85928855602043,6.901166989305359],[79.85929326021645,6.90115221632562],[79.85929793089892,6.901137413442138],[79.85930109836423,6.901127813495488]]}},{"type":"Feature","properties":{"Type":0.0,"ImageName":null,"Width":0.12,"MCode":null,"SCode":null,"ID":null},"geometry":{"type":"LineString","coordinates":[[79.85923457011346,6.90124678363467],[79.85923822833219,6.901234892607654],[79.85924286554076,6.901220196642573],[79.85924767582674,6.901205461187015],[79.85925246498365,6.901190688359974],[79.85925716906566,6.901175992045759],[79.85926185868455,6.901161212378574],[79.85926656724541,6.9011463904447385],[79.8592713185021,6.901131619262625],[79.85927563538937,6.901118592174455]]}},{"type":"Feature","properties":{"Type":0.0,"ImageName":null,"Width":0.12,"MCode":null,"SCode":null,"ID":null},"geometry":{"type":"LineString","coordinates":[[79.85930900059854,6.90110263604288],[79.85931431060726,6.901086575099292],[79.85931844222628,6.901073922446562],[79.85932226304331,6.901061626065214],[79.85932527697373,6.901051927975187]]}},{"type":"Feature","properties":{"Type":0.0,"ImageName":null,"Width":0.12,"MCode":null,"SCode":null,"ID":null},"geometry":{"type":"LineString","coordinates":[[79.85928382569016,6.901094343953596],[79.85928992967766,6.9010736414270495],[79.85929398864417,6.901060595535859],[79.85929964688299,6.901043484585375]]}},{"type":"Feature","properties":{"Type":0.0,"ImageName":null,"Width":0.12,"MCode":null,"SCode":null,"ID":null},"geometry":{"type":"LineString","coordinates":[[79.85930848285943,6.901014138157094],[79.85931336021254,6.900999223822146],[79.85931743559507,6.9009866623147245],[79.8593212205572,6.900974418770003],[79.85932409075114,6.900965172488121]]}},{"type":"Feature","properties":{"Type":0.0,"ImageName":null,"Width":0.12,"MCode":null,"SCode":null,"ID":null},"geometry":{"type":"LineString","coordinates":[[79.85933357184423,6.901023544143074],[79.85933639355754,6.9010154630192915],[79.8593405071129,6.901003447148472],[79.85934460524993,6.900990752660042],[79.85935065476167,6.900973018656182]]}},{"type":"Feature","properties":{"Type":0.0,"ImageName":null,"Width":0.12,"MCode":null,"SCode":null,"ID":null},"geometry":{"type":"LineString","coordinates":[[79.85935836480202,6.900945777868893],[79.85936156135216,6.900936598345059],[79.85936531918063,6.900924289197662],[79.85936931723943,6.9009115479491365],[79.85937439557767,6.900895532032444]]}},{"type":"Feature","properties":{"Type":0.0,"ImageName":null,"Width":0.12,"MCode":null,"SCode":null,"ID":null},"geometry":{"type":"LineString","coordinates":[[79.85933216942142,6.90093776720917],[79.85933519262733,6.900928534094355],[79.85933896786848,6.900916256776174],[79.8593430031034,6.900903554139901],[79.85934811103864,6.9008875681612745]]}},{"type":"Feature","properties":{"Type":1.0,"ImageName":null,"Width":0.12,"MCode":null,"SCode":null,"ID":null},"geometry":{"type":"MultiLineString","coordinates":[[[79.85938683820801,6.900856809335844],[79.85938989240533,6.900847140466842]],[[79.85940431767143,6.90080283644779],[79.85940743162712,6.900793425999409]],[[79.85942169639095,6.90074880885645],[79.85942440914262,6.900739645258251]],[[79.8594380213521,6.900696953883298],[79.85944009805047,6.900688149990594]],[[79.85945390229942,6.900644002344863],[79.85946123471368,6.900631542772871]],[[79.859474007679,6.900589374475155],[79.85947358406942,6.900583346632432]],[[79.85948732308388,6.900539118148886],[79.85949134841508,6.900528612606964]],[[79.85950446425143,6.900485118987733],[79.8595075888402,6.900476012838329]],[[79.85952203639964,6.90043016962414],[79.8595258007986,6.900419294200382]],[[79.85954069311771,6.9003727916159425],[79.8595445080564,6.900361648823529]],[[79.85955805198768,6.900316675070104],[79.85956147652469,6.900305783980639]],[[79.85957662978873,6.9002589082563155],[79.8595796027604,6.900249533379023]],[[79.85959470383717,6.90020229142448],[79.85959750187777,6.900192823432349]],[[79.85961112619347,6.900149305710055],[79.85961449407623,6.900138899186521]],[[79.85963135545185,6.900086763358555],[79.85963420334846,6.900077786451318]],[[79.85964886187848,6.900031935454034],[79.85965161442063,6.900022840262703]],[[79.8596674693769,6.899972946643923],[79.8596703387645,6.899963935170892]],[[79.85968403817252,6.899920729862808],[79.85968690492078,6.899911540679524]],[[79.859701438704,6.8998667466203],[79.859704391124,6.899857186791815]],[[79.8597188515342,6.899813382177597],[79.85972249885215,6.899802043444224]]]}},{"type":"Feature","properties":{"Type":1.0,"ImageName":null,"Width":0.12,"MCode":null,"SCode":null,"ID":null},"geometry":{"type":"MultiLineString","coordinates":[[[79.85941272297858,6.900864975179504],[79.85941577717549,6.9008553063102775]],[[79.85943008896898,6.90081135318734],[79.85943320292422,6.900801942738732]],[[79.85944772507655,6.900756504263082],[79.8594504378278,6.9007473406646795]],[[79.85946444107014,6.900703177772797],[79.8594665177681,6.9006943738799205]],[[79.8594772996876,6.9006577538818],[79.85948463210156,6.900645294309402]],[[79.85950108481015,6.900587473787914],[79.85950066120022,6.900581445945171]],[[79.85951267209626,6.900548818325695],[79.85951669742701,6.900538312783501]],[[79.85953014046935,6.9004939178076246],[79.85953326505772,6.900484811658002]],[[79.85954768885475,6.900439037388732],[79.85955145325322,6.90042816196471]],[[79.8595663753168,6.900381572966875],[79.85957019025501,6.900370430174185]],[[79.85958394743906,6.900324806932788],[79.85958737197558,6.900313915843073]],[[79.8596025052951,6.900267103274],[79.85960547826637,6.900257728396486]],[[79.85962073609406,6.900209974660103],[79.8596235341342,6.900200506667761]],[[79.8596369528466,6.9001576531988205],[79.85964032072891,6.900147246675044]],[[79.8596572300097,6.900094961336694],[79.8596600779059,6.90008598442925]],[[79.8596748434198,6.900039788234732],[79.85967759596154,6.900030693043195]],[[79.8596933352163,6.899981172033448],[79.85969620460352,6.8999721605602105]],[[79.85970995179302,6.899928803649416],[79.85971281854087,6.899919614465918]],[[79.85972737529646,6.8998747463909975],[79.85973032771604,6.899865186562295]],[[79.85974469297093,6.8998216837904245],[79.85974834028838,6.899810345056789]]]}},{"type":"Feature","properties":{"Type":1.0,"ImageName":null,"Width":0.12,"MCode":null,"SCode":null,"ID":null},"geometry":{"type":"MultiLineString","coordinates":[[[79.85936095343841,6.900848643490864],[79.85936400763617,6.900838974622087]],[[79.85937854637567,6.90079431970718],[79.85938166033174,6.900784909259021]],[[79.85939566770604,6.90074111344841],[79.85939838045812,6.900731949850417]],[[79.85941160163527,6.9006907299925055],[79.85941367833408,6.900681926099974]],[[79.85943050491291,6.900630250807103],[79.85943783732746,6.900617791235519]],[[79.85944693054759,6.900591275160824],[79.85944650693837,6.90058524731812]],[[79.85946197407273,6.900529417970869],[79.85946599940434,6.900518912429217]],[[79.85947878803464,6.900476320166574],[79.85948191262379,6.900467214017397]],[[79.85949638394622,6.9004213018584775],[79.85950014834563,6.900410426434987]],[[79.85951501091924,6.9003640102635915],[79.85951882585843,6.9003528674714465]],[[79.85953215653674,6.90030854320594],[79.85953558107423,6.900297652116725]],[[79.85955075428362,6.900250713237412],[79.85955372725572,6.900241338360333]],[[79.8595686715808,6.900194608187386],[79.85957146962181,6.900185140195466]],[[79.85958529954168,6.9001409582201],[79.85958866742492,6.900130551696813]],[[79.8596054808947,6.900078565379012],[79.85960832879171,6.900069588471986]],[[79.85962288033814,6.900024082672023],[79.85962563288071,6.900014987480897]],[[79.85964160353785,6.899964721252888],[79.85964447292586,6.89995570978007]],[[79.85965812455252,6.899912656074739],[79.8596609913012,6.899903466891668]],[[79.8596755021121,6.899858746848152],[79.85967845453253,6.899849187019888]],[[79.85969301009797,6.8998050805633],[79.85969665741641,6.899793741830197]]]}},{"type":"Feature","properties":{"Type":0.0,"ImageName":null,"Width":0.12,"MCode":null,"SCode":null,"ID":null},"geometry":{"type":"LineString","coordinates":[[79.85993764962848,6.899308238844381],[79.85992939273306,6.8993186862904174]]}},{"type":"Feature","properties":{"Type":1.0,"ImageName":null,"Width":0.12,"MCode":null,"SCode":null,"ID":null},"geometry":{"type":"MultiLineString","coordinates":[[[79.8599021668926,6.899353743229614],[79.85989452846681,6.899364126787011]],[[79.85987127455755,6.899397487327909],[79.85986495480064,6.899406440175445]],[[79.85984297263252,6.899441317469273],[79.8598375604244,6.89945072865859]],[[79.85981913565716,6.899484892280072],[79.85981396411829,6.899495484172931]],[[79.85979478153722,6.899535493425646],[79.85979051087246,6.899544538106249]],[[79.85977576942139,6.899576748258419],[79.85976826252714,6.899594382751766]],[[79.8597504875974,6.899638106270539],[79.85974647827581,6.899647893541925]],[[79.85973049011494,6.899690476284353],[79.85972714324276,6.89969964436877]],[[79.8597123114566,6.899740950372015],[79.8597087834915,6.899751095932431]]]}},{"type":"Feature","properties":{"Type":1.0,"ImageName":null,"Width":0.12,"MCode":null,"SCode":null,"ID":null},"geometry":{"type":"MultiLineString","coordinates":[[[79.85976201013544,6.899539633923732],[79.85975885937803,6.8995476508842986]],[[79.85975505083877,6.899555573027465],[79.85975107280439,6.8995650993286715]],[[79.8597465604271,6.899575313255457],[79.85974255054386,6.899585212228059]],[[79.85973910013281,6.8995925020900275],[79.85973593424882,6.899600865497135]],[[79.85973222419045,6.899610908571167],[79.85972850864817,6.89961943727702]],[[79.85972515210898,6.899627784345251],[79.85972155570848,6.899637613535023]],[[79.85971808883087,6.899646782791151],[79.85971500743845,6.899654337873404]],[[79.85971104823965,6.8996635271887286],[79.85970858447396,6.899672706152517]],[[79.8597053822626,6.899680219384665],[79.85970190050872,6.899690158434691]],[[79.85969852777451,6.899699062723097],[79.85969487117261,6.899708716613321]],[[79.85969187456156,6.899716228605672],[79.85968883578511,6.8997249107624254]],[[79.85968586463508,6.899732606927473],[79.85968292291764,6.89974264695903]],[[79.85967921619944,6.899751375626357],[79.85967595644838,6.8997609557360695]],[[79.8596733297035,6.899769677327591],[79.85967060051044,6.899777110260952]],[[79.85966134851762,6.899805753244872],[79.8596587681082,6.8998132131127]],[[79.85965609233895,6.899821988686463],[79.85965372457017,6.899830265140387]],[[79.8596515871581,6.899837109431829],[79.85964836682163,6.899847339077065]],[[79.85964557216501,6.899855209338051],[79.85964239234337,6.899869208571126]],[[79.85964013906214,6.89987250960252],[79.85963699861563,6.899883227848559]],[[79.85963338515249,6.899893731917489],[79.8596299940407,6.8999052214590435]]]}},{"type":"Feature","properties":{"Type":0.0,"ImageName":null,"Width":0.12,"MCode":null,"SCode":null,"ID":null},"geometry":{"type":"LineString","coordinates":[[79.85962902427642,6.899782397893708],[79.85961663626215,6.899779304682803],[79.85960228264773,6.89977529383314],[79.85958783865381,6.899771218385039],[79.85957491030287,6.899767481568894],[79.85957119322265,6.8997664130678436],[79.85955695744293,6.899762442221094],[79.85953174735072,6.899755759165773]]}},{"type":"Feature","properties":{"Type":0.0,"ImageName":null,"Width":0.12,"MCode":null,"SCode":null,"ID":null},"geometry":{"type":"LineString","coordinates":[[79.85959519261863,6.89973898129106],[79.85960497529932,6.89974064739175],[79.85960879652374,6.899740776121685],[79.85961941409998,6.899740811893111],[79.8596355198632,6.899740242363885],[79.85963879429968,6.899739364395995],[79.85964151651787,6.899737862661928],[79.85964603716936,6.8997353510866795],[79.85964985197607,6.899731002018196],[79.85965721118652,6.899722494617205],[79.85966080006668,6.899716379907475],[79.8596707061312,6.8996985898022105],[79.85967740550424,6.899684776818873],[79.85968008077744,6.8996776233814305],[79.8596810903041,6.899674433891692],[79.85968516288315,6.899662346806564],[79.85969133018132,6.899647040672609],[79.85969759632333,6.899631321523995],[79.85970395029287,6.899615507793388],[79.85970997430891,6.899599625374093],[79.85971540179533,6.8995834575649155],[79.85972152374724,6.899567576099509],[79.85972790442263,6.899551886343683],[79.85973467867788,6.89953630904322],[79.85974162767916,6.899520651655626],[79.85974883993127,6.899505210478346],[79.8597562790326,6.899490068176078],[79.85976391838112,6.89947500927733],[79.85977178892419,6.899459860417762],[79.85977977095904,6.89944483807591],[79.8597887685978,6.89943035687036],[79.85979755607427,6.899415739844983],[79.8598058811645,6.899401471063223],[79.85980855698384,6.899396896310919],[79.8598122988685,6.899390676005636],[79.85982023772726,6.899378176860314],[79.85982973268445,6.899364073513564],[79.85983935764858,6.899350045312561],[79.85984926617874,6.899336224210654],[79.85985937590534,6.899322554930117],[79.8598697100754,6.899309076106289],[79.85988030520849,6.899295862234828],[79.85989660658669,6.899275914189054]]}},{"type":"Feature","properties":{"Type":0.0,"ImageName":null,"Width":0.12,"MCode":null,"SCode":null,"ID":null},"geometry":{"type":"LineString","coordinates":[[79.85997789927707,6.899343443294814],[79.85996812606281,6.899355024298133],[79.85995758012892,6.899368391786734],[79.8599476139845,6.899382164138693],[79.8599375441399,6.8993958809898945],[79.85992722892783,6.899409402540652],[79.8599174186751,6.899423307776448],[79.85990795624795,6.899437436167224],[79.85989861459244,6.899451616167372],[79.85989206377239,6.8994616259849195],[79.85989052719466,6.899463976583905],[79.85988727843007,6.899468947323304],[79.85988562119404,6.899471746193425],[79.85987949275983,6.899482755664981],[79.85987326000907,6.8994957987557965],[79.85986893635703,6.8995068457143045],[79.85985674880192,6.899533351056007],[79.8598486490288,6.899550041867579],[79.85984138286061,6.899565389821986],[79.85983401345256,6.899580704928618],[79.85982718859839,6.899594274145839],[79.8598249805478,6.899598724191709],[79.85981622036361,6.899616965169214],[79.85980876558274,6.899633902097376],[79.85980214784693,6.899649621148106],[79.85979592735956,6.899665479622242],[79.85978998725967,6.89968057024609],[79.85978811204782,6.899685574952566],[79.85978265374297,6.899704629771514],[79.8597765019125,6.899723817318385],[79.85977077765811,6.899739806291204],[79.85976496378018,6.899755797416068],[79.859758537203,6.89977139355068],[79.8597525013354,6.899787129121332],[79.85974754212975,6.899803332198432],[79.85974306651956,6.899819749292015],[79.85973801835216,6.899836001986139],[79.85973000068495,6.899860410713934]]}},{"type":"Feature","properties":{"Type":0.0,"ImageName":null,"Width":0.12,"MCode":null,"SCode":null,"ID":null},"geometry":{"type":"LineString","coordinates":[[79.85992735724282,6.8992400365742],[79.85994791077633,6.8992183939970895],[79.85995986321349,6.899205945873152],[79.8599717987069,6.899193515822988],[79.85998393191103,6.899181113821906],[79.85999620423964,6.899168840486966],[79.86000842681925,6.8991567734067445],[79.86002082233314,6.899144871478535],[79.86003329215505,6.899133016863426],[79.86004587401695,6.8991213219755405],[79.86005849708432,6.899109562437988],[79.86007113604438,6.899097773439588],[79.86008401780053,6.899086366906001],[79.86009717884626,6.8990753022666595],[79.86010996142376,6.899063832518202],[79.86012205543236,6.899051576599096],[79.86013476908217,6.899039716539752],[79.86014786236278,6.899028500554868],[79.86016075033982,6.899017100930636],[79.86017371609307,6.899005775209566],[79.86018668133202,6.898994467130658],[79.86019968147657,6.89898322399918],[79.86021251949477,6.8989718017511095],[79.86022520777118,6.898960026206016],[79.86023777451969,6.8989482489807195],[79.86025029262198,6.8989363819486345],[79.8602629533267,6.898924435425001],[79.8602754739328,6.898912631432891],[79.86028796412391,6.898900865555432],[79.8603006452869,6.89888904492192],[79.86031312009851,6.8988771823448864],[79.8603255440741,6.898865367436602],[79.86033591575031,6.898855955186366],[79.86033737958634,6.898854268105446],[79.86034075726394,6.89884870911326],[79.86034995514319,6.898835550147654],[79.86036082193318,6.898822261262332],[79.86037169872918,6.898808862232594],[79.86038264368514,6.898796481743501],[79.86039011614506,6.898786027988591],[79.86039852613318,6.898772029084214],[79.86040667058619,6.898756966147614],[79.86041418410656,6.8987415738709945],[79.86042034231988,6.898727138999467],[79.86042148798495,6.898721871436435],[79.86042177117396,6.898720257856761],[79.86042405730616,6.898710764451136],[79.86042677492429,6.898694951404345],[79.8604282004724,6.8986777424916355],[79.86042850315941,6.898661522987932],[79.86042770160523,6.898655390343541],[79.8604271770657,6.898653016707983],[79.86042357452001,6.898633599576581],[79.86041918191391,6.898615055131266],[79.86041396214057,6.8985991610928],[79.86040892797678,6.898587216155265],[79.86040284967466,6.898575463355998],[79.86040088049499,6.898571743479628],[79.86039681547584,6.898563305987791],[79.86038942999181,6.898549151766682],[79.86038167688467,6.8985339400142385],[79.86037502930168,6.8985222226290865],[79.8603717102162,6.898516620180307],[79.86033274828296,6.898447877970708],[79.86030836267278,6.898404708641105],[79.86029988286673,6.898389570176985],[79.86029166168362,6.898374407136785],[79.86028572344519,6.89836386238256],[79.86028366274243,6.898360474517139],[79.86026477101663,6.898332959518694],[79.86024711663664,6.898306946355621],[79.86023811864831,6.8982921628324885],[79.86023078047317,6.898279297373525],[79.86022348380612,6.89826784068091],[79.8602200210036,6.898262806101728],[79.86021519759063,6.898257265465744],[79.86021122097134,6.89825270033096],[79.86020730935385,6.898250241513917],[79.86019467001321,6.898244178199636],[79.86016480755697,6.898243300680156]]}},{"type":"Feature","properties":{"Type":0.0,"ImageName":null,"Width":0.12,"MCode":null,"SCode":null,"ID":null},"geometry":{"type":"LineString","coordinates":[[79.86064571208509,6.899084453777817],[79.86058633966925,6.898974820206366],[79.86057774155708,6.898959868514495],[79.8605728931732,6.898951629033314],[79.86057287242242,6.898951593772255],[79.86056664768589,6.8989460594366845],[79.86055365535398,6.898935612715313],[79.8605412627276,6.898929350033694],[79.86051985789129,6.8989218609069995],[79.86049336449808,6.8989162319493795],[79.86047222411388,6.898915921762207],[79.86045574741001,6.898920761581285],[79.86044179047019,6.898926426323699],[79.86043170985587,6.898931644833724],[79.8604289541645,6.898933301275749],[79.86041915581973,6.898939369992751],[79.8604050164098,6.8989481542912925],[79.86039077896969,6.898957481830639],[79.8603768324072,6.898967310113953],[79.86036324955721,6.898977571298464],[79.86034983663363,6.898988086442381],[79.8603367062987,6.898998976267054],[79.86032477954704,6.8990080359898025],[79.86032123292046,6.899010901156909],[79.86030829229767,6.899022072561849],[79.86029475853697,6.8990332365268],[79.86028149843926,6.899044061134269],[79.86026825753648,6.899054617316614],[79.86025580835785,6.89906435312639],[79.86024943636193,6.899070104581985],[79.86020485885095,6.899114557539852],[79.86018094088115,6.899137963986166],[79.86016851027387,6.899149685694418],[79.86015606563649,6.899161214498629],[79.86014372191207,6.899172725807677],[79.86013129238671,6.899184495323795],[79.86011869028886,6.899196425682931],[79.86009781582811,6.899216238896803],[79.86008081680215,6.899232723657367],[79.86006870327708,6.899244717420696],[79.86005663596804,6.899256835636068],[79.8600447614817,6.899268853776865],[79.86003302881021,6.89928098120586],[79.8600213643034,6.899293353026974],[79.86000754914679,6.899307988585477]]}},{"type":"Feature","properties":{"Type":0.0,"ImageName":null,"Width":0.12,"MCode":null,"SCode":null,"ID":null},"geometry":{"type":"LineString","coordinates":[[79.86000983188254,6.8992825692946464],[79.86002138601248,6.899269695330498],[79.86003322203213,6.899257491497895],[79.86004508848646,6.899245500376802],[79.860057066663,6.899233553317969],[79.8600692088686,6.8992218527076155],[79.86008140505864,6.899210139419747],[79.8600934581784,6.899198332736706],[79.86010578728111,6.899186629104306],[79.86011826871939,6.899174773907246],[79.86013057050141,6.899162888866752],[79.86014308697469,6.8991512264332675],[79.86015567606033,6.899139720819783],[79.8601681663427,6.899128069141826],[79.86018089736322,6.899116774662302],[79.86019335123515,6.89910518974203],[79.8602057763377,6.899093467430733],[79.86021829169708,6.899081961008751],[79.86023093299313,6.899070559665524],[79.86024353551599,6.899059070103853],[79.86025608707966,6.899047480510141],[79.8602686730606,6.899036029027405],[79.86028135146097,6.899024689812847],[79.86029406332081,6.899013341782555],[79.86030700611882,6.899002187727126],[79.86032024001068,6.898991414598668],[79.86033361495812,6.898980818721915],[79.8603471842995,6.898970448915411],[79.8603608258739,6.898960170369146],[79.86037455928692,6.898950024066394],[79.86038854844071,6.898940382275105],[79.86040280148721,6.898931122046354],[79.86041747910161,6.898922245577435],[79.86043242279783,6.898913937939939],[79.86044775135201,6.898906722186199],[79.8604594567834,6.898902570230513],[79.86046949660984,6.898900415798586],[79.86047856365185,6.898899338240859],[79.86048214873739,6.898899117926814],[79.86049506575822,6.898900754388648],[79.8605240729857,6.898905314065188]]}},{"type":"Feature","properties":{"Type":0.0,"ImageName":null,"Width":0.12,"MCode":null,"SCode":null,"ID":null},"geometry":{"type":"LineString","coordinates":[[79.86047679052703,6.898856954529167],[79.86049733472582,6.898860357819441],[79.86051326964058,6.898864389648254],[79.8605291386325,6.8988691550270484],[79.8605402572767,6.898872455470304],[79.86054931021579,6.898876033519354],[79.86057629504715,6.898887085448914],[79.8605894843963,6.89889317745612],[79.86059081085382,6.898893805893523],[79.8605939944078,6.89889761027821],[79.86061556852168,6.8989233552697575],[79.86062870726421,6.898938753733088],[79.86063133715886,6.89894197226131],[79.86063477618617,6.898948763682017],[79.86064169199096,6.898961440534685],[79.86064934672719,6.898975874536485],[79.86065647907077,6.898990691666405],[79.86066764967835,6.899010967207344]]}},{"type":"Feature","properties":{"Type":0.0,"ImageName":null,"Width":0.12,"MCode":null,"SCode":null,"ID":null},"geometry":{"type":"LineString","coordinates":[[79.86034591209608,6.898883643612971],[79.86033486527883,6.8988935719407785],[79.8603223609777,6.898904979700619],[79.86030979230587,6.898916277218683],[79.86029715707672,6.898927459476843],[79.86028448235753,6.898938631543051],[79.86027187846352,6.898949956600255],[79.86025925005323,6.898961244366961],[79.86024670314174,6.898972592510333],[79.86023414546253,6.898983832136406],[79.86022151833939,6.898995010009614],[79.86020889860136,6.899006239698364],[79.86019633732882,6.899017574456809],[79.86018376843104,6.899028920099628],[79.8601711908775,6.899040203724283],[79.86015869037014,6.899051589479359],[79.86014604183414,6.899062832997478],[79.86013342929671,6.899074094843583],[79.86012100273607,6.899085526827964],[79.86010843710984,6.899096759928893],[79.8600961000233,6.899108295223142],[79.86008380032102,6.899119940525752],[79.86007156209169,6.899131677556047],[79.86005933975136,6.899143392004212],[79.86004725829741,6.899155111404449],[79.8600351753077,6.899166872779996],[79.86002321740108,6.899178695904295],[79.86001125447766,6.899190490762773],[79.859999306811,6.8992024579792846],[79.85998749173757,6.899214579075867],[79.85997577852827,6.899226783139436],[79.85996118491691,6.899242260855297]]}},{"type":"Feature","properties":{"Type":0.0,"ImageName":null,"Width":0.12,"MCode":null,"SCode":null,"ID":null},"geometry":{"type":"LineString","coordinates":[[79.85998289707362,6.899258497996685],[79.8599925422109,6.899248342155943],[79.85999959590956,6.899240817127599],[79.86000384201513,6.899236249010448],[79.8600178515935,6.899221385095464],[79.8600295425027,6.899209877282588],[79.86004060057205,6.899198969322179],[79.86005170621311,6.899188038339348],[79.8600627031737,6.8991771388354675],[79.86007650858333,6.89916378896701]]}},{"type":"Feature","properties":{"Type":0.0,"ImageName":null,"Width":0.12,"MCode":null,"SCode":null,"ID":null},"geometry":{"type":"LineString","coordinates":[[79.86009680244368,6.899144268752245],[79.86010279507012,6.899138682415786],[79.86011242952644,6.899130050333516],[79.86012230867034,6.899120867549452],[79.86013746371344,6.899107097558432]]}},{"type":"Feature","properties":{"Type":0.0,"ImageName":null,"Width":0.12,"MCode":null,"SCode":null,"ID":null},"geometry":{"type":"LineString","coordinates":[[79.85962554926935,6.899918921629587],[79.85962221097601,6.899930330766625],[79.85961707434437,6.899946654251688],[79.85961189421911,6.899962952509203],[79.85960676264088,6.899979254923635],[79.85960151553739,6.899995501904877],[79.85959636064361,6.90001176943036],[79.85959117592668,6.900028007922325],[79.85958594197875,6.90004418933344],[79.85958081312091,6.900060472528572],[79.85957562342732,6.9000767236443385],[79.85957060419646,6.900092934635254],[79.85956549284495,6.900109213670589],[79.85956035814063,6.900125463938955],[79.85955535390735,6.900141809054906],[79.85955019423649,6.900158054955742],[79.85954500282034,6.900174301469762],[79.85953991996723,6.9001905733034645],[79.85953488138696,6.90020685940069],[79.8595297279631,6.900223044122984],[79.85952434732197,6.900239150246788],[79.85951924343982,6.90025540024782],[79.8595142615916,6.900271614094058],[79.85950914613849,6.900287810331189],[79.85950411946496,6.9003041483246506],[79.85949900465009,6.900320349137354],[79.85949376455206,6.900336575358134],[79.85948871476226,6.90035288513253],[79.859483398229,6.900369117450651],[79.85947820076116,6.900385393576994],[79.85947300396275,6.900401728430973],[79.85946785260056,6.900418039027989],[79.85946273797187,6.900434380279715],[79.85945754600081,6.900450616910898],[79.85945244013723,6.900466887343461],[79.8594473509356,6.900483118050719],[79.8594422190157,6.9004994189116475],[79.85943667084511,6.9005156458640515],[79.85943127514825,6.900531846239738],[79.85942607657074,6.900548044781244],[79.85942082189338,6.900564206348648],[79.85941572506353,6.900580405294954],[79.85941061424016,6.900596624624868],[79.85940549057031,6.900612908014797],[79.85940032908925,6.900629233191653],[79.85939223765263,6.900653809640791]]}},{"type":"Feature","properties":{"Type":1.0,"ImageName":null,"Width":0.12,"MCode":null,"SCode":null,"ID":null},"geometry":{"type":"MultiLineString","coordinates":[[[79.85938812456402,6.900671051934553],[79.85938515458479,6.900680314036998]],[[79.85938252482514,6.900688933338344],[79.85937960504344,6.900698713089205]],[[79.85937699071496,6.9007067273001015],[79.85937426938315,6.900715275752955]],[[79.85937197201885,6.90072172719861],[79.85936926644338,6.900731312334364]],[[79.85936607099462,6.900740017588167],[79.85936316996553,6.900749763804552]],[[79.85936057255472,6.900758927446937],[79.85935791642011,6.900767521668448]],[[79.85935454852549,6.9007761359088065],[79.85935136083917,6.900787440902881]],[[79.85934862089935,6.900795789002494],[79.85934577804808,6.900805218698737]],[[79.85934318966272,6.90081295876503],[79.85934068604956,6.900822103701266]],[[79.85933799642834,6.900830636089744],[79.85933483340654,6.9008422024349585]],[[79.85933200788688,6.9008491010832165],[79.8593293376281,6.900858403168441]],[[79.85932654913258,6.90086639940932],[79.85932326339748,6.900876604503148]],[[79.85931994779514,6.9008873209311075],[79.85931641327885,6.900899338359783]],[[79.85931325160627,6.900908898336402],[79.8593100327321,6.900919973157817]],[[79.85930682430039,6.900928837861736],[79.85930429124711,6.90093825620376]],[[79.85930053264723,6.900948477217132],[79.85929722260306,6.900959140215805]],[[79.85929453285216,6.900969396523687],[79.85929143146629,6.900980131406693]],[[79.85928838129624,6.900992588736724],[79.85928291606388,6.901001971126642]],[[79.85928109495465,6.90100933803038],[79.85927835821964,6.90101962901802]],[[79.85927509842132,6.901028930263399],[79.8592718533771,6.901038782717476]],[[79.85927019067886,6.9010502744554865],[79.85926680339387,6.901060576237059]],[[79.8592628314098,6.901070290409905],[79.85926041305756,6.9010804862289765]],[[79.85925628733204,6.901090238420869],[79.85925298046845,6.901100468142919]],[[79.85924932072541,6.901109935329854],[79.85924600246796,6.901120225345853]],[[79.85924230003579,6.901131520729704],[79.85923953677644,6.9011424659788085]],[[79.85923581532468,6.901153793952468],[79.85923270476931,6.901164071787659]],[[79.8592297529754,6.901172516668335],[79.85920774749563,6.901238822049363]]]}},{"type":"Feature","properties":{"Type":1.0,"ImageName":null,"Width":0.12,"MCode":null,"SCode":null,"ID":null},"geometry":{"type":"MultiLineString","coordinates":[[[79.8591880554865,6.901306872222935],[79.85918461018068,6.901317980861577]],[[79.85918229428923,6.901326629139091],[79.85918010647173,6.901334805883502]],[[79.8591768213094,6.901343435684756],[79.85917458729274,6.901351018551543]],[[79.85917282836368,6.901357124697717],[79.85916942488932,6.9013674862625365]],[[79.85916678930202,6.901376027103684],[79.85916429663975,6.901385068991176]],[[79.85916145776271,6.9013935059406775],[79.85915997954328,6.901400179245984]],[[79.8591577963545,6.901406069011034],[79.85915475930868,6.901415882584515]],[[79.85915199097053,6.901424336421956],[79.8591498158851,6.901432396389185]],[[79.8591473122392,6.901440382302694],[79.8591448336981,6.901448269110397]],[[79.85914233762063,6.901454622621551],[79.85913879051824,6.901466511898919]],[[79.85913774397966,6.901474528267382],[79.8591345852874,6.901482848061581]],[[79.85913240868929,6.901489086747113],[79.85913026298677,6.901496449408624]],[[79.8591279386824,6.9015034495978265],[79.859124131482,6.901515379808499]]]}},{"type":"Feature","properties":{"Type":1.0,"ImageName":null,"Width":0.12,"MCode":null,"SCode":null,"ID":null},"geometry":{"type":"MultiLineString","coordinates":[[[79.85924035993683,6.901322248567656],[79.85923741183463,6.901331408134457]],[[79.85922476877252,6.901371746862823],[79.85922200023839,6.901380511846132]],[[79.85920910947496,6.901421056613511],[79.85920573979278,6.901430992249658]],[[79.85919344150125,6.901469998157527],[79.85919021388092,6.90147945815219]],[[79.85917796530785,6.90151765342558],[79.85917454237128,6.90152857175622]],[[79.85916226475356,6.901566433256311],[79.85915949896732,6.90157564478922]],[[79.85914614885691,6.90161599806832],[79.85914281683898,6.901626352773034]],[[79.85913036514397,6.901663797021846],[79.85912688992146,6.901674515265015]],[[79.85911469951576,6.901711772293323],[79.85911164168989,6.901723353750195]],[[79.85909809271358,6.9017632924413705],[79.85909498129043,6.901773493552468]],[[79.85908333254122,6.901810506229354],[79.85907991895992,6.901821018905948]],[[79.85906698559846,6.901859531408103],[79.85906407346998,6.901868754335273]],[[79.85905150427419,6.901908563411312],[79.85904837488256,6.9019182669730315]],[[79.85903586909043,6.901957028627058],[79.85903225418387,6.901968027175746]],[[79.85902054667312,6.902005345862495],[79.85901724558205,6.90201653304726]],[[79.85900483200436,6.902054789245205],[79.859000991956,6.902066925405824]],[[79.85898862227783,6.902105156989461],[79.85898566345416,6.902115481534149]],[[79.85897341169245,6.902152468981274],[79.85897012794318,6.902162368758294]],[[79.85895736462182,6.902202149501565],[79.85895452609293,6.902211119070767]],[[79.85894168464715,6.902251194762907],[79.85893839385035,6.902261610861873]],[[79.85892583983123,6.902301835022281],[79.85892263904215,6.902311962115384]],[[79.85890986820928,6.9023511637516455],[79.85890682086723,6.902360656194098]],[[79.85889411815184,6.902399249911254],[79.85889121267982,6.902410889808974]],[[79.85887785431706,6.90245070052123],[79.85887498863434,6.9024609218832484]],[[79.85886275665725,6.902500035352039],[79.85885882906854,6.902510828193313]],[[79.85884594567479,6.902551445723531],[79.85884291643234,6.902560838882928]],[[79.85883083163748,6.902599617602964],[79.85882744067075,6.902609158863297]],[[79.85881404843288,6.902648911334571],[79.85881091365829,6.902659089917737]],[[79.8587987795184,6.90269750470572],[79.8587952136268,6.902708136432183]],[[79.85878161754955,6.902749445172479],[79.8587787162052,6.902758900130008]],[[79.85876560085929,6.9027982525541995],[79.85876219198242,6.902808158566423]],[[79.85874845413906,6.9028496773056665],[79.85874529071664,6.902858825022085]],[[79.85873090861715,6.902900483681116],[79.85872733365773,6.902910751620513]],[[79.85871265638471,6.902951524416801],[79.85870896711539,6.902962433615464]],[[79.85869381779891,6.903004330221764],[79.85869032155203,6.903014509171246]],[[79.8586759867269,6.903054850315083],[79.85867193279455,6.9030656957924394]],[[79.85865689641432,6.903106639798586],[79.85865312467607,6.903116702348836]],[[79.85864294760648,6.903157035671833],[79.85863912985866,6.90316781298438]]]}},{"type":"Feature","properties":{"Type":1.0,"ImageName":null,"Width":0.12,"MCode":null,"SCode":null,"ID":null},"geometry":{"type":"MultiLineString","coordinates":[[[79.85921451987387,6.901313942441784],[79.85921157177125,6.9013231020083765]],[[79.85919888384927,6.9013635814181855],[79.85919611531472,6.901372346401288]],[[79.8591834020116,6.901412349247688],[79.859180032329,6.901422284883595]],[[79.85916774996218,6.901461243969335],[79.85916452234146,6.901470703963765]],[[79.8591520629121,6.901509543481407],[79.85914863997505,6.901520461811795]],[[79.859136266023,6.901558637234143],[79.85913350023637,6.901567848766844]],[[79.85912030822084,6.901607693676199],[79.85911697620244,6.901618048380673]],[[79.85910454296356,6.901655435486161],[79.85910106774058,6.901666153729076]],[[79.85908845385205,6.901704851725918],[79.85908539602563,6.901716433182544]],[[79.85907212818815,6.901755383363409],[79.85906901676452,6.901765584474273]],[[79.85905751396211,6.901802133573332],[79.85905410038035,6.901812646249676]],[[79.859041099801,6.901851368651995],[79.85903818767213,6.901860591578956]],[[79.85902566897443,6.901900242409206],[79.85902253958236,6.9019099459706945]],[[79.85901008063122,6.901948563749096],[79.85900646572418,6.901959562297521]],[[79.85899451115056,6.901997673368286],[79.85899121005896,6.902008860552805]],[[79.85897895113818,6.9020466108571314],[79.8589751110893,6.902058747017468]],[[79.85896252743737,6.902097688443864],[79.85895956861323,6.90210801298832]],[[79.85894764643393,6.902143933809894],[79.85894436268424,6.902153833586675]],[[79.8589314841056,6.902193969986397],[79.85892864557633,6.902202939555391]],[[79.85891580020073,6.9022430276680256],[79.85891250940347,6.9022534437667495]],[[79.85889995633386,6.902293664913471],[79.85889675554432,6.902303792006338]],[[79.85888402181371,6.902342877163418],[79.85888097447122,6.902352369605654]],[[79.85886778127839,6.902392684362322],[79.8588648758058,6.902404324259801]],[[79.85885171688855,6.902443382148973],[79.85884885120535,6.90245360351077]],[[79.85883724721789,6.902490764427993],[79.85883331962872,6.902501557268993]],[[79.85882011030068,6.902543124848537],[79.85881708105781,6.902552518007716]],[[79.85880525307714,6.902590538856823],[79.85880186211,6.902600080116918]],[[79.858788105421,6.902640931909283],[79.85878497064597,6.902651110492216]],[[79.85877304280187,6.902688883876886],[79.85876947690983,6.90269951560309]],[[79.85875566639086,6.90274149223188],[79.85875276504609,6.902750947189197]],[[79.85873993233356,6.90278943100346],[79.85873652345632,6.902799337015444]],[[79.85872279899294,6.902840816965212],[79.85871963557011,6.902849964681406]],[[79.85870527212403,6.9028915695766635],[79.85870169716416,6.902901837515811]],[[79.8586869412532,6.902942839461216],[79.85868325198341,6.902953748659615]],[[79.8586681441877,6.902995523434528],[79.8586646479404,6.903005702383762]],[[79.85865055888819,6.903045358081795],[79.85864650495539,6.903056203558878]],[[79.8586314772354,6.903097124420686],[79.85862770549672,6.903107186970674]],[[79.85861699255139,6.903148110894674],[79.85861317480311,6.903158888206946]]]}}]}