{
"type": "FeatureCollection",
"name": "planarFacilities",
"crs": { "type": "name", "properties": { "name": "urn:ogc:def:crs:OGC:1.3:CRS84" } },
"features": [
{ "type": "Feature", "properties": { "planarFacilityId": "1.0", "type": null }, "geometry": { "type": "Polygon", "coordinates": [ [ [ 79.86277132272869, 6.909694277258562 ], [ 79.862769693347559, 6.909698494894012 ], [ 79.862776446083203, 6.909701100159213 ], [ 79.862778075464277, 6.909696882523733 ], [ 79.86277132272869, 6.909694277258562 ] ] ] } },
{ "type": "Feature", "properties": { "planarFacilityId": "2.0", "type": null }, "geometry": { "type": "Polygon", "coordinates": [ [ [ 79.862771987402581, 6.909745050319443 ], [ 79.862772287093819, 6.909745037819194 ], [ 79.862772584554449, 6.909744999263945 ], [ 79.862772877520598, 6.909744934947551 ], [ 79.862773163762654, 6.909744845359308 ], [ 79.862773441102078, 6.90974473118112 ], [ 79.862773707428147, 6.909744593281593 ], [ 79.86277396071408, 6.909744432710758 ], [ 79.862774199032117, 6.90974425069024 ], [ 79.862774420568371, 6.909744048605519 ], [ 79.862774623637108, 6.909743827994707 ], [ 79.862774806692769, 6.909743590536451 ], [ 79.862774968341981, 6.90974333803812 ], [ 79.862775107354892, 6.909743072421461 ], [ 79.862775222673037, 6.909742795707881 ], [ 79.862775313419107, 6.909742510003308 ], [ 79.862775378902413, 6.909742217482227 ], [ 79.862775418624736, 6.909741920370843 ], [ 79.862775432283371, 6.90974162093035 ], [ 79.862775419774749, 6.909741321439684 ], [ 79.862775381193671, 6.909741024178151 ], [ 79.862775316834217, 6.909740731408088 ], [ 79.862775227185949, 6.909740445357606 ], [ 79.862775112931303, 6.909740168203809 ], [ 79.862774974939413, 6.909739902055986 ], [ 79.862774814261044, 6.909739648939579 ], [ 79.862774632118629, 6.909739410781043 ], [ 79.862774429898565, 6.909739189393071 ], [ 79.862774209139985, 6.909738986460239 ], [ 79.862773971522714, 6.909738803527095 ], [ 79.862773718855266, 6.909738641986077 ], [ 79.862773453060726, 6.90973850306619 ], [ 79.862773176161824, 6.909738387825228 ], [ 79.862772890265902, 6.909738297139888 ], [ 79.862772597548926, 6.909738231700422 ], [ 79.862772300238547, 6.909738192004675 ], [ 79.862772000597531, 6.90973817835518 ], [ 79.862771700906279, 6.909738190855434 ], [ 79.862771403445649, 6.909738229410681 ], [ 79.862771110479514, 6.909738293727075 ], [ 79.862770824237458, 6.909738383315321 ], [ 79.862770546898048, 6.909738497493506 ], [ 79.862770280571979, 6.90973863539303 ], [ 79.862770027286047, 6.909738795963861 ], [ 79.862769788968009, 6.909738977984376 ], [ 79.862769567431769, 6.909739180069093 ], [ 79.862769364363004, 6.909739400679909 ], [ 79.862769181307371, 6.909739638138161 ], [ 79.86276901965816, 6.909739890636489 ], [ 79.86276888064522, 6.909740156253148 ], [ 79.862768765327075, 6.909740432966726 ], [ 79.862768674581005, 6.909740718671296 ], [ 79.862768609097714, 6.909741011192375 ], [ 79.862768569375362, 6.909741308303762 ], [ 79.862768555716741, 6.909741607744251 ], [ 79.862768568225349, 6.90974190723492 ], [ 79.862768606806426, 6.909742204496453 ], [ 79.862768671165895, 6.909742497266513 ], [ 79.86276876081412, 6.909742783316999 ], [ 79.862768875068795, 6.909743060470793 ], [ 79.862769013060657, 6.909743326618622 ], [ 79.862769173739039, 6.909743579735026 ], [ 79.862769355881468, 6.909743817893563 ], [ 79.862769558101505, 6.909744039281535 ], [ 79.86276977886007, 6.909744242214374 ], [ 79.86277001647737, 6.909744425147518 ], [ 79.862770269144804, 6.909744586688541 ], [ 79.862770534939358, 6.909744725608428 ], [ 79.86277081183826, 6.909744840849394 ], [ 79.862771097734182, 6.909744931534738 ], [ 79.862771390451172, 6.909744996974199 ], [ 79.862771687761537, 6.909745036669948 ], [ 79.862771987402581, 6.909745050319443 ] ] ] } },
{ "type": "Feature", "properties": { "planarFacilityId": "3.0", "type": null }, "geometry": { "type": "Polygon", "coordinates": [ [ [ 79.862743145652743, 6.909708293904734 ], [ 79.862743445343966, 6.909708281404499 ], [ 79.862743742804568, 6.909708242849266 ], [ 79.862744035770689, 6.909708178532886 ], [ 79.862744322012716, 6.909708088944657 ], [ 79.862744599352112, 6.909707974766487 ], [ 79.862744865678181, 6.909707836866974 ], [ 79.862745118964085, 6.909707676296152 ], [ 79.862745357282122, 6.909707494275648 ], [ 79.862745578818348, 6.909707292190939 ], [ 79.862745781887085, 6.909707071580135 ], [ 79.862745964942761, 6.909706834121892 ], [ 79.862746126591958, 6.909706581623571 ], [ 79.862746265604883, 6.909706316006919 ], [ 79.862746380923042, 6.909706039293348 ], [ 79.862746471669126, 6.909705753588782 ], [ 79.862746537152418, 6.909705461067706 ], [ 79.862746576874756, 6.909705163956327 ], [ 79.862746590533405, 6.909704864515835 ], [ 79.862746578024797, 6.909704565025168 ], [ 79.862746539443734, 6.909704267763636 ], [ 79.862746475084293, 6.909703974993574 ], [ 79.862746385436083, 6.909703688943086 ], [ 79.862746271181436, 6.909703411789291 ], [ 79.862746133189574, 6.909703145641461 ], [ 79.862745972511235, 6.909702892525047 ], [ 79.86274579036882, 6.909702654366505 ], [ 79.862745588148798, 6.909702432978523 ], [ 79.862745367390261, 6.90970223004568 ], [ 79.862745129773003, 6.909702047112525 ], [ 79.862744877105598, 6.909701885571494 ], [ 79.862744611311086, 6.909701746651596 ], [ 79.862744334412213, 6.909701631410622 ], [ 79.862744048516319, 6.909701540725263 ], [ 79.862743755799357, 6.909701475285788 ], [ 79.862743458489021, 6.909701435590028 ], [ 79.862743158848019, 6.909701421940518 ], [ 79.862742859156796, 6.909701434440753 ], [ 79.862742561696194, 6.909701472995985 ], [ 79.862742268730074, 6.909701537312364 ], [ 79.862741982488046, 6.909701626900594 ], [ 79.86274170514865, 6.909701741078768 ], [ 79.862741438822596, 6.909701878978273 ], [ 79.862741185536677, 6.909702039549095 ], [ 79.862740947218668, 6.909702221569598 ], [ 79.862740725682414, 6.9097024236543 ], [ 79.862740522613677, 6.909702644265103 ], [ 79.86274033955803, 6.909702881723345 ], [ 79.862740177908819, 6.909703134221663 ], [ 79.862740038895879, 6.909703399838314 ], [ 79.862739923577749, 6.909703676551882 ], [ 79.862739832831664, 6.909703962256447 ], [ 79.862739767348344, 6.909704254777523 ], [ 79.862739727626007, 6.909704551888902 ], [ 79.862739713967358, 6.90970485132939 ], [ 79.862739726475965, 6.909705150820056 ], [ 79.862739765057, 6.90970544808159 ], [ 79.862739829416455, 6.909705740851653 ], [ 79.86273991906468, 6.909706026902138 ], [ 79.862740033319298, 6.909706304055941 ], [ 79.862740171311145, 6.909706570203772 ], [ 79.8627403319895, 6.909706823320183 ], [ 79.8627405141319, 6.909707061478729 ], [ 79.862740716351936, 6.909707282866711 ], [ 79.862740937110459, 6.909707485799558 ], [ 79.862741174727716, 6.909707668732715 ], [ 79.862741427395122, 6.909707830273749 ], [ 79.862741693189648, 6.909707969193649 ], [ 79.862741970088535, 6.909708084434625 ], [ 79.862742255984415, 6.909708175119982 ], [ 79.862742548701377, 6.909708240559461 ], [ 79.862742846011727, 6.909708280255221 ], [ 79.862743145652743, 6.909708293904734 ] ] ] } },
{ "type": "Feature", "properties": { "planarFacilityId": "4.0", "type": null }, "geometry": { "type": "Polygon", "coordinates": [ [ [ 79.863008714891819, 6.909806452306309 ], [ 79.863006445346855, 6.90981036329617 ], [ 79.863012707122508, 6.909813992137215 ], [ 79.863014976667429, 6.909810081147323 ], [ 79.863008714891819, 6.909806452306309 ] ] ] } },
{ "type": "Feature", "properties": { "planarFacilityId": "5.0", "type": null }, "geometry": { "type": "Polygon", "coordinates": [ [ [ 79.864053266701205, 6.907742076200752 ], [ 79.864053566391263, 6.907742063699526 ], [ 79.864053863850614, 6.9077420251433 ], [ 79.864054156815413, 6.907741960825931 ], [ 79.864054443056077, 6.907741871236716 ], [ 79.864054720394051, 6.907741757057581 ], [ 79.864054986718656, 6.907741619157134 ], [ 79.864055240003083, 6.907741458585409 ], [ 79.864055478319628, 6.907741276564038 ], [ 79.864055699854347, 6.907741074478515 ], [ 79.864055902921606, 6.907740853866943 ], [ 79.86405608597579, 6.907740616407994 ], [ 79.864056247623552, 6.907740363909031 ], [ 79.86405638663507, 6.907740098291806 ], [ 79.864056501951879, 6.907739821577731 ], [ 79.86405659269667, 6.907739535872741 ], [ 79.864056658178754, 6.907739243351319 ], [ 79.864056697899983, 6.907738946239676 ], [ 79.864056711557595, 6.907738646799013 ], [ 79.864056699048035, 6.907738347308252 ], [ 79.864056660466161, 6.907738050046714 ], [ 79.864056596105982, 6.907737757276737 ], [ 79.864056506457146, 6.907737471226415 ], [ 79.864056392202031, 6.907737194072873 ], [ 79.864056254209814, 6.907736927925379 ], [ 79.864056093531246, 6.907736674809383 ], [ 79.86405591138876, 6.907736436651335 ], [ 79.864055709168753, 6.90773621526392 ], [ 79.864055488410372, 6.907736012331712 ], [ 79.864055250793413, 6.90773582939926 ], [ 79.864054998126434, 6.907735667858989 ], [ 79.864054732332463, 6.907735528939905 ], [ 79.864054455434271, 6.90773541369979 ], [ 79.864054169539145, 6.907735323015333 ], [ 79.864053876823078, 6.907735257576787 ], [ 79.864053579513737, 6.90773521788199 ], [ 79.864053279873787, 6.90773520423346 ], [ 79.864052980183743, 6.907735216734689 ], [ 79.864052682724406, 6.907735255290913 ], [ 79.864052389759607, 6.907735319608284 ], [ 79.864052103518944, 6.907735409197493 ], [ 79.864051826180983, 6.907735523376629 ], [ 79.864051559856378, 6.907735661277072 ], [ 79.864051306571952, 6.907735821848799 ], [ 79.864051068255421, 6.907736003870168 ], [ 79.864050846720687, 6.907736205955689 ], [ 79.864050643653428, 6.907736426567259 ], [ 79.864050460599259, 6.907736664026207 ], [ 79.864050298951483, 6.90773691652517 ], [ 79.864050159939964, 6.907737182142392 ], [ 79.864050044623141, 6.907737458856464 ], [ 79.86404995387835, 6.907737744561452 ], [ 79.864049888396266, 6.907738037082871 ], [ 79.864049848675052, 6.907738334194513 ], [ 79.864049835017425, 6.907738633635179 ], [ 79.864049847526971, 6.907738933125937 ], [ 79.864049886108859, 6.907739230387472 ], [ 79.864049950469024, 6.907739523157455 ], [ 79.86405004011786, 6.907739809207772 ], [ 79.864050154372961, 6.907740086361316 ], [ 79.86405029236515, 6.907740352508814 ], [ 79.864050453043745, 6.90774060562481 ], [ 79.864050635186231, 6.907740843782862 ], [ 79.864050837406225, 6.907741065170279 ], [ 79.864051058164605, 6.907741268102487 ], [ 79.864051295781564, 6.907741451034943 ], [ 79.864051548448543, 6.907741612575217 ], [ 79.864051814242529, 6.907741751494301 ], [ 79.864052091140735, 6.907741866734417 ], [ 79.864052377035847, 6.907741957418875 ], [ 79.864052669751928, 6.907742022857422 ], [ 79.864052967061284, 6.907742062552222 ], [ 79.864053266701205, 6.907742076200752 ] ] ] } },
{ "type": "Feature", "properties": { "planarFacilityId": "6.0", "type": null }, "geometry": { "type": "Polygon", "coordinates": [ [ [ 79.864068416614586, 6.907729145491667 ], [ 79.864066787253378, 6.907733363134275 ], [ 79.86407353997204, 6.907735968378592 ], [ 79.864075169333205, 6.907731750735952 ], [ 79.864068416614586, 6.907729145491667 ] ] ] } },
{ "type": "Feature", "properties": { "planarFacilityId": "7.0", "type": null }, "geometry": { "type": "Polygon", "coordinates": [ [ [ 79.864167407843809, 6.907770176743271 ], [ 79.864167707533881, 6.907770164241973 ], [ 79.86416800499326, 6.907770125685677 ], [ 79.864168297958059, 6.907770061368232 ], [ 79.864168584198737, 6.907769971778954 ], [ 79.864168861536712, 6.907769857599751 ], [ 79.864169127861302, 6.907769719699239 ], [ 79.8641693811457, 6.907769559127448 ], [ 79.864169619462231, 6.907769377106019 ], [ 79.864169840996922, 6.907769175020436 ], [ 79.864170044064139, 6.907768954408814 ], [ 79.864170227118294, 6.907768716949815 ], [ 79.864170388766027, 6.907768464450804 ], [ 79.864170527777503, 6.907768198833536 ], [ 79.864170643094241, 6.90776792211943 ], [ 79.864170733838975, 6.907767636414409 ], [ 79.864170799321002, 6.907767343892967 ], [ 79.864170839042146, 6.907767046781305 ], [ 79.864170852699701, 6.907766747340624 ], [ 79.86417084019007, 6.90776644784986 ], [ 79.864170801608111, 6.907766150588322 ], [ 79.864170737247875, 6.907765857818351 ], [ 79.864170647598968, 6.907765571768044 ], [ 79.864170533343781, 6.907765294614518 ], [ 79.864170395351493, 6.90776502846705 ], [ 79.864170234672841, 6.907764775351082 ], [ 79.864170052530284, 6.907764537193069 ], [ 79.864169850310205, 6.907764315805696 ], [ 79.864169629551768, 6.907764112873533 ], [ 79.864169391934738, 6.907763929941128 ], [ 79.864169139267702, 6.907763768400909 ], [ 79.864168873473673, 6.907763629481884 ], [ 79.864168596575411, 6.907763514241828 ], [ 79.864168310680256, 6.907763423557438 ], [ 79.864168017964147, 6.907763358118958 ], [ 79.864167720654748, 6.907763318424229 ], [ 79.864167421014798, 6.907763304775766 ], [ 79.864167121324726, 6.907763317277063 ], [ 79.864166823865375, 6.90776335583336 ], [ 79.864166530900562, 6.9077634201508 ], [ 79.864166244659884, 6.907763509740078 ], [ 79.86416596732191, 6.907763623919286 ], [ 79.864165700997333, 6.907763761819794 ], [ 79.864165447712907, 6.907763922391581 ], [ 79.864165209396404, 6.907764104413012 ], [ 79.864164987861699, 6.907764306498593 ], [ 79.864164784794468, 6.907764527110212 ], [ 79.864164601740327, 6.907764764569211 ], [ 79.864164440092608, 6.907765017068219 ], [ 79.864164301081132, 6.907765282685482 ], [ 79.864164185764395, 6.907765559399587 ], [ 79.864164095019646, 6.907765845104607 ], [ 79.864164029537605, 6.90776613762605 ], [ 79.864163989816461, 6.907766434737712 ], [ 79.864163976158906, 6.907766734178386 ], [ 79.864163988668523, 6.907767033669149 ], [ 79.864164027250482, 6.907767330930689 ], [ 79.864164091610718, 6.907767623700663 ], [ 79.864164181259611, 6.90776790975097 ], [ 79.864164295514811, 6.907768186904497 ], [ 79.864164433507085, 6.907768453051969 ], [ 79.864164594185752, 6.907768706167936 ], [ 79.864164776328309, 6.907768944325952 ], [ 79.864164978548374, 6.907769165713327 ], [ 79.864165199306811, 6.90776936864549 ], [ 79.864165436923841, 6.907769551577895 ], [ 79.864165689590877, 6.907769713118117 ], [ 79.864165955384919, 6.907769852037144 ], [ 79.864166232283182, 6.907769967277202 ], [ 79.864166518178322, 6.907770057961597 ], [ 79.86416681089446, 6.907770123400076 ], [ 79.864167108203844, 6.907770163094806 ], [ 79.864167407843809, 6.907770176743271 ] ] ] } },
{ "type": "Feature", "properties": { "planarFacilityId": "8.0", "type": null }, "geometry": { "type": "Polygon", "coordinates": [ [ [ 79.864343233295472, 6.907878123361709 ], [ 79.864343532985615, 6.90787811086031 ], [ 79.864343830445051, 6.907878072303911 ], [ 79.864344123409936, 6.907878007986367 ], [ 79.864344409650641, 6.907877918396983 ], [ 79.864344686988645, 6.907877804217681 ], [ 79.864344953313278, 6.907877666317074 ], [ 79.864345206597719, 6.90787750574519 ], [ 79.864345444914221, 6.90787732372367 ], [ 79.864345666448926, 6.907877121638004 ], [ 79.864345869516114, 6.907876901026303 ], [ 79.864346052570227, 6.907876663567231 ], [ 79.864346214217917, 6.907876411068154 ], [ 79.864346353229337, 6.907876145450832 ], [ 79.864346468546017, 6.907875868736672 ], [ 79.864346559290681, 6.907875583031609 ], [ 79.864346624772637, 6.907875290510127 ], [ 79.864346664493695, 6.90787499339844 ], [ 79.864346678151136, 6.907874693957744 ], [ 79.864346665641406, 6.907874394466969 ], [ 79.864346627059334, 6.907874097205434 ], [ 79.864346562698984, 6.907873804435471 ], [ 79.864346473049963, 6.907873518385179 ], [ 79.864346358794634, 6.907873241231678 ], [ 79.864346220802233, 6.907872975084246 ], [ 79.864346060123438, 6.907872721968323 ], [ 79.864345877980739, 6.907872483810362 ], [ 79.864345675760561, 6.907872262423044 ], [ 79.864345455001967, 6.90787205949095 ], [ 79.864345217384823, 6.907871876558619 ], [ 79.86434496471766, 6.907871715018478 ], [ 79.864344698923503, 6.907871576099538 ], [ 79.864344422025127, 6.907871460859571 ], [ 79.864344136129858, 6.907871370175271 ], [ 79.86434384341365, 6.907871304736892 ], [ 79.864343546104166, 6.907871265042258 ], [ 79.864343246464145, 6.907871251393899 ], [ 79.864342946773974, 6.907871263895297 ], [ 79.864342649314537, 6.907871302451699 ], [ 79.864342356349695, 6.907871366769238 ], [ 79.864342070108961, 6.90787145635862 ], [ 79.864341792770944, 6.907871570537924 ], [ 79.864341526446339, 6.90787170843853 ], [ 79.864341273161912, 6.907871869010409 ], [ 79.864341034845395, 6.907872051031928 ], [ 79.864340813310704, 6.90787225311759 ], [ 79.864340610243488, 6.907872473729293 ], [ 79.86434042718939, 6.907872711188365 ], [ 79.864340265541699, 6.907872963687437 ], [ 79.86434012653028, 6.907873229304758 ], [ 79.864340011213585, 6.907873506018919 ], [ 79.864339920468908, 6.907873791723977 ], [ 79.864339854986966, 6.907874084245456 ], [ 79.864339815265907, 6.907874381357139 ], [ 79.864339801608452, 6.907874680797836 ], [ 79.864339814118168, 6.907874980288611 ], [ 79.864339852700255, 6.90787527755015 ], [ 79.864339917060605, 6.907875570320114 ], [ 79.864340006709625, 6.907875856370403 ], [ 79.86434012096494, 6.907876133523902 ], [ 79.864340258957341, 6.907876399671339 ], [ 79.864340419636136, 6.90787665278726 ], [ 79.864340601778807, 6.907876890945226 ], [ 79.864340803999028, 6.907877112332542 ], [ 79.864341024757593, 6.907877315264646 ], [ 79.864341262374737, 6.907877498196973 ], [ 79.864341515041929, 6.907877659737117 ], [ 79.864341780836071, 6.907877798656064 ], [ 79.864342057734447, 6.907877913896028 ], [ 79.864342343629716, 6.90787800458033 ], [ 79.864342636345938, 6.907878070018713 ], [ 79.864342933655422, 6.907878109713348 ], [ 79.864343233295472, 6.907878123361709 ] ] ] } },
{ "type": "Feature", "properties": { "planarFacilityId": "9.0", "type": null }, "geometry": { "type": "Polygon", "coordinates": [ [ [ 79.864489144816289, 6.9082760261945 ], [ 79.864484320298629, 6.908272509187412 ], [ 79.864476908330928, 6.908282663145426 ], [ 79.864481732848631, 6.908286180152591 ], [ 79.864489144816289, 6.9082760261945 ] ] ] } },
{ "type": "Feature", "properties": { "planarFacilityId": "10.0", "type": null }, "geometry": { "type": "Polygon", "coordinates": [ [ [ 79.864293769604757, 6.907832859634875 ], [ 79.864296974711024, 6.907829668905209 ], [ 79.864291866145436, 6.907824544146394 ], [ 79.864288661039168, 6.907827734876026 ], [ 79.864293769604757, 6.907832859634875 ] ] ] } },
{ "type": "Feature", "properties": { "planarFacilityId": "11.0", "type": null }, "geometry": { "type": "Polygon", "coordinates": [ [ [ 79.864396180903171, 6.907937283084194 ], [ 79.864399386009637, 6.907934092353857 ], [ 79.864394277441818, 6.907928967595867 ], [ 79.864391072335366, 6.907932158326172 ], [ 79.864396180903171, 6.907937283084194 ] ] ] } },
{ "type": "Feature", "properties": { "planarFacilityId": "12.0", "type": null }, "geometry": { "type": "Polygon", "coordinates": [ [ [ 79.86449481145705, 6.908305587896329 ], [ 79.864498600922857, 6.908308057486897 ], [ 79.864502554901875, 6.908301998380907 ], [ 79.864498765436082, 6.908299528790375 ], [ 79.86449481145705, 6.908305587896329 ] ] ] } },
{ "type": "Feature", "properties": { "planarFacilityId": "13.0", "type": null }, "geometry": { "type": "Polygon", "coordinates": [ [ [ 79.864328293762227, 6.908541949075753 ], [ 79.864332083228717, 6.908544418667751 ], [ 79.864336037212041, 6.908538359563735 ], [ 79.864332247745565, 6.908535889971769 ], [ 79.864328293762227, 6.908541949075753 ] ] ] } },
{ "type": "Feature", "properties": { "planarFacilityId": "14.0", "type": null }, "geometry": { "type": "Polygon", "coordinates": [ [ [ 79.864057957651795, 6.908915667551932 ], [ 79.864061747119308, 6.908918137146249 ], [ 79.86406570110951, 6.908912078045426 ], [ 79.864061911641997, 6.908909608451142 ], [ 79.864057957651795, 6.908915667551932 ] ] ] } },
{ "type": "Feature", "properties": { "planarFacilityId": "15.0", "type": null }, "geometry": { "type": "Polygon", "coordinates": [ [ [ 79.863998203224668, 6.908997829266623 ], [ 79.864001992692423, 6.90900029886145 ], [ 79.864005946684159, 6.908994239761333 ], [ 79.864002157216419, 6.908991770166539 ], [ 79.863998203224668, 6.908997829266623 ] ] ] } },
{ "type": "Feature", "properties": { "planarFacilityId": "16.0", "type": null }, "geometry": { "type": "Polygon", "coordinates": [ [ [ 79.863923522776986, 6.909101237258395 ], [ 79.863927312245025, 6.909103706853863 ], [ 79.863931266238652, 6.90909764775463 ], [ 79.863927476770627, 6.909095178159194 ], [ 79.863923522776986, 6.909101237258395 ] ] ] } },
{ "type": "Feature", "properties": { "planarFacilityId": "17.0", "type": null }, "geometry": { "type": "Polygon", "coordinates": [ [ [ 79.863501114810418, 6.90973268261019 ], [ 79.863501414501698, 6.909732670109477 ], [ 79.863501711962314, 6.909732631553767 ], [ 79.863502004928407, 6.909732567236912 ], [ 79.863502291170377, 6.909732477648211 ], [ 79.863502568509674, 6.909732363469573 ], [ 79.863502834835586, 6.909732225569614 ], [ 79.863503088121305, 6.909732064998355 ], [ 79.863503326439101, 6.909731882977436 ], [ 79.863503547975085, 6.909731680892336 ], [ 79.863503751043524, 6.909731460281167 ], [ 79.863503934098844, 6.90973122282258 ], [ 79.8635040957477, 6.909730970323952 ], [ 79.863504234760242, 6.909730704707025 ], [ 79.863504350077989, 6.909730427993216 ], [ 79.863504440823633, 6.909730142288446 ], [ 79.863504506306484, 6.909729849767206 ], [ 79.863504546028366, 6.909729552655699 ], [ 79.863504559686547, 6.909729253215126 ], [ 79.863504547177456, 6.909728953724417 ], [ 79.863504508595909, 6.909728656462882 ], [ 79.863504444236, 6.909728363692863 ], [ 79.863504354587292, 6.909728077642459 ], [ 79.863504240332176, 6.909727800488788 ], [ 79.863504102339874, 6.909727534341116 ], [ 79.863503941661079, 6.909727281224907 ], [ 79.863503759518267, 6.909727043066603 ], [ 79.863503557297818, 6.909726821678898 ], [ 79.863503336538912, 6.90972661874636 ], [ 79.863503098921299, 6.909726435813544 ], [ 79.863502846253567, 6.90972627427288 ], [ 79.863502580458757, 6.909726135353377 ], [ 79.863502303559628, 6.909726020112815 ], [ 79.863502017663521, 6.909725929427895 ], [ 79.863501724946374, 6.909725863988865 ], [ 79.863501427635896, 6.90972582429357 ], [ 79.863501127994809, 6.909725810644531 ], [ 79.863500828303529, 6.909725823145244 ], [ 79.863500530842913, 6.909725861700956 ], [ 79.863500237876835, 6.909725926017811 ], [ 79.86349995163485, 6.909726015606513 ], [ 79.863499674295568, 6.909726129785146 ], [ 79.863499407969655, 6.909726267685104 ], [ 79.863499154683936, 6.90972642825636 ], [ 79.86349891636614, 6.909726610277279 ], [ 79.86349869483017, 6.909726812362373 ], [ 79.863498491761717, 6.909727032973547 ], [ 79.863498308706397, 6.909727270432127 ], [ 79.863498147057541, 6.909727522930753 ], [ 79.863498008044999, 6.909727788547678 ], [ 79.863497892727267, 6.909728065261486 ], [ 79.863497801981609, 6.909728350966256 ], [ 79.863497736498744, 6.909728643487494 ], [ 79.863497696776861, 6.909728940598999 ], [ 79.86349768311868, 6.90972924003957 ], [ 79.863497695627771, 6.90972953953028 ], [ 79.863497734209304, 6.909729836791814 ], [ 79.863497798569227, 6.909730129561835 ], [ 79.863497888217921, 6.909730415612239 ], [ 79.863498002473023, 6.909730692765915 ], [ 79.863498140465339, 6.909730958913581 ], [ 79.863498301144119, 6.909731212029795 ], [ 79.863498483286932, 6.9097314501881 ], [ 79.863498685507381, 6.909731671575805 ], [ 79.863498906266287, 6.909731874508346 ], [ 79.863499143883899, 6.909732057441165 ], [ 79.863499396551632, 6.909732218981834 ], [ 79.863499662346442, 6.90973235790134 ], [ 79.863499939245571, 6.909732473141903 ], [ 79.863500225141678, 6.909732563826826 ], [ 79.863500517858839, 6.909732629265856 ], [ 79.863500815169317, 6.909732668961151 ], [ 79.863501114810418, 6.90973268261019 ] ] ] } },
{ "type": "Feature", "properties": { "planarFacilityId": "18.0", "type": null }, "geometry": { "type": "Polygon", "coordinates": [ [ [ 79.863500313648274, 6.909722787322967 ], [ 79.863500613339539, 6.909722774822256 ], [ 79.863500910800155, 6.909722736266543 ], [ 79.863501203766234, 6.90972267194969 ], [ 79.863501490008218, 6.909722582360985 ], [ 79.863501767347501, 6.909722468182351 ], [ 79.863502033673399, 6.909722330282388 ], [ 79.863502286959118, 6.909722169711133 ], [ 79.863502525276928, 6.90972198769021 ], [ 79.863502746812884, 6.909721785605109 ], [ 79.863502949881337, 6.909721564993938 ], [ 79.863503132936657, 6.909721327535353 ], [ 79.863503294585499, 6.909721075036726 ], [ 79.863503433598027, 6.9097208094198 ], [ 79.863503548915773, 6.909720532705987 ], [ 79.863503639661431, 6.909720247001218 ], [ 79.863503705144282, 6.909719954479975 ], [ 79.863503744866136, 6.909719657368472 ], [ 79.863503758524331, 6.909719357927899 ], [ 79.86350374601524, 6.909719058437188 ], [ 79.863503707433694, 6.909718761175655 ], [ 79.863503643073784, 6.909718468405635 ], [ 79.863503553425062, 6.909718182355232 ], [ 79.863503439169975, 6.909717905201556 ], [ 79.863503301177658, 6.909717639053889 ], [ 79.863503140498864, 6.90971738593768 ], [ 79.863502958356065, 6.909717147779378 ], [ 79.863502756135617, 6.909716926391671 ], [ 79.863502535376711, 6.909716723459134 ], [ 79.863502297759098, 6.909716540526318 ], [ 79.863502045091394, 6.909716378985653 ], [ 79.863501779296584, 6.909716240066149 ], [ 79.863501502397469, 6.909716124825589 ], [ 79.863501216501362, 6.909716034140668 ], [ 79.86350092378423, 6.909715968701638 ], [ 79.863500626473751, 6.909715929006341 ], [ 79.863500326832664, 6.909715915357307 ], [ 79.863500027141384, 6.909715927858019 ], [ 79.863499729680768, 6.909715966413729 ], [ 79.86349943671469, 6.909716030730586 ], [ 79.863499150472734, 6.90971612031929 ], [ 79.863498873133452, 6.909716234497923 ], [ 79.863498606807539, 6.909716372397883 ], [ 79.863498353521834, 6.909716532969136 ], [ 79.863498115204038, 6.909716714990058 ], [ 79.863497893668068, 6.909716917075155 ], [ 79.86349769059963, 6.909717137686322 ], [ 79.863497507544309, 6.909717375144903 ], [ 79.863497345895468, 6.909717627643533 ], [ 79.863497206882911, 6.909717893260458 ], [ 79.863497091565165, 6.909718169974267 ], [ 79.863497000819521, 6.909718455679036 ], [ 79.86349693533667, 6.909718748200272 ], [ 79.863496895614787, 6.909719045311777 ], [ 79.863496881956607, 6.909719344752348 ], [ 79.863496894465683, 6.909719644243059 ], [ 79.863496933047216, 6.909719941504592 ], [ 79.86349699740714, 6.909720234274613 ], [ 79.863497087055848, 6.909720520325018 ], [ 79.863497201310949, 6.909720797478692 ], [ 79.863497339303251, 6.909721063626365 ], [ 79.863497499982032, 6.909721316742575 ], [ 79.863497682124859, 6.909721554900878 ], [ 79.863497884345279, 6.90972177628859 ], [ 79.863498105104185, 6.909721979221125 ], [ 79.863498342721812, 6.909722162153944 ], [ 79.86349859538953, 6.909722323694608 ], [ 79.86349886118434, 6.909722462614116 ], [ 79.863499138083455, 6.909722577854682 ], [ 79.863499423979562, 6.909722668539604 ], [ 79.863499716696708, 6.909722733978632 ], [ 79.863500014007172, 6.909722773673932 ], [ 79.863500313648274, 6.909722787322967 ] ] ] } },
{ "type": "Feature", "properties": { "planarFacilityId": "19.0", "type": null }, "geometry": { "type": "Polygon", "coordinates": [ [ [ 79.864006942126636, 6.909162995766637 ], [ 79.864004088311148, 6.90916650381588 ], [ 79.864009704942177, 6.909171066870263 ], [ 79.864012558757665, 6.90916755882099 ], [ 79.864006942126636, 6.909162995766637 ] ] ] } },
{ "type": "Feature", "properties": { "planarFacilityId": "20.0", "type": null }, "geometry": { "type": "Polygon", "coordinates": [ [ [ 79.864026868964487, 6.909139824991889 ], [ 79.864030523905114, 6.909142489395152 ], [ 79.864034789799888, 6.909136645396486 ], [ 79.86403113485926, 6.909133980993261 ], [ 79.864026868964487, 6.909139824991889 ] ] ] } },
{ "type": "Feature", "properties": { "planarFacilityId": "21.0", "type": null }, "geometry": { "type": "Polygon", "coordinates": [ [ [ 79.864090772595858, 6.90905136858528 ], [ 79.864094427536301, 6.909054032988018 ], [ 79.864098693429426, 6.909048188988555 ], [ 79.864095038488983, 6.909045524585848 ], [ 79.864090772595858, 6.90905136858528 ] ] ] } },
{ "type": "Feature", "properties": { "planarFacilityId": "22.0", "type": null }, "geometry": { "type": "Polygon", "coordinates": [ [ [ 79.864064755812365, 6.909079278813155 ], [ 79.864065055503261, 6.909079266312033 ], [ 79.864065352963465, 6.909079227755908 ], [ 79.864065645929116, 6.909079163438645 ], [ 79.864065932170618, 6.909079073849533 ], [ 79.864066209509417, 6.909078959670497 ], [ 79.864066475834818, 6.909078821770151 ], [ 79.864066729120012, 6.90907866119852 ], [ 79.864066967437267, 6.909078479177241 ], [ 79.864067188972697, 6.909078277091805 ], [ 79.864067392040596, 6.909078056480316 ], [ 79.86406757509539, 6.909077819021437 ], [ 79.864067736743678, 6.909077566522545 ], [ 79.864067875755694, 6.909077300905379 ], [ 79.864067991072901, 6.909077024191358 ], [ 79.864068081818061, 6.909076738486417 ], [ 79.864068147300429, 6.909076445965032 ], [ 79.864068187021857, 6.90907614885342 ], [ 79.864068200679597, 6.909075849412774 ], [ 79.864068188170137, 6.909075549922027 ], [ 79.864068149588235, 6.909075252660492 ], [ 79.864068085227984, 6.909074959890505 ], [ 79.864067995579006, 6.90907467384017 ], [ 79.864067881323663, 6.909074396686601 ], [ 79.864067743331162, 6.909074130539074 ], [ 79.864067582652211, 6.909073877423038 ], [ 79.864067400509299, 6.909073639264938 ], [ 79.864067198288794, 6.909073417877469 ], [ 79.864066977529873, 6.909073214945193 ], [ 79.864066739912317, 6.90907303201267 ], [ 79.864066487244671, 6.909072870472321 ], [ 79.864066221449988, 6.909072731553153 ], [ 79.864065944551044, 6.909072616312947 ], [ 79.864065658655164, 6.909072525628398 ], [ 79.864065365938302, 6.909072460189757 ], [ 79.864065068628122, 6.909072420494859 ], [ 79.864064768987376, 6.909072406846223 ], [ 79.864064469296466, 6.909072419347351 ], [ 79.864064171836262, 6.909072457903472 ], [ 79.864063878870624, 6.909072522220739 ], [ 79.864063592629122, 6.909072611809846 ], [ 79.864063315290338, 6.90907272598888 ], [ 79.864063048964937, 6.90907286388923 ], [ 79.864062795679743, 6.909073024460856 ], [ 79.864062557362473, 6.909073206482133 ], [ 79.864062335827043, 6.909073408567568 ], [ 79.864062132759159, 6.909073629179057 ], [ 79.864061949704379, 6.909073866637928 ], [ 79.864061788056063, 6.909074119136821 ], [ 79.864061649044061, 6.909074384753986 ], [ 79.864061533726826, 6.909074661467998 ], [ 79.864061442981679, 6.909074947172945 ], [ 79.864061377499311, 6.909075239694326 ], [ 79.864061337777869, 6.909075536805936 ], [ 79.864061324120115, 6.909075836246582 ], [ 79.86406133662959, 6.90907613573733 ], [ 79.864061375211477, 6.909076432998868 ], [ 79.864061439571728, 6.909076725768852 ], [ 79.864061529220706, 6.909077011819186 ], [ 79.864061643476035, 6.909077288972759 ], [ 79.86406178146855, 6.909077555120283 ], [ 79.864061942147487, 6.909077808236323 ], [ 79.864062124290413, 6.909078046394423 ], [ 79.864062326510904, 6.909078267781898 ], [ 79.864062547269825, 6.909078470714173 ], [ 79.864062784887395, 6.909078653646699 ], [ 79.864063037555042, 6.909078815187053 ], [ 79.864063303349724, 6.909078954106221 ], [ 79.864063580248668, 6.909079069346428 ], [ 79.864063866144548, 6.909079160030977 ], [ 79.864064158861439, 6.909079225469623 ], [ 79.864064456171604, 6.909079265164523 ], [ 79.864064755812365, 6.909079278813155 ] ] ] } },
{ "type": "Feature", "properties": { "planarFacilityId": "23.0", "type": null }, "geometry": { "type": "Polygon", "coordinates": [ [ [ 79.86441782723503, 6.908597203980285 ], [ 79.864421482174464, 6.908599868380347 ], [ 79.864425748059148, 6.908594024376788 ], [ 79.864422093119714, 6.90859135997676 ], [ 79.86441782723503, 6.908597203980285 ] ] ] } },
{ "type": "Feature", "properties": { "planarFacilityId": "24.0", "type": null }, "geometry": { "type": "Polygon", "coordinates": [ [ [ 79.864604301232305, 6.908344848956311 ], [ 79.864607657457896, 6.908347880549596 ], [ 79.864612511241162, 6.90834251416656 ], [ 79.864609155015572, 6.908339482573307 ], [ 79.864604301232305, 6.908344848956311 ] ] ] } },
{ "type": "Feature", "properties": { "planarFacilityId": "25.0", "type": null }, "geometry": { "type": "Polygon", "coordinates": [ [ [ 79.864852842559728, 6.908280109980244 ], [ 79.86485490414897, 6.908276085639818 ], [ 79.864848460912199, 6.908272789294356 ], [ 79.864846399322943, 6.908276813634746 ], [ 79.864852842559728, 6.908280109980244 ] ] ] } },
{ "type": "Feature", "properties": { "planarFacilityId": "26.0", "type": null }, "geometry": { "type": "Polygon", "coordinates": [ [ [ 79.864137081542609, 6.908768695457279 ], [ 79.864137381233306, 6.908768682956084 ], [ 79.864137678693311, 6.908768644399893 ], [ 79.864137971658764, 6.908768580082548 ], [ 79.864138257900052, 6.908768490493374 ], [ 79.864138535238652, 6.908768376314267 ], [ 79.86413880156384, 6.908768238413852 ], [ 79.864139054848849, 6.908768077842157 ], [ 79.86413929316592, 6.908767895820815 ], [ 79.864139514701165, 6.908767693735317 ], [ 79.864139717768879, 6.908767473123771 ], [ 79.864139900823474, 6.908767235664848 ], [ 79.864140062471634, 6.908766983165902 ], [ 79.86414020148348, 6.908766717548701 ], [ 79.864140316800558, 6.908766440834644 ], [ 79.864140407545591, 6.908766155129668 ], [ 79.864140473027845, 6.908765862608258 ], [ 79.864140512749188, 6.908765565496628 ], [ 79.864140526406871, 6.908765266055967 ], [ 79.864140513897311, 6.908764966565215 ], [ 79.864140475315381, 6.908764669303678 ], [ 79.864140410955102, 6.908764376533699 ], [ 79.864140321306095, 6.908764090483375 ], [ 79.864140207050767, 6.908763813329827 ], [ 79.86414006905828, 6.908763547182321 ], [ 79.864139908379386, 6.908763294066314 ], [ 79.864139726236516, 6.908763055908249 ], [ 79.864139524016096, 6.908762834520821 ], [ 79.864139303257261, 6.908762631588593 ], [ 79.864139065639804, 6.908762448656117 ], [ 79.864138812972271, 6.908762287115824 ], [ 79.864138547177731, 6.908762148196716 ], [ 79.864138270278943, 6.90876203295657 ], [ 79.864137984383234, 6.908761942272085 ], [ 79.864137691666528, 6.908761876833514 ], [ 79.864137394356518, 6.908761837138681 ], [ 79.864137094715957, 6.908761823490122 ], [ 79.864136795025246, 6.908761835991315 ], [ 79.864136497565255, 6.908761874547512 ], [ 79.864136204599802, 6.908761938864849 ], [ 79.864135918358514, 6.908762028454027 ], [ 79.864135641019928, 6.908762142633131 ], [ 79.864135374694726, 6.908762280533549 ], [ 79.864135121409731, 6.90876244110524 ], [ 79.86413488309266, 6.90876262312658 ], [ 79.864134661557429, 6.908762825212071 ], [ 79.864134458489715, 6.908763045823615 ], [ 79.864134275435106, 6.908763283282541 ], [ 79.86413411378696, 6.908763535781482 ], [ 79.8641339747751, 6.908763801398685 ], [ 79.864133859458008, 6.908764078112736 ], [ 79.864133768712975, 6.908764363817711 ], [ 79.864133703230706, 6.90876465633912 ], [ 79.864133663509378, 6.90876495345075 ], [ 79.864133649851709, 6.908765252891406 ], [ 79.864133662361255, 6.90876555238216 ], [ 79.864133700943185, 6.908765849643697 ], [ 79.864133765303464, 6.908766142413676 ], [ 79.864133854952456, 6.908766428464002 ], [ 79.864133969207785, 6.908766705617553 ], [ 79.864134107200258, 6.908766971765059 ], [ 79.864134267879152, 6.908767224881066 ], [ 79.864134450022021, 6.908767463039131 ], [ 79.864134652242441, 6.908767684426564 ], [ 79.864134873001277, 6.908767887358795 ], [ 79.864135110618733, 6.90876807029127 ], [ 79.864135363286266, 6.908768231831568 ], [ 79.864135629080792, 6.908768370750681 ], [ 79.864135905979595, 6.908768485990826 ], [ 79.864136191875318, 6.908768576675311 ], [ 79.864136484592038, 6.908768642113889 ], [ 79.864136781902033, 6.908768681808716 ], [ 79.864137081542609, 6.908768695457279 ] ] ] } },
{ "type": "Feature", "properties": { "planarFacilityId": "27.0", "type": null }, "geometry": { "type": "Polygon", "coordinates": [ [ [ 79.863841901206527, 6.909197034291394 ], [ 79.86384220089748, 6.909197021790422 ], [ 79.863842498357755, 6.909196983234449 ], [ 79.863842791323492, 6.909196918917334 ], [ 79.863843077565093, 6.909196829328377 ], [ 79.863843354903992, 6.909196715149485 ], [ 79.863843621229506, 6.909196577249278 ], [ 79.863843874514828, 6.909196416677787 ], [ 79.863844112832226, 6.90919623465664 ], [ 79.863844334367798, 6.909196032571326 ], [ 79.863844537435838, 6.909195811959953 ], [ 79.863844720490775, 6.909195574501184 ], [ 79.863844882139247, 6.909195322002387 ], [ 79.863845021151405, 6.909195056385311 ], [ 79.863845136468797, 6.909194779671369 ], [ 79.8638452272141, 6.909194493966488 ], [ 79.863845292696638, 6.909194201445157 ], [ 79.863845332418208, 6.90919390433358 ], [ 79.863845346076104, 6.909193604892964 ], [ 79.863845333566786, 6.909193305402225 ], [ 79.86384529498504, 6.909193008140693 ], [ 79.863845230624918, 6.909192715370693 ], [ 79.863845140976053, 6.909192429320335 ], [ 79.863845026720838, 6.909192152166728 ], [ 79.863844888728437, 6.909191886019148 ], [ 79.863844728049585, 6.909191632903049 ], [ 79.863844545906758, 6.909191394744872 ], [ 79.863844343686324, 6.909191173357314 ], [ 79.863844122927475, 6.909190970424945 ], [ 79.863843885309947, 6.909190787492314 ], [ 79.863843632642343, 6.909190625951848 ], [ 79.863843366847689, 6.909190487032557 ], [ 79.863843089948745, 6.909190371792222 ], [ 79.863842804052851, 6.909190281107536 ], [ 79.86384251133596, 6.909190215668751 ], [ 79.863842214025752, 6.909190175973706 ], [ 79.863841914384963, 6.909190162324927 ], [ 79.863841614693982, 6.909190174825899 ], [ 79.863841317233721, 6.909190213381872 ], [ 79.863841024267998, 6.909190277698985 ], [ 79.863840738026397, 6.909190367287944 ], [ 79.863840460687499, 6.909190481466833 ], [ 79.863840194361984, 6.909190619367038 ], [ 79.863839941076662, 6.909190779938528 ], [ 79.86383970275925, 6.909190961959675 ], [ 79.863839481223678, 6.909191164044987 ], [ 79.863839278155652, 6.909191384656355 ], [ 79.863839095100715, 6.909191622115123 ], [ 79.863838933452243, 6.909191874613921 ], [ 79.863838794440071, 6.909192140230995 ], [ 79.863838679122694, 6.909192416944934 ], [ 79.863838588377376, 6.909192702649811 ], [ 79.863838522894852, 6.909192995171144 ], [ 79.863838483173254, 6.909193292282713 ], [ 79.863838469515358, 6.909193591723334 ], [ 79.863838482024676, 6.909193891214067 ], [ 79.863838520606421, 6.909194188475603 ], [ 79.863838584966544, 6.909194481245605 ], [ 79.86383867461538, 6.909194767295963 ], [ 79.863838788870609, 6.909195044449572 ], [ 79.863838926862996, 6.909195310597151 ], [ 79.863839087541848, 6.909195563713255 ], [ 79.863839269684689, 6.90919580187143 ], [ 79.863839471905109, 6.909196023258989 ], [ 79.863839692663973, 6.909196226191364 ], [ 79.863839930281486, 6.909196409123996 ], [ 79.863840182949104, 6.909196570664461 ], [ 79.863840448743758, 6.909196709583758 ], [ 79.863840725642703, 6.909196824824096 ], [ 79.863841011538582, 6.909196915508781 ], [ 79.863841304255473, 6.909196980947568 ], [ 79.863841601565696, 6.909197020642613 ], [ 79.863841901206527, 6.909197034291394 ] ] ] } },
{ "type": "Feature", "properties": { "planarFacilityId": "28.0", "type": null }, "geometry": { "type": "Polygon", "coordinates": [ [ [ 79.863370216034681, 6.909754771805092 ], [ 79.863370515725961, 6.909754759304466 ], [ 79.863370813186606, 6.909754720748839 ], [ 79.863371106152712, 6.909754656432067 ], [ 79.863371392394711, 6.909754566843448 ], [ 79.863371669734036, 6.909754452664895 ], [ 79.863371936059977, 6.909754314765014 ], [ 79.863372189345768, 6.909754154193834 ], [ 79.863372427663606, 6.909753972172989 ], [ 79.863372649199647, 6.90975377008796 ], [ 79.863372852268157, 6.909753549476848 ], [ 79.863373035323562, 6.909753312018328 ], [ 79.863373196972475, 6.909753059519753 ], [ 79.863373335985088, 6.909752793902878 ], [ 79.863373451302905, 6.909752517189109 ], [ 79.863373542048635, 6.909752231484372 ], [ 79.863373607531571, 6.909751938963161 ], [ 79.863373647253539, 6.909751641851679 ], [ 79.86337366091179, 6.909751342411119 ], [ 79.863373648402799, 6.90975104292042 ], [ 79.863373609821352, 6.909750745658886 ], [ 79.863373545461499, 6.909750452888858 ], [ 79.863373455812877, 6.90975016683844 ], [ 79.86337334155786, 6.909749889684743 ], [ 79.863373203565615, 6.909749623537047 ], [ 79.863373042886892, 6.909749370420803 ], [ 79.863372860744136, 6.909749132262455 ], [ 79.863372658523758, 6.909748910874699 ], [ 79.863372437764895, 6.909748707942106 ], [ 79.863372200147339, 6.909748525009234 ], [ 79.863371947479649, 6.909748363468502 ], [ 79.863371681684868, 6.909748224548929 ], [ 79.863371404785781, 6.909748109308294 ], [ 79.863371118889702, 6.909748018623297 ], [ 79.86337082617257, 6.909747953184187 ], [ 79.863370528862092, 6.909747913488809 ], [ 79.86337022922099, 6.909747899839688 ], [ 79.863369929529711, 6.909747912340316 ], [ 79.86336963206908, 6.909747950895941 ], [ 79.863369339102974, 6.909748015212714 ], [ 79.863369052860975, 6.909748104801331 ], [ 79.863368775521664, 6.909748218979887 ], [ 79.863368509195709, 6.909748356879763 ], [ 79.863368255909947, 6.909748517450939 ], [ 79.86336801759208, 6.909748699471787 ], [ 79.863367796056053, 6.909748901556811 ], [ 79.863367592987544, 6.909749122167919 ], [ 79.863367409932152, 6.909749359626439 ], [ 79.863367248283225, 6.909749612125014 ], [ 79.863367109270598, 6.909749877741888 ], [ 79.863366993952781, 6.909750154455655 ], [ 79.863366903207051, 6.909750440160384 ], [ 79.863366837724115, 6.909750732681598 ], [ 79.863366798002147, 6.909751029793077 ], [ 79.863366784343881, 6.909751329233634 ], [ 79.863366796852873, 6.909751628724337 ], [ 79.86336683543432, 6.90975192598587 ], [ 79.863366899794173, 6.909752218755899 ], [ 79.863366989442781, 6.909752504806317 ], [ 79.863367103697797, 6.909752781960015 ], [ 79.863367241690042, 6.909753048107711 ], [ 79.863367402368766, 6.909753301223959 ], [ 79.863367584511508, 6.90975353938231 ], [ 79.863367786731885, 6.909753760770068 ], [ 79.863368007490763, 6.909753963702661 ], [ 79.863368245108319, 6.909754146635535 ], [ 79.863368497776008, 6.909754308176267 ], [ 79.863368763570776, 6.909754447095845 ], [ 79.863369040469877, 6.909754562336482 ], [ 79.863369326365955, 6.909754653021482 ], [ 79.863369619083088, 6.909754718460592 ], [ 79.863369916393566, 6.90975475815597 ], [ 79.863370216034681, 6.909754771805092 ] ] ] } },
{ "type": "Feature", "properties": { "planarFacilityId": "29.0", "type": null }, "geometry": { "type": "Polygon", "coordinates": [ [ [ 79.863384491887771, 6.90975033146048 ], [ 79.863384737321866, 6.909745817080217 ], [ 79.863377509475896, 6.909745424648487 ], [ 79.863377264041745, 6.909749939028738 ], [ 79.863384491887771, 6.90975033146048 ] ] ] } },
{ "type": "Feature", "properties": { "planarFacilityId": "30.0", "type": null }, "geometry": { "type": "Polygon", "coordinates": [ [ [ 79.863283185155183, 6.909712524441483 ], [ 79.863283484846448, 6.909712511940906 ], [ 79.86328378230705, 6.909712473385331 ], [ 79.863284075273128, 6.909712409068612 ], [ 79.863284361515127, 6.909712319480048 ], [ 79.863284638854438, 6.909712205301538 ], [ 79.863284905180379, 6.909712067401708 ], [ 79.863285158466155, 6.909711906830577 ], [ 79.863285396784008, 6.909711724809774 ], [ 79.863285618320063, 6.909711522724786 ], [ 79.863285821388573, 6.90971130211372 ], [ 79.863286004443992, 6.909711064655233 ], [ 79.863286166092934, 6.909710812156693 ], [ 79.863286305105589, 6.909710546539844 ], [ 79.863286420423449, 6.909710269826098 ], [ 79.863286511169221, 6.90970998412139 ], [ 79.8632865766522, 6.909709691600196 ], [ 79.863286616374211, 6.909709394488726 ], [ 79.863286630032519, 6.909709095048174 ], [ 79.863286617523556, 6.90970879555748 ], [ 79.863286578942166, 6.909708498295946 ], [ 79.863286514582384, 6.909708205525912 ], [ 79.863286424933818, 6.909707919475484 ], [ 79.863286310678845, 6.909707642321776 ], [ 79.863286172686671, 6.909707376174063 ], [ 79.863286012008004, 6.909707123057794 ], [ 79.863285829865305, 6.909706884899424 ], [ 79.863285627644998, 6.909706663511638 ], [ 79.863285406886206, 6.909706460579012 ], [ 79.863285169268678, 6.909706277646103 ], [ 79.86328491660106, 6.909706116105335 ], [ 79.863284650806349, 6.909705977185717 ], [ 79.863284373907305, 6.909705861945035 ], [ 79.863284088011255, 6.909705771259992 ], [ 79.86328379529418, 6.909705705820832 ], [ 79.863283497983744, 6.909705666125405 ], [ 79.863283198342685, 6.909705652476233 ], [ 79.86328289865142, 6.909705664976808 ], [ 79.863282601190832, 6.909705703532383 ], [ 79.863282308224754, 6.909705767849103 ], [ 79.863282021982755, 6.909705857437669 ], [ 79.863281744643444, 6.909705971616176 ], [ 79.863281478317504, 6.909706109516006 ], [ 79.863281225031741, 6.909706270087135 ], [ 79.863280986713875, 6.909706452107934 ], [ 79.863280765177848, 6.90970665419292 ], [ 79.86328056210931, 6.909706874803984 ], [ 79.863280379053904, 6.90970711226247 ], [ 79.863280217404963, 6.909707364761009 ], [ 79.863280078392307, 6.909707630377855 ], [ 79.863279963074461, 6.909707907091596 ], [ 79.863279872328661, 6.909708192796304 ], [ 79.863279806845696, 6.909708485317498 ], [ 79.863279767123672, 6.909708782428966 ], [ 79.863279753465363, 6.909709081869514 ], [ 79.863279765974298, 6.909709381360212 ], [ 79.863279804555688, 6.909709678621746 ], [ 79.863279868915498, 6.909709971391776 ], [ 79.86327995856405, 6.909710257442208 ], [ 79.863280072819009, 6.909710534595916 ], [ 79.863280210811197, 6.909710800743631 ], [ 79.863280371489836, 6.9097110538599 ], [ 79.863280553632535, 6.909711292018276 ], [ 79.863280755852855, 6.909711513406062 ], [ 79.863280976611648, 6.909711716338689 ], [ 79.863281214229161, 6.909711899271604 ], [ 79.86328146689678, 6.909712060812375 ], [ 79.863281732691505, 6.909712199731994 ], [ 79.863282009590563, 6.909712314972676 ], [ 79.863282295486599, 6.909712405657724 ], [ 79.863282588203674, 6.909712471096879 ], [ 79.86328288551411, 6.909712510792307 ], [ 79.863283185155183, 6.909712524441483 ] ] ] } },
{ "type": "Feature", "properties": { "planarFacilityId": "31.0", "type": null }, "geometry": { "type": "Polygon", "coordinates": [ [ [ 79.863102776023226, 6.909629741477156 ], [ 79.8631048376336, 6.909625717147227 ], [ 79.863098394394981, 6.909622420777485 ], [ 79.863096332784579, 6.909626445107381 ], [ 79.863102776023226, 6.909629741477156 ] ] ] } },
{ "type": "Feature", "properties": { "planarFacilityId": "32.0", "type": null }, "geometry": { "type": "Polygon", "coordinates": [ [ [ 79.863087933140164, 6.909590279372728 ], [ 79.863089994750453, 6.909586255042856 ], [ 79.863085323402913, 6.909583865174709 ], [ 79.863083261792596, 6.909587889504564 ], [ 79.863087933140164, 6.909590279372728 ] ] ] } },
{ "type": "Feature", "properties": { "planarFacilityId": "33.0", "type": null }, "geometry": { "type": "Polygon", "coordinates": [ [ [ 79.863013834091944, 6.909581355521012 ], [ 79.863014133783096, 6.909581343020596 ], [ 79.863014431243613, 6.909581304465181 ], [ 79.863014724209634, 6.909581240148623 ], [ 79.863015010451562, 6.909581150560211 ], [ 79.863015287790844, 6.90958103638186 ], [ 79.863015554116771, 6.90958089848218 ], [ 79.863015807402547, 6.909580737911193 ], [ 79.863016045720414, 6.909580555890529 ], [ 79.863016267256484, 6.909580353805673 ], [ 79.86301647032505, 6.909580133194728 ], [ 79.863016653380527, 6.909579895736355 ], [ 79.863016815029553, 6.909579643237917 ], [ 79.86301695404228, 6.909579377621163 ], [ 79.863017069360254, 6.909579100907495 ], [ 79.863017160106139, 6.909578815202855 ], [ 79.863017225589246, 6.909578522681715 ], [ 79.863017265311399, 6.909578225570288 ], [ 79.863017278969863, 6.909577926129767 ], [ 79.863017266461085, 6.909577626639083 ], [ 79.863017227879865, 6.909577329377547 ], [ 79.86301716352024, 6.9095770366075 ], [ 79.863017073871873, 6.909576750557044 ], [ 79.863016959617084, 6.909576473403297 ], [ 79.863016821625095, 6.909576207255527 ], [ 79.863016660946627, 6.909575954139193 ], [ 79.863016478804127, 6.909575715980738 ], [ 79.863016276583991, 6.909575494592863 ], [ 79.863016055825369, 6.909575291660134 ], [ 79.863015818208055, 6.909575108727111 ], [ 79.863015565540593, 6.909574947186218 ], [ 79.863015299746039, 6.90957480826647 ], [ 79.863015022847151, 6.909574693025654 ], [ 79.863014736951285, 6.909574602340461 ], [ 79.863014444234324, 6.909574536901157 ], [ 79.863014146924016, 6.90957449720557 ], [ 79.863013847283057, 6.909574483556241 ], [ 79.863013547591919, 6.90957449605666 ], [ 79.863013250131402, 6.909574534612074 ], [ 79.863012957165367, 6.909574598928633 ], [ 79.863012670923439, 6.909574688517044 ], [ 79.863012393584171, 6.909574802695392 ], [ 79.863012127258244, 6.909574940595069 ], [ 79.863011873972482, 6.909575101166057 ], [ 79.863011635654615, 6.909575283186718 ], [ 79.863011414118546, 6.909575485271573 ], [ 79.863011211049965, 6.909575705882514 ], [ 79.863011027994503, 6.909575943340882 ], [ 79.863010866345462, 6.909576195839324 ], [ 79.863010727332735, 6.909576461456076 ], [ 79.863010612014776, 6.909576738169735 ], [ 79.863010521268876, 6.909577023874378 ], [ 79.863010455785755, 6.909577316395517 ], [ 79.863010416063602, 6.909577613506944 ], [ 79.863010402405138, 6.909577912947463 ], [ 79.863010414913916, 6.909578212438147 ], [ 79.863010453495136, 6.90957850969968 ], [ 79.863010517854747, 6.909578802469726 ], [ 79.863010607503114, 6.909579088520184 ], [ 79.863010721757888, 6.909579365673935 ], [ 79.863010859749878, 6.909579631821707 ], [ 79.863011020428345, 6.909579884938043 ], [ 79.86301120257086, 6.909580123096496 ], [ 79.863011404790981, 6.909580344484375 ], [ 79.863011625549603, 6.909580547417105 ], [ 79.863011863166918, 6.909580730350132 ], [ 79.86301211583438, 6.909580891891027 ], [ 79.863012381628934, 6.909581030810776 ], [ 79.863012658527822, 6.909581146051597 ], [ 79.863012944423716, 6.909581236736791 ], [ 79.863013237140663, 6.909581302176099 ], [ 79.863013534450985, 6.909581341871684 ], [ 79.863013834091944, 6.909581355521012 ] ] ] } },
{ "type": "Feature", "properties": { "planarFacilityId": "34.0", "type": null }, "geometry": { "type": "Polygon", "coordinates": [ [ [ 79.862845389430063, 6.909510678409883 ], [ 79.86284745104183, 6.909506654081261 ], [ 79.862842779696521, 6.909504264210993 ], [ 79.862840718084755, 6.909508288539589 ], [ 79.862845389430063, 6.909510678409883 ] ] ] } },
{ "type": "Feature", "properties": { "planarFacilityId": "35.0", "type": null }, "geometry": { "type": "Polygon", "coordinates": [ [ [ 79.862707543094899, 6.909673353128198 ], [ 79.862709604708627, 6.909669328800449 ], [ 79.862704933362707, 6.909666938928726 ], [ 79.862702871748965, 6.909670963256453 ], [ 79.862707543094899, 6.909673353128198 ] ] ] } },
{ "type": "Feature", "properties": { "planarFacilityId": "36.0", "type": null }, "geometry": { "type": "Polygon", "coordinates": [ [ [ 79.862799601772835, 6.909704471743064 ], [ 79.862801663385994, 6.909700447414841 ], [ 79.862796992039236, 6.909698057543919 ], [ 79.862794930426034, 6.909702081872125 ], [ 79.862799601772835, 6.909704471743064 ] ] ] } },
{ "type": "Feature", "properties": { "planarFacilityId": "37.0", "type": null }, "geometry": { "type": "Polygon", "coordinates": [ [ [ 79.863139076600419, 6.909896300261974 ], [ 79.863141742795833, 6.90989264776936 ], [ 79.86313750306546, 6.909889557053646 ], [ 79.863134836870046, 6.909893209546233 ], [ 79.863139076600419, 6.909896300261974 ] ] ] } },
{ "type": "Feature", "properties": { "planarFacilityId": "38.0", "type": null }, "geometry": { "type": "Polygon", "coordinates": [ [ [ 79.863345818542626, 6.910073229611275 ], [ 79.863347880153512, 6.910069205280346 ], [ 79.863343208799918, 6.910066815413988 ], [ 79.863341147189018, 6.910070839744891 ], [ 79.863345818542626, 6.910073229611275 ] ] ] } },
{ "type": "Feature", "properties": { "planarFacilityId": "39.0", "type": null }, "geometry": { "type": "Polygon", "coordinates": [ [ [ 79.86344325650326, 6.9101588368951 ], [ 79.863446290138256, 6.910155482915958 ], [ 79.863442396913342, 6.910151966257708 ], [ 79.863439363278331, 6.910155320236825 ], [ 79.86344325650326, 6.9101588368951 ] ] ] } },
{ "type": "Feature", "properties": { "planarFacilityId": "40.0", "type": null }, "geometry": { "type": "Polygon", "coordinates": [ [ [ 79.863539473540044, 6.910249062931367 ], [ 79.863542507175111, 6.910245708951609 ], [ 79.863538613948748, 6.91024219229397 ], [ 79.86353558031368, 6.910245546273701 ], [ 79.863539473540044, 6.910249062931367 ] ] ] } },
{ "type": "Feature", "properties": { "planarFacilityId": "41.0", "type": null }, "geometry": { "type": "Polygon", "coordinates": [ [ [ 79.86363609937348, 6.910341811352133 ], [ 79.863639133008604, 6.910338457371762 ], [ 79.863635239780734, 6.910334940714733 ], [ 79.86363220614561, 6.91033829469508 ], [ 79.86363609937348, 6.910341811352133 ] ] ] } },
{ "type": "Feature", "properties": { "planarFacilityId": "42.0", "type": null }, "geometry": { "type": "Polygon", "coordinates": [ [ [ 79.864052918793092, 6.910819682177877 ], [ 79.86405658393781, 6.910817031792313 ], [ 79.864053507424401, 6.910812783079764 ], [ 79.864049842279712, 6.910815433465305 ], [ 79.864052918793092, 6.910819682177877 ] ] ] } },
{ "type": "Feature", "properties": { "planarFacilityId": "43.0", "type": null }, "geometry": { "type": "Polygon", "coordinates": [ [ [ 79.86428939018829, 6.911186496781312 ], [ 79.86429331248425, 6.911184243767821 ], [ 79.864290697230174, 6.911179696963724 ], [ 79.864286774934243, 6.911181949977196 ], [ 79.86428939018829, 6.911186496781312 ] ] ] } },
{ "type": "Feature", "properties": { "planarFacilityId": "44.0", "type": null }, "geometry": { "type": "Polygon", "coordinates": [ [ [ 79.864266316285807, 6.911196235972612 ], [ 79.864266615978053, 6.911196223471535 ], [ 79.864266913439593, 6.911196184915464 ], [ 79.864267206406581, 6.911196120598243 ], [ 79.864267492649375, 6.911196031009183 ], [ 79.864267769989453, 6.911195916830193 ], [ 79.864268036316076, 6.911195778929895 ], [ 79.864268289602435, 6.911195618358308 ], [ 79.8642685279208, 6.911195436337073 ], [ 79.864268749457253, 6.911195234251677 ], [ 79.864268952526089, 6.91119501364023 ], [ 79.86426913558175, 6.91119477618139 ], [ 79.864269297230834, 6.911194523682526 ], [ 79.864269436243504, 6.911194258065395 ], [ 79.864269551561293, 6.911193981351405 ], [ 79.864269642306894, 6.911193695646481 ], [ 79.864269707789603, 6.911193403125118 ], [ 79.864269747511258, 6.911193106013521 ], [ 79.864269761169112, 6.911192806572887 ], [ 79.864269748659623, 6.911192507082147 ], [ 79.864269710077608, 6.911192209820618 ], [ 79.864269645717101, 6.91119191705063 ], [ 79.864269556067768, 6.911191631000289 ], [ 79.864269441811956, 6.911191353846711 ], [ 79.864269303818858, 6.91119108769917 ], [ 79.864269143139239, 6.911190834583117 ], [ 79.864268960995545, 6.911190596424995 ], [ 79.864268758774173, 6.9111903750375 ], [ 79.864268538014286, 6.911190172105199 ], [ 79.864268300395679, 6.911189989172642 ], [ 79.864268047726924, 6.911189827632258 ], [ 79.864267781931076, 6.911189688713053 ], [ 79.864267505030895, 6.911189573472807 ], [ 79.864267219133737, 6.911189482788217 ], [ 79.864266926415553, 6.911189417349531 ], [ 79.864266629104051, 6.911189377654586 ], [ 79.864266329461941, 6.911189364005909 ], [ 79.864266029769695, 6.911189376506983 ], [ 79.864265732308155, 6.91118941506306 ], [ 79.864265439341182, 6.911189479380275 ], [ 79.864265153098373, 6.911189568969336 ], [ 79.864264875758323, 6.911189683148322 ], [ 79.8642646094317, 6.911189821048621 ], [ 79.864264356145341, 6.911189981620208 ], [ 79.864264117826977, 6.911190163641438 ], [ 79.864263896290524, 6.911190365726832 ], [ 79.864263693221687, 6.911190586338281 ], [ 79.864263510166026, 6.911190823797114 ], [ 79.864263348516957, 6.911191076295975 ], [ 79.864263209504273, 6.911191341913106 ], [ 79.864263094186498, 6.911191618627098 ], [ 79.864263003440882, 6.911191904332014 ], [ 79.864262937958159, 6.911192196853379 ], [ 79.864262898236504, 6.911192493964974 ], [ 79.86426288457865, 6.911192793405609 ], [ 79.864262897088125, 6.911193092896347 ], [ 79.864262935670126, 6.911193390157881 ], [ 79.864263000030633, 6.911193682927865 ], [ 79.86426308967998, 6.911193968978206 ], [ 79.864263203935792, 6.911194246131785 ], [ 79.864263341928876, 6.911194512279326 ], [ 79.86426350260848, 6.911194765395384 ], [ 79.864263684752189, 6.911195003553505 ], [ 79.864263886973561, 6.911195224941001 ], [ 79.864264107733447, 6.911195427873307 ], [ 79.864264345352069, 6.911195610805864 ], [ 79.86426459802081, 6.911195772346254 ], [ 79.864264863816658, 6.911195911265462 ], [ 79.864265140716839, 6.911196026505706 ], [ 79.864265426614011, 6.911196117190299 ], [ 79.864265719332181, 6.911196182628988 ], [ 79.864266016643697, 6.911196222323934 ], [ 79.864266316285807, 6.911196235972612 ] ] ] } },
{ "type": "Feature", "properties": { "planarFacilityId": "45.0", "type": null }, "geometry": { "type": "Polygon", "coordinates": [ [ [ 79.864345445314711, 6.911345604533256 ], [ 79.864349915046049, 6.911344905843677 ], [ 79.864349104020533, 6.911339724443304 ], [ 79.864344634289239, 6.911340423132882 ], [ 79.864345445314711, 6.911345604533256 ] ] ] } },
{ "type": "Feature", "properties": { "planarFacilityId": "46.0", "type": null }, "geometry": { "type": "Polygon", "coordinates": [ [ [ 79.864260595737846, 6.911614204380763 ], [ 79.864260895430363, 6.911614191879725 ], [ 79.864261192892172, 6.91161415332369 ], [ 79.864261485859416, 6.911614089006509 ], [ 79.864261772102481, 6.911613999417488 ], [ 79.8642620494428, 6.911613885238536 ], [ 79.864262315769665, 6.911613747338273 ], [ 79.86426256905628, 6.911613586766721 ], [ 79.864262807374871, 6.911613404745519 ], [ 79.864263028911552, 6.911613202660155 ], [ 79.864263231980601, 6.911612982048736 ], [ 79.864263415036433, 6.911612744589926 ], [ 79.864263576685687, 6.911612492091089 ], [ 79.864263715698527, 6.911612226473979 ], [ 79.864263831016459, 6.911611949760006 ], [ 79.864263921762173, 6.911611664055101 ], [ 79.864263987244982, 6.91161137153375 ], [ 79.864264026966694, 6.911611074422166 ], [ 79.864264040624604, 6.91161077498154 ], [ 79.864264028115159, 6.911610475490803 ], [ 79.864263989533129, 6.911610178229272 ], [ 79.864263925172622, 6.911609885459283 ], [ 79.864263835523232, 6.911609599408938 ], [ 79.864263721267349, 6.91160932225535 ], [ 79.86426358327418, 6.911609056107798 ], [ 79.864263422594448, 6.911608802991727 ], [ 79.864263240450597, 6.911608564833591 ], [ 79.864263038229097, 6.911608343446071 ], [ 79.86426281746904, 6.911608140513746 ], [ 79.864262579850234, 6.911607957581163 ], [ 79.864262327181294, 6.91160779604075 ], [ 79.864262061385233, 6.911607657121513 ], [ 79.864261784484825, 6.911607541881233 ], [ 79.864261498587425, 6.911607451196608 ], [ 79.864261205868999, 6.911607385757888 ], [ 79.864260908557227, 6.911607346062906 ], [ 79.864260608914861, 6.91160733241419 ], [ 79.86426030922236, 6.911607344915229 ], [ 79.86426001176055, 6.911607383471263 ], [ 79.864259718793306, 6.911607447788444 ], [ 79.864259432550256, 6.911607537377465 ], [ 79.864259155209922, 6.911607651556413 ], [ 79.864258888883057, 6.911607789456677 ], [ 79.864258635596443, 6.911607950028227 ], [ 79.864258397277851, 6.911608132049425 ], [ 79.864258175741185, 6.911608334134788 ], [ 79.864257972672135, 6.911608554746204 ], [ 79.864257789616303, 6.911608792205015 ], [ 79.864257627967064, 6.911609044703846 ], [ 79.864257488954209, 6.911609310320957 ], [ 79.864257373636292, 6.911609587034929 ], [ 79.864257282890563, 6.911609872739828 ], [ 79.864257217407754, 6.911610165261177 ], [ 79.864257177686014, 6.911610462372762 ], [ 79.864257164028103, 6.911610761813387 ], [ 79.864257176537564, 6.911611061304123 ], [ 79.864257215119565, 6.911611358565657 ], [ 79.864257279480086, 6.911611651335646 ], [ 79.864257369129461, 6.911611937385993 ], [ 79.864257483385359, 6.91161221453958 ], [ 79.864257621378513, 6.911612480687134 ], [ 79.864257782058246, 6.911612733803205 ], [ 79.864257964202096, 6.911612971961346 ], [ 79.864258166423596, 6.911613193348866 ], [ 79.864258387183654, 6.911613396281194 ], [ 79.86425862480246, 6.911613579213778 ], [ 79.8642588774714, 6.911613740754192 ], [ 79.864259143267475, 6.911613879673434 ], [ 79.864259420167883, 6.911613994913713 ], [ 79.864259706065269, 6.911614085598338 ], [ 79.864259998783709, 6.911614151037065 ], [ 79.86426029609548, 6.911614190732045 ], [ 79.864260595737846, 6.911614204380763 ] ] ] } },
{ "type": "Feature", "properties": { "planarFacilityId": "47.0", "type": null }, "geometry": { "type": "Polygon", "coordinates": [ [ [ 79.863785970226473, 6.911631103180728 ], [ 79.863786198336612, 6.91163561846849 ], [ 79.863791439599567, 6.911635354038897 ], [ 79.863791211489385, 6.911630838751132 ], [ 79.863785970226473, 6.911631103180728 ] ] ] } },
{ "type": "Feature", "properties": { "planarFacilityId": "48.0", "type": null }, "geometry": { "type": "Polygon", "coordinates": [ [ [ 79.863608836896262, 6.911632834949702 ], [ 79.863609065004681, 6.91163735023733 ], [ 79.863614306267507, 6.911637085809706 ], [ 79.863614078159031, 6.911632570522075 ], [ 79.863608836896262, 6.911632834949702 ] ] ] } },
{ "type": "Feature", "properties": { "planarFacilityId": "49.0", "type": null }, "geometry": { "type": "Polygon", "coordinates": [ [ [ 79.863517841415202, 6.911634885829941 ], [ 79.863518069522755, 6.911639401117496 ], [ 79.863523310785524, 6.911639136690884 ], [ 79.863523082677915, 6.911634621403323 ], [ 79.863517841415202, 6.911634885829941 ] ] ] } },
{ "type": "Feature", "properties": { "planarFacilityId": "50.0", "type": null }, "geometry": { "type": "Polygon", "coordinates": [ [ [ 79.86342618178287, 6.911636000392293 ], [ 79.863426409889527, 6.911640515679778 ], [ 79.86343165115224, 6.911640251254182 ], [ 79.863431423045498, 6.911635735966691 ], [ 79.86342618178287, 6.911636000392293 ] ] ] } },
{ "type": "Feature", "properties": { "planarFacilityId": "51.0", "type": null }, "geometry": { "type": "Polygon", "coordinates": [ [ [ 79.863329452113945, 6.911637409169292 ], [ 79.863329680219678, 6.911641924456704 ], [ 79.86333492148232, 6.911641660032181 ], [ 79.86333469337653, 6.911637144744764 ], [ 79.863329452113945, 6.911637409169292 ] ] ] } },
{ "type": "Feature", "properties": { "planarFacilityId": "52.0", "type": null }, "geometry": { "type": "Polygon", "coordinates": [ [ [ 79.86323679762161, 6.911638757784448 ], [ 79.863237025726477, 6.911643273071788 ], [ 79.863242266989047, 6.911643008648292 ], [ 79.863242038884124, 6.911638493360946 ], [ 79.86323679762161, 6.911638757784448 ] ] ] } },
{ "type": "Feature", "properties": { "planarFacilityId": "53.0", "type": null }, "geometry": { "type": "Polygon", "coordinates": [ [ [ 79.862424685122321, 6.911653517684933 ], [ 79.862424676435737, 6.91165803871325 ], [ 79.862430738695934, 6.911658050345412 ], [ 79.862430747382476, 6.911653529317089 ], [ 79.862424685122321, 6.911653517684933 ] ] ] } },
{ "type": "Feature", "properties": { "planarFacilityId": "54.0", "type": null }, "geometry": { "type": "Polygon", "coordinates": [ [ [ 79.862426739548241, 6.911651542829754 ], [ 79.862427039240671, 6.911651530329881 ], [ 79.86242733670251, 6.911651491775012 ], [ 79.862427629669881, 6.911651427458995 ], [ 79.862427915913173, 6.911651337871124 ], [ 79.862428193253805, 6.911651223693301 ], [ 79.862428459581096, 6.911651085794134 ], [ 79.862428712868237, 6.911650925223643 ], [ 79.862428951187425, 6.911650743203454 ], [ 79.862429172724788, 6.911650541119045 ], [ 79.862429375794619, 6.911650320508522 ], [ 79.862429558851275, 6.911650083050538 ], [ 79.862429720501424, 6.911649830552452 ], [ 79.862429859515245, 6.911649564936013 ], [ 79.862429974834171, 6.911649288222626 ], [ 79.862430065580966, 6.911649002518216 ], [ 79.862430131064883, 6.911648709997266 ], [ 79.862430170787732, 6.911648412885985 ], [ 79.862430184446794, 6.911648113445561 ], [ 79.862430171938499, 6.911647813954929 ], [ 79.862430133357648, 6.911647516693401 ], [ 79.862430068998279, 6.911647223923312 ], [ 79.862429979350054, 6.911646937872764 ], [ 79.86242986509528, 6.911646660718874 ], [ 79.862429727103205, 6.911646394570925 ], [ 79.862429566424524, 6.911646141454364 ], [ 79.862429384281668, 6.911645903295642 ], [ 79.862429182061106, 6.911645681907458 ], [ 79.862428961301916, 6.911645478974378 ], [ 79.862428723683934, 6.91164529604097 ], [ 79.862428471015704, 6.911645134499666 ], [ 79.862428205220311, 6.91164499557947 ], [ 79.862427928320471, 6.911644880338183 ], [ 79.86242764242354, 6.911644789652501 ], [ 79.862427349705484, 6.911644724212681 ], [ 79.862427052394011, 6.911644684516575 ], [ 79.862426752751816, 6.911644670866706 ], [ 79.862426453059385, 6.91164468336658 ], [ 79.862426155597547, 6.911644721921451 ], [ 79.862425862630189, 6.911644786237464 ], [ 79.862425576386897, 6.911644875825337 ], [ 79.862425299046279, 6.911644990003156 ], [ 79.86242503271896, 6.911645127902322 ], [ 79.862424779431862, 6.911645288472812 ], [ 79.862424541112645, 6.911645470493003 ], [ 79.862424319575297, 6.911645672577407 ], [ 79.862424116505466, 6.911645893187929 ], [ 79.862423933448795, 6.911646130645909 ], [ 79.862423771798646, 6.911646383143991 ], [ 79.862423632784839, 6.911646648760427 ], [ 79.862423517465899, 6.911646925473814 ], [ 79.862423426719118, 6.911647211178224 ], [ 79.862423361235187, 6.911647503699172 ], [ 79.862423321512338, 6.911647800810453 ], [ 79.862423307853277, 6.911648100250872 ], [ 79.862423320361572, 6.911648399741506 ], [ 79.862423358942408, 6.911648697003038 ], [ 79.862423423301763, 6.911648989773124 ], [ 79.862423512949988, 6.911649275823672 ], [ 79.862423627204748, 6.911649552977562 ], [ 79.862423765196837, 6.911649819125514 ], [ 79.862423925875518, 6.91165007224208 ], [ 79.862424108018359, 6.911650310400801 ], [ 79.862424310238936, 6.911650531788992 ], [ 79.862424530998112, 6.911650734722067 ], [ 79.862424768616094, 6.911650917655479 ], [ 79.862425021284324, 6.911651079196789 ], [ 79.862425287079731, 6.911651218116981 ], [ 79.862425563979571, 6.911651333358272 ], [ 79.862425849876502, 6.91165142404396 ], [ 79.862426142594572, 6.911651489483777 ], [ 79.862426439906045, 6.911651529179888 ], [ 79.862426739548241, 6.911651542829754 ] ] ] } },
{ "type": "Feature", "properties": { "planarFacilityId": "55.0", "type": null }, "geometry": { "type": "Polygon", "coordinates": [ [ [ 79.863707739812924, 6.909611176586802 ], [ 79.863708039504161, 6.909611164085947 ], [ 79.863708336964677, 6.909611125530096 ], [ 79.863708629930684, 6.909611061213098 ], [ 79.86370891617257, 6.909610971624257 ], [ 79.863709193511738, 6.909610857445485 ], [ 79.863709459837523, 6.909610719545392 ], [ 79.863709713123129, 6.909610558974006 ], [ 79.863709951440811, 6.909610376952964 ], [ 79.863710172976639, 6.909610174867747 ], [ 79.863710376044935, 6.909609954256467 ], [ 79.863710559100127, 6.909609716797786 ], [ 79.863710720748827, 6.909609464299062 ], [ 79.863710859761213, 6.909609198682055 ], [ 79.863710975078789, 6.909608921968174 ], [ 79.863711065824305, 6.909608636263343 ], [ 79.863711131306999, 6.909608343742055 ], [ 79.86371117102874, 6.909608046630514 ], [ 79.863711184686764, 6.909607747189914 ], [ 79.863711172177545, 6.909607447699191 ], [ 79.863711133595871, 6.909607150437659 ], [ 79.863711069235833, 6.90960685766765 ], [ 79.863710979587012, 6.90960657161727 ], [ 79.863710865331797, 6.909606294463634 ], [ 79.863710727339395, 6.909606028316015 ], [ 79.863710566660501, 6.909605775199863 ], [ 79.863710384517603, 6.909605537041632 ], [ 79.863710182297098, 6.909605315654005 ], [ 79.863709961538149, 6.909605112721557 ], [ 79.863709723920493, 6.909604929788842 ], [ 79.863709471252747, 6.909604768248285 ], [ 79.863709205457923, 6.909604629328899 ], [ 79.863708928558808, 6.909604514088457 ], [ 79.863708642662701, 6.909604423403664 ], [ 79.863708349945597, 6.909604357964767 ], [ 79.863708052635147, 6.909604318269608 ], [ 79.863707752994102, 6.909604304620709 ], [ 79.863707453302894, 6.909604317121563 ], [ 79.863707155842334, 6.909604355677415 ], [ 79.863706862876356, 6.909604419994411 ], [ 79.863706576634499, 6.909604509583251 ], [ 79.863706299295302, 6.909604623762026 ], [ 79.863706032969517, 6.909604761662116 ], [ 79.863705779683912, 6.909604922233497 ], [ 79.863705541366258, 6.909605104254539 ], [ 79.863705319830416, 6.909605306339754 ], [ 79.863705116762119, 6.909605526951033 ], [ 79.863704933706941, 6.909605764409713 ], [ 79.863704772058227, 6.909606016908433 ], [ 79.863704633045828, 6.909606282525435 ], [ 79.863704517728252, 6.909606559239315 ], [ 79.86370442698275, 6.909606844944143 ], [ 79.863704361500041, 6.909607137465433 ], [ 79.8637043217783, 6.909607434576974 ], [ 79.863704308120262, 6.909607734017571 ], [ 79.863704320629495, 6.90960803350829 ], [ 79.863704359211141, 6.909608330769829 ], [ 79.863704423571207, 6.909608623539834 ], [ 79.863704513220014, 6.909608909590216 ], [ 79.863704627475229, 6.909609186743856 ], [ 79.863704765467645, 6.909609452891476 ], [ 79.863704926146497, 6.909609706007629 ], [ 79.863705108289395, 6.909609944165864 ], [ 79.8637053105099, 6.909610165553491 ], [ 79.863705531268877, 6.90961036848594 ], [ 79.863705768886518, 6.909610551418656 ], [ 79.863706021554279, 6.909610712959215 ], [ 79.863706287349089, 6.909610851878607 ], [ 79.863706564248218, 6.909610967119046 ], [ 79.863706850144325, 6.909611057803843 ], [ 79.863707142861429, 6.909611123242741 ], [ 79.863707440171865, 6.909611162937902 ], [ 79.863707739812924, 6.909611176586802 ] ] ] } },
{ "type": "Feature", "properties": { "planarFacilityId": "56.0", "type": null }, "geometry": { "type": "Polygon", "coordinates": [ [ [ 79.863707739812924, 6.909611176586802 ], [ 79.863708039504161, 6.909611164085947 ], [ 79.863708336964677, 6.909611125530096 ], [ 79.863708629930684, 6.909611061213098 ], [ 79.86370891617257, 6.909610971624257 ], [ 79.863709193511738, 6.909610857445485 ], [ 79.863709459837523, 6.909610719545392 ], [ 79.863709713123129, 6.909610558974006 ], [ 79.863709951440811, 6.909610376952964 ], [ 79.863710172976639, 6.909610174867747 ], [ 79.863710376044935, 6.909609954256467 ], [ 79.863710559100127, 6.909609716797786 ], [ 79.863710720748827, 6.909609464299062 ], [ 79.863710859761213, 6.909609198682055 ], [ 79.863710975078789, 6.909608921968174 ], [ 79.863711065824305, 6.909608636263343 ], [ 79.863711131306999, 6.909608343742055 ], [ 79.86371117102874, 6.909608046630514 ], [ 79.863711184686764, 6.909607747189914 ], [ 79.863711172177545, 6.909607447699191 ], [ 79.863711133595871, 6.909607150437659 ], [ 79.863711069235833, 6.90960685766765 ], [ 79.863710979587012, 6.90960657161727 ], [ 79.863710865331797, 6.909606294463634 ], [ 79.863710727339395, 6.909606028316015 ], [ 79.863710566660501, 6.909605775199863 ], [ 79.863710384517603, 6.909605537041632 ], [ 79.863710182297098, 6.909605315654005 ], [ 79.863709961538149, 6.909605112721557 ], [ 79.863709723920493, 6.909604929788842 ], [ 79.863709471252747, 6.909604768248285 ], [ 79.863709205457923, 6.909604629328899 ], [ 79.863708928558808, 6.909604514088457 ], [ 79.863708642662701, 6.909604423403664 ], [ 79.863708349945597, 6.909604357964767 ], [ 79.863708052635147, 6.909604318269608 ], [ 79.863707752994102, 6.909604304620709 ], [ 79.863707453302894, 6.909604317121563 ], [ 79.863707155842334, 6.909604355677415 ], [ 79.863706862876356, 6.909604419994411 ], [ 79.863706576634499, 6.909604509583251 ], [ 79.863706299295302, 6.909604623762026 ], [ 79.863706032969517, 6.909604761662116 ], [ 79.863705779683912, 6.909604922233497 ], [ 79.863705541366258, 6.909605104254539 ], [ 79.863705319830416, 6.909605306339754 ], [ 79.863705116762119, 6.909605526951033 ], [ 79.863704933706941, 6.909605764409713 ], [ 79.863704772058227, 6.909606016908433 ], [ 79.863704633045828, 6.909606282525435 ], [ 79.863704517728252, 6.909606559239315 ], [ 79.86370442698275, 6.909606844944143 ], [ 79.863704361500041, 6.909607137465433 ], [ 79.8637043217783, 6.909607434576974 ], [ 79.863704308120262, 6.909607734017571 ], [ 79.863704320629495, 6.90960803350829 ], [ 79.863704359211141, 6.909608330769829 ], [ 79.863704423571207, 6.909608623539834 ], [ 79.863704513220014, 6.909608909590216 ], [ 79.863704627475229, 6.909609186743856 ], [ 79.863704765467645, 6.909609452891476 ], [ 79.863704926146497, 6.909609706007629 ], [ 79.863705108289395, 6.909609944165864 ], [ 79.8637053105099, 6.909610165553491 ], [ 79.863705531268877, 6.90961036848594 ], [ 79.863705768886518, 6.909610551418656 ], [ 79.863706021554279, 6.909610712959215 ], [ 79.863706287349089, 6.909610851878607 ], [ 79.863706564248218, 6.909610967119046 ], [ 79.863706850144325, 6.909611057803843 ], [ 79.863707142861429, 6.909611123242741 ], [ 79.863707440171865, 6.909611162937902 ], [ 79.863707739812924, 6.909611176586802 ] ] ] } },
{ "type": "Feature", "properties": { "planarFacilityId": "57.0", "type": null }, "geometry": { "type": "Polygon", "coordinates": [ [ [ 79.863726191338515, 6.907478916275005 ], [ 79.863730580601768, 6.907480609686512 ], [ 79.863732209964652, 6.907476392045284 ], [ 79.863727820701428, 6.907474698633795 ], [ 79.863726191338515, 6.907478916275005 ] ] ] } },
{ "type": "Feature", "properties": { "planarFacilityId": "58.0", "type": null }, "geometry": { "type": "Polygon", "coordinates": [ [ [ 79.8637858225255, 6.907500787719812 ], [ 79.863781392813323, 6.907498521473916 ], [ 79.863779826002286, 6.907501579968643 ], [ 79.863784255714478, 6.907503846214555 ], [ 79.8637858225255, 6.907500787719812 ] ] ] } },
{ "type": "Feature", "properties": { "planarFacilityId": "59.0", "type": null }, "geometry": { "type": "Polygon", "coordinates": [ [ [ 79.863887933738908, 6.907549896941312 ], [ 79.863883504025679, 6.907547630696243 ], [ 79.863881937215069, 6.907550689191366 ], [ 79.863886366928298, 6.907552955436449 ], [ 79.863887933738908, 6.907549896941312 ] ] ] } },
{ "type": "Feature", "properties": { "planarFacilityId": "60.0", "type": null }, "geometry": { "type": "Polygon", "coordinates": [ [ [ 79.863772211582358, 6.907591669768111 ], [ 79.863768023490167, 6.90758952713542 ], [ 79.863766209287391, 6.907593068550244 ], [ 79.863770397379596, 6.907595211182953 ], [ 79.863772211582358, 6.907591669768111 ] ] ] } },
{ "type": "Feature", "properties": { "planarFacilityId": "61.0", "type": null }, "geometry": { "type": "Polygon", "coordinates": [ [ [ 79.863851347206094, 6.907613825133172 ], [ 79.863851646896052, 6.907613812632061 ], [ 79.863851944355332, 6.90761377407595 ], [ 79.863852237320046, 6.9076137097587 ], [ 79.863852523560666, 6.907613620169603 ], [ 79.863852800898584, 6.907613505990579 ], [ 79.863853067223161, 6.907613368090245 ], [ 79.863853320507559, 6.907613207518625 ], [ 79.863853558824076, 6.907613025497357 ], [ 79.863853780358838, 6.907612823411927 ], [ 79.863853983426097, 6.90761260280045 ], [ 79.863854166480309, 6.90761236534158 ], [ 79.863854328128127, 6.907612112842689 ], [ 79.863854467139717, 6.907611847225533 ], [ 79.863854582456568, 6.907611570511518 ], [ 79.863854673201473, 6.907611284806578 ], [ 79.863854738683656, 6.907610992285196 ], [ 79.863854778404956, 6.907610695173585 ], [ 79.863854792062682, 6.90761039573294 ], [ 79.86385477955325, 6.90761009624219 ], [ 79.863854740971504, 6.907609798980651 ], [ 79.863854676611467, 6.907609506210662 ], [ 79.863854586962773, 6.907609220160321 ], [ 79.8638544727078, 6.907608943006749 ], [ 79.863854334715739, 6.907608676859216 ], [ 79.863854174037314, 6.907608423743171 ], [ 79.863853991894956, 6.907608185585065 ], [ 79.863853789675133, 6.907607964197582 ], [ 79.863853568916909, 6.907607761265303 ], [ 79.863853331300078, 6.907607578332764 ], [ 79.863853078633255, 6.907607416792402 ], [ 79.863852812839411, 6.907607277873219 ], [ 79.863852535941348, 6.907607162633003 ], [ 79.863852250046364, 6.907607071948442 ], [ 79.863851957330397, 6.907607006509786 ], [ 79.863851660021169, 6.907606966814872 ], [ 79.863851360381361, 6.907606953166229 ], [ 79.863851060691402, 6.907606965667337 ], [ 79.863850763232122, 6.907607004223448 ], [ 79.863850470267408, 6.907607068540702 ], [ 79.863850184026788, 6.907607158129796 ], [ 79.863849906688856, 6.90760727230882 ], [ 79.863849640364307, 6.907607410209153 ], [ 79.863849387079895, 6.907607570780772 ], [ 79.863849148763364, 6.907607752802035 ], [ 79.863848927228631, 6.907607954887463 ], [ 79.863848724161372, 6.90760817549894 ], [ 79.863848541107146, 6.907608412957806 ], [ 79.863848379459327, 6.907608665456694 ], [ 79.863848240447751, 6.90760893107385 ], [ 79.863848125130872, 6.907609207787859 ], [ 79.863848034385981, 6.907609493492799 ], [ 79.863847968903812, 6.907609786014181 ], [ 79.863847929182484, 6.90761008312579 ], [ 79.863847915524772, 6.907610382566435 ], [ 79.863847928034176, 6.907610682057186 ], [ 79.863847966615936, 6.907610979318722 ], [ 79.863848030975973, 6.907611272088711 ], [ 79.863848120624652, 6.907611558139053 ], [ 79.863848234879626, 6.907611835292627 ], [ 79.863848372871686, 6.907612101440162 ], [ 79.863848533550112, 6.90761235455621 ], [ 79.863848715692441, 6.907612592714319 ], [ 79.863848917912293, 6.907612814101802 ], [ 79.863849138670517, 6.907613017034088 ], [ 79.86384937628732, 6.907613199966627 ], [ 79.863849628954171, 6.907613361506991 ], [ 79.863849894748014, 6.907613500426173 ], [ 79.863850171646092, 6.907613615666392 ], [ 79.863850457541062, 6.907613706350957 ], [ 79.863850750257029, 6.90761377178961 ], [ 79.863851047566271, 6.907613811484528 ], [ 79.863851347206094, 6.907613825133172 ] ] ] } },
{ "type": "Feature", "properties": { "planarFacilityId": "62.0", "type": null }, "geometry": { "type": "Polygon", "coordinates": [ [ [ 79.864455702692339, 6.908328023560814 ], [ 79.864456002382795, 6.908328011059379 ], [ 79.864456299842502, 6.908327972502946 ], [ 79.864456592807656, 6.908327908185371 ], [ 79.86445687904866, 6.908327818595956 ], [ 79.864457156386933, 6.908327704416617 ], [ 79.86445742271178, 6.908327566515981 ], [ 79.864457675996448, 6.908327405944068 ], [ 79.864457914313178, 6.908327223922518 ], [ 79.864458135848054, 6.908327021836826 ], [ 79.864458338915426, 6.908326801225098 ], [ 79.864458521969695, 6.908326563766001 ], [ 79.864458683617514, 6.908326311266906 ], [ 79.864458822629047, 6.908326045649561 ], [ 79.864458937945813, 6.908325768935384 ], [ 79.864459028690547, 6.908325483230308 ], [ 79.864459094172517, 6.908325190708817 ], [ 79.864459133893561, 6.908324893597125 ], [ 79.864459147551003, 6.908324594156421 ], [ 79.86445913504123, 6.908324294665645 ], [ 79.864459096459086, 6.908323997404107 ], [ 79.864459032098637, 6.908323704634147 ], [ 79.864458942449488, 6.908323418583866 ], [ 79.864458828194017, 6.908323141430377 ], [ 79.864458690201445, 6.908322875282952 ], [ 79.86445852952248, 6.908322622167043 ], [ 79.864458347379568, 6.908322384009104 ], [ 79.864458145159162, 6.908322162621804 ], [ 79.864457924400355, 6.908321959689734 ], [ 79.864457686782941, 6.908321776757425 ], [ 79.864457434115508, 6.908321615217313 ], [ 79.864457168321067, 6.9083214762984 ], [ 79.864456891422421, 6.908321361058464 ], [ 79.864456605526868, 6.908321270374194 ], [ 79.864456312810361, 6.908321204935842 ], [ 79.864456015500579, 6.908321165241246 ], [ 79.864455715860245, 6.908321151592918 ], [ 79.864455416169804, 6.90832116409435 ], [ 79.864455118710083, 6.908321202650786 ], [ 79.864454825744943, 6.908321266968363 ], [ 79.864454539503953, 6.908321356557777 ], [ 79.86445426216568, 6.908321470737111 ], [ 79.864453995840833, 6.908321608637751 ], [ 79.864453742556165, 6.908321769209659 ], [ 79.864453504239449, 6.908321951231203 ], [ 79.864453282704545, 6.908322153316899 ], [ 79.864453079637173, 6.908322373928625 ], [ 79.864452896582904, 6.908322611387721 ], [ 79.864452734935114, 6.908322863886813 ], [ 79.864452595923566, 6.908323129504157 ], [ 79.864452480606786, 6.908323406218329 ], [ 79.864452389862066, 6.908323691923402 ], [ 79.864452324380096, 6.90832398444489 ], [ 79.864452284659023, 6.908324281556588 ], [ 79.864452271001596, 6.90832458099729 ], [ 79.864452283511369, 6.908324880488065 ], [ 79.864452322093499, 6.908325177749602 ], [ 79.864452386453948, 6.908325470519562 ], [ 79.864452476103097, 6.908325756569844 ], [ 79.864452590358553, 6.908326033723335 ], [ 79.864452728351125, 6.908326299870757 ], [ 79.86445288903009, 6.908326552986668 ], [ 79.864453071173003, 6.908326791144613 ], [ 79.864453273393408, 6.908327012531911 ], [ 79.864453494152215, 6.908327215463989 ], [ 79.864453731769629, 6.908327398396295 ], [ 79.864453984437063, 6.90832755993641 ], [ 79.864454250231503, 6.908327698855326 ], [ 79.86445452713015, 6.908327814095266 ], [ 79.864454813025702, 6.908327904779535 ], [ 79.864455105742223, 6.908327970217888 ], [ 79.864455403052006, 6.908328009912487 ], [ 79.864455702692339, 6.908328023560814 ] ] ] } },
{ "type": "Feature", "properties": { "planarFacilityId": "63.0", "type": null }, "geometry": { "type": "Polygon", "coordinates": [ [ [ 79.86436261650546, 6.908267465221342 ], [ 79.864362916195859, 6.908267452719961 ], [ 79.864363213655537, 6.908267414163582 ], [ 79.864363506620663, 6.90826734984606 ], [ 79.864363792861624, 6.908267260256699 ], [ 79.864364070199869, 6.908267146077415 ], [ 79.864364336524716, 6.908267008176824 ], [ 79.864364589809369, 6.908266847604961 ], [ 79.864364828126085, 6.908266665583461 ], [ 79.864365049660975, 6.908266463497807 ], [ 79.864365252728362, 6.908266242886122 ], [ 79.864365435782645, 6.908266005427064 ], [ 79.864365597430478, 6.908265752928003 ], [ 79.864365736442025, 6.908265487310694 ], [ 79.864365851758834, 6.908265210596542 ], [ 79.864365942503611, 6.908264924891489 ], [ 79.864366007985609, 6.908264632370014 ], [ 79.864366047706724, 6.908264335258333 ], [ 79.864366061364208, 6.908264035817643 ], [ 79.864366048854492, 6.90826373632687 ], [ 79.864366010272391, 6.908263439065333 ], [ 79.864365945912013, 6.908263146295369 ], [ 79.864365856262935, 6.908262860245076 ], [ 79.864365742007536, 6.90826258309157 ], [ 79.86436560401502, 6.908262316944133 ], [ 79.864365443336126, 6.908262063828203 ], [ 79.864365261193313, 6.90826182567023 ], [ 79.86436505897295, 6.908261604282904 ], [ 79.864364838214215, 6.908261401350794 ], [ 79.864364600596872, 6.90826121841845 ], [ 79.864364347929495, 6.908261056878295 ], [ 79.86436408213514, 6.908260917959337 ], [ 79.86436380523655, 6.908260802719354 ], [ 79.864363519341055, 6.908260712035041 ], [ 79.864363226624604, 6.908260646596637 ], [ 79.864362929314879, 6.908260606901987 ], [ 79.864362629674588, 6.908260593253605 ], [ 79.864362329984189, 6.908260605754986 ], [ 79.864362032524511, 6.908260644311365 ], [ 79.864361739559399, 6.908260708628887 ], [ 79.864361453318438, 6.908260798218248 ], [ 79.864361175980193, 6.90826091239753 ], [ 79.86436090965536, 6.908261050298119 ], [ 79.864360656370707, 6.908261210869983 ], [ 79.864360418053991, 6.908261392891482 ], [ 79.864360196519087, 6.908261594977129 ], [ 79.864359993451714, 6.908261815588813 ], [ 79.864359810397431, 6.908262053047871 ], [ 79.864359648749598, 6.90826230554693 ], [ 79.864359509738037, 6.908262571164237 ], [ 79.864359394421243, 6.908262847878384 ], [ 79.864359303676466, 6.908263133583439 ], [ 79.864359238194453, 6.908263426104907 ], [ 79.864359198473338, 6.90826372321659 ], [ 79.864359184815854, 6.90826402265728 ], [ 79.864359197325555, 6.908264322148052 ], [ 79.864359235907642, 6.90826461940959 ], [ 79.864359300268035, 6.908264912179553 ], [ 79.864359389917112, 6.908265198229849 ], [ 79.864359504172498, 6.90826547538335 ], [ 79.864359642165013, 6.908265741530794 ], [ 79.864359802843893, 6.908265994646725 ], [ 79.864359984986734, 6.908266232804697 ], [ 79.864360187207083, 6.908266454192028 ], [ 79.864360407965819, 6.908266657124138 ], [ 79.864360645583162, 6.908266840056483 ], [ 79.864360898250524, 6.90826700159664 ], [ 79.864361164044894, 6.9082671405156 ], [ 79.864361440943483, 6.908267255755588 ], [ 79.864361726838979, 6.908267346439906 ], [ 79.864362019555443, 6.908267411878309 ], [ 79.864362316865169, 6.908267451572962 ], [ 79.86436261650546, 6.908267465221342 ] ] ] } },
{ "type": "Feature", "properties": { "planarFacilityId": "64.0", "type": null }, "geometry": { "type": "Polygon", "coordinates": [ [ [ 79.864329198939458, 6.908503877734064 ], [ 79.864329498630013, 6.908503865232729 ], [ 79.864329796089848, 6.90850382667639 ], [ 79.864330089055116, 6.908503762358903 ], [ 79.864330375296234, 6.908503672769585 ], [ 79.864330652634635, 6.90850355859034 ], [ 79.864330918959624, 6.908503420689788 ], [ 79.86433117224442, 6.908503260117962 ], [ 79.864331410561292, 6.908503078096498 ], [ 79.864331632096324, 6.908502876010882 ], [ 79.86433183516381, 6.908502655399227 ], [ 79.864332018218221, 6.908502417940197 ], [ 79.864332179866167, 6.908502165441162 ], [ 79.864332318877828, 6.908501899823873 ], [ 79.864332434194722, 6.908501623109746 ], [ 79.86433252493957, 6.908501337404708 ], [ 79.864332590421654, 6.908501044883251 ], [ 79.864332630142826, 6.90850074777158 ], [ 79.864332643800353, 6.908500448330896 ], [ 79.864332631290665, 6.90850014884013 ], [ 79.864332592708607, 6.908499851578593 ], [ 79.864332528348214, 6.908499558808626 ], [ 79.864332438699137, 6.908499272758326 ], [ 79.864332324443723, 6.908498995604812 ], [ 79.864332186451179, 6.908498729457357 ], [ 79.864332025772242, 6.908498476341411 ], [ 79.864331843629344, 6.908498238183419 ], [ 79.864331641408938, 6.908498016796069 ], [ 79.864331420650117, 6.908497813863932 ], [ 79.864331183032689, 6.908497630931561 ], [ 79.864330930365213, 6.908497469391375 ], [ 79.864330664570744, 6.908497330472382 ], [ 79.864330387672027, 6.908497215232365 ], [ 79.864330101776403, 6.908497124548012 ], [ 79.864329809059825, 6.908497059109573 ], [ 79.864329511749943, 6.908497019414882 ], [ 79.864329212109539, 6.908497005766461 ], [ 79.864328912418983, 6.9084970182678 ], [ 79.864328614959163, 6.908497056824139 ], [ 79.864328321993895, 6.908497121141623 ], [ 79.864328035752777, 6.908497210730941 ], [ 79.86432775841439, 6.908497324910186 ], [ 79.864327492089402, 6.908497462810733 ], [ 79.864327238804606, 6.908497623382559 ], [ 79.864327000487734, 6.908497805404024 ], [ 79.864326778952716, 6.908498007489636 ], [ 79.864326575885201, 6.908498228101289 ], [ 79.864326392830804, 6.908498465560315 ], [ 79.864326231182858, 6.90849871805935 ], [ 79.864326092171197, 6.908498983676637 ], [ 79.864325976854289, 6.908499260390764 ], [ 79.864325886109455, 6.908499546095796 ], [ 79.864325820627357, 6.908499838617255 ], [ 79.864325780906185, 6.908500135728924 ], [ 79.864325767248644, 6.908500435169607 ], [ 79.864325779758332, 6.908500734660374 ], [ 79.86432581834039, 6.90850103192191 ], [ 79.864325882700768, 6.90850132469188 ], [ 79.864325972349846, 6.908501610742176 ], [ 79.86432608660526, 6.908501887895691 ], [ 79.864326224597789, 6.908502154043147 ], [ 79.86432638527674, 6.908502407159097 ], [ 79.864326567419624, 6.908502645317087 ], [ 79.86432676964003, 6.90850286670444 ], [ 79.864326990398865, 6.908503069636579 ], [ 79.864327228016279, 6.908503252568952 ], [ 79.864327480683755, 6.908503414109142 ], [ 79.864327746478224, 6.908503553028138 ], [ 79.864328023376942, 6.908503668268157 ], [ 79.86432830927258, 6.908503758952512 ], [ 79.864328601989158, 6.908503824390952 ], [ 79.864328899299025, 6.908503864085644 ], [ 79.864329198939458, 6.908503877734064 ] ] ] } },
{ "type": "Feature", "properties": { "planarFacilityId": "65.0", "type": null }, "geometry": { "type": "Polygon", "coordinates": [ [ [ 79.863636787946035, 6.909459749122996 ], [ 79.863637087637144, 6.909459736622175 ], [ 79.863637385097576, 6.909459698066355 ], [ 79.863637678063498, 6.909459633749391 ], [ 79.863637964305269, 6.909459544160581 ], [ 79.863638241644381, 6.909459429981838 ], [ 79.863638507970094, 6.909459292081777 ], [ 79.863638761255629, 6.909459131510422 ], [ 79.86363899957324, 6.909458949489407 ], [ 79.863639221109011, 6.909458747404219 ], [ 79.863639424177265, 6.90945852679296 ], [ 79.863639607232415, 6.909458289334299 ], [ 79.863639768881086, 6.909458036835602 ], [ 79.863639907893457, 6.909457771218611 ], [ 79.863640023211033, 6.909457494504744 ], [ 79.863640113956535, 6.909457208799929 ], [ 79.863640179439244, 6.909456916278653 ], [ 79.863640219160999, 6.909456619167115 ], [ 79.863640232819051, 6.909456319726526 ], [ 79.863640220309875, 6.909456020235804 ], [ 79.863640181728258, 6.909455722974268 ], [ 79.863640117368249, 6.909455430204257 ], [ 79.863640027719498, 6.909455144153872 ], [ 79.863639913464354, 6.909454867000226 ], [ 79.863639775472024, 6.909454600852597 ], [ 79.863639614793229, 6.909454347736432 ], [ 79.863639432650416, 6.909454109578183 ], [ 79.863639230429996, 6.909453888190541 ], [ 79.863639009671132, 6.909453685258072 ], [ 79.863638772053591, 6.909453502325333 ], [ 79.86363851938593, 6.909453340784751 ], [ 79.863638253591219, 6.909453201865335 ], [ 79.863637976692203, 6.909453086624865 ], [ 79.86363769079621, 6.909452995940044 ], [ 79.863637398079206, 6.909452930501118 ], [ 79.863637100768869, 6.909452890805926 ], [ 79.86363680112791, 6.909452877156995 ], [ 79.863636501436801, 6.909452889657817 ], [ 79.86363620397637, 6.909452928213635 ], [ 79.863635911010462, 6.909452992530602 ], [ 79.863635624768662, 6.909453082119409 ], [ 79.863635347429593, 6.909453196298151 ], [ 79.863635081103865, 6.909453334198211 ], [ 79.863634827818331, 6.909453494769565 ], [ 79.86363458950072, 6.909453676790578 ], [ 79.863634367964934, 6.909453878875766 ], [ 79.863634164896695, 6.909454099487021 ], [ 79.863633981841545, 6.909454336945679 ], [ 79.863633820192874, 6.909454589444377 ], [ 79.863633681180517, 6.909454855061363 ], [ 79.863633565862926, 6.909455131775227 ], [ 79.863633475117425, 6.909455417480041 ], [ 79.863633409634716, 6.909455710001318 ], [ 79.863633369912961, 6.90945600711285 ], [ 79.86363335625488, 6.909456306553441 ], [ 79.86363336876407, 6.909456606044162 ], [ 79.863633407345688, 6.909456903305695 ], [ 79.863633471705683, 6.909457196075706 ], [ 79.863633561354433, 6.909457482126097 ], [ 79.863633675609577, 6.909457759279741 ], [ 79.863633813601908, 6.909458025427373 ], [ 79.863633974280702, 6.90945827854354 ], [ 79.863634156423515, 6.90945851670179 ], [ 79.863634358643907, 6.909458738089437 ], [ 79.863634579402785, 6.909458941021906 ], [ 79.863634817020341, 6.909459123954645 ], [ 79.863635069687973, 6.909459285495232 ], [ 79.863635335482698, 6.909459424414651 ], [ 79.863635612381714, 6.90945953965512 ], [ 79.863635898277721, 6.909459630339946 ], [ 79.863636190994725, 6.909459695778871 ], [ 79.863636488305062, 6.909459735474067 ], [ 79.863636787946035, 6.909459749122996 ] ] ] } },
{ "type": "Feature", "properties": { "planarFacilityId": "66.0", "type": null }, "geometry": { "type": "Polygon", "coordinates": [ [ [ 79.863442622987733, 6.90972950066092 ], [ 79.863442922679013, 6.909729488160245 ], [ 79.863443220139615, 6.909729449604569 ], [ 79.863443513105707, 6.909729385287755 ], [ 79.863443799347692, 6.909729295699086 ], [ 79.863444076686989, 6.909729181520485 ], [ 79.863444343012915, 6.909729043620559 ], [ 79.863444596298649, 6.909728883049339 ], [ 79.863444834616473, 6.909728701028448 ], [ 79.863445056152472, 6.90972849894338 ], [ 79.863445259220924, 6.909728278332235 ], [ 79.863445442276287, 6.909728040873678 ], [ 79.863445603925157, 6.909727788375071 ], [ 79.863445742937728, 6.909727522758168 ], [ 79.863445858255503, 6.909727246044375 ], [ 79.863445949001189, 6.90972696033962 ], [ 79.863446014484069, 6.909726667818391 ], [ 79.86344605420598, 6.909726370706897 ], [ 79.863446067864203, 6.909726071266333 ], [ 79.863446055355155, 6.909725771775626 ], [ 79.863446016773651, 6.909725474514089 ], [ 79.863445952413755, 6.909725181744069 ], [ 79.86344586276509, 6.909724895693657 ], [ 79.863445748510031, 6.909724618539975 ], [ 79.863445610517758, 6.909724352392295 ], [ 79.863445449838991, 6.909724099276069 ], [ 79.863445267696207, 6.909723861117747 ], [ 79.863445065475801, 6.909723639730018 ], [ 79.863444844716909, 6.909723436797456 ], [ 79.863444607099339, 6.909723253864617 ], [ 79.863444354431621, 6.909723092323921 ], [ 79.86344408863684, 6.909722953404387 ], [ 79.863443811737739, 6.909722838163797 ], [ 79.863443525841646, 6.909722747478842 ], [ 79.863443233124528, 6.909722682039778 ], [ 79.863442935814049, 6.909722642344444 ], [ 79.863442636172948, 6.909722628695371 ], [ 79.863442336481683, 6.909722641196045 ], [ 79.863442039021081, 6.909722679751721 ], [ 79.863441746054988, 6.909722744068541 ], [ 79.863441459813004, 6.909722833657207 ], [ 79.863441182473721, 6.909722947835805 ], [ 79.863440916147809, 6.909723085735728 ], [ 79.863440662862061, 6.909723246306949 ], [ 79.863440424544251, 6.909723428327838 ], [ 79.863440203008267, 6.909723630412905 ], [ 79.863439999939786, 6.909723851024048 ], [ 79.863439816884437, 6.909724088482601 ], [ 79.863439655235553, 6.909724340981204 ], [ 79.863439516222982, 6.909724606598107 ], [ 79.863439400905222, 6.9097248833119 ], [ 79.863439310159535, 6.909725169016651 ], [ 79.863439244676641, 6.909725461537878 ], [ 79.863439204954716, 6.90972575864937 ], [ 79.863439191296507, 6.909726058089937 ], [ 79.863439203805541, 6.909726357580645 ], [ 79.863439242387031, 6.909726654842175 ], [ 79.86343930674694, 6.909726947612201 ], [ 79.863439396395592, 6.909727233662614 ], [ 79.86343951065065, 6.909727510816297 ], [ 79.863439648642924, 6.909727776963975 ], [ 79.86343980932169, 6.909728030080204 ], [ 79.863439991464475, 6.909728268238526 ], [ 79.863440193684866, 6.90972848962626 ], [ 79.863440414443758, 6.909728692558821 ], [ 79.863440652061342, 6.909728875491666 ], [ 79.863440904729046, 6.90972903703236 ], [ 79.863441170523828, 6.9097291759519 ], [ 79.863441447422943, 6.909729291192493 ], [ 79.863441733319036, 6.90972938187745 ], [ 79.863442026036154, 6.909729447316512 ], [ 79.863442323346632, 6.909729487011848 ], [ 79.863442622987733, 6.90972950066092 ] ] ] } },
{ "type": "Feature", "properties": { "planarFacilityId": "67.0", "type": null }, "geometry": { "type": "Polygon", "coordinates": [ [ [ 79.863413370037634, 6.90974480351366 ], [ 79.863407429798258, 6.909745415933983 ], [ 79.863407838351904, 6.90974937344306 ], [ 79.863413778591323, 6.909748761022737 ], [ 79.863413370037634, 6.90974480351366 ] ] ] } },
{ "type": "Feature", "properties": { "planarFacilityId": "68.0", "type": null }, "geometry": { "type": "Polygon", "coordinates": [ [ [ 79.863225731868624, 6.909691662059648 ], [ 79.863220957264289, 6.909688895070472 ], [ 79.863219187021031, 6.909691945643606 ], [ 79.863223961625366, 6.909694712632797 ], [ 79.863225731868624, 6.909691662059648 ] ] ] } },
{ "type": "Feature", "properties": { "planarFacilityId": "69.0", "type": null }, "geometry": { "type": "Polygon", "coordinates": [ [ [ 79.862659319237508, 6.909699382552541 ], [ 79.862659618928717, 6.909699370052357 ], [ 79.862659916389319, 6.909699331497178 ], [ 79.862660209355425, 6.909699267180849 ], [ 79.862660495597467, 6.909699177592671 ], [ 79.862660772936877, 6.909699063414548 ], [ 79.862661039262946, 6.909698925515091 ], [ 79.862661292548893, 6.909698764944313 ], [ 79.86266153086693, 6.909698582923854 ], [ 79.862661752403199, 6.909698380839193 ], [ 79.862661955471964, 6.909698160228427 ], [ 79.862662138527654, 6.909697922770219 ], [ 79.862662300176908, 6.909697670271932 ], [ 79.862662439189862, 6.909697404655311 ], [ 79.862662554508063, 6.909697127941764 ], [ 79.86266264525419, 6.909696842237224 ], [ 79.862662710737538, 6.909696549716163 ], [ 79.862662750459933, 6.909696252604799 ], [ 79.86266276411861, 6.909695953164317 ], [ 79.862662751610074, 6.909695653673653 ], [ 79.862662713029081, 6.909695356412121 ], [ 79.862662648669669, 6.909695063642055 ], [ 79.862662559021501, 6.90969477759156 ], [ 79.862662444766912, 6.909694500437748 ], [ 79.862662306775121, 6.9096942342899 ], [ 79.862662146096824, 6.909693981173464 ], [ 79.86266196395448, 6.909693743014896 ], [ 79.862661761734486, 6.909693521626886 ], [ 79.862661540975992, 6.909693318694007 ], [ 79.862661303358777, 6.909693135760815 ], [ 79.862661050691415, 6.909692974219747 ], [ 79.862660784896931, 6.909692835299803 ], [ 79.8626605079981, 6.909692720058784 ], [ 79.862660222102221, 6.909692629373381 ], [ 79.862659929385288, 6.909692563933852 ], [ 79.862659632074966, 6.909692524238041 ], [ 79.862659332433978, 6.909692510588481 ], [ 79.862659032742769, 6.909692523088666 ], [ 79.862658735282182, 6.909692561643844 ], [ 79.862658442316075, 6.909692625960172 ], [ 79.862658156074005, 6.909692715548349 ], [ 79.862657878734623, 6.909692829726469 ], [ 79.86265761240854, 6.909692967625928 ], [ 79.862657359122622, 6.909693128196699 ], [ 79.86265712080457, 6.909693310217158 ], [ 79.862656899268316, 6.909693512301819 ], [ 79.862656696199537, 6.909693732912585 ], [ 79.862656513143847, 6.909693970370788 ], [ 79.862656351494593, 6.909694222869073 ], [ 79.862656212481625, 6.909694488485689 ], [ 79.862656097163452, 6.909694765199236 ], [ 79.862656006417311, 6.909695050903778 ], [ 79.862655940933962, 6.909695343424834 ], [ 79.862655901211582, 6.909695640536199 ], [ 79.862655887552862, 6.909695939976678 ], [ 79.862655900061398, 6.909696239467342 ], [ 79.862655938642419, 6.909696536728874 ], [ 79.862656003001803, 6.909696829498942 ], [ 79.862656092649985, 6.909697115549438 ], [ 79.862656206904546, 6.909697392703249 ], [ 79.862656344896351, 6.9096976588511 ], [ 79.862656505574648, 6.909697911967537 ], [ 79.862656687716992, 6.909698150126107 ], [ 79.862656889936972, 6.909698371514118 ], [ 79.862657110695466, 6.909698574447 ], [ 79.86265734831268, 6.909698757380192 ], [ 79.862657600980057, 6.909698918921267 ], [ 79.862657866774526, 6.909699057841208 ], [ 79.862658143673372, 6.90969917308223 ], [ 79.862658429569251, 6.909699263767634 ], [ 79.862658722286184, 6.909699329207168 ], [ 79.862659019596506, 6.909699368902976 ], [ 79.862659319237508, 6.909699382552541 ] ] ] } },
{ "type": "Feature", "properties": { "planarFacilityId": "70.0", "type": null }, "geometry": { "type": "Polygon", "coordinates": [ [ [ 79.864063890128875, 6.910873673849432 ], [ 79.864064189820908, 6.910873661348456 ], [ 79.864064487282263, 6.910873622792482 ], [ 79.864064780249038, 6.910873558475365 ], [ 79.864065066491676, 6.910873468886405 ], [ 79.86406534383157, 6.910873354707511 ], [ 79.864065610158022, 6.910873216807309 ], [ 79.864065863444281, 6.910873056235815 ], [ 79.864066101762518, 6.910872874214668 ], [ 79.8640663232989, 6.910872672129354 ], [ 79.864066526367651, 6.910872451517983 ], [ 79.864066709423241, 6.910872214059216 ], [ 79.864066871072296, 6.910871961560418 ], [ 79.864067010084966, 6.910871695943345 ], [ 79.864067125402741, 6.910871419229403 ], [ 79.864067216148385, 6.910871133524525 ], [ 79.864067281631137, 6.910870841003194 ], [ 79.864067321352863, 6.910870543891625 ], [ 79.864067335010816, 6.910870244451009 ], [ 79.864067322501441, 6.910869944960274 ], [ 79.864067283919553, 6.910869647698743 ], [ 79.864067219559189, 6.91086935492875 ], [ 79.864067129910012, 6.91086906887839 ], [ 79.864067015654385, 6.910868791724785 ], [ 79.864066877661486, 6.910868525577211 ], [ 79.864066716982066, 6.910868272461113 ], [ 79.864066534838571, 6.910868034302941 ], [ 79.86406633261744, 6.910867812915385 ], [ 79.864066111857767, 6.910867609983019 ], [ 79.864065874239401, 6.910867427050388 ], [ 79.864065621570873, 6.910867265509927 ], [ 79.864065355775281, 6.910867126590637 ], [ 79.864065078875342, 6.910867011350307 ], [ 79.864064792978425, 6.910866920665621 ], [ 79.864064500260483, 6.910866855226843 ], [ 79.864064202949223, 6.910866815531797 ], [ 79.864063903307326, 6.910866801883017 ], [ 79.864063603615293, 6.910866814383994 ], [ 79.864063306153952, 6.910866852939967 ], [ 79.864063013187163, 6.910866917257083 ], [ 79.864062726944553, 6.910867006846041 ], [ 79.86406244960466, 6.910867121024932 ], [ 79.864062183278193, 6.910867258925135 ], [ 79.864061929991962, 6.910867419496626 ], [ 79.864061691673712, 6.910867601517775 ], [ 79.864061470137344, 6.910867803603082 ], [ 79.864061267068578, 6.910868024214451 ], [ 79.864061084012988, 6.910868261673217 ], [ 79.864060922363947, 6.910868514172015 ], [ 79.864060783351277, 6.910868779789086 ], [ 79.864060668033488, 6.910869056503029 ], [ 79.864060577287859, 6.910869342207901 ], [ 79.864060511805064, 6.910869634729228 ], [ 79.864060472083366, 6.910869931840799 ], [ 79.864060458425385, 6.910870231281418 ], [ 79.86406047093476, 6.910870530772146 ], [ 79.864060509516662, 6.910870828033679 ], [ 79.864060573876998, 6.910871120803673 ], [ 79.864060663526175, 6.910871406854034 ], [ 79.864060777781816, 6.910871684007637 ], [ 79.864060915774715, 6.910871950155214 ], [ 79.864061076454135, 6.910872203271315 ], [ 79.864061258597616, 6.910872441429489 ], [ 79.86406146081876, 6.910872662817044 ], [ 79.864061681578406, 6.910872865749416 ], [ 79.864061919196786, 6.910873048682045 ], [ 79.864062171865314, 6.91087321022251 ], [ 79.86406243766092, 6.910873349141803 ], [ 79.864062714560859, 6.910873464382136 ], [ 79.864063000457776, 6.910873555066823 ], [ 79.864063293175704, 6.910873620505604 ], [ 79.864063590486992, 6.910873660200648 ], [ 79.864063890128875, 6.910873673849432 ] ] ] } },
{ "type": "Feature", "properties": { "planarFacilityId": "71.0", "type": null }, "geometry": { "type": "Polygon", "coordinates": [ [ [ 79.863922597659027, 6.911629117815066 ], [ 79.863917085296222, 6.911629395923583 ], [ 79.863917263223087, 6.911632917848114 ], [ 79.863922775585934, 6.911632639739597 ], [ 79.863922597659027, 6.911629117815066 ] ] ] } },
{ "type": "Feature", "properties": { "planarFacilityId": "72.0", "type": null }, "geometry": { "type": "Polygon", "coordinates": [ [ [ 79.863005685967764, 6.911650995885876 ], [ 79.863000173605542, 6.911651273983682 ], [ 79.863000351525557, 6.911654795907668 ], [ 79.863005863887835, 6.911654517809864 ], [ 79.863005685967764, 6.911650995885876 ] ] ] } },
{ "type": "Feature", "properties": { "planarFacilityId": "73.0", "type": null }, "geometry": { "type": "Polygon", "coordinates": [ [ [ 79.862914476237336, 6.911652400724608 ], [ 79.862908963875185, 6.911652678821346 ], [ 79.862909141794532, 6.91165620074528 ], [ 79.862914654156725, 6.91165592264854 ], [ 79.862914476237336, 6.911652400724608 ] ] ] } },
{ "type": "Feature", "properties": { "planarFacilityId": "74.0", "type": null }, "geometry": { "type": "Polygon", "coordinates": [ [ [ 79.862763613440578, 6.911653781288958 ], [ 79.86275809406888, 6.911653770702349 ], [ 79.862758087295802, 6.911657297104764 ], [ 79.862763606667556, 6.911657307691381 ], [ 79.862763613440578, 6.911653781288958 ] ] ] } },
{ "type": "Feature", "properties": { "planarFacilityId": "75.0", "type": null }, "geometry": { "type": "Polygon", "coordinates": [ [ [ 79.862770261422753, 6.911650836622247 ], [ 79.862770561115212, 6.911650824122153 ], [ 79.862770858577022, 6.911650785567065 ], [ 79.862771151544379, 6.911650721250831 ], [ 79.862771437787643, 6.911650631662746 ], [ 79.862771715128233, 6.911650517484711 ], [ 79.862771981455438, 6.911650379585339 ], [ 79.862772234742465, 6.911650219014652 ], [ 79.862772473061554, 6.911650036994275 ], [ 79.862772694598789, 6.911649834909689 ], [ 79.862772897668464, 6.911649614298994 ], [ 79.862773080724992, 6.911649376840853 ], [ 79.862773242374971, 6.911649124342628 ], [ 79.862773381388592, 6.911648858726067 ], [ 79.862773496707362, 6.911648582012569 ], [ 79.862773587453944, 6.911648296308066 ], [ 79.862773652937648, 6.911648003787043 ], [ 79.862773692660298, 6.911647706675702 ], [ 79.862773706319146, 6.911647407235242 ], [ 79.862773693810624, 6.911647107744591 ], [ 79.86277365522956, 6.91164681048306 ], [ 79.862773590869992, 6.911646517712991 ], [ 79.862773501221525, 6.911646231662482 ], [ 79.862773386966552, 6.911645954508651 ], [ 79.862773248974264, 6.911645688360776 ], [ 79.86277308829537, 6.911645435244304 ], [ 79.862772906152358, 6.911645197085691 ], [ 79.862772703931597, 6.911644975697629 ], [ 79.862772483172265, 6.911644772764694 ], [ 79.862772245554112, 6.91164458983144 ], [ 79.862771992885769, 6.911644428290302 ], [ 79.86277172709022, 6.911644289370285 ], [ 79.86277145019028, 6.911644174129187 ], [ 79.86277116429325, 6.911644083443702 ], [ 79.862770871575123, 6.91164401800409 ], [ 79.862770574263592, 6.911643978308187 ], [ 79.862770274621354, 6.911643964658537 ], [ 79.862769974928895, 6.911643977158628 ], [ 79.862769677467085, 6.911644015713716 ], [ 79.862769384499742, 6.911644080029951 ], [ 79.862769098256479, 6.911644169618035 ], [ 79.862768820915889, 6.911644283796068 ], [ 79.862768554588683, 6.911644421695439 ], [ 79.862768301301671, 6.911644582266129 ], [ 79.862768062982582, 6.911644764286501 ], [ 79.862767841445333, 6.911644966371086 ], [ 79.862767638375658, 6.911645186981779 ], [ 79.862767455319144, 6.911645424439912 ], [ 79.862767293669151, 6.911645676938137 ], [ 79.862767154655515, 6.911645942554702 ], [ 79.862767039336774, 6.911646219268196 ], [ 79.862766948590178, 6.911646504972694 ], [ 79.862766883106474, 6.911646797493717 ], [ 79.862766843383824, 6.911647094605057 ], [ 79.862766829724976, 6.911647394045515 ], [ 79.862766842233484, 6.911647693536167 ], [ 79.862766880814547, 6.911647990797698 ], [ 79.862766945174116, 6.911648283567764 ], [ 79.862767034822568, 6.911648569618279 ], [ 79.862767149077527, 6.911648846772111 ], [ 79.862767287069829, 6.911649112919988 ], [ 79.862767447748695, 6.911649366036459 ], [ 79.862767629891735, 6.911649604195075 ], [ 79.862767832112482, 6.911649825583139 ], [ 79.862768052871814, 6.911650028516077 ], [ 79.862768290489967, 6.911650211449332 ], [ 79.862768543158339, 6.911650372990475 ], [ 79.862768808953874, 6.91165051191049 ], [ 79.862769085853827, 6.911650627151592 ], [ 79.862769371750844, 6.911650717837079 ], [ 79.862769664468985, 6.911650783276693 ], [ 79.862769961780515, 6.911650822972594 ], [ 79.862770261422753, 6.911650836622247 ] ] ] } },
{ "type": "Feature", "properties": { "planarFacilityId": "76.0", "type": null }, "geometry": { "type": "Polygon", "coordinates": [ [ [ 79.862617827035663, 6.911655521184675 ], [ 79.862612307664165, 6.911655510596374 ], [ 79.862612300890021, 6.911659036998643 ], [ 79.862617820261534, 6.911659047586955 ], [ 79.862617827035663, 6.911655521184675 ] ] ] } },
{ "type": "Feature", "properties": { "planarFacilityId": "77.0", "type": null }, "geometry": { "type": "Polygon", "coordinates": [ [ [ 79.862280684613509, 6.911647331270781 ], [ 79.862275165242622, 6.911647320678584 ], [ 79.862275158465977, 6.911650847080525 ], [ 79.862280677836907, 6.91165085767273 ], [ 79.862280684613509, 6.911647331270781 ] ] ] } },
{ "type": "Feature", "properties": { "planarFacilityId": "78.0", "type": null }, "geometry": { "type": "Polygon", "coordinates": [ [ [ 79.861881103331498, 6.911605208381451 ], [ 79.861881403023887, 6.911605195881916 ], [ 79.861881700485682, 6.91160515732739 ], [ 79.861881993453053, 6.911605093011715 ], [ 79.861882279696388, 6.911605003424184 ], [ 79.861882557037092, 6.911604889246687 ], [ 79.861882823364454, 6.911604751347842 ], [ 79.861883076651708, 6.911604590777663 ], [ 79.861883314971053, 6.911604408757772 ], [ 79.8618835365086, 6.911604206673647 ], [ 79.861883739578616, 6.911603986063386 ], [ 79.861883922635499, 6.911603748605641 ], [ 79.86188408428589, 6.911603496107775 ], [ 79.861884223299981, 6.911603230491536 ], [ 79.861884338619205, 6.91160295377832 ], [ 79.861884429366299, 6.911602668074054 ], [ 79.861884494850514, 6.911602375553225 ], [ 79.86188453457369, 6.911602078442034 ], [ 79.861884548233107, 6.911601779001667 ], [ 79.861884535725139, 6.911601479511067 ], [ 79.861884497144644, 6.911601182249534 ], [ 79.861884432785629, 6.911600889479416 ], [ 79.861884343137731, 6.911600603428811 ], [ 79.861884228883326, 6.911600326274836 ], [ 79.861884090891564, 6.911600060126768 ], [ 79.861883930213196, 6.911599807010061 ], [ 79.861883748070682, 6.911599568851169 ], [ 79.861883545850418, 6.911599347462784 ], [ 79.861883325091512, 6.91159914452949 ], [ 79.861883087473799, 6.911598961595842 ], [ 79.861882834805812, 6.91159880005427 ], [ 79.861882569010646, 6.911598661133796 ], [ 79.861882292110991, 6.911598545892214 ], [ 79.861882006214231, 6.911598455206219 ], [ 79.861881713496345, 6.911598389766077 ], [ 79.861881416184971, 6.911598350069641 ], [ 79.861881116542875, 6.911598336419433 ], [ 79.861880816850501, 6.91159834891897 ], [ 79.861880519388706, 6.911598387473495 ], [ 79.861880226421334, 6.911598451789167 ], [ 79.861879940178014, 6.911598541376703 ], [ 79.861879662837325, 6.911598655554193 ], [ 79.861879396509934, 6.911598793453036 ], [ 79.861879143222708, 6.911598954023217 ], [ 79.86187890490335, 6.911599136043106 ], [ 79.861878683365831, 6.911599338127228 ], [ 79.8618784802958, 6.911599558737489 ], [ 79.861878297238903, 6.911599796195228 ], [ 79.861878135588498, 6.911600048693093 ], [ 79.861877996574435, 6.911600314309332 ], [ 79.861877881255211, 6.911600591022546 ], [ 79.861877790508117, 6.911600876726807 ], [ 79.861877725023888, 6.91160116924764 ], [ 79.861877685300698, 6.911601466358831 ], [ 79.861877671641281, 6.911601765799195 ], [ 79.861877684149249, 6.911602065289794 ], [ 79.861877722729744, 6.911602362551323 ], [ 79.861877787088744, 6.911602655321441 ], [ 79.861877876736642, 6.91160294137205 ], [ 79.861877990991047, 6.911603218526027 ], [ 79.861878128982795, 6.911603484674095 ], [ 79.861878289661163, 6.911603737790805 ], [ 79.861878471803678, 6.911603975949699 ], [ 79.861878674023956, 6.911604197338084 ], [ 79.861878894782848, 6.911604400271382 ], [ 79.86187913240056, 6.911604583205035 ], [ 79.861879385068548, 6.911604744746606 ], [ 79.861879650863742, 6.91160488366708 ], [ 79.861879927763383, 6.911604998908667 ], [ 79.861880213660115, 6.911605089594663 ], [ 79.861880506378043, 6.911605155034806 ], [ 79.861880803689402, 6.911605194731244 ], [ 79.861881103331498, 6.911605208381451 ] ] ] } },
{ "type": "Feature", "properties": { "planarFacilityId": "79.0", "type": null }, "geometry": { "type": "Polygon", "coordinates": [ [ [ 79.861939424824754, 6.911614025925668 ], [ 79.861933666895894, 6.911613409971971 ], [ 79.861933252773156, 6.911617275975702 ], [ 79.861939010702045, 6.91161789192941 ], [ 79.861939424824754, 6.911614025925668 ] ] ] } },
{ "type": "Feature", "properties": { "planarFacilityId": "80.0", "type": null }, "geometry": { "type": "Polygon", "coordinates": [ [ [ 79.861783642440628, 6.911594010741488 ], [ 79.861777884512463, 6.911593394785964 ], [ 79.861777470388503, 6.9115972607894 ], [ 79.86178322831671, 6.911597876744933 ], [ 79.861783642440628, 6.911594010741488 ] ] ] } },
{ "type": "Feature", "properties": { "planarFacilityId": "81.0", "type": null }, "geometry": { "type": "Polygon", "coordinates": [ [ [ 79.863623279617116, 6.909710300886951 ], [ 79.863620374606242, 6.909715306958654 ], [ 79.863623740313102, 6.909717257456637 ], [ 79.863626645323947, 6.909712251384912 ], [ 79.863623279617116, 6.909710300886951 ] ] ] } },
{ "type": "Feature", "properties": { "planarFacilityId": "82.0", "type": null }, "geometry": { "type": "Polygon", "coordinates": [ [ [ 79.863688481909392, 6.909611625776147 ], [ 79.863685318708136, 6.909616473053052 ], [ 79.863688577652596, 6.909618596907066 ], [ 79.863691740853838, 6.909613749630132 ], [ 79.863688481909392, 6.909611625776147 ] ] ] } },
{ "type": "Feature", "properties": { "planarFacilityId": "83.0", "type": null }, "geometry": { "type": "Polygon", "coordinates": [ [ [ 79.863913218429431, 6.909299845995306 ], [ 79.863910055232765, 6.909304693274336 ], [ 79.863913314176472, 6.909306817126692 ], [ 79.863916477373138, 6.909301969847636 ], [ 79.863913218429431, 6.909299845995306 ] ] ] } },
{ "type": "Feature", "properties": { "planarFacilityId": "84.0", "type": null }, "geometry": { "type": "Polygon", "coordinates": [ [ [ 79.863366659510945, 6.911630439630528 ], [ 79.863366914989783, 6.911635496752463 ], [ 79.863374505783867, 6.911635113792177 ], [ 79.863374250304958, 6.911630056670237 ], [ 79.863366659510945, 6.911630439630528 ] ] ] } },
{ "type": "Feature", "properties": { "planarFacilityId": "85.0", "type": null }, "geometry": { "type": "Polygon", "coordinates": [ [ [ 79.862996525365858, 6.911604472571733 ], [ 79.862996981571058, 6.911613503146058 ], [ 79.86300637969606, 6.911613029012025 ], [ 79.863005923490689, 6.911603998437685 ], [ 79.862996525365858, 6.911604472571733 ] ] ] } },
{ "type": "Feature", "properties": { "planarFacilityId": "86.0", "type": null }, "geometry": { "type": "Polygon", "coordinates": [ [ [ 79.861702283119897, 6.911584892370877 ], [ 79.86170199348517, 6.911590219335549 ], [ 79.86170741438697, 6.911590513681014 ], [ 79.861707704021626, 6.911585186716331 ], [ 79.861702283119897, 6.911584892370877 ] ] ] } }
]
}
