{
"type": "FeatureCollection",
"name": "roadBoundary",
"crs": { "type": "name", "properties": { "name": "urn:ogc:def:crs:OGC:1.3:CRS84" } },
"features": [
{ "type": "Feature", "properties": { "roadBoundaryId": "1", "height": 0.15, "type": 0 }, "geometry": { "type": "LineString", "coordinates": [ [ 79.861757882619898, 6.905168459644103 ], [ 79.861744700620648, 6.905167918942695 ], [ 79.861743178711777, 6.905168881265732 ], [ 79.861741947210987, 6.905169387520443 ], [ 79.861740276356599, 6.905172502830003 ], [ 79.861739303233193, 6.905176140909585 ], [ 79.861738872301046, 6.905182754868552 ], [ 79.861740220413466, 6.905182784580548 ], [ 79.861740217207611, 6.905189150204448 ], [ 79.861692992857868, 6.905186128756497 ], [ 79.861589527281126, 6.905183356163196 ], [ 79.861487267916829, 6.905180736063934 ], [ 79.861468632982152, 6.905179814852282 ], [ 79.861462108448336, 6.905178584617664 ], [ 79.861457563714083, 6.905178540306862 ], [ 79.861452154852245, 6.905178384763278 ], [ 79.861440557685413, 6.905178127093239 ], [ 79.861425826298756, 6.905177635060787 ], [ 79.861419418748952, 6.905177541572522 ], [ 79.861399056560515, 6.905176939793505 ], [ 79.861397341200203, 6.90517496532549 ], [ 79.861397348537793, 6.905177035976738 ], [ 79.861397702006073, 6.905180246592726 ], [ 79.861388715960715, 6.905179096463199 ], [ 79.861361776393025, 6.905177599888321 ], [ 79.861288306966202, 6.905177179089215 ], [ 79.861215235145792, 6.905176930135082 ], [ 79.861203828288822, 6.905176945601577 ], [ 79.861187887918149, 6.905176794315869 ], [ 79.861176546167442, 6.905176861321153 ], [ 79.861162026454053, 6.905176767987057 ], [ 79.861146279225039, 6.905176777811873 ], [ 79.861138871312377, 6.905176737026234 ], [ 79.861125887094161, 6.905176686697343 ], [ 79.86111895928164, 6.905164115100464 ], [ 79.861111945700245, 6.90515611997871 ], [ 79.861107030972974, 6.905156664236202 ], [ 79.861102123789692, 6.905157237374107 ], [ 79.861085215210423, 6.905158352659718 ], [ 79.861081667052062, 6.905154340207695 ], [ 79.861069447612437, 6.905154622169131 ], [ 79.861056820214756, 6.905154792832127 ], [ 79.861036967548387, 6.905155429856369 ], [ 79.861035851683354, 6.905156962609786 ], [ 79.861034283031941, 6.90515868889413 ], [ 79.861029073257484, 6.905158905790072 ], [ 79.861021551286171, 6.905159391201017 ], [ 79.861016967571388, 6.905166784478221 ], [ 79.861017808365972, 6.905174187037279 ], [ 79.861019799004808, 6.905181202994197 ], [ 79.861014801603844, 6.905180923827379 ], [ 79.861007862193745, 6.905180097278404 ], [ 79.86099451857369, 6.905179799262838 ], [ 79.860958209971898, 6.905180614538878 ], [ 79.860956497636963, 6.905181786723651 ], [ 79.860940879488069, 6.905182416808594 ], [ 79.860940338333535, 6.905181520603176 ], [ 79.860924565796793, 6.90518244877916 ], [ 79.860924237762774, 6.905183632659127 ], [ 79.860908873474159, 6.905184001014571 ], [ 79.860907599121532, 6.905183266155348 ], [ 79.860895193079131, 6.905183857193104 ], [ 79.860893706667198, 6.905185183528169 ], [ 79.86087968121538, 6.905185295483502 ], [ 79.860875105262764, 6.9051850076557 ], [ 79.860864907416655, 6.905185555191047 ], [ 79.860859560652855, 6.905186539732238 ], [ 79.860847349129656, 6.905187436405912 ], [ 79.860846826355768, 6.905186395563843 ], [ 79.8608307005033, 6.90518754006662 ], [ 79.860824962917164, 6.905188644238218 ], [ 79.860812536677358, 6.905189819958936 ], [ 79.860810810868571, 6.905188577877414 ], [ 79.860795191725529, 6.905189732400928 ], [ 79.860794772739141, 6.905191169283327 ], [ 79.860783370261359, 6.90519217818558 ], [ 79.86078249555797, 6.905190639349925 ], [ 79.860765744506082, 6.905192243795534 ], [ 79.860764094730499, 6.905193822994371 ], [ 79.86075127196311, 6.905194693534508 ], [ 79.860750496124894, 6.905193507534928 ], [ 79.86073436920887, 6.905195212642129 ], [ 79.860728987927615, 6.90519662593099 ], [ 79.860718982391845, 6.905197868587018 ], [ 79.860717583261973, 6.905196147906458 ], [ 79.860703316782562, 6.90519776984788 ], [ 79.860692643826624, 6.905199586895972 ], [ 79.860673396048639, 6.905199722150115 ], [ 79.860641927687453, 6.905203101014632 ], [ 79.860618504845903, 6.905205822875723 ], [ 79.86060448087926, 6.905207610783996 ], [ 79.860588587420992, 6.905209299035532 ], [ 79.860563252696224, 6.905212241676615 ], [ 79.860539358012787, 6.905214984551225 ], [ 79.860505361483646, 6.905219520964088 ], [ 79.860505539438932, 6.90522103133258 ], [ 79.860488480354974, 6.905222693388893 ], [ 79.860480321226419, 6.905223086590521 ], [ 79.860462804135778, 6.905225496546525 ], [ 79.860446355691693, 6.905227886133354 ], [ 79.860431382853392, 6.905230015671706 ], [ 79.860401689745231, 6.905234569518962 ], [ 79.860381328683658, 6.90523732747073 ], [ 79.860367644309335, 6.905239229133933 ], [ 79.860353415189593, 6.905241669015211 ], [ 79.860336013841248, 6.905244480586299 ], [ 79.860324791893262, 6.905246481172173 ], [ 79.860321773032084, 6.905230687884173 ], [ 79.860303302081633, 6.905232713985074 ], [ 79.860285209548294, 6.905235572693838 ], [ 79.860289746793072, 6.905256911693783 ], [ 79.860278924233256, 6.905258649585692 ], [ 79.86026475615536, 6.905261565566233 ], [ 79.860264324054484, 6.905260398308547 ], [ 79.860217879337156, 6.90523274876546 ], [ 79.860216403224115, 6.905233433125252 ], [ 79.860212494369037, 6.905240693190714 ], [ 79.860190182055888, 6.905234259077075 ], [ 79.860173048771429, 6.905225274095828 ], [ 79.860160450957622, 6.905218419708889 ], [ 79.860150665941418, 6.905213164156729 ], [ 79.860147028849624, 6.905211301879953 ], [ 79.860138041688217, 6.905206438781097 ], [ 79.86011740014068, 6.9051953836457 ], [ 79.860110066983083, 6.90519769551466 ], [ 79.860104681087876, 6.905198801003179 ], [ 79.860094633174185, 6.905194113875474 ], [ 79.860067255002889, 6.905181715095038 ], [ 79.86002544008501, 6.905258962659339 ], [ 79.860018856226176, 6.905260870082811 ], [ 79.859979847221126, 6.90524001322756 ], [ 79.859964677134229, 6.905258586647854 ], [ 79.85995847868115, 6.905268790278241 ], [ 79.859955840752718, 6.905273965328543 ], [ 79.859968173032016, 6.905280929798663 ], [ 79.859965207112722, 6.905285556825557 ], [ 79.859961039428214, 6.905291939225654 ], [ 79.859949863636501, 6.90531224763819 ], [ 79.85994428375885, 6.905322336346779 ], [ 79.859945478850719, 6.9053278000791 ], [ 79.859947626666312, 6.905338980256182 ], [ 79.859915990289181, 6.905345999400223 ], [ 79.859914963587229, 6.905343528949804 ], [ 79.859869740042569, 6.905353655551274 ], [ 79.859859115780552, 6.905356177967818 ], [ 79.859851571418304, 6.905358371724862 ], [ 79.859851830426578, 6.905360162572392 ], [ 79.859843769810297, 6.90536212225356 ], [ 79.85984041224016, 6.905363032074481 ], [ 79.859827080863766, 6.905366516789208 ], [ 79.859827908017138, 6.905378652865501 ], [ 79.859811186439202, 6.905383571443041 ], [ 79.85980210274748, 6.905386089192786 ], [ 79.85978850032933, 6.905389454918442 ], [ 79.859768761309198, 6.90539648011226 ], [ 79.859753732355188, 6.905401983533566 ], [ 79.859752656255921, 6.905401710174107 ], [ 79.859741258384759, 6.905405633750469 ], [ 79.859719492881922, 6.905413203104489 ], [ 79.859686908253551, 6.905424572773366 ], [ 79.859674697897077, 6.905429356726144 ], [ 79.859670507692698, 6.905431224065622 ], [ 79.859657413996558, 6.90543689517918 ], [ 79.859641651243436, 6.905444265313042 ], [ 79.859622428745652, 6.905452190351889 ], [ 79.85960249038159, 6.90546032159016 ], [ 79.859602053836781, 6.905461487180777 ], [ 79.859573896065584, 6.905473087277317 ], [ 79.859565083304162, 6.905476195875709 ], [ 79.859540875121041, 6.905487474027895 ], [ 79.859540900129147, 6.905488586257328 ], [ 79.859522375291434, 6.905497264663719 ], [ 79.859516111297694, 6.905499951176756 ], [ 79.859513343583743, 6.905501405443219 ], [ 79.859499213866542, 6.905508326254789 ], [ 79.859450822018147, 6.905531698189937 ], [ 79.859435463387911, 6.905539705645487 ], [ 79.859416349288438, 6.905551210167126 ], [ 79.859380394207932, 6.905572669482872 ], [ 79.859342097706602, 6.905595916784959 ], [ 79.859316216652573, 6.905612217766134 ], [ 79.859304965173791, 6.905622439080784 ], [ 79.859299717873498, 6.905625345288001 ], [ 79.859290938809693, 6.905630108025879 ], [ 79.859280849396299, 6.905635787172953 ], [ 79.85927708445756, 6.905637994546025 ], [ 79.859264296961641, 6.905645146455253 ], [ 79.859238107051439, 6.905659987815227 ], [ 79.859193826469607, 6.905684817034518 ], [ 79.859175615028434, 6.905694939219719 ], [ 79.859170014500023, 6.905698182698308 ], [ 79.859165035065118, 6.905695062621819 ], [ 79.859140386916891, 6.905709889427869 ], [ 79.859139436498253, 6.905712394527534 ], [ 79.85913880170493, 6.905715465347479 ], [ 79.859125867117129, 6.905722665082745 ], [ 79.85912587473662, 6.905723442739547 ], [ 79.859095591451521, 6.905740054538075 ], [ 79.859090312748449, 6.905742487248767 ], [ 79.859080344916862, 6.905748054694532 ], [ 79.859069539520476, 6.905753699657169 ], [ 79.859057748657662, 6.905759527197115 ], [ 79.859045174197647, 6.905766128832941 ], [ 79.859043817396, 6.905765945375968 ], [ 79.859031899715674, 6.905771311529636 ] ] } },
{ "type": "Feature", "properties": { "roadBoundaryId": "2", "height": 0.15, "type": 0 }, "geometry": { "type": "LineString", "coordinates": [ [ 79.860714085433798, 6.905443523677958 ], [ 79.860719244421986, 6.905442692671563 ], [ 79.860720387648428, 6.905441031117162 ], [ 79.860722139841329, 6.905442653012432 ], [ 79.860732210333879, 6.905442626001985 ], [ 79.860739482472781, 6.90544313355975 ], [ 79.860743907565748, 6.905442432748782 ], [ 79.860748221135282, 6.905441219079021 ], [ 79.860755906455083, 6.905440737372679 ], [ 79.86077036787249, 6.905439652546803 ], [ 79.860778522561077, 6.9054391388743 ], [ 79.860785132508298, 6.90543853778596 ], [ 79.860809124371713, 6.905436693381705 ], [ 79.860823882445388, 6.905435712170892 ], [ 79.860844429470902, 6.905434196370473 ], [ 79.860857573316608, 6.905433340093346 ], [ 79.860871858753612, 6.905432356175247 ], [ 79.860884377251708, 6.90543163830616 ], [ 79.860896845449773, 6.905433770980147 ], [ 79.860930561741526, 6.905433351133833 ], [ 79.860936230030589, 6.905426462906131 ], [ 79.860938754942438, 6.905426232659186 ], [ 79.860940101197571, 6.905427229872381 ], [ 79.860956408091951, 6.905426047534933 ], [ 79.860963592187488, 6.905425038571622 ], [ 79.860969965190165, 6.905424448005713 ] ] } },
{ "type": "Feature", "properties": { "roadBoundaryId": "3", "height": 0.15, "type": 0 }, "geometry": { "type": "LineString", "coordinates": [ [ 79.859982180379575, 6.905551011279969 ], [ 79.860051258875515, 6.905538711199418 ], [ 79.86009984454931, 6.905575748631176 ], [ 79.860100622919461, 6.905495108882259 ], [ 79.860261852475418, 6.905501651031363 ], [ 79.860276055944198, 6.905501178892676 ], [ 79.86028708492934, 6.905500170730078 ], [ 79.860324853565288, 6.90549545588091 ], [ 79.860383664137046, 6.905488135562871 ], [ 79.86038357522753, 6.905487312563453 ], [ 79.860390426097737, 6.905486520983227 ] ] } },
{ "type": "Feature", "properties": { "roadBoundaryId": "4", "height": 0.15, "type": 0 }, "geometry": { "type": "LineString", "coordinates": [ [ 79.86050971477691, 6.905567209039748 ], [ 79.860504164202666, 6.905516015395802 ], [ 79.860502954963309, 6.905494909019337 ], [ 79.860503644109144, 6.905489788444856 ], [ 79.860505661612294, 6.905483118073502 ], [ 79.860507569666638, 6.905478803373695 ], [ 79.860508600842294, 6.905474782699762 ], [ 79.860510153100535, 6.905470855031757 ], [ 79.860527207134723, 6.905468082143518 ], [ 79.860538091550978, 6.905466225243712 ], [ 79.860549287175928, 6.905464856846399 ], [ 79.860578542701489, 6.905460864034494 ], [ 79.860629675007075, 6.905454108348299 ], [ 79.86065103835783, 6.905451146852807 ], [ 79.860667427412338, 6.905446770592123 ], [ 79.860680591720026, 6.905451814242243 ] ] } },
{ "type": "Feature", "properties": { "roadBoundaryId": "5", "height": 0.15, "type": 0 }, "geometry": { "type": "LineString", "coordinates": [ [ 79.85931615808191, 6.906088376557229 ], [ 79.859311858810145, 6.906079996847332 ], [ 79.859305636754712, 6.906068280896496 ], [ 79.85930060579814, 6.906058898852879 ], [ 79.859298820141888, 6.906055689752023 ], [ 79.859295333138448, 6.906048331446368 ], [ 79.859293154020506, 6.906043411242406 ], [ 79.859287714764989, 6.906044205532022 ], [ 79.859287606494988, 6.906043934072345 ], [ 79.859272027956038, 6.906048047106407 ], [ 79.859267386917438, 6.906049318566568 ], [ 79.859262379389932, 6.906050191167798 ], [ 79.859246370920218, 6.906041142084336 ], [ 79.859241678895927, 6.906025001993251 ], [ 79.859237078728412, 6.906008192952406 ], [ 79.859236048695678, 6.906007377181455 ], [ 79.859241935049212, 6.905996526710886 ], [ 79.859244958268334, 6.905990114906107 ], [ 79.859264048878245, 6.905984588476881 ], [ 79.859272290051379, 6.905981893972453 ], [ 79.859270073328105, 6.90597129465181 ], [ 79.859265290879975, 6.905946914772708 ], [ 79.859266079621293, 6.905943803555765 ], [ 79.859266447705465, 6.905938245644129 ], [ 79.859264579377552, 6.905937425251494 ], [ 79.859273969812165, 6.905908520162999 ], [ 79.859275311048677, 6.905904157093971 ], [ 79.859276582988514, 6.905898426646464 ], [ 79.859281885345567, 6.905885818833775 ], [ 79.859287170503237, 6.905873807918275 ], [ 79.859291855025546, 6.905862435707564 ], [ 79.85929453180735, 6.905857601421717 ], [ 79.859305364354228, 6.905848623055113 ], [ 79.859305283367064, 6.905848387818423 ], [ 79.859320087669502, 6.905836022612058 ], [ 79.859332293481302, 6.905825614537027 ], [ 79.859337881923963, 6.905820971619346 ], [ 79.859340350461693, 6.90581263618392 ], [ 79.859346193479666, 6.905809877009994 ], [ 79.859350607438842, 6.905809288537571 ], [ 79.859356138325438, 6.905807125323195 ], [ 79.859362256057224, 6.905802890648989 ], [ 79.859364894364958, 6.905800866245544 ], [ 79.859367215842795, 6.905799272793756 ], [ 79.85937465467407, 6.905793925647957 ], [ 79.859377270486675, 6.90579185353013 ], [ 79.859383017777958, 6.905787009001351 ], [ 79.859399227764598, 6.90576486840039 ], [ 79.859412833635332, 6.905750415152426 ], [ 79.859426837931949, 6.905743507399842 ], [ 79.859423182823221, 6.905734494442742 ], [ 79.859432628013082, 6.905728770374881 ], [ 79.8594476600002, 6.905721089022353 ], [ 79.859462786355607, 6.905712536574641 ], [ 79.859524740835354, 6.905675664617615 ], [ 79.859551442043184, 6.905702704040956 ], [ 79.859574010144073, 6.905691883491047 ], [ 79.859596811675601, 6.905680762128625 ], [ 79.859605479951341, 6.905676927690646 ], [ 79.859610325031866, 6.905674921933533 ], [ 79.859622404692374, 6.90566976367278 ], [ 79.859628532634758, 6.905667270420925 ], [ 79.859647327728652, 6.905660134354219 ], [ 79.85975295790918, 6.90562256772295 ], [ 79.859857700675946, 6.905587683761821 ], [ 79.859900447297179, 6.905573765422716 ], [ 79.859910898205882, 6.905570211884664 ], [ 79.85991810677244, 6.905567353759361 ] ] } },
{ "type": "Feature", "properties": { "roadBoundaryId": "6", "height": 0.15, "type": 0 }, "geometry": { "type": "LineString", "coordinates": [ [ 79.861460624832119, 6.905410631697604 ], [ 79.861466524168208, 6.905411236528863 ], [ 79.861471338182042, 6.905412210261686 ], [ 79.86147752729228, 6.90541227947517 ], [ 79.861480451335282, 6.90541226471864 ], [ 79.861492700087979, 6.905412669530358 ], [ 79.861502481499286, 6.905412874494286 ], [ 79.8615140419613, 6.905411373182666 ], [ 79.861514317448226, 6.905418277354093 ] ] } },
{ "type": "Feature", "properties": { "roadBoundaryId": "7", "height": 0.15, "type": 0 }, "geometry": { "type": "LineString", "coordinates": [ [ 79.861650051046027, 6.905416367687851 ], [ 79.861661523482169, 6.905416624796907 ], [ 79.861661542556973, 6.905416136565201 ], [ 79.861692192740563, 6.905416922313327 ], [ 79.861716145372341, 6.905417709387504 ], [ 79.861734512425073, 6.9054180940313 ], [ 79.861758738232027, 6.905418728914125 ], [ 79.861774292818041, 6.905419215100719 ], [ 79.861780277261246, 6.905419285972259 ], [ 79.861806020905433, 6.905420102487596 ], [ 79.861820493958945, 6.905420762863107 ], [ 79.861863942837275, 6.905423387819669 ], [ 79.861864161834163, 6.905427104535935 ], [ 79.861879969544844, 6.905427910218519 ], [ 79.861893773157789, 6.905428707535366 ], [ 79.861898036801676, 6.905426905178056 ], [ 79.861903232951931, 6.905425745719253 ], [ 79.861907374604812, 6.905426265014246 ], [ 79.861913838465412, 6.905427644561885 ], [ 79.861927929730527, 6.905429323036877 ], [ 79.861941866061557, 6.905430533296563 ], [ 79.861948224896935, 6.905429947668509 ], [ 79.861961308247317, 6.905430956373206 ], [ 79.861971955672544, 6.905432151099931 ], [ 79.862119249569432, 6.905446800167266 ], [ 79.862603355722428, 6.905516893412144 ], [ 79.862692685601203, 6.905532961816301 ], [ 79.862720111512701, 6.905537267925963 ], [ 79.862740534453877, 6.905540420809855 ], [ 79.862765684677996, 6.905544581407164 ], [ 79.862781518678048, 6.905547111011118 ], [ 79.862814700220511, 6.905552903138535 ], [ 79.862822197741394, 6.905559722951694 ], [ 79.862823037474541, 6.905561430260369 ], [ 79.862823471992257, 6.905563630846568 ], [ 79.86282405381526, 6.905568847802848 ], [ 79.86282552592786, 6.905574218012115 ], [ 79.862823665962907, 6.905581692254549 ] ] } },
{ "type": "Feature", "properties": { "roadBoundaryId": "8", "height": 0.15, "type": 0 }, "geometry": { "type": "LineString", "coordinates": [ [ 79.861547599833756, 6.905411677195531 ], [ 79.861564591786674, 6.905411827342676 ], [ 79.861570728447646, 6.905418069117021 ] ] } },
{ "type": "Feature", "properties": { "roadBoundaryId": "9", "height": 0.15, "type": 0 }, "geometry": { "type": "LineString", "coordinates": [ [ 79.861049576599129, 6.905420984025569 ], [ 79.861086521478782, 6.905418555317771 ], [ 79.861093698542746, 6.905417542319459 ], [ 79.861103013513315, 6.905416764497382 ], [ 79.861104595302123, 6.905417608451867 ], [ 79.861118637727145, 6.905416646803172 ], [ 79.861123474024694, 6.905415803117672 ], [ 79.861134106220987, 6.905414907268683 ], [ 79.861134683663849, 6.905415758332934 ], [ 79.86114213687938, 6.905418168226591 ], [ 79.861153163068195, 6.905423461498663 ], [ 79.861157652017283, 6.905427038919298 ], [ 79.861159340860098, 6.905429278387317 ] ] } },
{ "type": "Feature", "properties": { "roadBoundaryId": "10", "height": 0.15, "type": 0 }, "geometry": { "type": "LineString", "coordinates": [ [ 79.862860718764409, 6.905590552174204 ], [ 79.862863438935008, 6.905580914792264 ], [ 79.862868298526223, 6.905577273223146 ], [ 79.862871860953078, 6.905574452569581 ], [ 79.862876002083425, 6.905572597817117 ], [ 79.862878910180129, 6.905571745419316 ], [ 79.862889657666244, 6.905573454506953 ], [ 79.862922166069154, 6.905582115498405 ], [ 79.862960893828458, 6.905592165262285 ], [ 79.86297321542537, 6.905595451938697 ], [ 79.862976713891655, 6.905596233853878 ], [ 79.862984810142208, 6.905598398353082 ], [ 79.862988403317502, 6.905599253592436 ], [ 79.862999542139107, 6.905602284359011 ], [ 79.863009978903051, 6.905604481522256 ], [ 79.863014624691459, 6.905606236170558 ], [ 79.863024919937502, 6.905609294289781 ], [ 79.863042417646554, 6.905613833063686 ], [ 79.863057524963196, 6.905617490316279 ], [ 79.863070500008476, 6.905623124723571 ], [ 79.863082219256455, 6.905631033030995 ] ] } },
{ "type": "Feature", "properties": { "roadBoundaryId": "11", "height": 0.15, "type": 0 }, "geometry": { "type": "LineString", "coordinates": [ [ 79.861205289886243, 6.905418299088981 ], [ 79.861211539201236, 6.905418229693169 ], [ 79.861213024240001, 6.905409778198848 ], [ 79.861219577737074, 6.905410093506418 ], [ 79.86125748706236, 6.905410668654601 ], [ 79.861332235141276, 6.905410946040196 ], [ 79.86134953877486, 6.905411136310767 ], [ 79.861378293184373, 6.905411313842841 ], [ 79.861395427572333, 6.905411564373786 ], [ 79.861408348777047, 6.90541161765596 ], [ 79.861416122573715, 6.905411515842239 ], [ 79.861419808573359, 6.905411113987705 ], [ 79.861424249333382, 6.905410771359957 ], [ 79.861426999780505, 6.905420279876953 ] ] } },
{ "type": "Feature", "properties": { "roadBoundaryId": "12", "height": 0.15, "type": 0 }, "geometry": { "type": "LineString", "coordinates": [ [ 79.860714085131349, 6.905443514406277 ], [ 79.860719244119537, 6.905442683399884 ], [ 79.860720387345978, 6.905441021845479 ], [ 79.860722139538879, 6.90544264374075 ], [ 79.860732210031429, 6.905442616730305 ], [ 79.860739482170331, 6.90544312428807 ], [ 79.860743907263299, 6.905442423477102 ], [ 79.860748220832832, 6.905441209807339 ], [ 79.860755906152633, 6.905440728101 ], [ 79.860770367570041, 6.90543964327512 ], [ 79.860778522258641, 6.905439129602618 ], [ 79.860785132205862, 6.905438528514279 ], [ 79.860809124069291, 6.905436684110019 ], [ 79.860823882142952, 6.905435702899212 ], [ 79.860844429168452, 6.905434187098796 ], [ 79.860857573014158, 6.905433330821662 ], [ 79.860871858451176, 6.905432346903565 ], [ 79.860884376949272, 6.905431629034478 ], [ 79.860896845147352, 6.905433761708467 ], [ 79.860930561439091, 6.905433341862153 ], [ 79.860936229728168, 6.905426453634452 ], [ 79.860938754639989, 6.905426223387506 ], [ 79.860940100895135, 6.905427220600702 ], [ 79.86095640778953, 6.905426038263248 ], [ 79.860963591885053, 6.905425029299942 ], [ 79.86096996488773, 6.905424438734034 ] ] } },
{ "type": "Feature", "properties": { "roadBoundaryId": "13", "height": 0.15, "type": 0 }, "geometry": { "type": "LineString", "coordinates": [ [ 79.86050971447446, 6.905567199768048 ], [ 79.860504163900202, 6.905516006124111 ], [ 79.860502954660831, 6.905494899747648 ], [ 79.860503643806666, 6.905489779173166 ], [ 79.860505661309844, 6.905483108801816 ], [ 79.86050756936416, 6.90547879410201 ], [ 79.860508600539802, 6.905474773428078 ], [ 79.860510152798071, 6.905470845760074 ], [ 79.860527206832259, 6.905468072871837 ], [ 79.860538091248515, 6.905466215972027 ], [ 79.86054928687345, 6.905464847574717 ], [ 79.860578542399026, 6.905460854762814 ], [ 79.860629674704612, 6.905454099076618 ], [ 79.86065103805538, 6.905451137581121 ], [ 79.860667427109874, 6.905446761320443 ], [ 79.860680591417562, 6.905451804970562 ] ] } },
{ "type": "Feature", "properties": { "roadBoundaryId": "14", "height": 0.15, "type": 0 }, "geometry": { "type": "LineString", "coordinates": [ [ 79.861049576296693, 6.905420974753888 ], [ 79.861086521176347, 6.90541854604609 ], [ 79.861093698240325, 6.905417533047776 ], [ 79.861103013210894, 6.905416755225702 ], [ 79.861104594999702, 6.905417599180186 ], [ 79.86111863742471, 6.90541663753149 ], [ 79.861123473722273, 6.905415793845994 ], [ 79.86113410591858, 6.905414897997004 ], [ 79.861134683361428, 6.905415749061252 ], [ 79.861142136576944, 6.90541815895491 ], [ 79.861153162765788, 6.905423452226985 ], [ 79.861157651714876, 6.905427029647618 ], [ 79.861159340557677, 6.905429269115634 ] ] } },
{ "type": "Feature", "properties": { "roadBoundaryId": "15", "height": 0.15, "type": 0 }, "geometry": { "type": "LineString", "coordinates": [ [ 79.862860718462159, 6.905590542902483 ], [ 79.862863438632729, 6.905580905520549 ], [ 79.862868298223958, 6.905577263951432 ], [ 79.862871860650785, 6.905574443297863 ], [ 79.862876001781146, 6.905572588545399 ], [ 79.862878909877878, 6.905571736147598 ], [ 79.862889657363965, 6.905573445235237 ], [ 79.862922165766889, 6.905582106226685 ], [ 79.862960893526193, 6.905592155990571 ], [ 79.86297321512312, 6.905595442666978 ], [ 79.86297671358939, 6.905596224582156 ], [ 79.862984809839958, 6.90559838908136 ], [ 79.862988403015251, 6.905599244320717 ], [ 79.862999541836842, 6.905602275087289 ], [ 79.863009978600786, 6.905604472250538 ], [ 79.863014624389194, 6.905606226898841 ], [ 79.863024919635222, 6.90560928501806 ], [ 79.863042417344317, 6.905613823791962 ], [ 79.863057524660931, 6.905617481044556 ], [ 79.863070499706211, 6.905623115451848 ], [ 79.863082218954204, 6.905631023759271 ] ] } },
{ "type": "Feature", "properties": { "roadBoundaryId": "16", "height": 0.15, "type": 0 }, "geometry": { "type": "LineString", "coordinates": [ [ 79.86308248412432, 6.909550146563161 ], [ 79.863073645231751, 6.909565345401711 ], [ 79.863067827675621, 6.909573860182401 ], [ 79.863066959962069, 6.909567273274957 ], [ 79.863054788791317, 6.909562809839772 ], [ 79.863040568150325, 6.909560732331558 ], [ 79.863036783875685, 6.909567369018641 ], [ 79.862976422983408, 6.909536534104456 ], [ 79.8629797101798, 6.909529867992371 ], [ 79.862939294878686, 6.90950874094503 ], [ 79.86292078927292, 6.909496853390674 ], [ 79.862914410990243, 6.909494558909267 ], [ 79.862897982397385, 6.909490086861902 ], [ 79.862861254605349, 6.909474099426873 ], [ 79.862827669670523, 6.909459397971879 ], [ 79.862782031518904, 6.909440325187595 ], [ 79.862658978896164, 6.909390521916094 ] ] } },
{ "type": "Feature", "properties": { "roadBoundaryId": "17", "height": 0.15, "type": 0 }, "geometry": { "type": "LineString", "coordinates": [ [ 79.862649371571052, 6.90970423342374 ], [ 79.86272727674141, 6.909734061813499 ], [ 79.862812237273388, 6.909766044012776 ], [ 79.862824549565801, 6.909770293765572 ], [ 79.862830253778455, 6.909772607968584 ], [ 79.862846232485751, 6.909781039073092 ], [ 79.862871499147346, 6.909794718685495 ], [ 79.86289239449134, 6.90980639353475 ], [ 79.862930041835071, 6.90982733750046 ], [ 79.862967851459061, 6.909848782092016 ], [ 79.862987145588718, 6.909859928374173 ], [ 79.863024642514063, 6.909879458112735 ], [ 79.86304941787165, 6.90988980698525 ], [ 79.86306301858987, 6.909895095203936 ], [ 79.863076563856097, 6.909899864142277 ], [ 79.863098885392887, 6.909906649812227 ], [ 79.863097425165236, 6.909921906619976 ], [ 79.863095630235534, 6.90992986943741 ], [ 79.863094061050518, 6.909934639259938 ], [ 79.863094157105209, 6.909934796018895 ], [ 79.863087979877989, 6.909955557480159 ], [ 79.863095580761382, 6.90996370364703 ], [ 79.863110644429867, 6.909980158348825 ] ] } },
{ "type": "Feature", "properties": { "roadBoundaryId": "18", "height": 0.15, "type": 0 }, "geometry": { "type": "LineString", "coordinates": [ [ 79.863800074432433, 6.907667221902432 ], [ 79.863804454208875, 6.907668126336418 ], [ 79.863805319612752, 6.907670771885833 ], [ 79.863806535556435, 6.907673909381776 ], [ 79.863807537811738, 6.907677569886181 ], [ 79.863807473372717, 6.907680115238202 ], [ 79.863806451389763, 6.907683800262653 ], [ 79.863809013020031, 6.90768393282465 ], [ 79.863814254998445, 6.907685935839952 ], [ 79.863842975362772, 6.907698864062584 ], [ 79.863848258638114, 6.907696524939714 ], [ 79.863849857693666, 6.907700514941721 ], [ 79.863854913175274, 6.907697997831137 ], [ 79.863857724901592, 6.907696736127781 ], [ 79.863861015210873, 6.907696650379272 ], [ 79.863865139798065, 6.907697862939704 ], [ 79.863872585769386, 6.907701552424491 ], [ 79.863895742145758, 6.907711921784514 ], [ 79.863936718333832, 6.907732005543665 ], [ 79.863993936407738, 6.907759034891557 ], [ 79.864004365065924, 6.907763577800327 ], [ 79.864011428743495, 6.907766583398835 ], [ 79.864051771081321, 6.907785066733614 ], [ 79.864067744158433, 6.90779301925957 ], [ 79.864075867276711, 6.907796860698634 ], [ 79.864080325765471, 6.907798946567116 ], [ 79.864088021139182, 6.907802640445088 ], [ 79.864094795272436, 6.907805356050324 ], [ 79.86411043949721, 6.907814841425889 ], [ 79.864122184970299, 6.907821697319942 ], [ 79.86415155764648, 6.907838529089956 ], [ 79.864178463432509, 6.90785394724413 ], [ 79.864193936773162, 6.90786309782226 ], [ 79.864221080301633, 6.907878638324926 ], [ 79.86425229820334, 6.90789599475675 ], [ 79.864286035392183, 6.907918512152095 ], [ 79.864313926562417, 6.907934644497219 ], [ 79.864346069796468, 6.907953587105005 ], [ 79.864361672623204, 6.907962567045845 ], [ 79.864387053504089, 6.907977015091158 ], [ 79.864408901085127, 6.90799630616814 ], [ 79.864454299520816, 6.908057207287436 ], [ 79.864463085990181, 6.908072907194584 ], [ 79.864464258872289, 6.908088449642261 ], [ 79.864469256719389, 6.908118056751284 ], [ 79.864477677626468, 6.908150837209548 ], [ 79.864479261065952, 6.908168780835958 ], [ 79.864466401648414, 6.908261967237685 ], [ 79.864443858693548, 6.908322122201525 ], [ 79.864429729044161, 6.908341234109736 ], [ 79.864406839022891, 6.908372155499369 ], [ 79.864369960112285, 6.908422939257401 ], [ 79.864333899260203, 6.908473346856844 ], [ 79.864306656392102, 6.908514197646777 ], [ 79.86426922278433, 6.908567942167592 ], [ 79.864267211247309, 6.908567153963133 ], [ 79.864255128348319, 6.908583427312861 ], [ 79.864246863845111, 6.908594925062191 ], [ 79.864235934578758, 6.908609357673497 ], [ 79.864220269312057, 6.908630862217644 ], [ 79.864206310419931, 6.908650218881315 ], [ 79.864196002019852, 6.908664082554412 ], [ 79.864187479683125, 6.908675628044706 ], [ 79.86417865567185, 6.908687494307189 ], [ 79.864167953731879, 6.908702768712223 ], [ 79.864168448640555, 6.908703753239808 ], [ 79.864165773106436, 6.908708679731373 ], [ 79.864164514811975, 6.90871079612797 ], [ 79.864158199808898, 6.908706756583984 ], [ 79.864153319290423, 6.908711601404445 ], [ 79.864148239271401, 6.90871783664933 ], [ 79.864139315846685, 6.908731031878778 ], [ 79.864146732748665, 6.90873656450332 ], [ 79.864140885874193, 6.908743950528833 ], [ 79.864139117287053, 6.908742674935417 ], [ 79.864130913630589, 6.908752552747685 ], [ 79.864117508374207, 6.908770082568286 ], [ 79.864104422245617, 6.90878786017582 ], [ 79.864105102328764, 6.90878850887387 ], [ 79.86408182920151, 6.908820286625842 ], [ 79.864052088373995, 6.908861868555399 ], [ 79.864031097234005, 6.908890923123109 ], [ 79.86402442774552, 6.908898596242693 ], [ 79.864019045516358, 6.908899027353709 ], [ 79.864016951942233, 6.908897600989017 ], [ 79.863996518424813, 6.908931818272114 ], [ 79.863996666754957, 6.90893519653575 ], [ 79.863995839808069, 6.908939478621113 ], [ 79.863993978201549, 6.908943533411747 ], [ 79.863978926791233, 6.908965074725091 ], [ 79.863955271314637, 6.908998316663681 ], [ 79.863951350122562, 6.90900328305765 ], [ 79.863946014813919, 6.909011050117914 ], [ 79.863944565499892, 6.909012804732746 ], [ 79.863940358066628, 6.909018281892954 ], [ 79.863928601323778, 6.909032951060717 ], [ 79.863919886639223, 6.909044834733671 ], [ 79.863909989154962, 6.90905880951065 ], [ 79.863902506887001, 6.909069698134393 ], [ 79.863895261570221, 6.909080314187335 ], [ 79.863885270013213, 6.909096188693373 ], [ 79.863868194626647, 6.909121070296877 ], [ 79.863851952945311, 6.909143949806657 ], [ 79.863840754124524, 6.909159891075328 ], [ 79.863797220086283, 6.909220424000562 ], [ 79.863763616169962, 6.90926682778063 ], [ 79.863748779291612, 6.909288609603051 ], [ 79.863741274021748, 6.909299629246719 ], [ 79.863732910149494, 6.909310833423995 ], [ 79.863728671884459, 6.909317396629044 ], [ 79.863719733602935, 6.909330666566724 ], [ 79.863709539802926, 6.909342982051725 ], [ 79.863705549932874, 6.909345903212505 ], [ 79.863699453850614, 6.909353826228518 ], [ 79.863699523422824, 6.909355571229582 ], [ 79.86368286949461, 6.909378618928839 ], [ 79.863669852480854, 6.909396857096855 ], [ 79.863662933556711, 6.909405375339079 ], [ 79.863648718839158, 6.909421048469139 ], [ 79.863639948451464, 6.909432757082949 ], [ 79.863637174180241, 6.909436679663754 ], [ 79.863628963176865, 6.909448567833738 ], [ 79.86362955780173, 6.909455093750083 ], [ 79.863620057203548, 6.909471166099297 ], [ 79.863612753212848, 6.909481294724173 ], [ 79.863604985128958, 6.90949123759917 ], [ 79.863592741057687, 6.90950834379221 ], [ 79.863569409250047, 6.909540116610224 ], [ 79.863557980735749, 6.909551321854665 ], [ 79.863552160359134, 6.909558346168163 ], [ 79.863545956374011, 6.909566898532925 ], [ 79.863541981639301, 6.909571543369551 ], [ 79.863541815608727, 6.90957925521854 ], [ 79.863535783600156, 6.909587900778959 ], [ 79.863535845354093, 6.909587973733779 ], [ 79.863508240073983, 6.909626132137539 ], [ 79.863496783292931, 6.909642025996453 ], [ 79.863484053892932, 6.909657730742981 ], [ 79.86346351727218, 6.909682434764369 ], [ 79.863449265254062, 6.909696786173244 ], [ 79.863437687294379, 6.909705936232171 ], [ 79.863422897245201, 6.909714475531007 ], [ 79.863408240861176, 6.909718366236588 ], [ 79.863394869826749, 6.909718737433047 ], [ 79.863374612157259, 6.909718039020061 ], [ 79.86335429528512, 6.909715994322823 ], [ 79.863336400085146, 6.909713114628052 ], [ 79.863320541903832, 6.909709731717316 ], [ 79.863303464393667, 6.909704014297189 ], [ 79.863288145037401, 6.909698011956737 ], [ 79.863273763763843, 6.909688138817901 ], [ 79.863208071270591, 6.909647852503082 ], [ 79.863116714362377, 6.909598708274804 ], [ 79.863123377363522, 6.90958610234193 ], [ 79.863131087201353, 6.909570812786928 ], [ 79.863128383816843, 6.909570562412656 ] ] } },
{ "type": "Feature", "properties": { "roadBoundaryId": "19", "height": 0.15, "type": 0 }, "geometry": { "type": "LineString", "coordinates": [ [ 79.860784025143261, 6.9091046090568 ], [ 79.860808584508661, 6.909091990467268 ], [ 79.860800829580526, 6.909054782372286 ], [ 79.860791139079993, 6.909004408577695 ], [ 79.860789705724002, 6.908995097460865 ], [ 79.860786980051856, 6.90897953237589 ], [ 79.860775354625815, 6.908916332200421 ], [ 79.860756487267466, 6.908815864032091 ], [ 79.860758837589188, 6.908814177354578 ], [ 79.860760354204828, 6.908813339223659 ], [ 79.860763278666226, 6.908812141638786 ], [ 79.860756735867113, 6.908769669781605 ], [ 79.860748067932349, 6.908769521922149 ], [ 79.86074597877483, 6.908759057615802 ], [ 79.860750555526508, 6.908757382610125 ], [ 79.860747422363445, 6.908743078449191 ], [ 79.860745131267564, 6.908731716558038 ], [ 79.860736752122264, 6.908729390494771 ], [ 79.860733050843706, 6.908729357874345 ], [ 79.860729391618676, 6.908729262582149 ], [ 79.860728298172319, 6.908721196680282 ], [ 79.860728476876957, 6.908716868242449 ], [ 79.860739244868242, 6.908709502775904 ], [ 79.860737846069568, 6.908700596516631 ], [ 79.860734435479628, 6.908683770855816 ], [ 79.860731564586288, 6.908674776428906 ], [ 79.860730121408821, 6.908670240133297 ], [ 79.860720559735654, 6.908667185670712 ], [ 79.860717776002772, 6.908664446518645 ], [ 79.860715993301596, 6.908661672968985 ], [ 79.860715337555405, 6.90865922595337 ], [ 79.860713466993587, 6.908647404668305 ], [ 79.860712803652092, 6.908641782522258 ], [ 79.860714814279604, 6.908625817759306 ], [ 79.860708271734183, 6.908620393198357 ], [ 79.860708487965255, 6.908615832914536 ], [ 79.860709604860077, 6.908611373929856 ], [ 79.860713598438878, 6.908608796643515 ], [ 79.860718324589953, 6.908606643592268 ], [ 79.860717592983974, 6.908602791683863 ], [ 79.860716758980274, 6.908602287658574 ], [ 79.860716129416133, 6.908602088253307 ], [ 79.86069955963228, 6.908509764883079 ], [ 79.860679341413984, 6.908405269779585 ], [ 79.86064760391254, 6.90823133379005 ], [ 79.860628370825154, 6.908124265131804 ], [ 79.860622504658423, 6.908092366366824 ], [ 79.860620476078608, 6.908082536431863 ], [ 79.860615443720249, 6.908049113011806 ], [ 79.860521221288806, 6.90787895213489 ], [ 79.860522118562457, 6.907873511154136 ], [ 79.8605233197883, 6.907870122265776 ], [ 79.860525177991804, 6.907866720385446 ], [ 79.860531612655848, 6.907859145086687 ], [ 79.860546757610848, 6.907855229918892 ], [ 79.860583122916708, 6.907846191228713 ], [ 79.860583102976122, 6.907845362540691 ], [ 79.860605553962728, 6.90784002681588 ], [ 79.860614150602601, 6.907837884276902 ], [ 79.860617950074655, 6.90783718470799 ], [ 79.860629384520706, 6.907834438441562 ], [ 79.86064180530893, 6.907831265378383 ], [ 79.8606491381734, 6.907829559932023 ], [ 79.860657233207661, 6.907827676060908 ] ] } },
{ "type": "Feature", "properties": { "roadBoundaryId": "20", "height": 0.15, "type": 0 }, "geometry": { "type": "LineString", "coordinates": [ [ 79.859351005617754, 6.906129180903635 ], [ 79.859371937245754, 6.906158164262195 ], [ 79.859382326530522, 6.906172625818975 ], [ 79.859397852002658, 6.906193883559503 ], [ 79.859415723454447, 6.906218503661346 ], [ 79.859424130112345, 6.906229949816814 ], [ 79.859435706395558, 6.906223351392549 ], [ 79.859454195611292, 6.906214802159354 ] ] } },
{ "type": "Feature", "properties": { "roadBoundaryId": "21", "height": 0.15, "type": 0 }, "geometry": { "type": "LineString", "coordinates": [ [ 79.862365237330152, 6.907326733851345 ], [ 79.862370179748325, 6.907291251327372 ], [ 79.862373485488675, 6.907264548304848 ], [ 79.862376827612039, 6.907251763161334 ], [ 79.862378478692818, 6.907246834553737 ], [ 79.86238238189982, 6.907238265340577 ], [ 79.86238941164109, 6.90722471038077 ], [ 79.862390778576383, 6.907224360413768 ], [ 79.862395404561383, 6.907219161916731 ], [ 79.862397162327298, 6.90721737999729 ], [ 79.862399393819558, 6.907215299404947 ], [ 79.862411526913149, 6.907209692300583 ], [ 79.862411843465054, 6.907208771534868 ], [ 79.862436167350026, 6.907212655821428 ], [ 79.86245900703625, 6.907217393184375 ], [ 79.862473806655856, 6.907220466357903 ], [ 79.862496653882701, 6.907225334393472 ], [ 79.862514811688868, 6.907229036546703 ], [ 79.862539109585299, 6.907234267767534 ], [ 79.86256357068612, 6.907239504561949 ], [ 79.86258022766377, 6.907243711986708 ], [ 79.862599687791487, 6.907248311844735 ], [ 79.862608647789486, 6.907250304357371 ], [ 79.862611710038365, 6.907249600035442 ], [ 79.862633058331312, 6.907254871636927 ], [ 79.862661963976763, 6.907261620745245 ], [ 79.86268319521524, 6.907266479930281 ], [ 79.86268864641977, 6.907267662544281 ], [ 79.862698218800688, 6.907269821520487 ], [ 79.86270350719002, 6.907270892420439 ], [ 79.86271517084036, 6.907273595885383 ], [ 79.862731326181887, 6.907277634705856 ], [ 79.862758118115508, 6.907284059819051 ], [ 79.862780420460993, 6.907289251676726 ], [ 79.862794450042202, 6.907292640544002 ], [ 79.862811399826555, 6.907297151754874 ], [ 79.862826636316768, 6.907302293126645 ], [ 79.862829096628417, 6.90730619739818 ], [ 79.862828944449419, 6.907311767329623 ], [ 79.862827579077688, 6.907317128632969 ], [ 79.862823501168634, 6.907330974279615 ], [ 79.86281364092244, 6.907365176164204 ] ] } },
{ "type": "Feature", "properties": { "roadBoundaryId": "22", "height": 0.15, "type": 0 }, "geometry": { "type": "LineString", "coordinates": [ [ 79.86286547492648, 6.907482495384183 ], [ 79.862870669954617, 6.907464945040576 ], [ 79.862880630548545, 6.907431298646465 ], [ 79.862894059777304, 6.907385250073796 ], [ 79.862897233184938, 6.907374514401881 ], [ 79.862905359642369, 6.907345520058017 ], [ 79.86290943975709, 6.907331372267185 ], [ 79.862911014320616, 6.907327167989978 ], [ 79.8629118904705, 6.907324825184334 ], [ 79.862912831278464, 6.907321010249058 ], [ 79.862995456323759, 6.907348434941855 ], [ 79.86300773112859, 6.907352377269565 ], [ 79.863016979814347, 6.907355184483282 ], [ 79.863021910504415, 6.907356809681868 ], [ 79.863050963461035, 6.907366148161449 ], [ 79.863052857965343, 6.907370463121515 ], [ 79.863090019198381, 6.907382525961977 ], [ 79.863112051433504, 6.9073895218313 ], [ 79.863122796152055, 6.907393036625768 ], [ 79.863127603483008, 6.907394532597981 ], [ 79.863132968869223, 6.907392673918764 ], [ 79.863165389315625, 6.907405743647971 ], [ 79.863173594944541, 6.907408828940888 ], [ 79.863179037607566, 6.907410808827712 ], [ 79.863188131438534, 6.907414226538664 ], [ 79.863195668622325, 6.907417025334263 ], [ 79.863217766472701, 6.907425501579241 ], [ 79.863225673406276, 6.907428319886141 ], [ 79.863244996307714, 6.907435947162115 ], [ 79.863252979463368, 6.907439039499073 ], [ 79.863262209466342, 6.907442619245022 ], [ 79.863271739562492, 6.907446420992692 ], [ 79.86334897677304, 6.907476284937593 ], [ 79.863351976655721, 6.907480974431238 ], [ 79.863332331570774, 6.907531476571116 ], [ 79.86332006772669, 6.907561521828034 ], [ 79.863313743765147, 6.907576675412708 ], [ 79.863304098635226, 6.907600267596572 ], [ 79.863300693533716, 6.907609128298388 ], [ 79.863297391129308, 6.907616829472202 ], [ 79.863289229113235, 6.907636371977976 ] ] } },
{ "type": "Feature", "properties": { "roadBoundaryId": "23", "height": 0.15, "type": 0 }, "geometry": { "type": "LineString", "coordinates": [ [ 79.861869742119936, 6.907232253819881 ], [ 79.86187293625116, 6.907199394556007 ], [ 79.86187670438018, 6.90718160932307 ], [ 79.861876367980742, 6.907179063627779 ], [ 79.86187654742038, 6.907174654219353 ], [ 79.861878052833632, 6.907154163304263 ], [ 79.861875408268688, 6.907151208879691 ], [ 79.86187355519445, 6.907148897773201 ], [ 79.861871005164403, 6.907148650028603 ], [ 79.861870410872058, 6.907146202980145 ], [ 79.861874397441269, 6.907142818420323 ], [ 79.86187496229671, 6.907136973794222 ], [ 79.861887318826604, 6.907136054470637 ], [ 79.86188998916063, 6.907136667755686 ], [ 79.861901538524165, 6.907138883969312 ], [ 79.861936136342592, 6.907142164335693 ], [ 79.861953248429387, 6.907143646709169 ], [ 79.861962409937391, 6.907144329905069 ], [ 79.861978516220006, 6.907145853768422 ], [ 79.861979186710556, 6.907148123717515 ], [ 79.861995550082924, 6.907150058347781 ], [ 79.862002151897983, 6.907150721823083 ], [ 79.862005601731738, 6.907150574128248 ], [ 79.862006177917166, 6.907149614953251 ], [ 79.86200539431006, 6.907148730984305 ], [ 79.86202795586118, 6.907151250567158 ], [ 79.862061913174344, 6.907154831638489 ], [ 79.862100929411042, 6.907159370931213 ], [ 79.862118333526965, 6.907162296018771 ], [ 79.862123884121587, 6.907162906837534 ], [ 79.862146438542439, 6.907166237746691 ], [ 79.862162427971768, 6.907168436568226 ], [ 79.862173671410119, 6.907169211324466 ], [ 79.862174592840262, 6.907168495158711 ], [ 79.862188524448158, 6.907171079310056 ], [ 79.862196605071588, 6.907173526388266 ], [ 79.862196669264705, 6.907176478243405 ], [ 79.862200983699609, 6.907176608937593 ], [ 79.862206858076959, 6.90717692206119 ], [ 79.862215949340765, 6.907177280209288 ], [ 79.862218750762338, 6.907175775553306 ], [ 79.862230330196624, 6.907177710618371 ], [ 79.862237865261463, 6.907179316783224 ], [ 79.862254547728057, 6.907181804481513 ], [ 79.862262428876733, 6.907182539080306 ], [ 79.86229206710459, 6.907186873361578 ], [ 79.862293048989429, 6.90718529919634 ], [ 79.862304838530378, 6.907195101421745 ], [ 79.86230876340106, 6.90719915448992 ], [ 79.862315476017329, 6.907207641822315 ], [ 79.862318317496516, 6.907214054809228 ], [ 79.862321584821927, 6.90722195869875 ], [ 79.862322088092583, 6.907227467210514 ], [ 79.862322274287493, 6.907234830114827 ], [ 79.862321275772132, 6.907239640800014 ], [ 79.862319598640312, 6.907248836345966 ], [ 79.862319112435074, 6.907253524651268 ], [ 79.862317193636713, 6.907264212270068 ], [ 79.862313521198232, 6.907283853826024 ] ] } },
{ "type": "Feature", "properties": { "roadBoundaryId": "24", "height": 0.15, "type": 0 }, "geometry": { "type": "LineString", "coordinates": [ [ 79.859458121227988, 6.906277142738902 ], [ 79.859464636254813, 6.906284628109948 ], [ 79.85946731455897, 6.906287359179773 ], [ 79.859481612214537, 6.906306196776151 ], [ 79.859507492417748, 6.906339602833748 ], [ 79.859524692134571, 6.906360532009401 ], [ 79.859538074221931, 6.906377430251548 ], [ 79.8595569759093, 6.906401757226217 ], [ 79.859584755974353, 6.906437429807376 ], [ 79.859631824330634, 6.906498265456714 ], [ 79.859663128607608, 6.906538811467787 ], [ 79.859687811340379, 6.906570416700696 ], [ 79.859701467617754, 6.906587517973038 ], [ 79.859722694580313, 6.906613690980111 ], [ 79.859756188620011, 6.906655479109324 ], [ 79.859786910893021, 6.906693657753126 ], [ 79.859816418250219, 6.906730689077765 ], [ 79.859831796991756, 6.906749723905803 ], [ 79.859846676314035, 6.906768300431924 ], [ 79.859853724456983, 6.906776890183473 ], [ 79.859867866018561, 6.906794258243433 ], [ 79.859879821437602, 6.906808311451554 ], [ 79.859888427247157, 6.906817477745527 ], [ 79.859893829620674, 6.906822940903909 ], [ 79.859924745915791, 6.906852859857251 ], [ 79.859950389901087, 6.906877307048007 ], [ 79.85995730157731, 6.906882093393458 ], [ 79.859957824529175, 6.906881601031208 ], [ 79.859968123431941, 6.906887228101717 ], [ 79.859978156541573, 6.906892853341587 ], [ 79.859982709039372, 6.906895076437825 ], [ 79.85999587762214, 6.906901258066843 ], [ 79.859995622335305, 6.906902002088833 ], [ 79.860010718421449, 6.906906520353514 ], [ 79.860020441408395, 6.90690944391717 ], [ 79.86004363599757, 6.906914842104753 ], [ 79.860061485251066, 6.906917363442574 ], [ 79.860071401180548, 6.906917827502848 ], [ 79.86010068223618, 6.906917458840224 ], [ 79.860141106637798, 6.906916051671992 ], [ 79.860171648751376, 6.906914173271057 ], [ 79.860187813584972, 6.906913014363684 ], [ 79.860202491788627, 6.906911674067969 ], [ 79.860221551031074, 6.906909524748226 ], [ 79.860246564809614, 6.90690647385754 ], [ 79.860262880880512, 6.906905110308633 ], [ 79.860275295723056, 6.906904425664814 ], [ 79.860301687855497, 6.906902621363098 ], [ 79.860318961035247, 6.906901004743452 ], [ 79.860324886538649, 6.906900438260254 ], [ 79.860347677899142, 6.906898142523879 ], [ 79.860380367771398, 6.906895099760892 ], [ 79.8604289293731, 6.906890547707419 ], [ 79.860510236730804, 6.906884506170304 ], [ 79.860557782592423, 6.90688127833104 ], [ 79.860566395197353, 6.906881231738378 ], [ 79.860570990661884, 6.906879762691085 ], [ 79.860579710282977, 6.906877881991711 ], [ 79.860675176937079, 6.906874401070003 ], [ 79.860848880637846, 6.906873566150851 ], [ 79.860902873189531, 6.906877884704742 ], [ 79.860991414639457, 6.906882025523771 ], [ 79.861061321281795, 6.906888228326287 ], [ 79.861074862117064, 6.906889008428926 ], [ 79.861078803344881, 6.906888911227724 ], [ 79.86109104333913, 6.906889269084953 ], [ 79.861105758418162, 6.906889736189713 ], [ 79.861195686633096, 6.906894444091386 ], [ 79.861261666852371, 6.906897063478589 ], [ 79.86128694102355, 6.906898042015048 ], [ 79.861293629499897, 6.906898495171709 ], [ 79.861311217725756, 6.906899719984554 ], [ 79.861408813518509, 6.90690595707629 ], [ 79.861410739734723, 6.906907859682274 ], [ 79.861426246405543, 6.906908838561068 ], [ 79.861431968549581, 6.906909368676617 ], [ 79.861443289255405, 6.906910234386816 ], [ 79.861447241174304, 6.906910651192695 ], [ 79.861459984091596, 6.906911477838355 ], [ 79.861476171054846, 6.906912775342478 ], [ 79.861493790343985, 6.906913966391977 ], [ 79.861522284352091, 6.906914937035866 ], [ 79.861542443463648, 6.906915596524112 ], [ 79.8615427259911, 6.906913985765881 ], [ 79.861562365016823, 6.906915555186266 ], [ 79.86157960286117, 6.906917220035766 ], [ 79.861610728217556, 6.906919636478251 ], [ 79.861638559826744, 6.906922055308863 ], [ 79.861639664710438, 6.906922878505457 ], [ 79.861685647218408, 6.906927472378708 ], [ 79.861737123132158, 6.906932461349964 ], [ 79.861773571522249, 6.906935664910118 ], [ 79.861807046315334, 6.906938875976867 ], [ 79.861830224102675, 6.906941199868943 ], [ 79.861845668064518, 6.906942701934164 ], [ 79.861884853576001, 6.906946376642035 ], [ 79.861904798450013, 6.906948374272522 ], [ 79.861924073494521, 6.906950292276748 ], [ 79.861928522154869, 6.906951266717464 ], [ 79.861941182327143, 6.90695261733056 ], [ 79.861981387040402, 6.906955777191596 ], [ 79.862001320930588, 6.90695771831161 ], [ 79.862010501751158, 6.906959113626685 ], [ 79.862024453297181, 6.906960874979466 ], [ 79.862043165545998, 6.906963712232635 ], [ 79.862237317618181, 6.906990796606464 ], [ 79.862332620604576, 6.907004752879558 ], [ 79.862362908860433, 6.907009995515518 ], [ 79.862377130766461, 6.90701253727978 ], [ 79.862386036668127, 6.907014171253626 ], [ 79.862408078097857, 6.907018342351731 ], [ 79.862434669004003, 6.907023216440949 ], [ 79.862438119792685, 6.907020450407601 ], [ 79.862442219083164, 6.907016693330877 ], [ 79.862447225842473, 6.907012530590547 ], [ 79.862451789602389, 6.907009132723195 ], [ 79.862464159762638, 6.907011467201531 ], [ 79.862471949907217, 6.907013078574163 ], [ 79.86247567978846, 6.907014070306384 ], [ 79.862480815610226, 6.907025318786578 ], [ 79.862483692041479, 6.907030523307638 ], [ 79.862699410299385, 6.907079788278198 ], [ 79.862720908791729, 6.907085424711125 ], [ 79.862733074740987, 6.907088683362102 ], [ 79.862743583242604, 6.907091087977467 ], [ 79.862761372520637, 6.907095656731768 ], [ 79.862767165152121, 6.907097018972694 ], [ 79.862775013008928, 6.90709910977142 ], [ 79.862791004590449, 6.907103126631669 ], [ 79.862812537092239, 6.907108668906034 ], [ 79.862839980082825, 6.907115855010931 ], [ 79.862874101325346, 6.907124686819782 ], [ 79.862888897055711, 6.907128692643939 ], [ 79.862935534847438, 6.907141137730282 ], [ 79.862987664861905, 6.907154462736299 ], [ 79.862987700570258, 6.907157530817008 ], [ 79.863105914144526, 6.907188713601399 ], [ 79.863103132023269, 6.907193623752262 ], [ 79.863111504587494, 6.907190520264403 ], [ 79.863155311083048, 6.907204641550901 ], [ 79.863178543357193, 6.907212002236706 ], [ 79.863200838335359, 6.907218910293879 ], [ 79.863202957657379, 6.907219873753302 ], [ 79.8632335969792, 6.907229721636689 ], [ 79.863347000400111, 6.907265751460426 ], [ 79.863398038867956, 6.907282398369828 ], [ 79.863412835203007, 6.907287900326552 ], [ 79.863433630959946, 6.907297512978404 ], [ 79.86345784827428, 6.90730868499409 ], [ 79.863476532373696, 6.907317434440127 ], [ 79.863520881485087, 6.907337851602798 ], [ 79.863552514350872, 6.907352415617111 ], [ 79.863553120664591, 6.907353674781781 ], [ 79.863554510892868, 6.907355465778772 ], [ 79.863556481745135, 6.90735582400143 ], [ 79.863560594250004, 6.907359987575654 ], [ 79.863570257735034, 6.907362534727485 ], [ 79.863576501072899, 6.90736451304317 ], [ 79.863583929503832, 6.907366975130764 ], [ 79.863599734357678, 6.907374276796875 ], [ 79.863606141465709, 6.907377542025782 ], [ 79.863634492759161, 6.907390435360665 ], [ 79.863678563906973, 6.90741075341254 ], [ 79.863679757218733, 6.907407970748184 ] ] } },
{ "type": "Feature", "properties": { "roadBoundaryId": "25", "height": 0.15, "type": 0 }, "geometry": { "type": "LineString", "coordinates": [ [ 79.860589695883817, 6.907801805951194 ], [ 79.860556502428551, 6.907809870411757 ], [ 79.860515730515317, 6.907819601880497 ], [ 79.860500146967382, 6.907822864404128 ], [ 79.860481815799815, 6.90782156603622 ], [ 79.860422884252728, 6.907736826731837 ], [ 79.860396864721054, 6.90769987732508 ], [ 79.860396320588009, 6.907699848550601 ], [ 79.860386132155412, 6.907685689740712 ], [ 79.860386677533597, 6.907684956433065 ], [ 79.860355858036002, 6.90764366233727 ], [ 79.860325974633525, 6.907604703187472 ], [ 79.860316984298876, 6.907592107684161 ], [ 79.860310225200152, 6.907582695539811 ], [ 79.860306887815227, 6.907577758222784 ], [ 79.860301222450076, 6.907569684432338 ], [ 79.86029586814746, 6.907562267305054 ], [ 79.860281446782182, 6.907541625745223 ], [ 79.860271515401351, 6.907526577230898 ], [ 79.86026719792855, 6.907519752642599 ], [ 79.860254195553949, 6.907499979770064 ], [ 79.860249431741096, 6.907492436170022 ], [ 79.860244822549191, 6.907485301119973 ], [ 79.860241977584025, 6.907480834155963 ], [ 79.860238090975415, 6.907475102329935 ], [ 79.860235507218079, 6.907471066621416 ], [ 79.860217504826778, 6.907442930262045 ], [ 79.860217179659131, 6.907435491833624 ], [ 79.860216615175517, 6.907429992413485 ], [ 79.860220200284772, 6.907427676259944 ], [ 79.860222751928177, 6.907425105712234 ], [ 79.86021869148712, 6.907415737085084 ], [ 79.860214579208346, 6.907406993208621 ], [ 79.860211270600018, 6.907400901936366 ], [ 79.860209136750328, 6.907398033330653 ], [ 79.860207014970584, 6.907398656295109 ], [ 79.860202614417943, 6.907400566213866 ], [ 79.860192855889878, 6.907366704525923 ], [ 79.860191903134208, 6.90735392972918 ], [ 79.860191433682175, 6.907338742053787 ], [ 79.860191785854411, 6.90732508869844 ], [ 79.860192788175311, 6.907311748384181 ], [ 79.86019330707154, 6.907305355770425 ], [ 79.860202716513101, 6.907276135435829 ], [ 79.860201818719872, 6.907274903076774 ], [ 79.860221111792811, 6.907249712378587 ], [ 79.860226365360418, 6.90724352010243 ], [ 79.860232353360558, 6.907237142189958 ], [ 79.860237393881675, 6.907231680022402 ], [ 79.86024391949023, 6.907224846881594 ], [ 79.860253113583639, 6.907215259029404 ], [ 79.860272215851609, 6.907196823642263 ], [ 79.860281274439302, 6.907189880877955 ], [ 79.86028901998219, 6.907184429838602 ], [ 79.860306852320647, 6.907172501944786 ], [ 79.860315135020144, 6.907167252092186 ], [ 79.860320139014306, 6.907164229589045 ], [ 79.860330017173993, 6.907158174311496 ], [ 79.860334994173897, 6.907155375106465 ], [ 79.860353452792708, 6.907145503582336 ], [ 79.860386626893899, 6.907130293422902 ], [ 79.860400164896618, 6.907124458108886 ], [ 79.860413934373668, 6.907119139866086 ], [ 79.860427416914831, 6.907114204593343 ], [ 79.860433666058796, 6.907112178316249 ], [ 79.86045513354415, 6.907106288697427 ], [ 79.860463303445997, 6.907104182002438 ], [ 79.860473108972712, 6.907101023741894 ], [ 79.860485348435873, 6.907097885509557 ], [ 79.860489226775272, 6.907097080294454 ], [ 79.860496152266379, 6.907095527908844 ], [ 79.860509169157154, 6.907092357403603 ], [ 79.860519403839561, 6.907089621659987 ], [ 79.860549636712619, 6.907086230022527 ], [ 79.860567570297107, 6.907084356371563 ], [ 79.860579724632075, 6.907083137106474 ], [ 79.860586597714942, 6.907082384110091 ], [ 79.860603891097981, 6.907081022744065 ], [ 79.860622794846876, 6.907079766478549 ], [ 79.860639415804258, 6.907078921015956 ], [ 79.860656692880795, 6.907078551749104 ], [ 79.860692595516795, 6.907078000676155 ], [ 79.860713480968585, 6.90707769909333 ], [ 79.860718808037646, 6.907077619972725 ], [ 79.860724147632979, 6.90707742458738 ], [ 79.860738229228616, 6.907077087498289 ], [ 79.860738921757175, 6.907078805052407 ], [ 79.860748374034912, 6.90707958660997 ], [ 79.860755565183396, 6.907080813972179 ], [ 79.860761895024652, 6.90708083445135 ], [ 79.860764434895998, 6.90708057655192 ], [ 79.860774940419603, 6.90708014876828 ], [ 79.860788505390914, 6.907080106521281 ], [ 79.860791890498078, 6.907075320724715 ], [ 79.860801089664619, 6.907075442454508 ], [ 79.860826189650524, 6.907075794281107 ], [ 79.860897715201787, 6.907078596474568 ], [ 79.860898930885085, 6.907083918721684 ], [ 79.860899665393205, 6.907086381864707 ], [ 79.860916197198023, 6.907083679607033 ], [ 79.860933480575426, 6.907080111148499 ], [ 79.860951017019516, 6.907077591536036 ], [ 79.860963026947886, 6.907078149378121 ], [ 79.860971387061042, 6.907078814745958 ], [ 79.8609908288513, 6.907080041464127 ], [ 79.861012301285967, 6.907081313216516 ], [ 79.861020013126847, 6.907081946218907 ], [ 79.861032135349589, 6.907082719768649 ], [ 79.861050987475366, 6.907084028908699 ], [ 79.861075917263136, 6.907085515896101 ], [ 79.861095368435215, 6.907086502711161 ], [ 79.861123510307536, 6.907088334724593 ], [ 79.861146012573641, 6.907089698073976 ], [ 79.861164655861032, 6.907090962212888 ], [ 79.861176902417355, 6.907091764991979 ], [ 79.861182136847873, 6.90709198722929 ], [ 79.861204358686095, 6.907093258802935 ], [ 79.861248589721299, 6.9070962052003 ], [ 79.861247987985521, 6.907116679328583 ], [ 79.861246990523313, 6.907138181221374 ], [ 79.861245529016827, 6.907165791719831 ] ] } },
{ "type": "Feature", "properties": { "roadBoundaryId": "26", "height": 0.15, "type": 0 }, "geometry": { "type": "LineString", "coordinates": [ [ 79.863398729907132, 6.907577089857413 ], [ 79.863421240040694, 6.90753093301598 ], [ 79.863428849973701, 6.907513042409872 ], [ 79.863431027540898, 6.907507170138291 ], [ 79.863442872916863, 6.907512881846463 ], [ 79.863535897065631, 6.907549055504208 ], [ 79.863551222735936, 6.907554964227264 ], [ 79.863558185737631, 6.907557716615974 ], [ 79.863578807636955, 6.907565494153166 ], [ 79.86358010233532, 6.907567904546898 ], [ 79.863599460307654, 6.907575291914857 ], [ 79.863620586083599, 6.907583984210969 ], [ 79.863653984209549, 6.907598185590031 ], [ 79.863670214986712, 6.907605585626018 ], [ 79.863677559327741, 6.907608906020315 ], [ 79.863688537396484, 6.907614048142441 ], [ 79.863696595505658, 6.907618000493291 ], [ 79.863728712760832, 6.907633149360501 ], [ 79.863758618899809, 6.907650989010934 ], [ 79.863735009246938, 6.907677936356452 ] ] } },
{ "type": "Feature", "properties": { "roadBoundaryId": "27", "height": 0.15, "type": 0 }, "geometry": { "type": "LineString", "coordinates": [ [ 79.861297339937394, 6.907134238116006 ], [ 79.861301486609506, 6.907102954027437 ], [ 79.86138092432634, 6.90710562366596 ], [ 79.861436909964667, 6.907109038749987 ], [ 79.86145528338065, 6.907110270580009 ], [ 79.861471696120105, 6.907111240499537 ], [ 79.861506691196098, 6.907113488832422 ], [ 79.861548336404368, 6.907116050156044 ], [ 79.861550219412862, 6.907120732169044 ], [ 79.861564492412114, 6.907121675521288 ], [ 79.861578068974794, 6.90712285988365 ], [ 79.861583943615429, 6.907118593200262 ], [ 79.861589517458512, 6.907119240182604 ], [ 79.861616119081674, 6.907120729390985 ], [ 79.861702478745542, 6.907125480672556 ], [ 79.861740173148263, 6.907127669264307 ], [ 79.861800516075689, 6.907131029527709 ], [ 79.86179774447983, 6.907146159932191 ], [ 79.861796011957537, 6.907168149981903 ], [ 79.861794859767627, 6.907182275629195 ], [ 79.861793922120285, 6.907194977434818 ], [ 79.861792916393625, 6.907206987489696 ] ] } },
{ "type": "Feature", "properties": { "roadBoundaryId": "28", "height": 0.15, "type": 0 }, "geometry": { "type": "LineString", "coordinates": [ [ 79.863728768567768, 6.907433216996112 ], [ 79.863737671287637, 6.907444380202636 ], [ 79.863742464206666, 6.907441361890793 ], [ 79.863745889360359, 6.907439839638479 ], [ 79.863773522196951, 6.907453390267385 ], [ 79.863779038304273, 6.907456031899323 ], [ 79.863790504022475, 6.90746122871935 ], [ 79.863816356457207, 6.907473741709572 ], [ 79.863919352500062, 6.907523250957694 ], [ 79.86396055657984, 6.907542360049717 ], [ 79.863964163545361, 6.907543566961261 ], [ 79.863965877381617, 6.90754144906761 ], [ 79.863966108255724, 6.907544507350298 ], [ 79.8639845951719, 6.9075540703892 ], [ 79.863997963867192, 6.907559082880089 ], [ 79.864050197372507, 6.90750382630513 ], [ 79.86404774745732, 6.907497814937111 ], [ 79.864046868925001, 6.907490924107033 ], [ 79.864046496912948, 6.907484194570541 ], [ 79.864042678073218, 6.90747990753029 ], [ 79.864034168153339, 6.907469175290443 ], [ 79.86400937719776, 6.907287433961143 ], [ 79.864000130006829, 6.907218959857378 ] ] } },
{ "type": "Feature", "properties": { "roadBoundaryId": "29", "height": 0.15, "type": 0 }, "geometry": { "type": "LineString", "coordinates": [ [ 79.863495122725283, 6.911912548714876 ], [ 79.86349610574365, 6.911896837760943 ], [ 79.863497067640239, 6.911890194108915 ], [ 79.863499266384792, 6.911881066045372 ], [ 79.863507519573233, 6.911860334809787 ], [ 79.863511805810262, 6.911849525252509 ], [ 79.863523778659669, 6.911845163628171 ], [ 79.863531874891009, 6.911844675136028 ], [ 79.863553424583245, 6.911843995221661 ], [ 79.863573182777372, 6.911843866690853 ], [ 79.863580768651659, 6.9118439072203 ], [ 79.86359668741413, 6.911843775996777 ], [ 79.863632695032592, 6.911843500496021 ], [ 79.863690960343064, 6.911843190365479 ], [ 79.863705122146655, 6.911843064723532 ], [ 79.863711524446927, 6.911843084656063 ], [ 79.863730191578483, 6.911842890621251 ], [ 79.863755482133158, 6.911842706102812 ], [ 79.863762338490773, 6.911842583356942 ], [ 79.86377111566965, 6.911842593318694 ], [ 79.863780045862754, 6.911842577951437 ], [ 79.863786811333682, 6.911843048418201 ], [ 79.863790523295037, 6.911842549333993 ], [ 79.863798042648185, 6.911842428399045 ], [ 79.863808173827664, 6.911842226751851 ], [ 79.863843382663759, 6.91184194812628 ], [ 79.863890026662517, 6.911841409442067 ], [ 79.863910814527785, 6.911840798532107 ], [ 79.863967380569548, 6.911840520144851 ], [ 79.86399625410138, 6.911840176209288 ], [ 79.864032911339748, 6.911840074021496 ], [ 79.864079237803253, 6.911840673384931 ], [ 79.864116770420594, 6.911841130434524 ], [ 79.864145952167192, 6.911842288126385 ], [ 79.864173223254539, 6.911845143553142 ], [ 79.864188724226381, 6.911847495877661 ], [ 79.86420257492405, 6.911849708160267 ], [ 79.864217827737306, 6.911852452690581 ], [ 79.86423274775828, 6.911855737212781 ], [ 79.864253275039133, 6.911861123849413 ], [ 79.864268345384133, 6.911865355518871 ], [ 79.864282164255641, 6.911869985149488 ], [ 79.864294522747372, 6.911874384656825 ], [ 79.864308636450488, 6.91188000839876 ] ] } },
{ "type": "Feature", "properties": { "roadBoundaryId": "30", "height": 0.15, "type": 0 }, "geometry": { "type": "LineString", "coordinates": [ [ 79.863221587188193, 6.911611096816397 ], [ 79.863209774406684, 6.911612143368821 ], [ 79.86319425339704, 6.911614319136996 ], [ 79.863187956027417, 6.911621052755337 ], [ 79.863183657673304, 6.911625634608551 ], [ 79.863175344029671, 6.911634131807447 ], [ 79.863171997543276, 6.911637248272521 ], [ 79.863170296958444, 6.911639136914855 ], [ 79.863168302398023, 6.911641000289607 ], [ 79.863164801925109, 6.911643833668205 ], [ 79.863162122060032, 6.911645525884071 ], [ 79.863157367939991, 6.911647244079965 ], [ 79.863150038383836, 6.911647994270013 ], [ 79.863144305293602, 6.911647976014737 ], [ 79.863138022912963, 6.911646645946675 ], [ 79.863137133543489, 6.911647060778852 ], [ 79.863127242941616, 6.911639906499557 ], [ 79.863124478805986, 6.911636626032656 ], [ 79.863122555481269, 6.911632544132451 ], [ 79.863121302830052, 6.911628308584876 ], [ 79.863120675573299, 6.911625567990239 ], [ 79.863120302166195, 6.911623149141946 ], [ 79.863119756162916, 6.911617037735441 ] ] } },
{ "type": "Feature", "properties": { "roadBoundaryId": "31", "height": 0.15, "type": 0 }, "geometry": { "type": "LineString", "coordinates": [ [ 79.862993800265812, 6.91162071307591 ], [ 79.862985057087755, 6.911634339621887 ], [ 79.862982085447143, 6.911638397500984 ], [ 79.862972807220473, 6.911649320520251 ], [ 79.862966652786682, 6.911650782075716 ], [ 79.86294699229984, 6.91165130967212 ], [ 79.862900941894196, 6.911651962735308 ], [ 79.862863718323922, 6.911652229361837 ], [ 79.862853436917092, 6.911652203392826 ], [ 79.862838505620658, 6.91165229296181 ], [ 79.862831607689998, 6.91165205469572 ], [ 79.862826711493156, 6.911652337516913 ], [ 79.862808149360774, 6.911652716734258 ], [ 79.862792678535129, 6.91165327517294 ], [ 79.862788769259211, 6.911651397398649 ], [ 79.862778756498656, 6.911652867037974 ], [ 79.862762467565105, 6.911653073513999 ], [ 79.862754169732966, 6.911652281904352 ], [ 79.862750712734979, 6.911653321129773 ], [ 79.862742537505852, 6.911653460400184 ], [ 79.862732758899952, 6.911653576459334 ], [ 79.862726633389428, 6.911653658172188 ], [ 79.862697307178081, 6.911653833926881 ], [ 79.862649518228338, 6.911654422735324 ], [ 79.862632786340214, 6.911654834841521 ], [ 79.862619516916823, 6.911654487986698 ], [ 79.862596156469266, 6.911654763259829 ], [ 79.862579812601894, 6.911654663707139 ], [ 79.862515452978883, 6.911654340922308 ], [ 79.86249570990573, 6.911654124290568 ], [ 79.862490299191833, 6.911653796842677 ], [ 79.86248271120887, 6.91165348389427 ], [ 79.86247570815398, 6.911653442361327 ], [ 79.86246728034223, 6.911653179462494 ], [ 79.862449563642954, 6.911652857414218 ], [ 79.862440153821112, 6.911652669753802 ], [ 79.862437591797033, 6.911652401479959 ], [ 79.862435054933187, 6.911652468035294 ], [ 79.86243122695528, 6.911652628826329 ], [ 79.862431061039118, 6.911652896974364 ], [ 79.862405594386715, 6.911652072040979 ], [ 79.862392155058188, 6.91165159724357 ], [ 79.86238515327517, 6.911651196222856 ], [ 79.862378308699107, 6.911650949914235 ], [ 79.862370573787004, 6.911650608499842 ], [ 79.862364890832154, 6.911650517198984 ], [ 79.862355841279808, 6.911650163455565 ], [ 79.862350400069047, 6.911649873918636 ], [ 79.862343364805994, 6.911649678312631 ], [ 79.862334490598698, 6.911649236343156 ], [ 79.862318450849983, 6.911648554620093 ], [ 79.86231467523713, 6.911648098466385 ], [ 79.862312229346813, 6.91164830472057 ], [ 79.862306928604951, 6.911648167340596 ], [ 79.862290447681005, 6.911647389813024 ], [ 79.862285466514251, 6.911647081916328 ], [ 79.862279423806299, 6.911646802809029 ], [ 79.862252516198097, 6.911644842107338 ], [ 79.862222705203095, 6.911642827237189 ], [ 79.862213034055344, 6.911642073849556 ], [ 79.862188499923818, 6.911640074390312 ], [ 79.862167224397993, 6.91163817899567 ], [ 79.862150224093227, 6.911636704719298 ], [ 79.862110941877532, 6.911632893497296 ], [ 79.86207300901367, 6.911628964831928 ], [ 79.862059494159709, 6.911627399161917 ], [ 79.862039645444099, 6.911625140548507 ], [ 79.862025770240535, 6.911623781777137 ], [ 79.862024238387647, 6.911624095636371 ], [ 79.862015501762031, 6.911623933073594 ], [ 79.862015020289462, 6.911623037839456 ], [ 79.862009768788369, 6.91162224793951 ], [ 79.862001211416711, 6.911621156305255 ], [ 79.861999682318782, 6.91162172125303 ], [ 79.861996688503183, 6.911621606696702 ], [ 79.861990941916645, 6.911620491722249 ], [ 79.861982886057191, 6.911618818212368 ], [ 79.861975304254386, 6.911617828529086 ], [ 79.861970623706966, 6.911617294357129 ], [ 79.861968405305674, 6.911616381278365 ], [ 79.861965437225166, 6.911616148913637 ], [ 79.861956504309589, 6.911615260590597 ], [ 79.861933120213308, 6.911612250103805 ], [ 79.861916850494751, 6.91161025850771 ], [ 79.861912868779896, 6.911609695121147 ], [ 79.861909484436097, 6.911609242352776 ], [ 79.861905364656664, 6.911608457064689 ], [ 79.861897147333352, 6.911607658461256 ], [ 79.86189047925474, 6.911607070823186 ], [ 79.861857839368739, 6.911602491008464 ], [ 79.861828305979003, 6.911598002587431 ], [ 79.861827619128135, 6.911598335852526 ], [ 79.861805056791496, 6.91159571886711 ], [ 79.861797053295135, 6.911594876170996 ], [ 79.861786213545713, 6.911593644643192 ], [ 79.861765847384177, 6.911591407931958 ], [ 79.861749625912097, 6.911589546304397 ], [ 79.861739380928668, 6.911588609766166 ], [ 79.861732050265573, 6.911587880625044 ], [ 79.861726254659544, 6.911587448671162 ], [ 79.861718649370275, 6.911586548890846 ], [ 79.861712479405142, 6.911585934547357 ], [ 79.861706564499997, 6.911585191460932 ], [ 79.861695624041957, 6.911584526828532 ], [ 79.861655003043467, 6.911581647838308 ], [ 79.861612346856802, 6.911578808543091 ], [ 79.861595912468616, 6.911577922725883 ], [ 79.861589821990634, 6.911577551117016 ], [ 79.861572258206891, 6.911576875031993 ], [ 79.861561906682198, 6.911576382274144 ], [ 79.861556851421881, 6.911576235457485 ], [ 79.86155188409252, 6.911576286796048 ], [ 79.861534153176876, 6.911575661972245 ], [ 79.861522080514561, 6.91157532134795 ], [ 79.861516326880206, 6.911575016492405 ], [ 79.861507707055694, 6.911574914874406 ], [ 79.861502090241075, 6.911574755776826 ], [ 79.861492266768465, 6.911574653574257 ], [ 79.861483692629989, 6.911574537721009 ], [ 79.86147129309299, 6.911574798790927 ], [ 79.861448556080376, 6.91157466450032 ], [ 79.861431859609183, 6.911574398085049 ] ] } },
{ "type": "Feature", "properties": { "roadBoundaryId": "32", "height": 0.15, "type": 0 }, "geometry": { "type": "LineString", "coordinates": [ [ 79.861854687579694, 6.911820176268858 ], [ 79.86185874095645, 6.911817344614392 ], [ 79.861861653902679, 6.911816115577699 ], [ 79.861863510591746, 6.911814993891833 ], [ 79.861878459936946, 6.911814292542116 ], [ 79.861892747741123, 6.911815505345356 ], [ 79.861904665749691, 6.911816635522836 ], [ 79.861909066219027, 6.911816964246656 ], [ 79.861916939931703, 6.91181775937209 ], [ 79.861928080777645, 6.911818789637997 ], [ 79.861951871492195, 6.911821572562623 ], [ 79.861989612550346, 6.911825628040538 ], [ 79.861994427859855, 6.91183092220958 ], [ 79.862002263693554, 6.911839692652641 ], [ 79.86201429631204, 6.911850290936198 ], [ 79.862025608405105, 6.911851100739293 ], [ 79.862048561483292, 6.911853147578213 ], [ 79.862075466773931, 6.911855489059979 ], [ 79.862097627853473, 6.911857386837249 ], [ 79.862118623139523, 6.911859270549757 ], [ 79.862134583037175, 6.91186049081827 ], [ 79.862161126311619, 6.911862435309474 ], [ 79.862191350528988, 6.911864794502184 ], [ 79.862213222673191, 6.911866305542747 ], [ 79.862276464128882, 6.911869818219683 ], [ 79.862328848468493, 6.911871688797119 ], [ 79.862356515325914, 6.911872667502737 ], [ 79.86240744627645, 6.911874065258255 ], [ 79.862438658281107, 6.911874692381314 ], [ 79.86246585386651, 6.91187532588599 ], [ 79.862521981703011, 6.911876281927294 ], [ 79.862560197692829, 6.911876489455705 ], [ 79.862605425858263, 6.911876449799397 ], [ 79.862636919443844, 6.91187645979006 ], [ 79.862667758460233, 6.911876115819627 ], [ 79.862687029471772, 6.911876047443819 ], [ 79.862703962139193, 6.911875821727262 ], [ 79.862725743383763, 6.911875643183491 ], [ 79.862779537038961, 6.911875011429536 ], [ 79.862805225395888, 6.911874598051037 ], [ 79.862820952515563, 6.911874432775515 ], [ 79.862840559378512, 6.911874026197728 ], [ 79.862905613554148, 6.911873053709922 ], [ 79.862949985560149, 6.911872608723709 ], [ 79.862983562126672, 6.911872242066702 ], [ 79.863014144621005, 6.911872001361783 ], [ 79.863045461345649, 6.911871622756516 ], [ 79.863065194681951, 6.911871433434038 ], [ 79.863086071615143, 6.911871199565976 ], [ 79.863101083480416, 6.911870903039458 ], [ 79.863109738491389, 6.911870827468832 ], [ 79.863125833345094, 6.911870743249906 ], [ 79.863188376707058, 6.911869962386711 ], [ 79.863238582689164, 6.911869352534801 ], [ 79.863252384874457, 6.911869477576312 ], [ 79.863264853326584, 6.911857908617353 ], [ 79.863274001809515, 6.911849262925778 ], [ 79.863279140365563, 6.911849213103087 ], [ 79.863281644440335, 6.911847571338055 ], [ 79.863296755072241, 6.911847412561323 ], [ 79.863303090446607, 6.911847332589266 ], [ 79.863332730681108, 6.911847002979927 ], [ 79.863377978758876, 6.911846489646042 ], [ 79.863390459365377, 6.911846867026617 ], [ 79.863395943245592, 6.911847951697117 ], [ 79.86340439300038, 6.911851284625143 ], [ 79.86341033712209, 6.911855326868528 ], [ 79.863418935036663, 6.911864164863975 ], [ 79.86342367885625, 6.911870027474961 ], [ 79.863426189978654, 6.911873008628351 ], [ 79.863428458860724, 6.911876512672304 ], [ 79.863431133561178, 6.911881902102945 ], [ 79.863433823957408, 6.911889027637727 ], [ 79.8634373275314, 6.911900854778157 ] ] } },
{ "type": "Feature", "properties": { "roadBoundaryId": "33", "height": 0.15, "type": 0 }, "geometry": { "type": "LineString", "coordinates": [ [ 79.863924741964965, 6.90680395447204 ], [ 79.863912875794014, 6.906778526151138 ], [ 79.863904281682395, 6.906760300074683 ], [ 79.863894497952572, 6.906739129475746 ], [ 79.863875190882169, 6.906698915223838 ], [ 79.86385265702738, 6.906652135648578 ], [ 79.863841574658252, 6.906630336146073 ], [ 79.86382790562071, 6.906603693406823 ], [ 79.863825969918253, 6.906599584673487 ], [ 79.86382208855936, 6.906592452285587 ], [ 79.863816379369212, 6.906582036565291 ], [ 79.863812623947226, 6.906575012063024 ], [ 79.863810568641924, 6.906571284814018 ], [ 79.8638028961999, 6.906557554940536 ], [ 79.863789377606579, 6.90653417624628 ], [ 79.863783923714308, 6.906524753358376 ], [ 79.863778681400859, 6.906515599437645 ], [ 79.863776308128692, 6.906511814728509 ], [ 79.863775130736727, 6.906509452571477 ], [ 79.863773457679244, 6.906506446885308 ], [ 79.863768190125882, 6.906497956229972 ], [ 79.863749036647675, 6.906465608221365 ], [ 79.863720878350478, 6.906418824048155 ], [ 79.863708377297442, 6.906398884359438 ], [ 79.863683412451664, 6.906358565288898 ], [ 79.863678307236711, 6.906350537128468 ], [ 79.863675857870206, 6.906346690110632 ], [ 79.863673756982109, 6.906343701099485 ], [ 79.863671068295474, 6.906339670018895 ], [ 79.863662046972919, 6.906326770349712 ], [ 79.863651758172097, 6.906312567858484 ], [ 79.863641427525067, 6.906298004532716 ], [ 79.863632246085828, 6.906285751083741 ], [ 79.863630006782373, 6.906282949865122 ], [ 79.863628391508271, 6.906280717170298 ], [ 79.863621701553996, 6.906271840626014 ], [ 79.863599346710075, 6.906241611921205 ], [ 79.863587413709183, 6.906225920988899 ], [ 79.863578787641131, 6.906214353837295 ], [ 79.863574286440411, 6.906208501345025 ], [ 79.863560467545881, 6.906190157664516 ], [ 79.86355621309427, 6.906184258454053 ], [ 79.863554380996916, 6.906182017977725 ], [ 79.863552867412736, 6.906179847284989 ], [ 79.863551053021382, 6.906177661683142 ], [ 79.863548092808685, 6.906173700329928 ], [ 79.863538835337366, 6.906161731961759 ], [ 79.863534833073771, 6.906156218271851 ], [ 79.863532898853109, 6.90615401586834 ], [ 79.863530860383946, 6.906151423786845 ], [ 79.86352595634105, 6.906144567816228 ], [ 79.863520416840558, 6.906137132798206 ], [ 79.863516645070845, 6.90613260341568 ], [ 79.863514806467379, 6.906130196549787 ], [ 79.863512783120328, 6.906127713236872 ], [ 79.863508216840401, 6.906120594354282 ], [ 79.863501309284928, 6.906112272948477 ], [ 79.863489248760914, 6.906096192605237 ], [ 79.863480560591256, 6.906085509834881 ], [ 79.863460853592798, 6.906059635914831 ], [ 79.863441847991965, 6.906035427890029 ], [ 79.863435324621989, 6.906026944625305 ], [ 79.863433252432728, 6.906024286948486 ], [ 79.863431349198081, 6.906022263208945 ], [ 79.86342838170961, 6.906018330380429 ], [ 79.863423537602884, 6.906012009964183 ], [ 79.863419534725438, 6.906007214579576 ], [ 79.863409658007853, 6.905994843862455 ], [ 79.863394015006122, 6.905975396904966 ], [ 79.863381255221327, 6.905959331026746 ], [ 79.863368071243215, 6.905943135980714 ], [ 79.86336247457335, 6.905936177684028 ], [ 79.863353177560157, 6.90592467037309 ], [ 79.863300032033948, 6.905860227788972 ], [ 79.863272755873794, 6.905827129349799 ], [ 79.863266205219162, 6.905818479337696 ], [ 79.863254839993274, 6.905804782713069 ], [ 79.863248468939602, 6.905797024199869 ], [ 79.863235979574554, 6.905782815450337 ], [ 79.863227749089319, 6.905773157704314 ], [ 79.863226503600245, 6.905771627634191 ], [ 79.863219745987237, 6.905763691669187 ], [ 79.863212110552169, 6.905754804854197 ], [ 79.863193541949045, 6.90573298148108 ], [ 79.863168864819187, 6.90570408447532 ], [ 79.863135944950358, 6.905665559795776 ], [ 79.863111790788864, 6.905637618922141 ], [ 79.863097351304404, 6.905621080386436 ], [ 79.863082387224821, 6.905603991890723 ], [ 79.86307041994452, 6.905591147487184 ], [ 79.863053110073068, 6.905575071831109 ], [ 79.863033724388131, 6.90556068788195 ], [ 79.862988039373533, 6.905534557010868 ] ] } },
{ "type": "Feature", "properties": { "roadBoundaryId": "34", "height": 0.15, "type": 0 }, "geometry": { "type": "LineString", "coordinates": [ [ 79.864006644666816, 6.907226530020635 ], [ 79.863993037677545, 6.90717146815468 ], [ 79.863985668187112, 6.907136300701206 ], [ 79.863982789917216, 6.907122903729868 ], [ 79.863976255979495, 6.907091597552931 ], [ 79.863972842065067, 6.907074871391838 ], [ 79.863969933228589, 6.907060669703871 ], [ 79.863969031654079, 6.907046534529545 ], [ 79.863965408168497, 6.907025589701284 ], [ 79.863962213371906, 6.907009055626109 ], [ 79.863957286477032, 6.906984276797856 ], [ 79.863948061626061, 6.906935888221058 ], [ 79.863947115410767, 6.906935616415752 ], [ 79.863936276991211, 6.906908214812954 ], [ 79.863929853922798, 6.906893317829612 ], [ 79.863919130965385, 6.906868688978921 ], [ 79.86389863132186, 6.906820524409789 ], [ 79.863878516791047, 6.906772552424537 ], [ 79.863870654932526, 6.906754964549029 ], [ 79.863863074500784, 6.906737946402832 ], [ 79.86385685832191, 6.906725307556992 ], [ 79.863829308767649, 6.906672572998957 ], [ 79.863811385934895, 6.906637986346039 ], [ 79.863801735759026, 6.906619477452788 ], [ 79.863779552586564, 6.906577788701785 ], [ 79.863749292702792, 6.90652124285745 ], [ 79.863705958890066, 6.906441133911822 ], [ 79.863706236459976, 6.90644022090131 ], [ 79.863697032671666, 6.906423027560304 ], [ 79.863684480719158, 6.906399988970026 ], [ 79.863677069717625, 6.906385718898702 ], [ 79.863665024586666, 6.906362830096461 ], [ 79.863654658566787, 6.906343505929015 ], [ 79.863655407475562, 6.906340542219161 ], [ 79.863603146448838, 6.906275827824782 ], [ 79.863583171130657, 6.906251269651403 ], [ 79.863569768451114, 6.906234565626535 ], [ 79.863563055013813, 6.906226177564901 ], [ 79.863540936187746, 6.906198854735212 ], [ 79.863511972922652, 6.906162943657391 ], [ 79.863480589261854, 6.906124203190521 ], [ 79.86342348877838, 6.906053100490846 ], [ 79.86337207732376, 6.905989329556062 ], [ 79.863315959884119, 6.905920108981748 ], [ 79.863292678929952, 6.905891899510305 ], [ 79.863275003939549, 6.905870239356338 ], [ 79.863261499831737, 6.905852984512551 ], [ 79.863257081012463, 6.905847262125714 ], [ 79.863251714463289, 6.905838998835763 ], [ 79.863244538237552, 6.905836324135272 ], [ 79.863239514558671, 6.905836812142826 ], [ 79.863233982192824, 6.905838833835444 ], [ 79.863228125285303, 6.905842664059878 ], [ 79.863212039725397, 6.90585539233312 ], [ 79.863183134563826, 6.90582381766781 ], [ 79.863200256415837, 6.905808240214554 ], [ 79.863210653601129, 6.905797548062689 ], [ 79.863211263871094, 6.905791204856734 ], [ 79.86320479978643, 6.905783799674558 ], [ 79.863199011442674, 6.905777634055212 ], [ 79.863189851134393, 6.905766232973328 ], [ 79.863179115332287, 6.90575312098924 ], [ 79.863156718090579, 6.905725287809682 ], [ 79.86312071299686, 6.905680630218472 ], [ 79.863114436005517, 6.905672134157806 ], [ 79.863112184236513, 6.905668225568983 ], [ 79.86310862209362, 6.90566478915416 ], [ 79.863103655102293, 6.905658312359449 ], [ 79.863099148855028, 6.905651745213869 ], [ 79.863095170642694, 6.905647872960972 ], [ 79.863088290048623, 6.905639454568464 ], [ 79.863083953472071, 6.905634104277729 ], [ 79.863072144771763, 6.905625102739723 ], [ 79.863040467558037, 6.905613586779769 ], [ 79.862988868405822, 6.905599206661115 ], [ 79.862959578171996, 6.905591760439913 ], [ 79.862945221792117, 6.905588171056952 ], [ 79.862931321074839, 6.905584602590134 ], [ 79.862893874122804, 6.90557468346648 ], [ 79.862893315817672, 6.90557338050008 ], [ 79.86288132799065, 6.905571838415405 ], [ 79.862874855516949, 6.905572148693486 ], [ 79.862871467879629, 6.905573614147871 ], [ 79.862868803977832, 6.90557573287351 ], [ 79.862865504312964, 6.905581546447024 ], [ 79.862862619358069, 6.905580826502859 ], [ 79.862862015925629, 6.905585006808756 ], [ 79.862861101339149, 6.905589252498963 ], [ 79.86284586904722, 6.905586839542965 ], [ 79.862823729272208, 6.905581728541946 ], [ 79.86282394907704, 6.90556521929987 ], [ 79.862822161894456, 6.905559721277917 ], [ 79.862820123801811, 6.905556600831394 ], [ 79.862816569887926, 6.905552586303055 ], [ 79.862811819395603, 6.905551802895226 ], [ 79.862808595484182, 6.905550944297027 ], [ 79.862803928995689, 6.905549993584452 ], [ 79.862801819782376, 6.905550835055289 ], [ 79.862773119112873, 6.905545880771779 ], [ 79.862755345245773, 6.905542835826342 ], [ 79.862750240811494, 6.905541830204189 ], [ 79.862746012458715, 6.905541333105617 ], [ 79.86273089832541, 6.90553894362345 ], [ 79.862681933913876, 6.905531227462046 ], [ 79.862629659477804, 6.905522610961969 ], [ 79.862619022451867, 6.905520949713607 ], [ 79.862601194908336, 6.905517946067397 ], [ 79.862566784547681, 6.905512329029926 ], [ 79.862552799815361, 6.905509911260073 ], [ 79.862532652457347, 6.905506397297954 ], [ 79.862491011566462, 6.905499526935628 ], [ 79.862455889345341, 6.905493707295724 ], [ 79.862435881796628, 6.905490242649838 ], [ 79.862412858378804, 6.905486396934641 ], [ 79.862406208316713, 6.905484668743384 ], [ 79.862392911434739, 6.905482458705122 ], [ 79.862380092988289, 6.90548056415677 ], [ 79.862366794382737, 6.905478418008997 ], [ 79.862353895462249, 6.905476645210587 ], [ 79.862328637892233, 6.905472808091571 ], [ 79.862314910528141, 6.905460882622501 ], [ 79.862297164309922, 6.905471102061068 ], [ 79.862292073768273, 6.905475943877161 ], [ 79.862280665290726, 6.90549149621157 ], [ 79.86226835931447, 6.905489544603718 ], [ 79.86225437990133, 6.905487295631834 ], [ 79.862248547043635, 6.905482018443323 ], [ 79.862249316899678, 6.905477364589562 ], [ 79.862246449461338, 6.905470233847335 ], [ 79.862243928678822, 6.905464407567401 ], [ 79.862241075038696, 6.905461748522619 ], [ 79.862238026317371, 6.905460119794005 ], [ 79.862236280229297, 6.905459474382158 ], [ 79.862232130983301, 6.905458761779423 ], [ 79.862228161003571, 6.905457695767582 ] ] } },
{ "type": "Feature", "properties": { "roadBoundaryId": "35", "height": 0.15, "type": 0 }, "geometry": { "type": "LineString", "coordinates": [ [ 79.864695222275145, 6.907835692786319 ], [ 79.864673399762196, 6.907834324747952 ], [ 79.864657060904705, 6.907832754087133 ], [ 79.864638423133215, 6.907829438462699 ], [ 79.864617841114111, 6.90782387717664 ], [ 79.864609512529427, 6.907820915290054 ], [ 79.864603373207885, 6.907819073416928 ], [ 79.864596360285233, 6.907816056298044 ], [ 79.864590342162842, 6.907813403629049 ], [ 79.864581585096758, 6.907808763727722 ], [ 79.864571134795554, 6.907802223950506 ], [ 79.864550602112857, 6.90778976940559 ], [ 79.864526717358402, 6.90777490465386 ], [ 79.864514665650233, 6.907766171594298 ], [ 79.864502142987888, 6.907756386636259 ], [ 79.864496377237913, 6.907751667622561 ], [ 79.864491407118948, 6.907747408555196 ], [ 79.864485366785559, 6.907741613593908 ], [ 79.864477458819266, 6.907733798975488 ], [ 79.864466400785474, 6.907722745731738 ], [ 79.864458277542781, 6.907713105330237 ], [ 79.864448239425172, 6.907700891870716 ], [ 79.864439177491064, 6.907689903408912 ], [ 79.864426342564869, 6.907673551877425 ], [ 79.864413940685736, 6.907657435344084 ], [ 79.864400305430877, 6.907639969755567 ], [ 79.864390332350922, 6.907626567355094 ], [ 79.864379828120093, 6.907611813335011 ], [ 79.864370226874087, 6.90759784767999 ], [ 79.86436593490987, 6.907591307632517 ], [ 79.864358933511639, 6.907580647497038 ], [ 79.864352895758813, 6.907570772013469 ], [ 79.864345599354692, 6.907559227813987 ], [ 79.864337265747352, 6.907544805180857 ], [ 79.864326967617615, 6.907525595156896 ], [ 79.86431733225524, 6.907505718434208 ], [ 79.864310106614553, 6.907489843989729 ], [ 79.864306706154821, 6.907482679675394 ], [ 79.864302439105117, 6.907472630829139 ], [ 79.864290372363172, 6.90744448740578 ], [ 79.864274437551458, 6.907404817016017 ], [ 79.864264149404178, 6.907376112197129 ], [ 79.864261975054646, 6.907369597221878 ], [ 79.864259225572127, 6.90736122976354 ], [ 79.864256626759868, 6.907353864447715 ], [ 79.864255435645291, 6.907349179669282 ], [ 79.864253908331733, 6.907344701094041 ], [ 79.864252772732968, 6.907341951095811 ], [ 79.864252065705926, 6.907339274033564 ], [ 79.864251154618188, 6.907336695102414 ], [ 79.864249759266926, 6.907332821643241 ], [ 79.864247519863099, 6.907325375893103 ], [ 79.864246284150497, 6.907320705753597 ], [ 79.864244822518572, 6.907316077356267 ], [ 79.864243645228314, 6.907312928970782 ], [ 79.864242253133455, 6.907308534793295 ], [ 79.864241072516165, 6.907304518062622 ], [ 79.864238795782597, 6.907297137450237 ], [ 79.864237464171509, 6.907292415593282 ], [ 79.864235791951629, 6.907287327763347 ], [ 79.864234547139219, 6.907282628530135 ], [ 79.864233478260672, 6.907279957646233 ], [ 79.864231485883025, 6.907273597644314 ], [ 79.86422465768014, 6.907252175156782 ], [ 79.864218463748784, 6.907231542288302 ], [ 79.864208210381165, 6.907197271901551 ], [ 79.864184271892512, 6.90712351237986 ], [ 79.864150555134316, 6.907022618746285 ], [ 79.864139583683752, 6.906988782796296 ], [ 79.864130632134135, 6.906964338698643 ], [ 79.864127888740384, 6.906957263397958 ], [ 79.864124472589779, 6.906947481239883 ], [ 79.864118667800597, 6.906931458549559 ], [ 79.864116476161541, 6.906924943032967 ], [ 79.864114819265311, 6.906920857460731 ], [ 79.864112823489165, 6.90691540821347 ], [ 79.864108586645131, 6.906904427926723 ], [ 79.864106455350779, 6.906898636151674 ], [ 79.864104826562908, 6.906894072412435 ], [ 79.864099249006784, 6.906880684620655 ], [ 79.86409571898038, 6.906871222577166 ], [ 79.864093920233813, 6.906867260640625 ], [ 79.864090886333997, 6.906860467712869 ], [ 79.864087725528037, 6.906852735280975 ], [ 79.864085908785114, 6.906847741177747 ], [ 79.864083959457233, 6.906843056381638 ], [ 79.864082212185252, 6.906838398039965 ], [ 79.864080967248, 6.906835569748123 ], [ 79.864079516682679, 6.906832024645607 ], [ 79.864075146204456, 6.906821982855027 ], [ 79.86407269034585, 6.906816058729828 ], [ 79.864071319215725, 6.906813271908537 ], [ 79.864070352091815, 6.906810626673173 ], [ 79.864068118085413, 6.906805777172691 ], [ 79.864064410532094, 6.906797169348573 ], [ 79.864056519767374, 6.906780865455299 ], [ 79.864041500514745, 6.906749885076239 ], [ 79.86403115882031, 6.906730672239233 ], [ 79.864022171777336, 6.906712500645509 ], [ 79.864013784896486, 6.906695457382981 ], [ 79.864001323140172, 6.906671055075587 ], [ 79.86399256122462, 6.906654334642996 ], [ 79.863986922291119, 6.906643196314716 ], [ 79.863978086200845, 6.906627149716299 ], [ 79.863969263045078, 6.906612612983104 ], [ 79.863959414144105, 6.906595165211031 ], [ 79.863947473100822, 6.906574231367069 ], [ 79.863931743666186, 6.906546790140627 ], [ 79.86390570857769, 6.906505194265057 ], [ 79.863893483426637, 6.906484614109018 ], [ 79.863879058887875, 6.906461591826965 ], [ 79.863869082595215, 6.906446170835501 ], [ 79.863848061926888, 6.906412741704002 ], [ 79.8638381788261, 6.906397644789578 ], [ 79.863826969118733, 6.906379544366947 ], [ 79.86381881466626, 6.90636704350047 ], [ 79.863803501994781, 6.906343038589684 ], [ 79.863789740331043, 6.906322319855448 ], [ 79.863759483635263, 6.906276413317693 ], [ 79.863741995530745, 6.906250273418099 ], [ 79.863733021943574, 6.906237594702082 ], [ 79.863718454619431, 6.906217504784108 ], [ 79.863699215997144, 6.906191611193469 ], [ 79.86365706251965, 6.906135990564222 ], [ 79.863631835264286, 6.906104275556876 ], [ 79.863612407204414, 6.906079206977929 ], [ 79.863596702465969, 6.906059098703564 ], [ 79.863584855434496, 6.906044151905562 ], [ 79.863573650963119, 6.906030051612911 ], [ 79.863555753232518, 6.906007404956855 ], [ 79.863521579039514, 6.905963704209877 ], [ 79.863493569957825, 6.905928560450526 ], [ 79.863481032869714, 6.905912328293049 ], [ 79.863461284443773, 6.905887471280989 ], [ 79.863403474150886, 6.90581534206022 ], [ 79.863353190071976, 6.905752996925538 ], [ 79.86333511076262, 6.905731022137388 ], [ 79.863318306604967, 6.905710464259444 ], [ 79.863303357756806, 6.905692282651283 ], [ 79.863291162794141, 6.905678310112381 ], [ 79.863277257639353, 6.905661947218761 ], [ 79.86325495476504, 6.905635905554613 ], [ 79.863180767559427, 6.905551574481486 ], [ 79.863130555796246, 6.905495225591224 ], [ 79.863105463177263, 6.905467748061021 ], [ 79.863075068210236, 6.905433417031981 ], [ 79.863056876835074, 6.905413744038543 ], [ 79.863050481733524, 6.905407048039136 ], [ 79.863026508051888, 6.905381187854751 ], [ 79.863007060639333, 6.905360639168683 ], [ 79.86300052837089, 6.905353643880379 ], [ 79.8629894110816, 6.905341320113465 ], [ 79.862978046736828, 6.905328991645076 ], [ 79.862966807251354, 6.905316607206354 ], [ 79.862954060048068, 6.905302235660138 ], [ 79.862945860960693, 6.905292562910357 ], [ 79.862942677863046, 6.905288487249026 ], [ 79.862939835070463, 6.905284017048262 ], [ 79.86293670678144, 6.905281576399983 ], [ 79.86293502902393, 6.905279758749266 ], [ 79.862933338356783, 6.905277807353143 ], [ 79.862929408308887, 6.905273006335401 ], [ 79.862921459383585, 6.90526357633591 ], [ 79.862913898827415, 6.905254224172668 ], [ 79.862909549157123, 6.905248933141343 ], [ 79.862904026872997, 6.905241848977209 ], [ 79.862898110804238, 6.905234082003059 ], [ 79.862891246423402, 6.905225132374055 ], [ 79.862877879874659, 6.905206698850535 ], [ 79.862863552557215, 6.90518636164754 ], [ 79.862853116937728, 6.905170295328462 ], [ 79.862846618651304, 6.905160563124122 ], [ 79.862842530911891, 6.905154574023076 ], [ 79.862840435746222, 6.905150790359427 ], [ 79.862835544621163, 6.905143767309578 ], [ 79.862829466691167, 6.905134142586411 ], [ 79.862827224794771, 6.905130432639507 ], [ 79.862825190686934, 6.905127134587011 ], [ 79.862823087879093, 6.90512343409916 ], [ 79.862820391180335, 6.905119364030103 ], [ 79.86281339434889, 6.90510748290828 ], [ 79.862804254217366, 6.905091878203116 ], [ 79.862800448197419, 6.905084689516674 ], [ 79.862795504506963, 6.905075817546575 ], [ 79.862787592702929, 6.905061195479099 ], [ 79.862784250191865, 6.905054925551654 ], [ 79.862779049186329, 6.9050454765737 ], [ 79.862772499590577, 6.905032501802383 ], [ 79.862759370130334, 6.905007043780692 ], [ 79.86275307149225, 6.904994749575326 ], [ 79.862750885670238, 6.90499047699286 ], [ 79.862749681257796, 6.904987181863875 ], [ 79.862747832360569, 6.9049831561844 ], [ 79.862746043121163, 6.904978958317612 ], [ 79.862742298735981, 6.90497078271386 ], [ 79.862739014910957, 6.904963777583199 ], [ 79.862737374337669, 6.904959669128491 ], [ 79.862734420381187, 6.904952184939934 ], [ 79.862730278014666, 6.904942391009442 ], [ 79.862725746240343, 6.904930951879496 ], [ 79.862721635499653, 6.904920933373842 ], [ 79.862715577921065, 6.904903734776171 ], [ 79.862713254041395, 6.904897677864341 ], [ 79.862708103213819, 6.904882334720316 ], [ 79.862701676377981, 6.904863942977142 ], [ 79.862694750122429, 6.904841477814297 ], [ 79.862677991493399, 6.904786828431433 ], [ 79.862675384217908, 6.904775883937067 ], [ 79.862671161321273, 6.904759726506285 ], [ 79.86266715730828, 6.904743264033937 ], [ 79.862664176725744, 6.904730143196354 ], [ 79.862662505922117, 6.904723316005188 ], [ 79.862659968006753, 6.904711834028873 ], [ 79.862657768629404, 6.904703831141873 ], [ 79.86265646219114, 6.904696634404591 ], [ 79.862653683984462, 6.904682504115554 ], [ 79.862652615414873, 6.904676906627209 ], [ 79.862651801609502, 6.904674116112466 ], [ 79.862651222867754, 6.904671016708434 ], [ 79.862650526471668, 6.904665280176323 ], [ 79.862649282992493, 6.904657548066563 ], [ 79.862648247215631, 6.904652609331568 ], [ 79.86264747514943, 6.904647854801422 ], [ 79.862646628463622, 6.904644959375791 ], [ 79.862646376996253, 6.904642221256253 ], [ 79.862645666794805, 6.904639760794554 ], [ 79.862645411024957, 6.904636267455369 ], [ 79.862644206543507, 6.904628872964221 ], [ 79.862643918401076, 6.904623736624617 ], [ 79.862643134313103, 6.904618722321655 ], [ 79.862642522193568, 6.904615742508792 ], [ 79.86264220252302, 6.904613098626903 ], [ 79.862641481737157, 6.904610667969404 ], [ 79.862641314969011, 6.90460725538271 ], [ 79.862640557435228, 6.904599674502546 ], [ 79.862639832880546, 6.904594624080508 ], [ 79.862639601515738, 6.904589733782466 ], [ 79.862639087746231, 6.904586782606701 ], [ 79.86263888181243, 6.904584180942952 ], [ 79.862638265936368, 6.904580628421564 ], [ 79.862637350140517, 6.904571205137712 ], [ 79.862637044348773, 6.904565145627575 ], [ 79.862636323459739, 6.904557979799104 ], [ 79.862635755553455, 6.904554518719537 ], [ 79.862635465463612, 6.904551751750557 ], [ 79.862635394305926, 6.904548370127887 ], [ 79.862634682586062, 6.904540157327467 ], [ 79.862633530737597, 6.904530040395935 ], [ 79.862633243824902, 6.904525440206094 ], [ 79.862632619952109, 6.904522735765443 ], [ 79.862632374116657, 6.904519970815338 ], [ 79.862632317198944, 6.904515031810139 ], [ 79.862631723791935, 6.904511587878719 ], [ 79.862631526384547, 6.904504530569483 ], [ 79.862630825468671, 6.904495731881628 ], [ 79.862629521459368, 6.904486501334905 ], [ 79.862629311601708, 6.90448050087538 ], [ 79.862629103589342, 6.90447720274708 ], [ 79.862628463548418, 6.904474213120478 ], [ 79.862627801121292, 6.904466896637935 ], [ 79.862627668150267, 6.904461458352559 ], [ 79.862627149910693, 6.904456232720458 ], [ 79.862626787747118, 6.904452759719257 ], [ 79.862625858161962, 6.904449541444884 ], [ 79.862625673355254, 6.904444655811576 ], [ 79.862624535444866, 6.904430644240795 ], [ 79.862624041389736, 6.904422188260796 ], [ 79.862622882168637, 6.904416910030556 ], [ 79.86262264417023, 6.904413506470108 ], [ 79.862622470991539, 6.904408973558853 ], [ 79.86262170668239, 6.904405488833125 ], [ 79.862620888649005, 6.904398393925152 ], [ 79.862620596022055, 6.904389765486101 ], [ 79.862620297028428, 6.904385901027435 ], [ 79.862618806859487, 6.904368448495485 ], [ 79.862617526451913, 6.904358085406705 ], [ 79.862617208940947, 6.904353019604689 ], [ 79.862616610776428, 6.90434780567141 ], [ 79.862616365306366, 6.90434422097012 ], [ 79.86261618265624, 6.904341513543991 ], [ 79.86261533508349, 6.904336442818237 ], [ 79.862613689923577, 6.904323934066436 ], [ 79.862612498843816, 6.904315250413529 ], [ 79.862611207264138, 6.904295069213969 ], [ 79.862610000764818, 6.904279721281344 ], [ 79.862609457895914, 6.904273500953932 ], [ 79.862608556861858, 6.904263095319741 ], [ 79.862607918942487, 6.904254819719506 ], [ 79.86260750702823, 6.904251242410745 ], [ 79.862607338589399, 6.904248649636314 ], [ 79.862606939208291, 6.904246103678558 ], [ 79.86260663049012, 6.904242764602738 ], [ 79.862604845929653, 6.904221451221451 ], [ 79.862603487683785, 6.904207358136489 ], [ 79.862601638504685, 6.904190377226747 ], [ 79.86259842529654, 6.904155436418255 ], [ 79.862594629165798, 6.904115646801817 ], [ 79.862587999039732, 6.904053498987048 ], [ 79.862582515806352, 6.904000764756488 ], [ 79.862580695358531, 6.903981105105804 ], [ 79.862579055339694, 6.903964844046562 ], [ 79.862577587000104, 6.903952237114563 ], [ 79.862577165954193, 6.903946786669088 ], [ 79.862576854971778, 6.903942895935376 ], [ 79.862575580848286, 6.903931883674765 ], [ 79.862574107781597, 6.903921395607409 ], [ 79.862569107158109, 6.903876733471814 ], [ 79.862563996480574, 6.903823882088081 ], [ 79.862560664869619, 6.903787235293962 ], [ 79.862556769012144, 6.903746106895791 ], [ 79.862554519588286, 6.903719202405794 ], [ 79.86255435563767, 6.903701480563295 ], [ 79.86255611025463, 6.90369902444622 ], [ 79.862554991467135, 6.903695010186605 ], [ 79.862554242851658, 6.903692441085421 ], [ 79.862554054472724, 6.903687809914415 ], [ 79.862553328747595, 6.903680491411743 ], [ 79.862552441457154, 6.903672538642176 ], [ 79.862551996137725, 6.903655293117372 ], [ 79.862551794607612, 6.903633532422632 ], [ 79.86255209998761, 6.903607534103268 ], [ 79.862553518713668, 6.903592421167151 ], [ 79.862554413721739, 6.903577510225845 ], [ 79.86255687596946, 6.903567971445967 ], [ 79.862561093521663, 6.903551863778156 ], [ 79.862574089989124, 6.903518347902451 ], [ 79.862584127192164, 6.903496960992614 ], [ 79.86259173565611, 6.903483359443152 ], [ 79.86259788821188, 6.903472872280908 ], [ 79.862602815174597, 6.903465015617345 ], [ 79.862606889899041, 6.903457648575263 ], [ 79.86261486437084, 6.903445620032681 ], [ 79.862627726069761, 6.903426029772502 ], [ 79.862646496950049, 6.903399807401374 ], [ 79.862673455867125, 6.903362238192207 ], [ 79.862686822517475, 6.903343579819672 ], [ 79.862691668744276, 6.903337109197284 ], [ 79.86269617648226, 6.903330547529196 ], [ 79.862707264768076, 6.903314904048708 ], [ 79.862712984210134, 6.90330714432093 ], [ 79.86271594463814, 6.903303010672834 ], [ 79.862717753469738, 6.903300724386231 ], [ 79.862720294052536, 6.903296895498594 ], [ 79.862729552486044, 6.903284266136586 ], [ 79.862737625799909, 6.903272768594835 ], [ 79.862760627015135, 6.903240934443203 ], [ 79.862768477751928, 6.903229906026393 ], [ 79.86277518543821, 6.903220589807118 ], [ 79.862781190227594, 6.903212592468392 ], [ 79.862786660963735, 6.903205118981495 ], [ 79.862795786400852, 6.903192065776367 ], [ 79.86280508203852, 6.90317897250596 ], [ 79.862811459877108, 6.903170034636871 ], [ 79.862816652753139, 6.90316313160311 ], [ 79.862816616543057, 6.903162773985803 ], [ 79.862827640224324, 6.903147682897469 ], [ 79.862830010435005, 6.903144238260785 ], [ 79.862831516577103, 6.903142358715162 ], [ 79.862835108809563, 6.903137120144473 ], [ 79.862846606013889, 6.903121624800148 ], [ 79.862858291494391, 6.903105276359765 ], [ 79.862897163288167, 6.903051075994698 ], [ 79.86291268518238, 6.903029626769855 ], [ 79.86292942085467, 6.903006660791552 ], [ 79.862947917379103, 6.90298609254534 ], [ 79.862947964469413, 6.902981491526273 ], [ 79.862954237475023, 6.902972084019198 ], [ 79.862972176925609, 6.902947067358563 ], [ 79.863001847547011, 6.902905865466114 ], [ 79.863012329246899, 6.902891125405404 ], [ 79.86302009507537, 6.902880422166773 ], [ 79.863029113763318, 6.902867750941841 ], [ 79.863045911214527, 6.902844533945625 ], [ 79.863062282006453, 6.902821733679676 ] ] } },
{ "type": "Feature", "properties": { "roadBoundaryId": "36", "height": 0.15, "type": 0 }, "geometry": { "type": "LineString", "coordinates": [ [ 79.862610732544326, 6.909406667793775 ], [ 79.862577634899552, 6.909394743007912 ], [ 79.862565498594535, 6.909390379496804 ], [ 79.86254595192959, 6.909383485091081 ], [ 79.862541020320336, 6.909381691451626 ], [ 79.862530055034796, 6.90937811135278 ], [ 79.862521266091903, 6.909374623966895 ], [ 79.862518861292017, 6.909373057925603 ], [ 79.86251775373303, 6.909371642755228 ], [ 79.862516478856747, 6.909368851017762 ], [ 79.862515994657258, 6.909364394900577 ], [ 79.862519005484359, 6.90934988650891 ], [ 79.862522555481178, 6.90933624997966 ] ] } },
{ "type": "Feature", "properties": { "roadBoundaryId": "37", "height": 0.15, "type": 0 }, "geometry": { "type": "LineString", "coordinates": [ [ 79.858961136143563, 6.90606639934142 ], [ 79.858953274682747, 6.906059704374118 ], [ 79.858948790428926, 6.906056226973659 ], [ 79.858933099136152, 6.906042857157387 ], [ 79.858922789009767, 6.906034271352214 ], [ 79.858913458493674, 6.906060694681187 ], [ 79.858907781034404, 6.906075889848752 ], [ 79.858902764926583, 6.906088354696021 ], [ 79.858896812534695, 6.906102342839175 ], [ 79.858889666630915, 6.906118301203115 ], [ 79.858877337313714, 6.906144426445914 ], [ 79.858868695076495, 6.906162095003294 ], [ 79.858857340298769, 6.906184176633976 ], [ 79.858848834294122, 6.906201054878754 ], [ 79.858849026414191, 6.906203080672706 ], [ 79.858850357280517, 6.906203982357784 ], [ 79.858851769198282, 6.906204605021613 ], [ 79.858859974743567, 6.906192996962806 ], [ 79.858872401351036, 6.906173506822205 ], [ 79.85888051328493, 6.90616198711309 ], [ 79.85888703671408, 6.906154219009512 ], [ 79.858896072685781, 6.90614277310027 ], [ 79.858905096862685, 6.906131978386917 ], [ 79.858908006941576, 6.906128924175071 ], [ 79.858916263582401, 6.906119935526592 ], [ 79.858926688288435, 6.906109159728517 ], [ 79.858937549363588, 6.906098785502045 ], [ 79.858948384697641, 6.906089274467575 ], [ 79.858967218200178, 6.906074874433443 ], [ 79.858965378158572, 6.906070711537081 ], [ 79.858963566440792, 6.906068284773592 ] ] } },
{ "type": "Feature", "properties": { "roadBoundaryId": "38", "height": 0.15, "type": 0 }, "geometry": { "type": "LineString", "coordinates": [ [ 79.859408160652663, 6.906724104565652 ], [ 79.859433192234633, 6.906671852106011 ], [ 79.859447550822011, 6.906636699219028 ], [ 79.859458213086384, 6.906605338627364 ], [ 79.859460017261128, 6.906592798620853 ], [ 79.859460811522524, 6.906579222016945 ], [ 79.859460726373243, 6.906564635696403 ], [ 79.85945982951678, 6.906554976221038 ], [ 79.859458850923687, 6.906552777793858 ], [ 79.859456737257446, 6.906547955180682 ], [ 79.859451898516099, 6.906538566923797 ], [ 79.859447206428825, 6.906530717070895 ], [ 79.859442008163754, 6.90652301113149 ], [ 79.859437963642534, 6.906517359708684 ], [ 79.859434147553628, 6.906511915677704 ], [ 79.859424351665922, 6.906498566728015 ], [ 79.85942162076671, 6.906494736200486 ], [ 79.859417910293018, 6.906489971062881 ], [ 79.859410788725015, 6.906480327222794 ], [ 79.859406227782131, 6.906473842975553 ], [ 79.859404456266304, 6.906470912931638 ], [ 79.859402785073641, 6.906469198352156 ], [ 79.859398294254277, 6.906463313005129 ], [ 79.859364322253555, 6.906419117322204 ], [ 79.859311743348329, 6.906355941989465 ], [ 79.859274144112248, 6.906316013967602 ], [ 79.85920943340048, 6.906261770827854 ], [ 79.859185364025038, 6.906242078696366 ], [ 79.85918167802852, 6.906239709073215 ], [ 79.859177894661329, 6.906237195363512 ], [ 79.859171407803061, 6.906233119708169 ], [ 79.8591544325391, 6.906223002001204 ], [ 79.859140311424738, 6.906214930102509 ], [ 79.859122533803117, 6.906203960178432 ], [ 79.859107919897383, 6.906195032361596 ], [ 79.859104311473772, 6.906192942597752 ], [ 79.859089196742985, 6.906184602354549 ] ] } },
{ "type": "Feature", "properties": { "roadBoundaryId": "39", "height": 0.15, "type": 0 }, "geometry": { "type": "LineString", "coordinates": [ [ 79.860089502805209, 6.907268739420577 ], [ 79.860083782047752, 6.907262132613082 ], [ 79.860080819007806, 6.90725715596675 ], [ 79.860077706575893, 6.907251383381403 ], [ 79.860073498648219, 6.907244114090144 ], [ 79.860070747542849, 6.90723944865291 ], [ 79.860067169002818, 6.907233518776132 ], [ 79.860063552052978, 6.90722738361332 ], [ 79.86005980329648, 6.907221250778314 ], [ 79.860051445727876, 6.907207443386002 ], [ 79.860043502064656, 6.907194031200184 ], [ 79.860042153579812, 6.907191502151679 ], [ 79.860040542599336, 6.907189420641641 ], [ 79.860037566903046, 6.907184520673248 ], [ 79.860031899804355, 6.907175221703389 ], [ 79.860022862505289, 6.907160094027827 ], [ 79.860011393037453, 6.907141124058979 ], [ 79.860009643032441, 6.90713835878933 ], [ 79.860008117666681, 6.907136122005753 ], [ 79.860002726286211, 6.907126708594682 ], [ 79.859988454103728, 6.907103348891516 ], [ 79.859978728630566, 6.90708764787536 ], [ 79.859976969642531, 6.907084738690762 ], [ 79.859974628378069, 6.907081136144694 ], [ 79.859970807422286, 6.907074588625852 ], [ 79.85996819448404, 6.907070562893794 ], [ 79.859965780482412, 6.907066735681672 ], [ 79.85996360283896, 6.907063491050947 ], [ 79.859959475207162, 6.907056803299612 ], [ 79.859954970466106, 6.907050087460546 ], [ 79.859952633277686, 6.907045874678124 ], [ 79.859949693693991, 6.907041453991907 ], [ 79.859946683958441, 6.907037225558755 ], [ 79.859943735022952, 6.907032132308096 ], [ 79.859939547117961, 6.907025717350319 ], [ 79.859935464736353, 6.907018554324472 ], [ 79.859925565304252, 6.907003008597798 ], [ 79.85992318202797, 6.906999114561347 ], [ 79.859920845675333, 6.906995715616473 ], [ 79.859914719009765, 6.906986148972269 ], [ 79.859911805941351, 6.906981419186641 ], [ 79.859908442381681, 6.906976537021538 ], [ 79.85989964398307, 6.906963257651891 ], [ 79.859873637119122, 6.906924865876057 ], [ 79.859861618021256, 6.906907901070994 ], [ 79.859850888160651, 6.906891571617324 ], [ 79.859845692665459, 6.90688326754301 ], [ 79.859832319025244, 6.906863916503888 ], [ 79.859824256997001, 6.906852344825311 ], [ 79.85978725225236, 6.906800732909063 ], [ 79.85975611384805, 6.906759041156612 ], [ 79.85972117190245, 6.906710801192474 ], [ 79.859679733427171, 6.906654525434226 ], [ 79.859666398835259, 6.906636408588851 ], [ 79.859661040592542, 6.906629446817449 ], [ 79.859652863010751, 6.906618704007216 ], [ 79.859628834925303, 6.906587549020595 ], [ 79.859607955558445, 6.906559007677858 ], [ 79.859599357595883, 6.90654710807714 ], [ 79.859593991132058, 6.906540007815265 ], [ 79.859590581527797, 6.906535368372802 ], [ 79.859586432619693, 6.906529923760856 ], [ 79.85958390948052, 6.906526513621538 ], [ 79.859580991243092, 6.906522740209469 ], [ 79.859574616039978, 6.906514238928785 ], [ 79.859569947544045, 6.906508091598698 ], [ 79.8595678678073, 6.906505200404039 ], [ 79.859565203757711, 6.906501659632064 ], [ 79.859563083991603, 6.906498695723766 ], [ 79.859557222815098, 6.906490973174177 ], [ 79.859552285134598, 6.906484426901054 ], [ 79.859549000084741, 6.906480219318391 ], [ 79.85954245363196, 6.906471452969507 ], [ 79.859537441484676, 6.906464804814433 ], [ 79.859534445077827, 6.906460836728192 ], [ 79.859532277474415, 6.906458036153575 ], [ 79.859530667363316, 6.906455951119415 ], [ 79.859529118929345, 6.906453626535745 ], [ 79.859527481081273, 6.90645146638009 ], [ 79.859522314354052, 6.906444800317129 ], [ 79.859516949641247, 6.906437554889416 ], [ 79.859514441234225, 6.906434326145815 ], [ 79.859512798162839, 6.906432177273629 ], [ 79.859508735922503, 6.906426856379655 ], [ 79.859508517887932, 6.906426789473771 ], [ 79.85949380933846, 6.906407333359667 ], [ 79.859485332595995, 6.906396028064457 ], [ 79.859464069251146, 6.906367423249818 ], [ 79.859424782726933, 6.906314108196654 ], [ 79.859407047328418, 6.90629075172579 ], [ 79.859370294153109, 6.906243046012949 ], [ 79.859351223943392, 6.906217867390617 ], [ 79.859347082176356, 6.906212536223946 ], [ 79.859340363148746, 6.906203713207574 ], [ 79.859334351124929, 6.906195275675554 ], [ 79.859327353822266, 6.906185800612286 ], [ 79.859320534471294, 6.906176402312051 ] ] } },
{ "type": "Feature", "properties": { "roadBoundaryId": "40", "height": 0.15, "type": 0 }, "geometry": { "type": "LineString", "coordinates": [ [ 79.860084613969747, 6.907236169308741 ], [ 79.860081777647366, 6.907230665629722 ], [ 79.86007959466896, 6.907227138907993 ], [ 79.86007759244265, 6.90722368413862 ], [ 79.860070435992469, 6.907212125108906 ], [ 79.860045567484818, 6.907171288122388 ], [ 79.86001341559269, 6.90711796948276 ], [ 79.860005507230611, 6.907104696201457 ], [ 79.860001039583878, 6.907097866406558 ], [ 79.859963043023726, 6.907036746745281 ], [ 79.85993680713014, 6.906995824094735 ], [ 79.859857921067658, 6.906876508368419 ], [ 79.85986143942057, 6.906873639518317 ], [ 79.859869651527433, 6.906867292795638 ], [ 79.859880017338341, 6.906874405990965 ], [ 79.859889962856641, 6.906881365378463 ], [ 79.859894282540594, 6.906884399551116 ], [ 79.859897524646598, 6.906887097789144 ], [ 79.85989957912355, 6.906888570542427 ], [ 79.859902343103712, 6.906890339783028 ], [ 79.859907345684519, 6.906894017098976 ], [ 79.85991463188671, 6.906898384221999 ], [ 79.859921748169981, 6.90690331363593 ], [ 79.859928286834858, 6.906907179929401 ], [ 79.859932029011617, 6.906909716513622 ], [ 79.85993656646616, 6.906912385629856 ], [ 79.859943408523094, 6.906915919969154 ], [ 79.859947763508387, 6.906918051634567 ], [ 79.85995194457125, 6.906920932702834 ], [ 79.859956184861474, 6.906923034049194 ], [ 79.859958796603266, 6.906924388729124 ], [ 79.859962015464632, 6.906926090946691 ], [ 79.859972219949128, 6.906930502552678 ], [ 79.859980190090283, 6.906934046308842 ], [ 79.859988088585098, 6.906936980468082 ], [ 79.860002518636179, 6.906941711210199 ], [ 79.860018190164055, 6.906945686809036 ], [ 79.860033138541255, 6.906948599122444 ], [ 79.860049529295864, 6.906951145749939 ], [ 79.860075391945699, 6.906953914544011 ], [ 79.860089947100974, 6.906954906290734 ], [ 79.860094349308653, 6.90695487846726 ], [ 79.860098728948984, 6.906954964625431 ], [ 79.860106303179251, 6.906955091230114 ], [ 79.860117117270505, 6.906955014791955 ], [ 79.860125230020827, 6.90695479322411 ], [ 79.860128995487685, 6.906954367776098 ], [ 79.860136395148402, 6.906950945056635 ], [ 79.860135172898808, 6.906931615140372 ], [ 79.860205040552728, 6.906925647663186 ], [ 79.860231489245564, 6.906924063406772 ], [ 79.860233167809596, 6.906929905708282 ], [ 79.86023455858502, 6.906937726063763 ], [ 79.860240143393938, 6.906936571584619 ], [ 79.860250781527924, 6.906935236333223 ], [ 79.860265763191734, 6.906933321082388 ], [ 79.86026619997574, 6.906920289498871 ], [ 79.860276962188465, 6.906919254465165 ], [ 79.860283183411923, 6.906918749578661 ], [ 79.860289040249441, 6.906918105271158 ], [ 79.860310430314897, 6.906916043557887 ], [ 79.860329441364925, 6.906914496904449 ], [ 79.860349199504242, 6.906917699317235 ], [ 79.860350313817435, 6.906933404867235 ], [ 79.860368291483951, 6.906931422138813 ], [ 79.860367033380626, 6.906922241801597 ], [ 79.860365913450764, 6.906911786324416 ], [ 79.860367364021215, 6.906910739288594 ], [ 79.860384658814723, 6.90690933740914 ], [ 79.860395206046888, 6.906908389714735 ], [ 79.860406108034823, 6.90690765017186 ], [ 79.86040918254794, 6.90691191579536 ], [ 79.860412748470026, 6.906917287500583 ], [ 79.860428521094306, 6.906940339488551 ] ] } },
{ "type": "Feature", "properties": { "roadBoundaryId": "41", "height": 0.15, "type": 0 }, "geometry": { "type": "LineString", "coordinates": [ [ 79.859110138381681, 6.905760927700516 ], [ 79.859096478278261, 6.905767546412305 ], [ 79.859078273552541, 6.905774741816707 ], [ 79.859076666837026, 6.905777455878578 ], [ 79.859062318620005, 6.905783522484024 ], [ 79.859057241421183, 6.905785478214714 ], [ 79.85904984867463, 6.905788375288739 ], [ 79.859034907411854, 6.905793832466054 ], [ 79.859034642207646, 6.905794356043112 ], [ 79.859010721890357, 6.905800849607736 ], [ 79.858999098480638, 6.905803103968279 ], [ 79.858985288747746, 6.905804626032808 ], [ 79.858964014566482, 6.905806806134236 ], [ 79.858956055611642, 6.905806849527626 ], [ 79.858945954052089, 6.905807015137665 ], [ 79.858924301011939, 6.905806752448087 ], [ 79.858910503176091, 6.905805314910132 ], [ 79.858901849829891, 6.905803777734381 ], [ 79.858891301418225, 6.905801471165805 ], [ 79.858874812837016, 6.905797050092134 ], [ 79.858838870635324, 6.905783517518559 ], [ 79.858820531937369, 6.905774563006565 ], [ 79.858808060267236, 6.905765981818932 ], [ 79.858802691213626, 6.905762193995848 ], [ 79.858795517873006, 6.905756607656198 ], [ 79.85878392083427, 6.90574697544414 ], [ 79.858775073409262, 6.905738813823921 ], [ 79.858769382926326, 6.905732470121184 ], [ 79.858768241695003, 6.905732492780848 ], [ 79.858752168136391, 6.905715121227163 ], [ 79.858745077556165, 6.905707248326104 ], [ 79.858741509556395, 6.9057031728202 ], [ 79.858731979113799, 6.905691689524583 ], [ 79.858723205176645, 6.905680679408039 ], [ 79.858718153091772, 6.905674054578254 ], [ 79.858704695061249, 6.905656704191994 ], [ 79.858686904672084, 6.905633481542046 ], [ 79.858679382041402, 6.905623053652616 ], [ 79.858675819682006, 6.905617670037625 ], [ 79.858672593377648, 6.905612530013303 ], [ 79.858671695530816, 6.905612209998557 ], [ 79.858658206624654, 6.905591598035349 ], [ 79.858646408340618, 6.905571137491543 ], [ 79.858634522725779, 6.905548779597471 ], [ 79.858626933823757, 6.905533497181718 ], [ 79.85862009411926, 6.905518701775772 ], [ 79.858613075786209, 6.905502959476015 ], [ 79.858603970725625, 6.905482057386602 ], [ 79.858593013033541, 6.90545611308284 ], [ 79.85858672306091, 6.905439810295591 ], [ 79.858580940103607, 6.905423701808543 ], [ 79.858575345297581, 6.905407303929419 ], [ 79.858569949644945, 6.905390555942888 ], [ 79.858565505429013, 6.905375024293879 ], [ 79.858561390408155, 6.905358552903927 ], [ 79.85855743019296, 6.90533987182832 ], [ 79.858552987018371, 6.90531484468171 ], [ 79.858549921390448, 6.905296100772541 ], [ 79.85854889827425, 6.905290715595326 ], [ 79.858546568062508, 6.905276039520004 ], [ 79.858542464606458, 6.905247733552628 ], [ 79.858540416231179, 6.905231311427827 ], [ 79.858539914572717, 6.905224712760631 ], [ 79.858539563473755, 6.905221584524495 ], [ 79.858539090606229, 6.905219076769835 ], [ 79.858538735891159, 6.905216452560836 ], [ 79.858538536307734, 6.90521360448786 ], [ 79.858537727487089, 6.905206465879027 ], [ 79.858536871881739, 6.905197135840729 ], [ 79.858536311041249, 6.905192214267542 ], [ 79.858536058719054, 6.905189500638206 ], [ 79.858535692363944, 6.905186590145229 ], [ 79.858534758083678, 6.905175265241297 ], [ 79.858533961757857, 6.905166765585736 ], [ 79.858532935458939, 6.905156221739028 ], [ 79.858532029415684, 6.905144495293245 ], [ 79.858531086740996, 6.90513249321832 ], [ 79.858530783670773, 6.905132138710921 ], [ 79.858526186033629, 6.905079451404202 ], [ 79.858525083939128, 6.905066803204098 ], [ 79.858524695615912, 6.905059522283197 ], [ 79.858524412449697, 6.905055059591798 ], [ 79.85852501847495, 6.905049253892021 ], [ 79.858531974743457, 6.905041345844054 ], [ 79.85853511314383, 6.905037744680198 ], [ 79.858539020011349, 6.905033378843827 ], [ 79.858540099198606, 6.905031445404266 ], [ 79.858540090166372, 6.905028440730771 ], [ 79.858534884180486, 6.90496694643554 ], [ 79.858534522414445, 6.904966865642382 ], [ 79.858533071855774, 6.90494900063775 ], [ 79.858532952103275, 6.90494728690951 ], [ 79.858532474683585, 6.90494194965042 ], [ 79.858529877096288, 6.904910089511691 ], [ 79.858523426479636, 6.904834932157659 ], [ 79.858520267225714, 6.90480063456198 ], [ 79.858519573815116, 6.904789340329882 ], [ 79.858519154196188, 6.904784591884318 ], [ 79.858518857457994, 6.904782858649122 ], [ 79.858517790075837, 6.904772287548806 ], [ 79.858517125221169, 6.904763444905253 ], [ 79.85851607958864, 6.904750822259603 ], [ 79.858515585723694, 6.90475049736575 ], [ 79.858513476121658, 6.904723723888893 ], [ 79.858513085969761, 6.904720161553985 ], [ 79.858512404607211, 6.90471525031665 ], [ 79.858510254174845, 6.904692727278237 ], [ 79.858509567073099, 6.904684227655139 ], [ 79.858508721545562, 6.904673680697026 ], [ 79.858499335516015, 6.904672240199787 ], [ 79.858492142591828, 6.904669808381885 ], [ 79.858484001177032, 6.904591724519839 ], [ 79.858487251075729, 6.904588615281861 ], [ 79.858500786201176, 6.904589311830385 ], [ 79.858495508244189, 6.904533579293713 ], [ 79.858493227826827, 6.904510368400407 ], [ 79.85849261344525, 6.904503148737141 ], [ 79.858490368003743, 6.904482255931518 ], [ 79.858487254347239, 6.904455806554819 ], [ 79.858468755864806, 6.904448654006633 ], [ 79.858468250417388, 6.90444353082915 ], [ 79.85846764164026, 6.904439245001673 ], [ 79.858476941899127, 6.904432422118557 ], [ 79.858484124257146, 6.904427612729325 ], [ 79.858482623775942, 6.904410567450537 ], [ 79.858480462482049, 6.904389202275994 ], [ 79.858479441440053, 6.904381352467518 ], [ 79.858476771965798, 6.904357359930668 ], [ 79.858474666450221, 6.904339949504661 ], [ 79.858473203524909, 6.904326330244827 ], [ 79.858472620821217, 6.904319961302433 ], [ 79.858470825048087, 6.904304609366855 ], [ 79.85845922605921, 6.904295876917412 ], [ 79.858457144731972, 6.904294531993171 ], [ 79.858455454653992, 6.904293119638727 ], [ 79.858453754569581, 6.904291495261303 ], [ 79.858452004639474, 6.90428877326504 ], [ 79.858451042105997, 6.904283192805051 ], [ 79.858450599045227, 6.904283041263984 ], [ 79.858448813737155, 6.90426696802851 ], [ 79.858447592796381, 6.904256516745884 ], [ 79.858445493938348, 6.904236584645375 ], [ 79.858440623433992, 6.904192834654417 ], [ 79.858439562256535, 6.904182205394878 ], [ 79.858439195094633, 6.90417780999771 ], [ 79.8584401216944, 6.904173880973105 ], [ 79.858442419173628, 6.9041703389759 ], [ 79.85844659172713, 6.904164714358795 ], [ 79.858454224191576, 6.904153231040424 ], [ 79.858451969958693, 6.904132442701446 ], [ 79.858450330617146, 6.904117341402272 ], [ 79.858447562328863, 6.904093483921594 ], [ 79.858444744776605, 6.904066288745576 ], [ 79.858444091190208, 6.904059118124585 ], [ 79.858443407507679, 6.904053436172839 ], [ 79.858441088054946, 6.90402905854261 ], [ 79.858439028147657, 6.903992714187493 ], [ 79.858438500192051, 6.903970892054698 ], [ 79.858431670697456, 6.903961463630867 ], [ 79.858428965406489, 6.903958613365234 ], [ 79.858426958060463, 6.903956459833008 ], [ 79.858423903737474, 6.903953470664434 ], [ 79.858422109681186, 6.903951277702462 ], [ 79.85842093985876, 6.903946999221402 ], [ 79.858420983600453, 6.903938434982609 ], [ 79.858421254977415, 6.903929577442158 ], [ 79.858420862237921, 6.903928923178868 ], [ 79.858421775141153, 6.903911945524685 ], [ 79.858422102805562, 6.903906397794802 ], [ 79.858423919065075, 6.903885423033426 ], [ 79.858426575704655, 6.903855397790679 ], [ 79.858427927130862, 6.903844536489157 ], [ 79.85843400624141, 6.903815224730463 ], [ 79.858447480417084, 6.903761223096724 ], [ 79.858462024622924, 6.903712502504456 ], [ 79.858466837243228, 6.903699021566419 ], [ 79.858468267274844, 6.90369524378465 ], [ 79.858469037621276, 6.903691117515146 ], [ 79.858471466271837, 6.903684733683821 ], [ 79.858474602911116, 6.903676896293046 ], [ 79.85847438798848, 6.903676679776448 ], [ 79.858480671410703, 6.903659495994563 ], [ 79.858482827341845, 6.903653920109621 ], [ 79.858485819911877, 6.90364540444571 ], [ 79.858490271917347, 6.903632900569082 ], [ 79.858493193892144, 6.903625033067128 ], [ 79.858498646187883, 6.903621388294258 ], [ 79.85850344157673, 6.90361897481653 ], [ 79.858510733109654, 6.903616041174539 ], [ 79.858517511060839, 6.90359732691718 ], [ 79.858519745072272, 6.903591010816005 ], [ 79.858526708795608, 6.903572600415483 ], [ 79.858539717196592, 6.903537508779498 ], [ 79.858544257543656, 6.903525075428795 ], [ 79.858547306445402, 6.903516655646399 ], [ 79.858557398468079, 6.903490244618074 ], [ 79.858565556036069, 6.903468227251966 ], [ 79.85856994153599, 6.903456777483807 ], [ 79.858572266097894, 6.903451043539072 ], [ 79.858574984167603, 6.903443544811747 ], [ 79.858592234267149, 6.903397966900511 ], [ 79.858600677532721, 6.903375990277243 ], [ 79.858608401037827, 6.903352884279659 ], [ 79.858612830379926, 6.903336208531329 ], [ 79.858607119029884, 6.903322276299919 ], [ 79.858609973765127, 6.903316267492848 ], [ 79.858612899031485, 6.903308852405816 ], [ 79.85861654906077, 6.903299890751607 ], [ 79.858619210831336, 6.903291729601357 ], [ 79.858624152888083, 6.903278581984489 ], [ 79.858627878638515, 6.903270281126909 ], [ 79.858630622946507, 6.903262999931334 ], [ 79.858632059528361, 6.903259955680223 ], [ 79.858633246303768, 6.903255600801212 ], [ 79.858634808431589, 6.903252918285202 ], [ 79.858636601173515, 6.903248577499359 ], [ 79.858638644865366, 6.903244006126275 ], [ 79.858639724472738, 6.903241076981393 ], [ 79.858640554814627, 6.903238244206962 ], [ 79.858643924525225, 6.903228947418174 ], [ 79.858646136181164, 6.90322193489977 ], [ 79.858647585328882, 6.903218682124595 ], [ 79.858649905694179, 6.903213475061563 ], [ 79.858652785088211, 6.903205851720748 ], [ 79.858656789464632, 6.903198168647132 ], [ 79.85865700355096, 6.903193878042572 ], [ 79.85865669555038, 6.903193541388081 ], [ 79.858671519841621, 6.903153771618391 ], [ 79.858676987258576, 6.903139090790934 ], [ 79.858684438623172, 6.903118926064093 ], [ 79.85869240453043, 6.90309694208156 ], [ 79.858694732620549, 6.903090939665895 ], [ 79.858696171436492, 6.903086399687748 ], [ 79.858700213742722, 6.903075211997882 ], [ 79.858702531257151, 6.903069124408355 ], [ 79.858707273624873, 6.903056273172939 ], [ 79.858710961591697, 6.903046722489527 ], [ 79.858715407509706, 6.903032943227605 ], [ 79.858717255055936, 6.903027757884781 ], [ 79.858723911563473, 6.903009049783605 ], [ 79.858727440729581, 6.90299958913088 ], [ 79.858735510885381, 6.90297620682095 ], [ 79.858746492094411, 6.902944705909464 ], [ 79.858753508807467, 6.902924399780297 ], [ 79.858758889899008, 6.902909069500553 ], [ 79.85876438118531, 6.902893252133015 ], [ 79.858768547164729, 6.902881692507158 ], [ 79.858771441840219, 6.902873609092157 ], [ 79.858771236430499, 6.902873093300362 ], [ 79.858786085584981, 6.902829236947265 ], [ 79.858793948160638, 6.902806083506779 ], [ 79.858798973056167, 6.902790824786591 ], [ 79.858805684510784, 6.902770429204188 ], [ 79.858813133067514, 6.902748265980979 ], [ 79.85881554063711, 6.902742419967716 ], [ 79.858816597560661, 6.902739016298213 ], [ 79.85881756159705, 6.902735221987359 ], [ 79.858820225147269, 6.902726261577644 ], [ 79.858829762621582, 6.902696995858766 ], [ 79.858844335777974, 6.90265233639427 ], [ 79.858868472331977, 6.902577508723972 ], [ 79.858872875657411, 6.902564374117244 ], [ 79.858876989266264, 6.90255127617992 ], [ 79.85887850033177, 6.902545675236873 ], [ 79.858882420288808, 6.902533281872046 ], [ 79.858887190298944, 6.90251876149106 ], [ 79.858892122135302, 6.90250262603992 ], [ 79.858897010637222, 6.902487226363442 ], [ 79.858900192263746, 6.902477736754399 ], [ 79.858904526659032, 6.90246424441696 ], [ 79.858906674785601, 6.902457759290471 ], [ 79.858907712033982, 6.902454037682646 ], [ 79.858914889468622, 6.902430882815377 ], [ 79.85892513668837, 6.902398871283101 ], [ 79.858935193255832, 6.902367229050106 ], [ 79.858941865142995, 6.902345708083052 ], [ 79.858944268453413, 6.90233828663722 ], [ 79.858956531408083, 6.902299916698388 ], [ 79.858965980452879, 6.902270309608694 ], [ 79.858967312614425, 6.902266783628602 ], [ 79.858969949506502, 6.902258153222418 ], [ 79.858969749344865, 6.902257844816326 ], [ 79.858980248791809, 6.902224890317445 ], [ 79.858985972281076, 6.902206483856729 ], [ 79.858993257787759, 6.902183521177968 ], [ 79.858995900172559, 6.902175825655027 ], [ 79.859005040015163, 6.902147267120879 ], [ 79.859014367700468, 6.902118457442657 ], [ 79.859014281006125, 6.902118221235575 ], [ 79.85902135830969, 6.902095542877611 ], [ 79.859024291776123, 6.902086204816824 ], [ 79.85902697380935, 6.902078216200901 ], [ 79.859031698278983, 6.902063506853552 ], [ 79.859036175502226, 6.902049152865963 ], [ 79.85903976078302, 6.90203754253585 ], [ 79.859045342549706, 6.902020395318464 ], [ 79.859059003995611, 6.901977485014069 ], [ 79.859061279931467, 6.901970710111198 ], [ 79.859066588878477, 6.90195412932358 ], [ 79.859075274670928, 6.901926470127896 ], [ 79.859080295982281, 6.901910961891436 ], [ 79.859081641152287, 6.901906515949953 ], [ 79.859085633368252, 6.901893827719914 ], [ 79.859088571303644, 6.901885251878221 ], [ 79.859090215242489, 6.901880078085925 ], [ 79.859091341396365, 6.901876843255066 ], [ 79.859093450190429, 6.901870013148764 ], [ 79.859095154877906, 6.901864790547506 ], [ 79.8590966284915, 6.90186010737903 ], [ 79.859097721886798, 6.901856787839322 ], [ 79.859098462321512, 6.901854336775849 ], [ 79.859099734684762, 6.901850409222041 ], [ 79.859104907662527, 6.901834328782012 ], [ 79.859109881581574, 6.901820065967062 ], [ 79.859109172874327, 6.901819255336318 ], [ 79.859120502141479, 6.901784482252954 ], [ 79.859136390605329, 6.901734498347686 ], [ 79.859140928924717, 6.901721442599407 ], [ 79.85914406066226, 6.901712229189481 ], [ 79.859143933900981, 6.901711847941697 ], [ 79.859151587937887, 6.901687760328765 ], [ 79.859156310282785, 6.901673264993478 ], [ 79.859161074646082, 6.901659116306596 ], [ 79.859164086497188, 6.901648912998841 ], [ 79.859165919258118, 6.901642454285168 ], [ 79.859170836061722, 6.90162686490078 ], [ 79.859174379856611, 6.901615386555185 ], [ 79.859176303698703, 6.901609374711733 ], [ 79.859183500856531, 6.901586617431374 ], [ 79.859197733012394, 6.901542799405948 ], [ 79.859209429870972, 6.901505797510237 ], [ 79.859220440452503, 6.901470554790039 ], [ 79.859246896013715, 6.901387032179254 ], [ 79.859273853982515, 6.901301220487164 ], [ 79.859317577023916, 6.901165744149766 ], [ 79.859324523140529, 6.901145039182962 ], [ 79.859329732993416, 6.901129914760726 ], [ 79.859346291772638, 6.901081178551368 ], [ 79.859349027755187, 6.901064625089475 ], [ 79.859352296098606, 6.901053243101567 ], [ 79.859358008445795, 6.901038913249185 ], [ 79.859360704139192, 6.901030092838623 ], [ 79.859365014466476, 6.901016844036453 ], [ 79.859366827372213, 6.901011145439643 ], [ 79.859370484991743, 6.901000307130614 ], [ 79.859378212283943, 6.900976280787813 ], [ 79.859388461438854, 6.90094345901066 ], [ 79.859405445008662, 6.90088969950012 ], [ 79.859418766607035, 6.900847183549086 ], [ 79.859426201072552, 6.900823948037684 ], [ 79.859431012885835, 6.900808691734448 ], [ 79.85943395637868, 6.900799452681792 ], [ 79.859436451142457, 6.900791308496268 ], [ 79.859439246897182, 6.900782418296669 ], [ 79.859442214702881, 6.900774151209198 ], [ 79.859441780328623, 6.900773797748548 ], [ 79.859447315078285, 6.900756465215911 ], [ 79.859449684245476, 6.900749258153728 ], [ 79.85945674288898, 6.900726988628193 ], [ 79.85946862426718, 6.900689684774901 ], [ 79.859478741117726, 6.900657317452853 ], [ 79.859483825641632, 6.900641550388892 ], [ 79.859488951703028, 6.900625604882516 ], [ 79.859493852238202, 6.900609496997502 ], [ 79.859498716345641, 6.900594569807286 ], [ 79.859501668587896, 6.900585814293718 ], [ 79.859502726293599, 6.900582805858556 ], [ 79.859504104049833, 6.900578050453567 ], [ 79.859508589646495, 6.900564068646255 ], [ 79.859510000199734, 6.900559441553574 ], [ 79.859511703665703, 6.900554295288678 ], [ 79.859514590400892, 6.900545042499703 ], [ 79.859516132424986, 6.900539772878326 ], [ 79.859516702008264, 6.90053746705841 ], [ 79.859519877710127, 6.900526807849765 ], [ 79.859521747541606, 6.900520301256295 ], [ 79.859525015420928, 6.900510199714597 ], [ 79.859529841551137, 6.900495213141996 ], [ 79.859535127576834, 6.900479062890367 ], [ 79.85953890561953, 6.900468015622314 ], [ 79.859540935827951, 6.900461984656417 ], [ 79.859542725591865, 6.900457160038345 ], [ 79.859542489298775, 6.90045613481362 ], [ 79.859548662749759, 6.900437410937258 ], [ 79.859550953371951, 6.900431008730974 ], [ 79.859552446036503, 6.900426851372211 ], [ 79.859553737725435, 6.900422343431305 ], [ 79.859555250814907, 6.90041790997635 ], [ 79.859556416817611, 6.900413704795236 ], [ 79.859556891517101, 6.900411421891707 ], [ 79.859562964434559, 6.900392392842955 ], [ 79.859571545766187, 6.900371267371767 ], [ 79.859571919381466, 6.900365322046116 ], [ 79.859572588786463, 6.90036265829595 ], [ 79.859575055026056, 6.900354006006916 ], [ 79.859582579863314, 6.900329795295333 ], [ 79.859587857778706, 6.900313373051161 ], [ 79.859592265780137, 6.900299426629376 ], [ 79.859594014143894, 6.900294250147999 ], [ 79.859597299055579, 6.900284098079546 ], [ 79.859601585469264, 6.900270102051932 ], [ 79.859611612391831, 6.900238844833498 ], [ 79.859622658347476, 6.900204420145833 ], [ 79.859622523544957, 6.900204303727877 ], [ 79.859628552842324, 6.900185861044918 ], [ 79.859631308009497, 6.900177798970073 ], [ 79.859633758345069, 6.900170134515663 ], [ 79.859636443152283, 6.90016123804173 ], [ 79.859647079349685, 6.900126916800128 ], [ 79.859659055663045, 6.90008970265773 ], [ 79.859665801165377, 6.900070431376895 ], [ 79.859665462181411, 6.9000694602229 ], [ 79.859671496387861, 6.900050807217945 ], [ 79.859673385876789, 6.900045282417407 ], [ 79.859674100192308, 6.900042934574311 ], [ 79.859674918165169, 6.900040646653281 ], [ 79.859675500228178, 6.900038536411041 ], [ 79.859675754279934, 6.900037328434944 ], [ 79.859678834288047, 6.900027535240495 ], [ 79.859685076900789, 6.900008786687842 ], [ 79.859684897584344, 6.900008128896129 ], [ 79.859691959572345, 6.899986175736156 ], [ 79.859696763176274, 6.899971554973264 ], [ 79.859700294420847, 6.899960447002442 ], [ 79.859701560102124, 6.899956758598315 ], [ 79.859705137592883, 6.8999457925664 ], [ 79.859708536548141, 6.899935612459799 ], [ 79.859711345096471, 6.899926880158951 ], [ 79.859710967506146, 6.899926736905909 ], [ 79.859720776789842, 6.899897077113549 ], [ 79.859722592239791, 6.899890798493355 ], [ 79.859726226480433, 6.899879708053186 ], [ 79.859728457542857, 6.899873547743995 ], [ 79.85973101169516, 6.899865637112062 ], [ 79.859732423425726, 6.899860687262973 ], [ 79.859736003196019, 6.899849489877512 ], [ 79.859740114117386, 6.8998378732493 ], [ 79.859743368707171, 6.899828287806499 ], [ 79.859744950097351, 6.899824046108755 ], [ 79.859745622742878, 6.899821682003711 ], [ 79.859747070519177, 6.899816780230552 ], [ 79.859754525737387, 6.899794335935892 ] ] } },
{ "type": "Feature", "properties": { "roadBoundaryId": "42", "height": 0.15, "type": 0 }, "geometry": { "type": "LineString", "coordinates": [ [ 79.858655665127458, 6.906436690416962 ], [ 79.858770841792392, 6.906213259487462 ], [ 79.858806752684004, 6.906133812470109 ], [ 79.85883012474801, 6.906071658886481 ], [ 79.858837696947447, 6.906044978220135 ], [ 79.858840086393272, 6.906031733201877 ], [ 79.858841006988584, 6.906020328930192 ], [ 79.858840933938836, 6.906009558175882 ], [ 79.858840312134106, 6.906005608352315 ], [ 79.858839608605948, 6.906002103125902 ], [ 79.858835809802301, 6.905988904601537 ], [ 79.858832495518897, 6.90598077595954 ], [ 79.858830604935818, 6.90597629939632 ], [ 79.858828617226933, 6.905972169012638 ], [ 79.858825065573541, 6.905966046908726 ], [ 79.858822100373459, 6.905960654799638 ], [ 79.858809544962782, 6.905943741122297 ], [ 79.858802648164357, 6.90593453966157 ], [ 79.8588000436838, 6.905931245423673 ], [ 79.858795882535702, 6.905925783542237 ], [ 79.858789124199049, 6.905918263450879 ], [ 79.858782665654388, 6.905911078161341 ] ] } },
{ "type": "Feature", "properties": { "roadBoundaryId": "43", "height": 0.15, "type": 0 }, "geometry": { "type": "LineString", "coordinates": [ [ 79.858753615745371, 6.905878635922734 ], [ 79.858749579094393, 6.905873813560321 ], [ 79.858719643933995, 6.905840226935975 ], [ 79.858672682407843, 6.90578728832399 ], [ 79.858664338105342, 6.90577769455061 ], [ 79.858659411535086, 6.905771982979685 ], [ 79.858656204529311, 6.90576859563171 ], [ 79.858653204495212, 6.90576497335817 ], [ 79.85865131412335, 6.905763005731863 ], [ 79.858649933150048, 6.905760842633475 ], [ 79.858648226987526, 6.905758836574068 ], [ 79.858645663990075, 6.905756241090502 ], [ 79.858634046045239, 6.905743040758165 ], [ 79.858553968958361, 6.905652291593982 ], [ 79.85848593261629, 6.905580554762878 ], [ 79.858466425118209, 6.905561941447738 ], [ 79.858463331416189, 6.905559330200034 ] ] } },
{ "type": "Feature", "properties": { "roadBoundaryId": "44", "height": 0.15, "type": 0 }, "geometry": { "type": "LineString", "coordinates": [ [ 79.85911071190263, 6.906207657805215 ], [ 79.859102723547835, 6.90620404387349 ], [ 79.859099503704158, 6.906201707720207 ], [ 79.859095513284913, 6.90619882005554 ], [ 79.859094973221318, 6.906198906408408 ], [ 79.859080100484661, 6.906191635109761 ], [ 79.859073454220606, 6.906189137903935 ], [ 79.859060122934693, 6.906184423381949 ], [ 79.859048884349846, 6.906181898934433 ], [ 79.859042805170446, 6.906181182642698 ], [ 79.859039279859601, 6.906180933759597 ], [ 79.859028949586019, 6.906180881891193 ], [ 79.859017625273736, 6.906182137752224 ], [ 79.858996916543489, 6.906187179737901 ], [ 79.85898591515668, 6.906190542778732 ], [ 79.858980953771052, 6.906192692402819 ], [ 79.858977233688734, 6.906195004264009 ], [ 79.858972986376557, 6.906196327934001 ], [ 79.858966482670979, 6.906199411088753 ], [ 79.858958254626941, 6.906203732840502 ], [ 79.858950636051347, 6.906208350800716 ], [ 79.858945333679756, 6.906214270291169 ], [ 79.85893453517015, 6.906221391012855 ], [ 79.858915849635295, 6.906240006432357 ], [ 79.858892165842661, 6.906267214406299 ], [ 79.858876603219628, 6.906286680544111 ], [ 79.858873525781576, 6.906291210724207 ], [ 79.858871618133648, 6.906294895132761 ], [ 79.858865018484906, 6.906304376623557 ], [ 79.858834340792498, 6.906348731462815 ], [ 79.858820237580659, 6.90637017989345 ], [ 79.858817586321621, 6.906374646130402 ], [ 79.85881292229034, 6.906382582301977 ], [ 79.8587771610526, 6.906445238722406 ], [ 79.858750119343526, 6.90649216523904 ] ] } },
{ "type": "Feature", "properties": { "roadBoundaryId": "45", "height": 0.15, "type": 0 }, "geometry": { "type": "LineString", "coordinates": [ [ 79.859545289369478, 6.899790959070635 ], [ 79.859585593531804, 6.899803325084026 ], [ 79.85959929982225, 6.899809938337511 ], [ 79.859608304033699, 6.899818310129121 ], [ 79.85961538548888, 6.899827988116995 ], [ 79.859617114095002, 6.899832150752754 ], [ 79.859618343572066, 6.89983620545743 ], [ 79.859619168889409, 6.899841135688513 ], [ 79.859619061269768, 6.899849379338699 ], [ 79.859617365562229, 6.89985853242017 ], [ 79.859614862615572, 6.89986751100077 ], [ 79.859612818749923, 6.899874406994324 ], [ 79.859593836541521, 6.899935174457492 ], [ 79.859582451108849, 6.89997117015158 ], [ 79.859577573913, 6.899986720109876 ], [ 79.859572557007027, 6.900002596929234 ], [ 79.859567409093771, 6.900017939863701 ], [ 79.859562937462499, 6.900020002923831 ], [ 79.8595542438173, 6.90002342522696 ], [ 79.859544581120517, 6.900027326881291 ], [ 79.859539776819517, 6.900042675351767 ], [ 79.859538732450559, 6.900045709514199 ], [ 79.8595355542585, 6.900055900914764 ], [ 79.859523078273014, 6.900100408934392 ], [ 79.8595315775285, 6.900110500408772 ], [ 79.859536113161724, 6.900116194345682 ], [ 79.859526478810139, 6.900146151784531 ], [ 79.859523542616742, 6.900154636157072 ], [ 79.859520838434122, 6.900163191300829 ], [ 79.859519573030099, 6.900166975189373 ], [ 79.859517692162584, 6.900172880519523 ], [ 79.859517826487291, 6.900173015840914 ], [ 79.85950558899674, 6.900211554211425 ], [ 79.859501598845583, 6.900223897502294 ], [ 79.859498887657722, 6.900232748092514 ], [ 79.859498361537661, 6.900234742238741 ], [ 79.859497124346532, 6.90023893326223 ], [ 79.859492719418355, 6.900252721371924 ], [ 79.859486434948096, 6.900272148555024 ], [ 79.859472507298292, 6.900316630586661 ], [ 79.859465433694552, 6.900338781250327 ], [ 79.859456716115517, 6.90036646459257 ], [ 79.859450626329419, 6.90038514820609 ], [ 79.859446200949876, 6.900398064467051 ], [ 79.859441589653812, 6.900412039480701 ], [ 79.859439393151291, 6.900418906884932 ], [ 79.859438771593759, 6.900421293569782 ], [ 79.85943357862898, 6.900438029200389 ], [ 79.859433885049725, 6.900438131259352 ], [ 79.859416159004468, 6.900493969171383 ], [ 79.859412871758593, 6.900504376915938 ], [ 79.859409213555168, 6.900515916516754 ], [ 79.85940258808597, 6.900537226851204 ], [ 79.859399699055942, 6.900546146122051 ], [ 79.859392782539999, 6.900568005972412 ], [ 79.859390420496595, 6.900574592182795 ], [ 79.859388950300925, 6.900579051766695 ], [ 79.859388172224044, 6.900581837103826 ], [ 79.859387476526706, 6.900584043983355 ], [ 79.859387115146234, 6.900585619765473 ], [ 79.85938381013942, 6.900596268729529 ], [ 79.859380333218184, 6.900606495142111 ], [ 79.859377784267622, 6.900614419596976 ], [ 79.859372548740851, 6.900630966705193 ], [ 79.859372719262893, 6.900631686143712 ], [ 79.859356054382843, 6.900684223052026 ], [ 79.859347863591253, 6.900709062565187 ], [ 79.859346961153364, 6.900711885223821 ], [ 79.859344852937667, 6.900719353959347 ], [ 79.859341536796236, 6.900729849280669 ], [ 79.859332554847398, 6.900758276692086 ], [ 79.859311480852668, 6.900824444364945 ], [ 79.859303242749704, 6.900851146208189 ], [ 79.859282786959241, 6.900915976665195 ], [ 79.859276194940264, 6.900936602982566 ], [ 79.859270979718545, 6.900952405070939 ], [ 79.859266411159908, 6.900966664016656 ], [ 79.859261802548346, 6.900981343869716 ], [ 79.859238914434897, 6.90105285145323 ], [ 79.859228449172107, 6.901086143854674 ], [ 79.859203355025826, 6.901165715641907 ], [ 79.859194801397649, 6.901192959205209 ], [ 79.859193828520546, 6.901197064034276 ], [ 79.859192222912782, 6.901201955371641 ], [ 79.859183472851967, 6.901229697741334 ], [ 79.859168837969548, 6.901275641214782 ], [ 79.859151389531618, 6.901325938183096 ], [ 79.859120391182685, 6.901423654385614 ], [ 79.859095395680924, 6.901500514738165 ], [ 79.859096693369779, 6.901500877568627 ], [ 79.859085635316404, 6.901534510949611 ], [ 79.859084649630717, 6.901534228731786 ], [ 79.859079045879241, 6.901552672516438 ], [ 79.859075946035489, 6.901564538118704 ], [ 79.859067420244983, 6.901591846794663 ], [ 79.859052776773183, 6.901637732245791 ], [ 79.859037229156741, 6.901686160332958 ], [ 79.859023734964424, 6.901728509380031 ], [ 79.859013592376002, 6.901760107641379 ], [ 79.859005316510107, 6.901786670155847 ], [ 79.859001913724711, 6.901796391179861 ], [ 79.858999311687811, 6.901804265267674 ], [ 79.858997960809177, 6.90180802150752 ], [ 79.858996107278486, 6.90181411808804 ], [ 79.858995254449027, 6.901817350649594 ], [ 79.858991408539467, 6.90182947776133 ], [ 79.858987359595744, 6.901841548876202 ], [ 79.858985309213764, 6.901847919377882 ], [ 79.85898426835233, 6.901850909762371 ], [ 79.858983450376485, 6.901853876916339 ], [ 79.85897945999929, 6.9018664451295 ], [ 79.858977595545753, 6.901872686788603 ], [ 79.858974561131319, 6.901882179375234 ], [ 79.858970592197252, 6.901893873779832 ], [ 79.858968736430498, 6.901899489493147 ], [ 79.858967419631668, 6.901903019867941 ], [ 79.858965398849264, 6.901910564926657 ], [ 79.858962704362042, 6.901919029382892 ], [ 79.858962173665617, 6.901921177380403 ], [ 79.858951009869543, 6.901956717904714 ], [ 79.85892883064794, 6.902026836302106 ], [ 79.85891267975029, 6.902077511598697 ], [ 79.858885520767316, 6.902163163920168 ], [ 79.85886761262077, 6.902219440535905 ], [ 79.858845171897613, 6.902291156898831 ], [ 79.858835072946206, 6.902322569739235 ], [ 79.85883199675348, 6.902331814643772 ], [ 79.858830488927211, 6.90233674667738 ], [ 79.858827997808334, 6.902345147505215 ], [ 79.858814497564083, 6.902388485289891 ], [ 79.858805260215561, 6.902417751322809 ], [ 79.858803228000738, 6.902424953931008 ], [ 79.858800760944732, 6.902432922810504 ], [ 79.858798321007825, 6.902439836688269 ], [ 79.858792880514315, 6.902456785732126 ], [ 79.858789426218763, 6.902467530650847 ], [ 79.85878790619897, 6.90247245903033 ], [ 79.858787000196102, 6.902476098173611 ], [ 79.858786176036432, 6.902478563753789 ], [ 79.858781455605481, 6.902492718218578 ], [ 79.858781640345015, 6.90249331863978 ], [ 79.85876897187363, 6.902532978195901 ], [ 79.858765420869361, 6.902544411339344 ], [ 79.85876428380665, 6.902547991620993 ], [ 79.858755041081992, 6.902576958647985 ], [ 79.858739502905721, 6.902626633235581 ], [ 79.858735530637887, 6.902639453669066 ], [ 79.858733054010955, 6.902646439663178 ], [ 79.858730255487174, 6.902655397191166 ], [ 79.858725210101994, 6.902671547744067 ], [ 79.858711008988081, 6.902716248951583 ], [ 79.858703284726815, 6.902740863486378 ], [ 79.858697936144893, 6.902757168166195 ], [ 79.858675867810661, 6.902825684912757 ], [ 79.858647285383086, 6.902912461669319 ], [ 79.858631897925846, 6.902949738223412 ], [ 79.85859266678888, 6.903034066257813 ], [ 79.858577765440472, 6.90306230368151 ], [ 79.858565433176523, 6.903080211711912 ], [ 79.858560592286423, 6.903086742592097 ], [ 79.858552595456771, 6.903098338973368 ], [ 79.85853797643955, 6.903109788265597 ], [ 79.858531852191348, 6.903114262301287 ], [ 79.858527129606287, 6.903117210792942 ], [ 79.858516712579956, 6.903122453820874 ], [ 79.858509957521548, 6.903125167799811 ], [ 79.858507118410117, 6.903126345575033 ], [ 79.858504751863038, 6.903127255971128 ], [ 79.858499891711887, 6.903128697297622 ], [ 79.85848923140712, 6.903131137706256 ], [ 79.858481357360674, 6.903132156581669 ], [ 79.858455661441894, 6.903129630197685 ], [ 79.858435156933382, 6.903125949088744 ], [ 79.85842937576615, 6.903123834452196 ], [ 79.85842087526531, 6.90312034347523 ], [ 79.858392111886573, 6.903100677255195 ], [ 79.858403459313863, 6.903084265679159 ] ] } },
{ "type": "Feature", "properties": { "roadBoundaryId": "46", "height": 0.15, "type": 0 }, "geometry": { "type": "LineString", "coordinates": [ [ 79.858311299553421, 6.903252181804637 ], [ 79.85831340182402, 6.903246719012198 ], [ 79.858316220070535, 6.903238702302565 ], [ 79.858333211327647, 6.903245432294884 ], [ 79.858347749869182, 6.903251518703458 ], [ 79.858357115485973, 6.903255642869463 ], [ 79.858357720174268, 6.903255582380076 ], [ 79.85837760815869, 6.903265061482538 ], [ 79.858386449208837, 6.903270134656434 ], [ 79.858395608707283, 6.903276001353463 ], [ 79.858412423003855, 6.903285705969287 ], [ 79.858419861589567, 6.903290808992862 ], [ 79.858430895599923, 6.903299436068679 ], [ 79.858431314052822, 6.903299207422178 ], [ 79.858445117358244, 6.903313769000794 ], [ 79.858448958790675, 6.903319364711513 ], [ 79.858451223429114, 6.903323473564575 ], [ 79.858452872137661, 6.903326678734106 ], [ 79.858454646811339, 6.903330551260044 ], [ 79.858458073697022, 6.903339491660736 ], [ 79.858459339548617, 6.903344922522715 ], [ 79.858459962373061, 6.903349658670442 ], [ 79.858460777029208, 6.903354553040003 ], [ 79.858463172411348, 6.903365524666331 ], [ 79.858463143436538, 6.903370602300684 ], [ 79.858463275842041, 6.903375607735729 ], [ 79.858463054380849, 6.903380401811361 ], [ 79.858463214704145, 6.90338331433977 ], [ 79.85846227760409, 6.903394365751 ], [ 79.858461042661133, 6.903401427288291 ], [ 79.858460580337777, 6.903404726465078 ], [ 79.858460007711031, 6.903407319739971 ], [ 79.858459555476614, 6.903409874465201 ], [ 79.85845905806714, 6.903412748767994 ], [ 79.858455001618367, 6.903426864745511 ], [ 79.858428220642097, 6.903500694363386 ], [ 79.858392251488794, 6.903588626645092 ], [ 79.858374873432993, 6.903593220863883 ], [ 79.858349551355388, 6.903658725213113 ], [ 79.858361861790144, 6.903675742046342 ], [ 79.858355288774646, 6.903691519163053 ], [ 79.858339371561812, 6.903730932442584 ], [ 79.858318731269392, 6.903734526514751 ], [ 79.858317075514563, 6.903738520061331 ] ] } },
{ "type": "Feature", "properties": { "roadBoundaryId": "47", "height": 0.15, "type": 0 }, "geometry": { "type": "LineString", "coordinates": [ [ 79.858309567967225, 6.903775379317163 ], [ 79.858305527781113, 6.903919561054057 ], [ 79.858305076312774, 6.90392411661391 ], [ 79.85830463280017, 6.903928471799677 ], [ 79.85830414985162, 6.903934149881294 ], [ 79.858303896824822, 6.903942910061003 ], [ 79.858303403176208, 6.903950566959117 ], [ 79.858303144756405, 6.903953500431999 ], [ 79.858302998775059, 6.903956431681955 ], [ 79.858299284886741, 6.903973519946322 ], [ 79.858283465248334, 6.904037330179207 ], [ 79.858277035486708, 6.904054678095251 ], [ 79.858260791348528, 6.904076692058741 ], [ 79.858254521309291, 6.904084561090102 ], [ 79.858251777259994, 6.904087930442253 ], [ 79.858248543685065, 6.904091489010212 ], [ 79.85823583398647, 6.904103883582063 ], [ 79.858227622133967, 6.904110828234846 ], [ 79.858224142713595, 6.904113175889229 ], [ 79.85821035209969, 6.904120052764501 ], [ 79.858179170162458, 6.904125910801774 ] ] } },
{ "type": "Feature", "properties": { "roadBoundaryId": "48", "height": 0.15, "type": 0 }, "geometry": { "type": "LineString", "coordinates": [ [ 79.858185230875989, 6.904182385963323 ], [ 79.858243507824724, 6.90419778768786 ], [ 79.85825532596462, 6.90420186229452 ], [ 79.858269275006037, 6.90420790353986 ], [ 79.858284997815815, 6.904215529591085 ], [ 79.858290032849794, 6.904218526622352 ], [ 79.858297297868432, 6.904222832085807 ], [ 79.858303620457164, 6.904227300289817 ], [ 79.858307708821073, 6.904230663455095 ], [ 79.858313003639964, 6.904235562334136 ], [ 79.858316557303993, 6.904239367971255 ], [ 79.85831879530835, 6.904242148574941 ], [ 79.858322962021546, 6.904248036378577 ], [ 79.858325744159032, 6.904252435625086 ], [ 79.85832779075929, 6.90425571312386 ], [ 79.858332033518465, 6.904264826318013 ], [ 79.858337562061038, 6.904279243370532 ], [ 79.858342029543763, 6.904295391127282 ], [ 79.858344590438776, 6.90430810085642 ], [ 79.858345987868006, 6.904317985867861 ], [ 79.858346162335408, 6.904318122405709 ], [ 79.85834997632017, 6.90435580545372 ], [ 79.858354200738162, 6.904396695460352 ], [ 79.85835953685131, 6.904446992560709 ], [ 79.858360832201157, 6.904461467325259 ], [ 79.858362325351422, 6.904476915944982 ], [ 79.85836283598131, 6.904482871430456 ], [ 79.858364574412008, 6.904499594036965 ], [ 79.85836707865721, 6.904524697753108 ], [ 79.858369130655305, 6.904544642565235 ], [ 79.858371782447875, 6.904572925765194 ], [ 79.858376328232112, 6.904618501705681 ], [ 79.858383479342635, 6.904692489903055 ], [ 79.858384890414129, 6.904708830812636 ], [ 79.85838714045623, 6.904733869458094 ], [ 79.858388672708514, 6.904751956567884 ], [ 79.858390696227957, 6.904772289668768 ], [ 79.85839548644195, 6.904824935830216 ], [ 79.858397112642876, 6.90484232019218 ], [ 79.858398321807599, 6.904857903346037 ], [ 79.85840320343577, 6.904913418683301 ], [ 79.85840511516075, 6.904938196912377 ], [ 79.858406591171388, 6.904955342130976 ], [ 79.85840767915353, 6.904970114688754 ], [ 79.858414139416652, 6.905046607744934 ], [ 79.85841798613707, 6.905088867089564 ], [ 79.858418644202146, 6.905096446447 ], [ 79.858420354106457, 6.905111105436808 ], [ 79.858421252067842, 6.905121673298047 ], [ 79.858421873032867, 6.905132931554427 ], [ 79.858422078428376, 6.905133159122124 ], [ 79.858423800817476, 6.905153069578199 ], [ 79.858424286886788, 6.905159753325359 ], [ 79.85842471335107, 6.905164006730756 ], [ 79.858425016296536, 6.905167171084414 ], [ 79.858426133249111, 6.905178311461706 ], [ 79.858428297102151, 6.905202643034104 ], [ 79.858429461532253, 6.905216905278149 ], [ 79.858430749759663, 6.905231732520559 ], [ 79.858431564310493, 6.905242112296625 ], [ 79.858431971886006, 6.905246490869611 ], [ 79.858432477205113, 6.905261443656626 ], [ 79.858432472260887, 6.905276605498555 ], [ 79.858431587717632, 6.905289318383414 ], [ 79.858429961278972, 6.905304354503935 ], [ 79.858428088263778, 6.905312574316763 ], [ 79.858423993446252, 6.905328452140109 ], [ 79.858421700807682, 6.905335437388663 ], [ 79.858412677713503, 6.905351029725606 ], [ 79.858401917793429, 6.905366654738175 ], [ 79.858380501206426, 6.90538791799109 ], [ 79.858369259954856, 6.905397754720296 ], [ 79.858343001222295, 6.905414406337005 ], [ 79.858319957490181, 6.905427397074639 ], [ 79.858291180805864, 6.905437959498268 ], [ 79.858219304230929, 6.905458804433956 ], [ 79.858165086543451, 6.905473899314976 ] ] } },
{ "type": "Feature", "properties": { "roadBoundaryId": "49", "height": 0.15, "type": 0 }, "geometry": { "type": "LineString", "coordinates": [ [ 79.858150457155247, 6.905553672784606 ], [ 79.858165693028084, 6.905567736384223 ], [ 79.858185074687057, 6.905562559768993 ], [ 79.858227522976776, 6.905550379991321 ], [ 79.858230187070589, 6.905560308296415 ], [ 79.858231533975228, 6.905560959665292 ], [ 79.85823347812709, 6.905561571482716 ], [ 79.858237132564909, 6.905569554488025 ], [ 79.858237899809978, 6.905573550081344 ], [ 79.858237498461691, 6.905575900496582 ], [ 79.858236556146053, 6.90557811274976 ], [ 79.858235251639314, 6.905580189873657 ], [ 79.858233661467665, 6.905582083689947 ], [ 79.858230848143734, 6.905584643700377 ], [ 79.858231006999603, 6.905585546326314 ], [ 79.858215914752989, 6.905594390084792 ], [ 79.858207688253302, 6.905599435267841 ], [ 79.858203553781294, 6.905602404685464 ], [ 79.858200079567666, 6.905604918193545 ] ] } },
{ "type": "Feature", "properties": { "roadBoundaryId": "50", "height": 0.15, "type": 0 }, "geometry": { "type": "LineString", "coordinates": [ [ 79.859978438491169, 6.899345699844174 ], [ 79.859965557877999, 6.899361268040252 ], [ 79.85996132118008, 6.899366566416004 ], [ 79.85995900096421, 6.899369440406904 ], [ 79.859955741348813, 6.899374036365584 ], [ 79.859954054536416, 6.899376142176775 ], [ 79.859947263753313, 6.899384924848646 ], [ 79.859941364197851, 6.899393224515213 ], [ 79.859933400147895, 6.899404103522057 ], [ 79.859933444372771, 6.899406781895557 ], [ 79.859931108268867, 6.899408829695973 ], [ 79.859928729488431, 6.899410187360381 ], [ 79.859927287984391, 6.89941267291865 ], [ 79.859923116240893, 6.899419051268595 ], [ 79.8599138885412, 6.899432692092414 ], [ 79.859904336687478, 6.899446866393729 ], [ 79.859898187800127, 6.899456119863351 ], [ 79.859892457219274, 6.899464978377005 ], [ 79.859881115716462, 6.899484035202433 ], [ 79.859875801296141, 6.89949463305731 ], [ 79.859869609877776, 6.899506843556702 ], [ 79.859856880435046, 6.899533594659578 ], [ 79.859850659702062, 6.899546291277359 ], [ 79.859847480386776, 6.899553229654356 ], [ 79.859839587383519, 6.899569872682424 ], [ 79.859836936509367, 6.899575051734815 ], [ 79.859834470201392, 6.899580434898133 ], [ 79.859830896000787, 6.899587566141586 ], [ 79.859829746857315, 6.899590177053268 ], [ 79.859825810526331, 6.899598703311862 ], [ 79.859816532753442, 6.899621003421229 ], [ 79.859810052525788, 6.89963762301535 ], [ 79.859806264023419, 6.899647027465978 ], [ 79.859804067568746, 6.899651740549761 ], [ 79.859801761506205, 6.89965623113461 ], [ 79.859801028183455, 6.899659236988515 ], [ 79.859800464358926, 6.899661727973687 ], [ 79.859799573910294, 6.899664290776138 ], [ 79.859798108707693, 6.89966678778049 ], [ 79.859795830850999, 6.899673274407585 ], [ 79.85979366108019, 6.899678904032652 ], [ 79.859788985014319, 6.899690826981988 ], [ 79.859785404450292, 6.899700654477396 ], [ 79.859778415957948, 6.899719415054334 ], [ 79.859767828945749, 6.899748633482057 ], [ 79.85976263487963, 6.899763541237755 ], [ 79.859758045928075, 6.899777023579002 ], [ 79.859750090950087, 6.899800699145443 ], [ 79.859745062764333, 6.899815601301134 ], [ 79.85974560864662, 6.899818423160925 ], [ 79.859743289392313, 6.899821039961943 ], [ 79.859742580462225, 6.899822992049374 ], [ 79.859741322377218, 6.899826489442706 ], [ 79.859738764498857, 6.899833143145062 ], [ 79.859737665684335, 6.899837524866905 ], [ 79.85973635404514, 6.899841703921064 ], [ 79.859735424174815, 6.899843842034681 ], [ 79.859734750469684, 6.899845907256406 ], [ 79.859733910275182, 6.89984821705359 ], [ 79.859732173976965, 6.899854189994547 ] ] } },
{ "type": "Feature", "properties": { "roadBoundaryId": "51", "height": 0.15, "type": 0 }, "geometry": { "type": "LineString", "coordinates": [ [ 79.860642430950762, 6.898928981337675 ], [ 79.860639169181241, 6.898914914932882 ], [ 79.860635027850265, 6.898893605792311 ], [ 79.8606321173162, 6.898878167422661 ], [ 79.860629709496891, 6.898866904794041 ], [ 79.860626089949875, 6.898847208914765 ], [ 79.860623197142843, 6.89883224202593 ], [ 79.860616356699538, 6.898795034393446 ], [ 79.860613640520711, 6.898779242900718 ], [ 79.860604756873755, 6.898735447701558 ], [ 79.860601905885659, 6.898722543463837 ], [ 79.860597934158648, 6.898709238002479 ], [ 79.860595426755737, 6.898702493071545 ], [ 79.860593785068104, 6.898697919528565 ], [ 79.860588366637984, 6.898683635223001 ], [ 79.860582168429232, 6.898668368521103 ], [ 79.860576290705396, 6.898654011779974 ], [ 79.860567085386947, 6.898631781388396 ], [ 79.860558449355381, 6.89863345999879 ], [ 79.860555210468334, 6.898635038015024 ], [ 79.86055186002757, 6.898636497970259 ], [ 79.860544400862935, 6.898641110065307 ], [ 79.860545123444652, 6.898647124357411 ], [ 79.860545547069989, 6.898651102485728 ], [ 79.860546403985211, 6.898661521185151 ], [ 79.860547271864291, 6.898678967762939 ], [ 79.860547243024243, 6.898684025708834 ], [ 79.860547165380879, 6.898693786948784 ], [ 79.860546361253256, 6.898721894281895 ], [ 79.860543637655113, 6.898735287892554 ], [ 79.860528477627312, 6.898778781607054 ], [ 79.860520276865941, 6.89880013473565 ], [ 79.860514123011768, 6.89881318499427 ], [ 79.860509198767517, 6.898822742361168 ], [ 79.86050649989896, 6.898828054129095 ], [ 79.860501381919036, 6.898847010749733 ], [ 79.860517897746632, 6.898850008147416 ], [ 79.860524470777321, 6.898851668870901 ], [ 79.860530106664228, 6.898853101851775 ], [ 79.860536239671632, 6.898854960135781 ], [ 79.860538845419399, 6.898855922433746 ], [ 79.86054125769698, 6.898856626060515 ], [ 79.860544484976685, 6.898858030111334 ], [ 79.860551348283721, 6.898860475791823 ], [ 79.860559302874208, 6.898864088647671 ], [ 79.860583819869021, 6.898876363040029 ], [ 79.860591885949006, 6.898880758588268 ], [ 79.860595992538563, 6.898883665014656 ], [ 79.860606071955473, 6.898891766182544 ], [ 79.860611887449167, 6.898896713901913 ], [ 79.86061494922204, 6.898899832890769 ], [ 79.860617955355892, 6.898903379931768 ], [ 79.860629953090978, 6.89891930396282 ], [ 79.860642191236551, 6.898936787342048 ], [ 79.860643805545493, 6.898936517549311 ], [ 79.860642903199121, 6.898931525981936 ], [ 79.860642653741408, 6.898929371478638 ] ] } },
{ "type": "Feature", "properties": { "roadBoundaryId": "52", "height": 0.15, "type": 0 }, "geometry": { "type": "LineString", "coordinates": [ [ 79.862462716322923, 6.909195981455082 ], [ 79.862453764565785, 6.909217664808437 ], [ 79.862440195289608, 6.909259714827699 ], [ 79.862431242447343, 6.909287175606932 ], [ 79.86242563616652, 6.909302256380491 ], [ 79.862273028016247, 6.909264563280848 ], [ 79.862177610437996, 6.909240068305186 ], [ 79.862177083635302, 6.909240975484602 ], [ 79.862176740697919, 6.909242103830572 ], [ 79.862168232191792, 6.909243600227312 ], [ 79.86215245289236, 6.909234073945624 ], [ 79.862145299643046, 6.909230593489261 ], [ 79.862144660502892, 6.909224190468465 ], [ 79.8621307156086, 6.909221552811816 ], [ 79.862116339741675, 6.909219515597032 ], [ 79.862109102859037, 6.909228010280795 ], [ 79.862087980985734, 6.909223225768295 ], [ 79.862065780285576, 6.909218963718819 ], [ 79.862029711773872, 6.909211828605523 ], [ 79.862003825670101, 6.909206421746294 ], [ 79.861987233009955, 6.909203929450442 ], [ 79.861966663798711, 6.909201523956367 ], [ 79.861964833233017, 6.909202994309243 ], [ 79.861959233342887, 6.909195579189925 ], [ 79.861956060567195, 6.90919111516141 ], [ 79.861952638980952, 6.90918393931419 ], [ 79.861950110686308, 6.909176904600955 ], [ 79.861946880296642, 6.9091613662493 ], [ 79.861948184042205, 6.909154959706096 ], [ 79.861950877143855, 6.909132635632972 ], [ 79.861956704228646, 6.909082864681672 ], [ 79.86196056020367, 6.909048860815416 ], [ 79.861964313200573, 6.909016970427214 ] ] } },
{ "type": "Feature", "properties": { "roadBoundaryId": "53", "height": 0.15, "type": 0 }, "geometry": { "type": "LineString", "coordinates": [ [ 79.862659351149389, 6.909386235462771 ], [ 79.862611887281858, 6.909367892439189 ], [ 79.862575145279052, 6.909354527207528 ], [ 79.862558811489421, 6.909348540398558 ], [ 79.862546150052722, 6.90934412636396 ], [ 79.862533647222776, 6.909342872656093 ], [ 79.8625289545285, 6.909336452820162 ], [ 79.862529570660797, 6.909328946812927 ], [ 79.862530392363325, 6.909322756826458 ] ] } },
{ "type": "Feature", "properties": { "roadBoundaryId": "54", "height": 0.15, "type": 0 }, "geometry": { "type": "LineString", "coordinates": [ [ 79.858312848264703, 6.905536699508048 ], [ 79.858320751671428, 6.905527722738992 ], [ 79.858330892750388, 6.905519145146645 ], [ 79.858335086732865, 6.905518104485104 ], [ 79.85833943779798, 6.905517910234107 ], [ 79.858351657563105, 6.905519180159035 ], [ 79.858388355239526, 6.905524768388672 ], [ 79.858407326789049, 6.905529792257561 ], [ 79.85841906950057, 6.905534328633961 ], [ 79.858430300349838, 6.905539586095782 ], [ 79.858440295226174, 6.90554470810862 ], [ 79.858455703357365, 6.905554701672536 ], [ 79.858466441749215, 6.905562630757163 ] ] } },
{ "type": "Feature", "properties": { "roadBoundaryId": "55", "height": 0.15, "type": 0 }, "geometry": { "type": "LineString", "coordinates": [ [ 79.861901001088484, 6.90908410399055 ], [ 79.861898585706527, 6.909101923741138 ], [ 79.861898026847257, 6.909109294244739 ], [ 79.861897812314993, 6.909113302155077 ], [ 79.861896588041233, 6.909119820273685 ], [ 79.86189492189888, 6.909131738452984 ], [ 79.861894057560235, 6.909137084512396 ], [ 79.861890960298751, 6.90915951961767 ], [ 79.861889385335346, 6.909172840282639 ], [ 79.861888386197023, 6.909181673747762 ], [ 79.861887135399527, 6.909189670867069 ], [ 79.861618121192109, 6.909167103102924 ], [ 79.861524191000967, 6.909159650672289 ], [ 79.86152365557912, 6.909160481472854 ], [ 79.861476654883177, 6.90916056755546 ], [ 79.861439706922027, 6.909160519236399 ], [ 79.861439250447731, 6.909157914218516 ], [ 79.861416331427009, 6.909157903857365 ], [ 79.861405064872315, 6.909157300053638 ], [ 79.861392054926554, 6.909156163132177 ], [ 79.861377370791828, 6.909156739142646 ], [ 79.861364246169501, 6.909159828185969 ], [ 79.861356501846885, 6.909160059296515 ], [ 79.861334979452778, 6.909159393810308 ], [ 79.86130818606533, 6.909159055014772 ], [ 79.861305746423, 6.909162025195615 ], [ 79.861295887224131, 6.909161742397153 ], [ 79.861289514340584, 6.909161523804015 ], [ 79.861285649229984, 6.909161262151907 ], [ 79.861280308882186, 6.909161572761423 ], [ 79.8612742781348, 6.909162108269593 ], [ 79.861257283456339, 6.909162480460017 ], [ 79.86122032372559, 6.909164003845193 ], [ 79.861204890182222, 6.909164110434543 ], [ 79.861167597168887, 6.909168372344372 ], [ 79.861056613131311, 6.909174876201874 ], [ 79.860983239367755, 6.909179349518489 ], [ 79.860947964657953, 6.909181637838949 ], [ 79.860927463052974, 6.909183394956737 ], [ 79.860891825405602, 6.909185670508678 ], [ 79.860846492939089, 6.909181330015185 ] ] } },
{ "type": "Feature", "properties": { "roadBoundaryId": "56", "height": 0.15, "type": 0 }, "geometry": { "type": "LineString", "coordinates": [ [ 79.861367623151011, 6.907045516804165 ], [ 79.861376339407698, 6.907046199421 ], [ 79.861376499738739, 6.907045960647845 ], [ 79.861400009054194, 6.907047608607489 ], [ 79.861416246737633, 6.907048779043067 ], [ 79.861427719901485, 6.907049680104531 ], [ 79.861447114531046, 6.907051172215692 ], [ 79.861480856237577, 6.907053482340372 ], [ 79.861499192461878, 6.907054732245566 ], [ 79.861514929303866, 6.907055740045055 ], [ 79.861542944567333, 6.907057797086574 ], [ 79.861565487180386, 6.907059520428165 ], [ 79.861610985216245, 6.90706334255725 ], [ 79.861640391148711, 6.907065806571251 ], [ 79.861682795827349, 6.907068841217752 ], [ 79.861737383165803, 6.907073039186506 ], [ 79.861760221480509, 6.907075023153434 ], [ 79.861789255399543, 6.907077268547065 ], [ 79.861815638009929, 6.907079139412199 ], [ 79.861882709162828, 6.907084567810101 ], [ 79.861900388968337, 6.907086533730393 ], [ 79.861929585821073, 6.907089165140623 ], [ 79.861965453293337, 6.907092283074014 ], [ 79.862040419775312, 6.907099530931948 ], [ 79.862069250960687, 6.907102056034074 ], [ 79.862075990026057, 6.907103122656788 ], [ 79.86209392529058, 6.907105391948964 ], [ 79.862108268495803, 6.907106953769271 ], [ 79.862141640431986, 6.907110726112855 ], [ 79.862156488041549, 6.907112523514598 ], [ 79.862164097152842, 6.907113145044475 ], [ 79.862175778917418, 6.907114310906826 ], [ 79.862183558509031, 6.907115321791362 ], [ 79.86218715141473, 6.907116047317542 ], [ 79.862192883315856, 6.907116892978404 ], [ 79.862196567653953, 6.907117225177433 ], [ 79.862199953830029, 6.907117895524006 ], [ 79.862240509588432, 6.907123213157917 ], [ 79.862288222552721, 6.907129483275202 ], [ 79.862288332106345, 6.90712930421605 ], [ 79.862305554527168, 6.907131843707603 ], [ 79.862312568397101, 6.907132787211199 ], [ 79.862362838022307, 6.907140608082772 ], [ 79.862435415682199, 6.907152222833052 ], [ 79.862453923621558, 6.907155652812607 ], [ 79.862470211133243, 6.907158614499311 ], [ 79.862480362352031, 6.907160545711726 ], [ 79.862485048728217, 6.907161390950007 ], [ 79.86249535160988, 6.90716329894033 ], [ 79.862504204125159, 6.907164417738722 ], [ 79.862533446697185, 6.907170301722194 ], [ 79.862562314407555, 6.907177155221004 ], [ 79.862568824433325, 6.907178607552243 ], [ 79.862585190177882, 6.907182293976775 ], [ 79.862636687206148, 6.907194099655394 ], [ 79.862667922168583, 6.907201498124278 ], [ 79.862694315373929, 6.907208321913672 ], [ 79.862711186772216, 6.907212865446366 ], [ 79.862715898120442, 6.907214002780697 ], [ 79.862725430944764, 6.907216391639533 ], [ 79.862734300828919, 6.907218938155362 ], [ 79.862740800107929, 6.907220861001447 ], [ 79.862747039627507, 6.907222446540945 ], [ 79.862747080367384, 6.907222325439554 ], [ 79.862776702165178, 6.90723052879219 ], [ 79.862791329709111, 6.90723476650638 ], [ 79.86280903368133, 6.907239802852739 ], [ 79.862809207691541, 6.907239559396089 ], [ 79.862824377960905, 6.907244067281458 ], [ 79.862834069254433, 6.907246697793011 ], [ 79.862836945717788, 6.907247508549266 ], [ 79.862892163830367, 6.90726363778185 ], [ 79.862968225726789, 6.907285872077699 ], [ 79.862991964727357, 6.907293069206392 ], [ 79.863024308223316, 6.907302815938258 ], [ 79.863039561362569, 6.907307517724365 ], [ 79.863043719133501, 6.907308682415954 ], [ 79.863049929008454, 6.907310402759237 ], [ 79.863061643997966, 6.907314285430788 ], [ 79.86307260212007, 6.90731763001604 ], [ 79.863079682335126, 6.907319980583828 ], [ 79.863087519298176, 6.907322427131732 ], [ 79.86309991348061, 6.907326370814268 ], [ 79.863104677511643, 6.907327769503521 ], [ 79.863128786197663, 6.907335705260324 ], [ 79.863176477603304, 6.907351804492539 ], [ 79.863194392535945, 6.907358276103029 ], [ 79.863214101568218, 6.907365726207648 ], [ 79.863252893466637, 6.907380158594509 ], [ 79.863261032839915, 6.907383319065713 ], [ 79.863276030847743, 6.907389015588173 ], [ 79.863336025413005, 6.907412179525414 ], [ 79.863361434831091, 6.907422236031892 ], [ 79.863368595740511, 6.907424948225743 ], [ 79.863374411726156, 6.907426946551106 ], [ 79.863380897821273, 6.907429659536215 ], [ 79.863388202934729, 6.907432533889774 ], [ 79.863396358373663, 6.907436028477069 ], [ 79.863447156253002, 6.907456210011525 ], [ 79.863488427088726, 6.907472835915907 ], [ 79.863503775022735, 6.907478935520764 ], [ 79.863563494701737, 6.90750362034353 ], [ 79.863584753399124, 6.907512973290808 ], [ 79.863588915347336, 6.907514501135532 ], [ 79.863593080288723, 6.907516460385509 ], [ 79.863602355946014, 6.907520137424156 ], [ 79.863610091820831, 6.907523322238434 ], [ 79.863629638980441, 6.90753144805575 ], [ 79.863642536781839, 6.907537179825471 ], [ 79.863648152959101, 6.907539666263111 ], [ 79.863656599850998, 6.907543409290485 ], [ 79.863662973532385, 6.907546183958178 ], [ 79.863666606758557, 6.907547958593571 ], [ 79.863675613920719, 6.907551804333727 ], [ 79.863686557935111, 6.907556490930315 ], [ 79.863692007071407, 6.90755918972209 ], [ 79.86369428575432, 6.90756013820674 ], [ 79.863701860561989, 6.907563182172648 ], [ 79.863711193920494, 6.907567527515782 ], [ 79.863712885628161, 6.907565220346278 ], [ 79.86372219612052, 6.907572352058486 ], [ 79.863739458461765, 6.907580180504388 ], [ 79.863767834572016, 6.907593179490835 ], [ 79.863785551885414, 6.907601309916643 ], [ 79.863806046810026, 6.907610537992125 ], [ 79.863818792131411, 6.907617002175106 ], [ 79.863837153893158, 6.907625584987366 ], [ 79.863850277971395, 6.907631814359746 ], [ 79.863861918667141, 6.907637050292261 ], [ 79.86387561860019, 6.907643965190189 ], [ 79.863885350179359, 6.907648262176679 ] ] } },
{ "type": "Feature", "properties": { "roadBoundaryId": "57", "height": 0.15, "type": 0 }, "geometry": { "type": "LineString", "coordinates": [ [ 79.859442219001139, 6.906780423301869 ], [ 79.859448539686994, 6.90676770904758 ], [ 79.8594562946938, 6.906751827567998 ], [ 79.859460528188208, 6.906743389702007 ], [ 79.859461454679618, 6.906741357392673 ], [ 79.859464349797477, 6.906735223250645 ], [ 79.859475785635126, 6.906711961852259 ], [ 79.859483129988774, 6.90669750375937 ], [ 79.859485509452128, 6.906693407855163 ], [ 79.859492557886469, 6.906681491985798 ], [ 79.859495611697, 6.906675778041973 ], [ 79.859501107687564, 6.906669383804585 ], [ 79.859505407090893, 6.906665047565199 ], [ 79.859516251366131, 6.906657754168902 ], [ 79.859525904563043, 6.906657500065995 ], [ 79.859528432188199, 6.906657837354636 ], [ 79.85953079824472, 6.906658369731483 ], [ 79.859533886671187, 6.906659481548081 ], [ 79.859540488527855, 6.906663024272185 ], [ 79.859547951862325, 6.90666882911508 ], [ 79.859556150133685, 6.90667781433274 ], [ 79.859570631023374, 6.906695929567189 ], [ 79.859570041452898, 6.906702814134506 ], [ 79.859568870532073, 6.906710722012374 ], [ 79.85956831257846, 6.906716580831195 ], [ 79.859579882592257, 6.906733084402801 ], [ 79.85958884003108, 6.906746016503469 ], [ 79.859614597557567, 6.906782328527101 ], [ 79.859631859244217, 6.906807019645939 ], [ 79.859640824813027, 6.906817123391451 ], [ 79.85964522781569, 6.906817734149244 ], [ 79.859656779688848, 6.906819974025819 ], [ 79.859665382574278, 6.90683220023009 ], [ 79.859674360752649, 6.906845133914726 ], [ 79.859684991132497, 6.906860350497566 ], [ 79.859708975746969, 6.906895617584468 ], [ 79.859734539266356, 6.906933058448973 ], [ 79.859752364033497, 6.90695935909154 ], [ 79.859768576917503, 6.906982996057422 ], [ 79.85978895842473, 6.907012848277374 ], [ 79.859814367764599, 6.907049876528746 ], [ 79.85981690034285, 6.907054179015924 ], [ 79.859821230721053, 6.907060553713244 ], [ 79.859838369413708, 6.907085434715333 ], [ 79.859873543858242, 6.907137350703247 ], [ 79.859899009448284, 6.907175603440336 ], [ 79.859905217028171, 6.907184974036599 ], [ 79.859925096927086, 6.907215199170393 ], [ 79.859953998368638, 6.907259112934451 ], [ 79.859964599290308, 6.907276653261238 ], [ 79.859978784081349, 6.907299615352677 ], [ 79.859993826184009, 6.907323554164466 ], [ 79.860026653728795, 6.907375032689007 ], [ 79.860094843126333, 6.907483972169554 ], [ 79.860292002841533, 6.907798381155259 ], [ 79.860312227538529, 6.907830951680136 ], [ 79.860317195665885, 6.907838674098388 ], [ 79.86031960176463, 6.907842828118041 ], [ 79.860321925676502, 6.907846611187752 ], [ 79.860323977406125, 6.907849783968267 ], [ 79.860326022377464, 6.907852752738648 ], [ 79.860332160076936, 6.907862910823132 ], [ 79.860338191768577, 6.907872842475276 ], [ 79.860352555420846, 6.907897288095808 ], [ 79.860360019930496, 6.907910302635091 ], [ 79.860371570704913, 6.907930065246166 ], [ 79.860415208573244, 6.908006625256766 ], [ 79.86042478465653, 6.908023739007125 ], [ 79.860428816967797, 6.908030934395887 ], [ 79.860432812461056, 6.908038393537139 ], [ 79.86043561835028, 6.908044056924336 ], [ 79.860440549616342, 6.908052354782355 ], [ 79.860444344653672, 6.908058997128062 ], [ 79.860449318625712, 6.908069673517505 ], [ 79.860476866490515, 6.908133122959809 ], [ 79.860485431673936, 6.908153374963232 ], [ 79.860486560197316, 6.90815610730334 ], [ 79.860490743121275, 6.908167986759973 ], [ 79.860496006694163, 6.90818444239981 ], [ 79.860502570647782, 6.908208102133351 ], [ 79.86050615547822, 6.908222207477806 ], [ 79.860513209448783, 6.908250671143084 ], [ 79.860519342997137, 6.908277830194987 ], [ 79.860521100900527, 6.908287983591996 ], [ 79.860522369327697, 6.908295246695721 ], [ 79.860523643694265, 6.908300978326279 ], [ 79.860538452291806, 6.908377709819502 ], [ 79.860546193280641, 6.908419091788913 ], [ 79.860547491730841, 6.908426351160363 ], [ 79.86054916641902, 6.908436208522104 ], [ 79.8605628407241, 6.908508251308236 ], [ 79.860571333221571, 6.908553409432197 ], [ 79.860576118379697, 6.90857948667192 ], [ 79.860585101785148, 6.908622390057182 ], [ 79.860589588444242, 6.908645344239821 ], [ 79.860591107900049, 6.908658532960902 ], [ 79.860593997372249, 6.908676288443921 ], [ 79.860596871157782, 6.908692354776365 ], [ 79.860598599445211, 6.908702060877821 ], [ 79.860600232708165, 6.908711871367286 ], [ 79.86056868232275, 6.908722495667543 ], [ 79.86054129041591, 6.908730990426737 ], [ 79.860497292179957, 6.908744816837539 ], [ 79.860472425434637, 6.908751753099811 ] ] } },
{ "type": "Feature", "properties": { "roadBoundaryId": "58", "height": 0.15, "type": 0 }, "geometry": { "type": "LineString", "coordinates": [ [ 79.860727208888221, 6.907018645524514 ], [ 79.860760576044044, 6.907018477208042 ], [ 79.860814265409886, 6.907018862107361 ], [ 79.860850678735517, 6.907020002471459 ], [ 79.860894531575624, 6.907021054404909 ], [ 79.860928590910376, 6.907022130499573 ], [ 79.86094590236597, 6.907022790064608 ], [ 79.86097538097745, 6.907023754404097 ], [ 79.861010688657288, 6.907025382142867 ], [ 79.861069180609277, 6.907027907972529 ], [ 79.861091977813174, 6.907028969526544 ], [ 79.86112146801959, 6.907030506820325 ], [ 79.861247754506323, 6.907038589293617 ] ] } },
{ "type": "Feature", "properties": { "roadBoundaryId": "59", "height": 0.15, "type": 0 }, "geometry": { "type": "LineString", "coordinates": [ [ 79.860153998554253, 6.907354790449312 ], [ 79.860151924804796, 6.907334974448039 ], [ 79.860152127294342, 6.907319136714354 ], [ 79.8601523966869, 6.907303627384723 ], [ 79.860154047321785, 6.907285602581418 ], [ 79.860157380105477, 6.907263475474246 ], [ 79.860162003843229, 6.90724849611641 ], [ 79.860167362426594, 6.907235191745974 ], [ 79.860171566418686, 6.907226104711294 ], [ 79.860176449710437, 6.90721615300579 ], [ 79.860180334272414, 6.907208955391786 ], [ 79.860184606108035, 6.907201601620852 ], [ 79.860188460372498, 6.907195537506733 ], [ 79.86019087478671, 6.90719223681024 ], [ 79.860196125605867, 6.90718568178792 ], [ 79.860204292973762, 6.907176480159635 ], [ 79.860212014152296, 6.907168386975477 ], [ 79.860221270778283, 6.90715945875531 ], [ 79.860229017003491, 6.907152585522088 ], [ 79.860236350890844, 6.907146638390641 ], [ 79.86023870847157, 6.907144446004187 ], [ 79.860245851605526, 6.907138910435521 ], [ 79.860258312506346, 6.907129888992441 ], [ 79.860271744548243, 6.907120971689195 ], [ 79.860276572500055, 6.907117760558863 ], [ 79.860286605965626, 6.907111965709862 ], [ 79.860301341648594, 6.907103993271257 ], [ 79.860315846495581, 6.907096482865248 ], [ 79.860330345653466, 6.90708950200298 ], [ 79.860344960834055, 6.907082991403471 ], [ 79.860358986569594, 6.907077090199382 ], [ 79.86036963825083, 6.907072912156077 ], [ 79.86037788718761, 6.907069733392455 ], [ 79.860377993209653, 6.907069581301303 ], [ 79.860399090391951, 6.907061619416998 ], [ 79.860409533044177, 6.907058060039247 ], [ 79.860414446768488, 6.907056625264 ], [ 79.860418394827335, 6.90705534413082 ], [ 79.86042469670511, 6.907053298825502 ], [ 79.860435830236156, 6.90704976796146 ], [ 79.860440574384313, 6.907048181761025 ], [ 79.860450378409823, 6.907045664058051 ], [ 79.860455588018439, 6.907044517015956 ], [ 79.860458969359044, 6.907043667785056 ], [ 79.860465263880357, 6.907042235873765 ], [ 79.86046864041073, 6.907041381267079 ], [ 79.860480762601824, 6.907039046841596 ], [ 79.860497522832375, 6.907036172873078 ], [ 79.860509739860987, 6.907034311325053 ], [ 79.860521440452018, 6.907032838843499 ], [ 79.860526077744225, 6.907032113674537 ], [ 79.860537187337854, 6.907030647262531 ], [ 79.860564303550632, 6.907027928860669 ], [ 79.860581446982636, 6.907026541479036 ], [ 79.86059250582241, 6.907025804958593 ], [ 79.860592620805519, 6.907025521986211 ], [ 79.860611680477518, 6.907024230475114 ], [ 79.860625680056827, 6.907023401072359 ], [ 79.860646241186643, 6.907022132212695 ], [ 79.86065448339707, 6.907021768114673 ], [ 79.860673143984172, 6.907020281332108 ], [ 79.860694713042875, 6.907019369291947 ], [ 79.860712846160638, 6.907018883189774 ], [ 79.860726074564397, 6.9070186691372 ] ] } },
{ "type": "Feature", "properties": { "roadBoundaryId": "60", "height": 0.15, "type": 0 }, "geometry": { "type": "LineString", "coordinates": [ [ 79.863647218913428, 6.907439374893382 ], [ 79.863623511233143, 6.907428974586408 ], [ 79.863600808129391, 6.90741921715118 ], [ 79.863577946347746, 6.907409634834675 ], [ 79.863555481860018, 6.907400235162617 ], [ 79.863517372317048, 6.907384524926712 ], [ 79.863484482191069, 6.907371090518134 ], [ 79.863456468898733, 6.907359721608852 ], [ 79.863411887670694, 6.907341626969091 ], [ 79.863381004006541, 6.90732938729313 ], [ 79.863367963636222, 6.907324396537249 ], [ 79.863347493447307, 6.90731638445985 ], [ 79.863320585285976, 6.90730639741503 ], [ 79.863299898865236, 6.907298962692367 ], [ 79.863285480877209, 6.907293400559407 ], [ 79.86327307799894, 6.907288947182733 ], [ 79.863248588936798, 6.907279947548985 ], [ 79.863239466382026, 6.907276822365759 ], [ 79.86321689218525, 6.907268864838462 ], [ 79.863207898632226, 6.907265613300042 ], [ 79.863175259441789, 6.907254569199548 ], [ 79.863128838056653, 6.907239195507311 ], [ 79.863088606078591, 6.907226311375597 ], [ 79.863080438338727, 6.907223902473855 ], [ 79.863062564961083, 6.907218331351036 ], [ 79.863014768189316, 6.907203858314656 ], [ 79.862972335076364, 6.907190690032631 ], [ 79.862958225316703, 6.90718652499296 ], [ 79.862916876624595, 6.907174096179755 ], [ 79.862898518971406, 6.907168667291436 ], [ 79.862883334616569, 6.90716399953395 ], [ 79.862840787727592, 6.907151822217863 ], [ 79.862827858289407, 6.907148019151459 ], [ 79.862821486849157, 6.907146410422563 ], [ 79.862802428397671, 6.90714126093044 ], [ 79.862794011453545, 6.907139144443724 ], [ 79.862782966542909, 6.90713633916006 ], [ 79.862767431640904, 6.907132118360391 ], [ 79.862751066559682, 6.907127904287824 ], [ 79.862735702121284, 6.907123904178824 ], [ 79.862727690312383, 6.907121663071913 ], [ 79.86271918325015, 6.907119463416359 ], [ 79.862714713845378, 6.907118445752847 ], [ 79.862698098768959, 6.907114113083842 ], [ 79.862683765459821, 6.907110438286989 ], [ 79.862678873259256, 6.907109088819744 ], [ 79.862676324649513, 6.907108523607955 ], [ 79.862672190153432, 6.907107572444266 ], [ 79.862669467991154, 6.907107093282426 ], [ 79.862652287391327, 6.907102750975657 ], [ 79.862633600814405, 6.907098042087181 ], [ 79.862627283718425, 6.907096475581161 ], [ 79.86261432953782, 6.907093447602264 ], [ 79.862580942650709, 6.907085604973824 ], [ 79.862580774446783, 6.90708569800544 ], [ 79.862549371961777, 6.907078718531834 ], [ 79.862535114926288, 6.907075756039646 ], [ 79.862529079402051, 6.907074676557223 ], [ 79.862517783608197, 6.907072350430867 ], [ 79.86250810617112, 6.907070160614584 ], [ 79.862494998648913, 6.907067499881634 ], [ 79.862466986755734, 6.907062483025568 ], [ 79.862421638599912, 6.907054657746158 ], [ 79.862407365951071, 6.907052280825598 ], [ 79.862402051462382, 6.907051218290387 ], [ 79.86238724267335, 6.907049028232767 ], [ 79.862372347399514, 6.907047454113763 ], [ 79.862364162436336, 6.907046199851902 ], [ 79.862356739791522, 6.907045145411949 ], [ 79.862334172228813, 6.907041396522227 ], [ 79.862320248061351, 6.907039323751494 ], [ 79.862316256551935, 6.907038980505755 ], [ 79.862303898342731, 6.907037422186162 ], [ 79.862251101669841, 6.907030371876725 ], [ 79.862224901277898, 6.907026992217085 ], [ 79.862201367925906, 6.907024379231389 ], [ 79.862164694739732, 6.907019932954854 ], [ 79.862148335442328, 6.907018094376523 ], [ 79.862129207002582, 6.907015819455577 ], [ 79.862112242324386, 6.907013908026049 ], [ 79.862098710591908, 6.907012239817898 ], [ 79.862066058548734, 6.907008262809376 ], [ 79.862030179660564, 6.907004302367435 ], [ 79.862029610755812, 6.907004616704653 ], [ 79.862013332957218, 6.907002890656655 ], [ 79.862007684509109, 6.907002271533238 ], [ 79.861994751591496, 6.907001083283319 ], [ 79.861985243841431, 6.907000281580936 ], [ 79.861982536421351, 6.90700009991624 ], [ 79.861953807771684, 6.906997384900214 ], [ 79.861913658802933, 6.906993684019377 ], [ 79.861907077772514, 6.906992964590194 ], [ 79.861900985242741, 6.906992487153214 ], [ 79.861891878632747, 6.906991733278714 ], [ 79.861868010617343, 6.906989689241809 ], [ 79.861847939159034, 6.906987899702814 ], [ 79.86184109134831, 6.906987047419915 ], [ 79.861836533639377, 6.906986954642949 ], [ 79.861829513221679, 6.906986373693098 ], [ 79.86181557818621, 6.906985190916965 ], [ 79.861795078629541, 6.906983662751028 ], [ 79.86177179887099, 6.906981751745469 ], [ 79.861768434125125, 6.906981628678312 ], [ 79.861761688013303, 6.906981317409375 ], [ 79.861742465060203, 6.906979657585991 ], [ 79.861737878146329, 6.906979131490164 ], [ 79.861733417949978, 6.906978876193465 ], [ 79.861721647980488, 6.906977962332987 ], [ 79.861706304558325, 6.906976671906273 ], [ 79.861699966349036, 6.906976316171212 ], [ 79.861685743955135, 6.906975328086966 ], [ 79.861674868167668, 6.906974300676307 ], [ 79.861659811950929, 6.906973165283633 ], [ 79.86165157009043, 6.906972645849294 ], [ 79.861638821231281, 6.906971675287439 ], [ 79.861634481873139, 6.906971279233093 ], [ 79.861630956971879, 6.906971213842176 ], [ 79.861615503535702, 6.906969983460758 ], [ 79.861515081373909, 6.906962391462137 ], [ 79.861490038684096, 6.906960413074047 ], [ 79.861482651172366, 6.906959894654925 ], [ 79.861479298226669, 6.906959752498068 ], [ 79.861464577595669, 6.906958671908169 ], [ 79.861435050744291, 6.906956694548959 ], [ 79.861394949487831, 6.906953720147228 ], [ 79.861365651445453, 6.906951791597267 ], [ 79.861351997519947, 6.906951147866569 ], [ 79.861343259469592, 6.906951446391629 ], [ 79.861338254602799, 6.906951289522846 ], [ 79.861328921800236, 6.906950781108541 ], [ 79.861323028042563, 6.906950213905519 ], [ 79.86130308940534, 6.906949230190738 ], [ 79.861285420398943, 6.906947856108506 ], [ 79.861166690645291, 6.906940255327013 ], [ 79.861107553544542, 6.90693739783082 ], [ 79.861077838185281, 6.906935743248424 ], [ 79.861061172329116, 6.906934402643962 ], [ 79.861057486948127, 6.906934004966691 ], [ 79.861053145743853, 6.906933754303676 ], [ 79.861048157706463, 6.906933922460654 ], [ 79.860998430944591, 6.906932586619796 ], [ 79.860836873159016, 6.906930537064361 ], [ 79.860700009960837, 6.906931098723825 ], [ 79.860618946600496, 6.906932212370772 ], [ 79.86057326433243, 6.906932438533431 ], [ 79.86054057891829, 6.906933692431514 ], [ 79.860442336636638, 6.90693857199467 ], [ 79.86044266547124, 6.906939606700862 ] ] } },
{ "type": "Feature", "properties": { "roadBoundaryId": "61", "height": 0.15, "type": 0 }, "geometry": { "type": "LineString", "coordinates": [ [ 79.860129013863627, 6.909563990270978 ], [ 79.860129091601749, 6.909558856776173 ], [ 79.860129846324298, 6.909554579062759 ], [ 79.86013878517106, 6.909547829724729 ], [ 79.860143428613114, 6.909546058646839 ], [ 79.860148679381041, 6.909544160795097 ], [ 79.860153738327725, 6.909541965032078 ], [ 79.860157714442707, 6.909540303124752 ], [ 79.860162190728403, 6.909538741653648 ], [ 79.860169800317834, 6.909535533375418 ], [ 79.860186046813908, 6.909528846652817 ], [ 79.860208560854772, 6.909519831534897 ], [ 79.860224343924983, 6.909513494110323 ], [ 79.860248965967131, 6.909503841368152 ], [ 79.860262571942812, 6.90949861431787 ], [ 79.860278977873193, 6.909492187823172 ], [ 79.860294232608396, 6.909486351576524 ], [ 79.860297320281816, 6.90948499668628 ], [ 79.860299847393279, 6.90948413480869 ], [ 79.860308433611877, 6.909481046062226 ], [ 79.860331237228507, 6.909472175116563 ], [ 79.860342481407287, 6.90946821477741 ], [ 79.860358695416764, 6.909463064595441 ], [ 79.860366255639917, 6.909460807776242 ], [ 79.860379777018167, 6.909456123093424 ], [ 79.860386880543373, 6.909453583016621 ], [ 79.860400202858244, 6.909449201155372 ], [ 79.860409803018968, 6.909445912331827 ], [ 79.860420915470939, 6.909442369655524 ], [ 79.860431888945783, 6.909438659712533 ], [ 79.860445664462858, 6.909434190910551 ], [ 79.860452980197621, 6.909431456662457 ], [ 79.860461755464399, 6.909428935793179 ], [ 79.86047041699544, 6.909426264586471 ], [ 79.860476084382938, 6.909424630250684 ], [ 79.860486830107675, 6.909421235775131 ], [ 79.860495437716949, 6.909418680228604 ], [ 79.860499219494869, 6.909417451690701 ], [ 79.860501742081084, 6.909416722445182 ], [ 79.86050583184813, 6.909415410513342 ], [ 79.860528760809416, 6.909408524876843 ], [ 79.860553304842924, 6.909401455430934 ], [ 79.860564094944948, 6.909398494200171 ], [ 79.86057151371844, 6.909396220084172 ], [ 79.860576342586896, 6.909394928036655 ], [ 79.860596088736756, 6.909389752955119 ], [ 79.860610187008945, 6.90938569182225 ], [ 79.860619333605413, 6.909383335206497 ], [ 79.860627867710221, 6.909381545792789 ], [ 79.860638055655258, 6.909379282144887 ], [ 79.860655425501704, 6.909375073109963 ], [ 79.860666240194917, 6.909372326881043 ], [ 79.860668877056014, 6.909371616763478 ], [ 79.860721224511124, 6.90935992730849 ], [ 79.860722605083112, 6.909357937790266 ], [ 79.860786521838165, 6.909345526704803 ], [ 79.860812889939581, 6.909340867644335 ], [ 79.860830315571675, 6.909338044228402 ], [ 79.860847501022008, 6.909335097479245 ], [ 79.860856099702104, 6.909333706264622 ], [ 79.860864809156297, 6.909332378447942 ], [ 79.860875329953984, 6.909330967931712 ], [ 79.860880140136288, 6.909330196355366 ], [ 79.860884688777929, 6.909329621135606 ], [ 79.860887504634135, 6.909329292305276 ], [ 79.860891085504903, 6.909328769152318 ], [ 79.86089730212953, 6.909327986647183 ], [ 79.860907035217664, 6.909326679524424 ], [ 79.86091683701207, 6.909325581436939 ], [ 79.860919919057096, 6.90932512671599 ], [ 79.860928581709615, 6.909324077891436 ], [ 79.860950620531057, 6.909321218503371 ], [ 79.860957155655967, 6.909320555746164 ], [ 79.860969114404071, 6.909319183335205 ], [ 79.860978902193779, 6.909318155536544 ], [ 79.86098735865734, 6.909317155195343 ], [ 79.861008553508341, 6.909315052423517 ], [ 79.861034833977882, 6.90931279374951 ], [ 79.861041016749354, 6.909312109350547 ], [ 79.861044462549359, 6.909311935961305 ], [ 79.861052818967053, 6.909311136686498 ], [ 79.861058025857886, 6.909310827851901 ], [ 79.861062840201527, 6.909310351492183 ], [ 79.861065912636661, 6.909310096223137 ], [ 79.861068388923641, 6.909309653481721 ], [ 79.861073963090831, 6.909309352390289 ], [ 79.86111284500339, 6.909307151119565 ], [ 79.861152019033327, 6.909303757963248 ], [ 79.861175269409941, 6.909302294665646 ], [ 79.861183658319618, 6.909302051780809 ], [ 79.861188107193385, 6.909301808427144 ], [ 79.86119271734519, 6.909301688263045 ], [ 79.861203193186242, 6.909301199642262 ], [ 79.861211002526318, 6.909300977836095 ], [ 79.861217861959105, 6.909300561017383 ], [ 79.861222339377875, 6.909300383709486 ], [ 79.861229020259017, 6.909300177890709 ], [ 79.861241976437526, 6.909299277855792 ], [ 79.861258850465802, 6.909298447198835 ], [ 79.861271250581083, 6.909298968118109 ], [ 79.861284120020699, 6.909298678615357 ], [ 79.861294760378726, 6.909297932449094 ], [ 79.861300137973942, 6.909298929740073 ], [ 79.861302778589049, 6.909297938819781 ], [ 79.861304827740199, 6.90929790472246 ], [ 79.861307565587893, 6.909298915592515 ], [ 79.861321827899914, 6.909297365401113 ], [ 79.861343121048151, 6.909296768911643 ], [ 79.861365123587973, 6.909296404005329 ], [ 79.861383945204878, 6.909296014446124 ], [ 79.861384121422148, 6.909296129748094 ], [ 79.861393575477621, 6.909295900641623 ], [ 79.861413662250712, 6.909295398491169 ], [ 79.861438609137949, 6.909294650593954 ], [ 79.861465342379844, 6.909294574915978 ], [ 79.861492995389568, 6.909296227552739 ], [ 79.861519046408716, 6.909299852407108 ], [ 79.861534638717757, 6.909303867208047 ], [ 79.861549486629443, 6.909309348818176 ], [ 79.861570388230291, 6.909318803471071 ], [ 79.8615924738519, 6.909330072612193 ], [ 79.861604500345607, 6.909336345751611 ], [ 79.861623069899196, 6.909345318571885 ], [ 79.861670299713808, 6.909369434273494 ], [ 79.861721064885401, 6.909394575313088 ], [ 79.861741877360174, 6.909404294271562 ], [ 79.861761519780089, 6.90941036400316 ], [ 79.86180298079644, 6.909417690804538 ], [ 79.861823675696883, 6.909420713352489 ], [ 79.861833753971752, 6.909421965332045 ], [ 79.8618560005999, 6.909425310399596 ], [ 79.86186552424185, 6.909426484047334 ], [ 79.861899698786019, 6.909430966881827 ], [ 79.861913783358418, 6.909433053951656 ], [ 79.86192081873331, 6.909434073074061 ], [ 79.86192598999061, 6.909434676890085 ], [ 79.861952011159303, 6.909438096797384 ], [ 79.861972653589717, 6.909441343543698 ], [ 79.861983000202429, 6.909443159079765 ], [ 79.861987637560205, 6.909443645278439 ], [ 79.862008216137426, 6.90944745151332 ], [ 79.862028703164938, 6.90945157940799 ], [ 79.862037222130184, 6.909453138531724 ], [ 79.862045238315574, 6.909454688730686 ], [ 79.862063810407605, 6.909458497639586 ], [ 79.86206445161524, 6.909458181492782 ], [ 79.862085825157351, 6.909462886779705 ], [ 79.862097722145847, 6.909465698073744 ], [ 79.862102788735584, 6.909467123285231 ], [ 79.862107072368403, 6.909468207709502 ], [ 79.862113839884685, 6.909469696927501 ], [ 79.86211390521423, 6.909469452413942 ], [ 79.862130278508189, 6.909473413061942 ], [ 79.862141000380745, 6.909476221998429 ], [ 79.86217629572603, 6.909484848740928 ], [ 79.862177023309002, 6.909484474890597 ], [ 79.86219722381216, 6.909489940881322 ], [ 79.862207203783072, 6.909492830981 ], [ 79.862220905469457, 6.909496551449805 ], [ 79.862245533581657, 6.909503728803655 ], [ 79.862278787142685, 6.909513846423121 ], [ 79.862299709824569, 6.909520648990774 ], [ 79.86231833216047, 6.909526769263747 ], [ 79.862343139314802, 6.909534532618969 ], [ 79.862347533440484, 6.909535981522394 ], [ 79.862351677396873, 6.90953724448967 ], [ 79.862363385959426, 6.909541063603804 ], [ 79.862368851518227, 6.909543136921044 ], [ 79.862381311190035, 6.909547547991786 ], [ 79.862400960159121, 6.909554302432571 ], [ 79.862439016558795, 6.909567608712528 ], [ 79.862459029225533, 6.909574269176992 ], [ 79.862468506793959, 6.909577528764229 ], [ 79.862486804773837, 6.90958351163192 ], [ 79.862497817742607, 6.909587458959629 ], [ 79.862530798408471, 6.909601616115003 ], [ 79.862547223882217, 6.90960836837589 ], [ 79.862550045873391, 6.909609310558954 ], [ 79.862556705772363, 6.909611835707198 ], [ 79.862568809115388, 6.90961624224099 ], [ 79.862579418604184, 6.909620380820011 ], [ 79.862614740153177, 6.909633969334751 ], [ 79.862642908632424, 6.90964444878813 ], [ 79.862673682156114, 6.909655888517891 ], [ 79.86270048770433, 6.909666425024877 ] ] } },
{ "type": "Feature", "properties": { "roadBoundaryId": "62", "height": 0.15, "type": 0 }, "geometry": { "type": "LineString", "coordinates": [ [ 79.863086151944728, 6.909544881001956 ], [ 79.863082836144699, 6.909549609867168 ], [ 79.863079341985582, 6.909555790761601 ], [ 79.863070777701566, 6.909571396183311 ], [ 79.863060436267602, 6.909590566376282 ], [ 79.863054834804274, 6.909600548834296 ], [ 79.863053893933085, 6.909600878744631 ], [ 79.863042375088227, 6.909595537428383 ], [ 79.863031554888039, 6.909590360989586 ], [ 79.863025460415059, 6.909587624063204 ], [ 79.86301672827787, 6.90958368209864 ], [ 79.862994893450505, 6.909573837464075 ], [ 79.862968795289262, 6.909561592464005 ], [ 79.862960227994193, 6.909557480262897 ], [ 79.862953203327336, 6.90955433933943 ], [ 79.862946717877193, 6.909551517075144 ], [ 79.862934214997281, 6.909545754085912 ], [ 79.862904109919825, 6.909532146778018 ], [ 79.86289330843907, 6.909526870955413 ], [ 79.862877843661238, 6.909520097322515 ], [ 79.862841069720005, 6.909503640498659 ], [ 79.862822531167467, 6.909495449474321 ], [ 79.862813023353922, 6.909491573423248 ], [ 79.862792917884747, 6.90948241856788 ], [ 79.862765625354456, 6.909470688289883 ], [ 79.862736355862296, 6.909458757314163 ], [ 79.862712076936006, 6.909449115500969 ], [ 79.862702288307759, 6.909445190291028 ], [ 79.862675992335269, 6.909435036742352 ], [ 79.862612367540208, 6.909411357834245 ] ] } },
{ "type": "Feature", "properties": { "roadBoundaryId": "63", "height": 0.15, "type": 0 }, "geometry": { "type": "LineString", "coordinates": [ [ 79.862106188818004, 6.909233739974802 ], [ 79.86210343222298, 6.909243896394859 ], [ 79.862097565257102, 6.909261724240777 ], [ 79.862082962439942, 6.909259068904144 ], [ 79.862072725772009, 6.909257166612798 ], [ 79.862048646615619, 6.909252741192654 ], [ 79.86202649090599, 6.909249013845034 ], [ 79.86200090303079, 6.909243980145447 ], [ 79.861993175243128, 6.909242602083289 ], [ 79.861980994212757, 6.9092404054902 ], [ 79.861967662536671, 6.909237915797297 ], [ 79.861957282137311, 6.909235828448535 ], [ 79.86194817383894, 6.909232222568463 ], [ 79.861946652762867, 6.909228033166676 ], [ 79.861947898055135, 6.909220829558484 ], [ 79.861948418056812, 6.909215970495315 ], [ 79.861949471617322, 6.909208308211001 ], [ 79.861950720758387, 6.909201161846116 ] ] } },
{ "type": "Feature", "properties": { "roadBoundaryId": "64", "height": 0.15, "type": 0 }, "geometry": { "type": "LineString", "coordinates": [ [ 79.861539859700443, 6.909170477023943 ], [ 79.861539568293423, 6.90917772217093 ], [ 79.861539527568098, 6.909180605504579 ], [ 79.861539000201986, 6.909189264801313 ], [ 79.861531398062553, 6.909194427040006 ], [ 79.861489896604482, 6.909195516193209 ], [ 79.86146372540918, 6.909195834584676 ], [ 79.861426450760121, 6.909196322465641 ], [ 79.861381947586025, 6.909196952834106 ], [ 79.861310637395704, 6.909198264005464 ], [ 79.861260381436452, 6.909199418149874 ], [ 79.861238445456266, 6.90920034006786 ], [ 79.861199581749048, 6.909201351111974 ], [ 79.861165640018157, 6.909202299147837 ], [ 79.861142940050229, 6.909204752931688 ], [ 79.861125692051317, 6.909206077366801 ], [ 79.861106294115501, 6.909207114991258 ], [ 79.861093888601133, 6.909207634556251 ], [ 79.861067725628288, 6.909208957878539 ], [ 79.861059603183747, 6.909209303800385 ], [ 79.861048835384565, 6.909209843212766 ], [ 79.861039670575352, 6.909210201572732 ], [ 79.861032515488702, 6.90921062256824 ], [ 79.861020204382527, 6.909211058639961 ], [ 79.86101382248377, 6.909211596346994 ], [ 79.861004166523074, 6.909212052757058 ], [ 79.860988174472979, 6.909212548202612 ], [ 79.8609812787316, 6.909212983905312 ], [ 79.860972344836014, 6.909213482340189 ], [ 79.860954714460988, 6.909214045990462 ], [ 79.86093610985742, 6.909214748066467 ], [ 79.860926530698762, 6.909215292479289 ], [ 79.860905892934497, 6.909216034634597 ], [ 79.860894348310282, 6.909215602145178 ], [ 79.860881000889719, 6.909213488414151 ], [ 79.860867574308557, 6.909209819574287 ], [ 79.860854323562961, 6.909204309135541 ], [ 79.860842924041194, 6.909197277899743 ], [ 79.860835133054692, 6.909191935288273 ], [ 79.860828670697913, 6.909187132167193 ], [ 79.860821906769374, 6.909180515132309 ], [ 79.860817355791497, 6.909175438126526 ], [ 79.860811954099987, 6.909168493975486 ], [ 79.860805101823587, 6.909157705236978 ], [ 79.860797929866195, 6.909145364762974 ], [ 79.860791870207734, 6.909134715382082 ] ] } },
{ "type": "Feature", "properties": { "roadBoundaryId": "65", "height": 0.15, "type": 0 }, "geometry": { "type": "LineString", "coordinates": [ [ 79.862547396620911, 6.909490902995975 ], [ 79.862541396606133, 6.909488364949648 ], [ 79.862530242537545, 6.90948446290319 ], [ 79.862516404498024, 6.909479293091189 ], [ 79.862509741589719, 6.909476806499412 ], [ 79.862497921646295, 6.90947268138305 ], [ 79.862493298909328, 6.909470857015926 ], [ 79.862488943363246, 6.909469391782906 ], [ 79.862486447094668, 6.909468322322272 ], [ 79.862483702154648, 6.909467408654871 ], [ 79.862478939852906, 6.909465577280543 ], [ 79.86247187857856, 6.909463056275931 ], [ 79.862467106061132, 6.909461246857861 ], [ 79.862462803001847, 6.909459826969641 ], [ 79.86245330170452, 6.909456312773726 ], [ 79.86244456880182, 6.909453288793896 ], [ 79.862440452697058, 6.909451743809708 ], [ 79.862438022322607, 6.909450917307141 ], [ 79.862434467479062, 6.909449457894676 ], [ 79.862433921553489, 6.909449694525447 ], [ 79.862374321946049, 6.909429118861588 ], [ 79.862361884435856, 6.909424985721962 ], [ 79.862341854520508, 6.909418301500956 ], [ 79.862329804702156, 6.909414229433499 ], [ 79.862325157519862, 6.909412541419038 ], [ 79.862321035360111, 6.909411205325233 ], [ 79.862318495493511, 6.909410406744993 ], [ 79.862315058820158, 6.909409384164645 ], [ 79.862308742619916, 6.909407215269076 ], [ 79.862299834797454, 6.909404476312637 ], [ 79.862292839135307, 6.909402337798936 ], [ 79.862289274717909, 6.909401208514717 ], [ 79.862285089885646, 6.909399995149733 ], [ 79.862272176811246, 6.909396055967959 ], [ 79.862247923834147, 6.90938902960476 ], [ 79.862243001205897, 6.909387844661191 ], [ 79.86224040798318, 6.909387167257751 ], [ 79.862234993415299, 6.909385865331262 ], [ 79.862223828291178, 6.909382964726819 ], [ 79.862216506955434, 6.909381201450526 ], [ 79.862211796281457, 6.909379980241606 ], [ 79.86220847784827, 6.90937920975307 ], [ 79.862200228064239, 6.909376885575499 ], [ 79.862183875705625, 6.909372630858602 ], [ 79.862178395232363, 6.909371414009843 ], [ 79.862174030653364, 6.909370250450004 ], [ 79.862170746588134, 6.909369634912808 ], [ 79.862166408288772, 6.909368524575082 ], [ 79.862163969626252, 6.909368026813987 ], [ 79.862157558648406, 6.909366298570749 ], [ 79.862130004933917, 6.909359497131725 ], [ 79.862112023536909, 6.909355064702885 ], [ 79.862098921813512, 6.909352354290053 ], [ 79.86208897157195, 6.909350530047741 ], [ 79.862082640987921, 6.909349087096983 ], [ 79.862074899962451, 6.909347682790513 ], [ 79.862069943683679, 6.9093465992754 ], [ 79.862064990189623, 6.909345632127134 ], [ 79.862061980261075, 6.909344928857107 ], [ 79.862057306622305, 6.909343998977829 ], [ 79.862053674081963, 6.909343382409456 ], [ 79.862045759507268, 6.909341802472986 ], [ 79.86203680959261, 6.909340196544999 ], [ 79.862032845949187, 6.909339194863871 ], [ 79.862030111307533, 6.909338789294711 ], [ 79.862024788391977, 6.909337649086066 ], [ 79.862010283975792, 6.90933507142767 ], [ 79.862004253466125, 6.909333866987572 ], [ 79.862001528826553, 6.909333409076189 ], [ 79.861996504786219, 6.909332416231063 ], [ 79.861985454424953, 6.909330456945943 ], [ 79.861978112175578, 6.909329286583963 ], [ 79.861974830104998, 6.909328952489966 ], [ 79.861972313070765, 6.909328513273691 ], [ 79.861969444412395, 6.909328086905972 ], [ 79.861960739134247, 6.90932672519497 ], [ 79.861954130761774, 6.909325885055609 ], [ 79.861947182004059, 6.909324918338003 ], [ 79.861940883703653, 6.909323806429599 ], [ 79.861937270150548, 6.909323380499632 ], [ 79.861930536005048, 6.909322576509256 ], [ 79.861924473748104, 6.909321563963433 ], [ 79.861922024765803, 6.909321246545148 ], [ 79.861894446268479, 6.909317852235821 ], [ 79.861857243282131, 6.909313319823813 ], [ 79.861840934074081, 6.909311302741904 ], [ 79.86183736498684, 6.90931092885311 ], [ 79.861831224177863, 6.909310379985365 ], [ 79.861825296630187, 6.909309700539972 ], [ 79.861819912581055, 6.909309792594238 ], [ 79.861814519350517, 6.909311303242599 ], [ 79.86180933445786, 6.909315524586271 ], [ 79.861808214445446, 6.909319549477189 ], [ 79.861807277233979, 6.909323514597975 ], [ 79.861811314264912, 6.90933165254248 ], [ 79.861815669003917, 6.909334193369506 ], [ 79.861823744496093, 6.909335711337397 ], [ 79.861841279277812, 6.909338364899042 ], [ 79.861855726601689, 6.909340493076867 ], [ 79.861861504295405, 6.909341404510529 ], [ 79.861874502640092, 6.90934272265922 ], [ 79.861895681687074, 6.909345172858039 ], [ 79.861906537352951, 6.909346368144772 ], [ 79.861912160856264, 6.909347242356731 ], [ 79.86191703123383, 6.909347832687422 ], [ 79.861919894037783, 6.909348049880761 ], [ 79.861922637405172, 6.909348587045261 ], [ 79.861928573755847, 6.909349333164865 ], [ 79.861943494338988, 6.909351621895653 ], [ 79.861951189818896, 6.909352670840951 ], [ 79.861954757736498, 6.909353318146591 ], [ 79.861966827276561, 6.909355126800057 ], [ 79.861982145031476, 6.909357581279769 ], [ 79.861989417165219, 6.909358885111729 ], [ 79.862000278866176, 6.909360807923824 ], [ 79.86201675855888, 6.909363825235431 ], [ 79.862029656262251, 6.909365773267672 ], [ 79.862029766258402, 6.909365985058627 ], [ 79.862051402831696, 6.90937037169811 ], [ 79.862053879546636, 6.909370785264597 ], [ 79.862056455575754, 6.909371533674463 ], [ 79.862058875827714, 6.909372191199186 ], [ 79.862064718395544, 6.909373185294575 ], [ 79.862073740195385, 6.909375053733121 ], [ 79.862078546321712, 6.909375936974441 ], [ 79.862090440786147, 6.909378421844536 ], [ 79.862095523711275, 6.909379692042578 ], [ 79.862108276896635, 6.9093826680787 ], [ 79.862117628918924, 6.90938476348509 ], [ 79.862120878590432, 6.909385722414834 ], [ 79.862126610160516, 6.909386587164519 ], [ 79.862152278096318, 6.909392037082244 ], [ 79.862172289573365, 6.909396657836898 ], [ 79.86220068421045, 6.909403596578113 ], [ 79.862221211527654, 6.909408878243313 ], [ 79.86224361638287, 6.909415100663238 ], [ 79.862257612973011, 6.909419364235543 ], [ 79.862267446104283, 6.909422307037643 ], [ 79.862279037340542, 6.909425873931776 ], [ 79.86229027457874, 6.909429354937927 ], [ 79.862302126157246, 6.909433122648323 ], [ 79.862312575028753, 6.909436302492673 ], [ 79.862312801237707, 6.909436559114854 ], [ 79.862349767209466, 6.90944881619745 ], [ 79.86235541149756, 6.909450701505216 ], [ 79.86236368959996, 6.909453760550437 ], [ 79.86237786562441, 6.909458714705722 ], [ 79.862385980789995, 6.909461515701215 ], [ 79.862396359229194, 6.909465311929578 ], [ 79.862401015666364, 6.909467045812861 ], [ 79.86240593571226, 6.909468678885818 ], [ 79.862413324958794, 6.909471361219632 ], [ 79.862427726402856, 6.909476665361641 ], [ 79.862433851874243, 6.909478716931585 ], [ 79.862436684382274, 6.909479960634533 ], [ 79.862443997326125, 6.909482570415746 ], [ 79.862473224469483, 6.90949313840442 ], [ 79.86251032972477, 6.909506751104511 ], [ 79.862523539192907, 6.909511446771514 ], [ 79.86253249705733, 6.90951470035223 ], [ 79.862538566375932, 6.909516847758185 ], [ 79.862546553248237, 6.909519961535908 ], [ 79.862563923553097, 6.90952629923575 ], [ 79.862573942574997, 6.90953003371283 ], [ 79.862576193208056, 6.909530615645754 ], [ 79.862582204100903, 6.909532503097177 ], [ 79.862584525788677, 6.909530892028603 ], [ 79.862580280922415, 6.909525149703113 ], [ 79.862575168683506, 6.909519728516972 ], [ 79.862570001654518, 6.909513623317316 ], [ 79.862564107034999, 6.909505719976444 ], [ 79.86255911801095, 6.909499643756354 ], [ 79.862550248113564, 6.909492219136652 ] ] } },
{ "type": "Feature", "properties": { "roadBoundaryId": "66", "height": 0.15, "type": 0 }, "geometry": { "type": "LineString", "coordinates": [ [ 79.862418032279962, 6.909343985336032 ], [ 79.86239998270915, 6.909338574209245 ], [ 79.862393507226614, 6.909336793230119 ], [ 79.862378175065714, 6.909332148430574 ], [ 79.862353140646647, 6.909324859030644 ], [ 79.862337529987855, 6.909320467437588 ], [ 79.862313494402969, 6.909313596056688 ], [ 79.862296361514581, 6.909308958734453 ], [ 79.862286537904623, 6.909306224609251 ], [ 79.862278822850243, 6.909304138836385 ], [ 79.862278681617994, 6.909304216936103 ], [ 79.862260007725951, 6.90929931777812 ], [ 79.862255147329577, 6.909298048429817 ], [ 79.862243311820691, 6.909295236633694 ], [ 79.862217260186682, 6.909288720699512 ], [ 79.862211752078139, 6.909287517407887 ], [ 79.862203125895064, 6.909285563013791 ], [ 79.862196380379729, 6.909283762809092 ], [ 79.862169085081987, 6.909277153688178 ], [ 79.862145223954315, 6.909270007819464 ], [ 79.862141642477027, 6.909264467190036 ], [ 79.862141111077847, 6.909257040098888 ], [ 79.862142283968922, 6.909251941120107 ], [ 79.862143042484817, 6.909244884860576 ] ] } },
{ "type": "Feature", "properties": { "roadBoundaryId": "67", "height": 0.15, "type": 0 }, "geometry": { "type": "LineString", "coordinates": [ [ 79.860089663606715, 6.907268573210651 ], [ 79.860095599137466, 6.907252981197488 ], [ 79.860100650205624, 6.907240056292528 ], [ 79.860102851712426, 6.907235528529497 ], [ 79.860104698645031, 6.907231214946431 ], [ 79.860107325204226, 6.90722622281796 ], [ 79.860116806609895, 6.907208615425908 ], [ 79.860132279382, 6.907180924527115 ], [ 79.860135333313195, 6.907176138633742 ], [ 79.860139212161386, 6.907170179731561 ], [ 79.860147706918582, 6.907158205145032 ], [ 79.860158241197837, 6.907145289907308 ], [ 79.860169830615646, 6.907132827706694 ], [ 79.860181843264002, 6.907121099564322 ], [ 79.860194664513642, 6.907110081563524 ], [ 79.860207723076044, 6.907099660464167 ], [ 79.86022131032847, 6.907089574766165 ], [ 79.86023592386168, 6.907079286981494 ], [ 79.86025021592647, 6.907069991702002 ], [ 79.860262539702887, 6.907062562869458 ], [ 79.860274841955913, 6.907055537716057 ], [ 79.860289499073119, 6.907047922548525 ], [ 79.860308423735518, 6.907038679735169 ], [ 79.860343590401129, 6.907022555173611 ], [ 79.860368677991985, 6.907011647108108 ], [ 79.860382462867491, 6.907006308016525 ], [ 79.860397244060962, 6.907001001677033 ], [ 79.860421751024134, 6.906992793253813 ], [ 79.860437930228173, 6.906987646436067 ], [ 79.860442310092509, 6.906986062832878 ], [ 79.860434475173065, 6.906973913336125 ], [ 79.860421476537155, 6.906978117475577 ], [ 79.860407664335682, 6.906982790201729 ], [ 79.860390087164376, 6.906988596537236 ], [ 79.860384154116048, 6.906990765705712 ], [ 79.860369131006777, 6.906996586002689 ], [ 79.860355641011466, 6.90700186720243 ], [ 79.860333938352497, 6.907011721658918 ], [ 79.860283301793572, 6.907035694291653 ], [ 79.860265887153716, 6.907044804406663 ], [ 79.860246615850457, 6.907055791631093 ], [ 79.860225164577585, 6.907069000881096 ], [ 79.860219537214462, 6.907072875647675 ], [ 79.860215412293883, 6.907075777494571 ], [ 79.860207181323091, 6.907082200495728 ], [ 79.860189060657419, 6.90709613287847 ], [ 79.860165663961524, 6.907117010986521 ], [ 79.860150028201147, 6.907133164829839 ], [ 79.860134163331665, 6.907153279273185 ], [ 79.860125911663928, 6.907164424054351 ], [ 79.860121385794145, 6.907170282821813 ], [ 79.860118237920162, 6.907175776220778 ], [ 79.860111130997439, 6.907190180532316 ], [ 79.860105616438688, 6.907200614084893 ], [ 79.860101241269419, 6.907208439299786 ], [ 79.860098219008506, 6.90721424624344 ], [ 79.860084786184714, 6.90723640472644 ] ] } },
{ "type": "Feature", "properties": { "roadBoundaryId": "68", "height": 0.15, "type": 0 }, "geometry": { "type": "LineString", "coordinates": [ [ 79.864071156842385, 6.907580981121693 ], [ 79.864066840102112, 6.907585727211136 ], [ 79.864063758278888, 6.90758867152659 ], [ 79.864059474073201, 6.907592171715656 ], [ 79.864053645040443, 6.907596531373136 ], [ 79.864049694829902, 6.90759889607106 ], [ 79.864045577919882, 6.907600886046132 ], [ 79.864042989308061, 6.90760196562456 ], [ 79.864040434435026, 6.907602878726792 ], [ 79.864035841691745, 6.90760421888943 ], [ 79.864028523473479, 6.907605507705986 ], [ 79.864022940571815, 6.907605944949679 ], [ 79.864016755474793, 6.907605508169149 ], [ 79.864010577906342, 6.907604537639207 ], [ 79.864010210884558, 6.907601472117837 ], [ 79.864008101743735, 6.907603841106022 ], [ 79.864006918508508, 6.907601318438648 ], [ 79.864005012684274, 6.907602722766453 ], [ 79.864001592485891, 6.907601243093889 ], [ 79.863997283157616, 6.907599760045196 ], [ 79.863989428243158, 6.907596560305477 ], [ 79.863979357022274, 6.907591990339419 ], [ 79.863966719850552, 6.907585998748058 ], [ 79.863951862336407, 6.907578440394129 ] ] } },
{ "type": "Feature", "properties": { "roadBoundaryId": "69", "height": 0.15, "type": 0 }, "geometry": { "type": "LineString", "coordinates": [ [ 79.860501475198305, 6.908801277298545 ], [ 79.860524363258037, 6.908793852290682 ], [ 79.860553343902097, 6.908785537951467 ], [ 79.860605171901526, 6.908776489753307 ], [ 79.860601827926374, 6.908778941184733 ], [ 79.860596193617326, 6.90878290404546 ], [ 79.860591058042075, 6.908786940012488 ], [ 79.860600349573161, 6.90883482120334 ], [ 79.860607221540207, 6.908872846779122 ], [ 79.860630732257007, 6.908878438807027 ], [ 79.860640039167862, 6.90892612367014 ], [ 79.860648921129552, 6.908977648745921 ], [ 79.860653668230796, 6.90900870719063 ], [ 79.860656134953189, 6.909028025087589 ], [ 79.860657502576615, 6.909040212551275 ], [ 79.860658237661553, 6.909049109777927 ], [ 79.860658698286571, 6.909058163173639 ], [ 79.860659106417415, 6.909062478949505 ], [ 79.860659233117246, 6.9090690065748 ], [ 79.86065973878901, 6.909088872402354 ], [ 79.860660217034109, 6.909110023695654 ], [ 79.8606603858738, 6.909110232906801 ], [ 79.860659601232484, 6.90913239227338 ], [ 79.860658805304368, 6.90914115246987 ], [ 79.860658394791486, 6.909145907608708 ], [ 79.860656684197778, 6.909159331919577 ], [ 79.86065435101122, 6.909173001117149 ], [ 79.860650853303866, 6.909187338500534 ], [ 79.86064807589652, 6.909196883002042 ], [ 79.860646053032127, 6.909202162340765 ] ] } },
{ "type": "Feature", "properties": { "roadBoundaryId": "70", "height": 0.15, "type": 0 }, "geometry": { "type": "LineString", "coordinates": [ [ 79.86015496305815, 6.907358226374336 ], [ 79.860161721428369, 6.907380200302305 ], [ 79.860169218683083, 6.907400493855057 ], [ 79.860179812520627, 6.90742068185821 ], [ 79.860193999243236, 6.907445976538511 ], [ 79.860199794448732, 6.90745605737858 ], [ 79.860201949856034, 6.907459896776874 ], [ 79.860204325848969, 6.907463662959689 ], [ 79.860207548178238, 6.90746922817201 ], [ 79.860211355751474, 6.9074755621971 ], [ 79.860213777079892, 6.907479675303432 ], [ 79.860216091074847, 6.907483375640002 ], [ 79.860217512027901, 6.907485706367028 ], [ 79.860218973815094, 6.907487937303325 ], [ 79.860220131476396, 6.907490173411067 ], [ 79.860223388847828, 6.907495215169019 ], [ 79.860228728085985, 6.907504353677726 ], [ 79.860231134749753, 6.907508324399052 ], [ 79.860232836895989, 6.907510543694331 ], [ 79.860234128495676, 6.907512967627626 ], [ 79.860235335606802, 6.907515341557994 ], [ 79.860237752420034, 6.90751884933244 ], [ 79.860241695104335, 6.907525556573388 ], [ 79.860244474306342, 6.907529753697082 ], [ 79.860247260252294, 6.907534501409462 ], [ 79.860249572718828, 6.907538687577398 ], [ 79.860251187017468, 6.907541075540979 ], [ 79.860253570176866, 6.907545376463964 ], [ 79.860259755078687, 6.907555534755224 ], [ 79.860265722445902, 6.907565861240707 ], [ 79.860276311592955, 6.907583480725675 ], [ 79.86028000123963, 6.907589338580081 ], [ 79.860283833405973, 6.907595983869484 ], [ 79.860286491429022, 6.907600143508544 ], [ 79.86028882070579, 6.907604551862883 ], [ 79.860290526810928, 6.907607088822858 ], [ 79.86029185736443, 6.907609377638352 ], [ 79.860293313224588, 6.907611604223873 ], [ 79.860295005551166, 6.907614505683601 ], [ 79.860299166114672, 6.907621193630373 ], [ 79.86030174248495, 6.907625955922948 ], [ 79.860304294292689, 6.907630288316137 ], [ 79.860305986617576, 6.907632769858349 ], [ 79.860307476964834, 6.907635120722708 ], [ 79.860308851903838, 6.907637599463834 ], [ 79.860310679666924, 6.90764062440027 ], [ 79.860316019426662, 6.90764998690137 ], [ 79.860319570310622, 6.907655964480256 ], [ 79.860320990061879, 6.907658720523228 ], [ 79.860322948097789, 6.907661800275791 ], [ 79.860331962998956, 6.907677153195167 ], [ 79.860360144671731, 6.907724105790803 ], [ 79.860370442514053, 6.907741947225928 ], [ 79.860372761999429, 6.90774578095099 ], [ 79.860376594230459, 6.90775235957152 ], [ 79.860381073629497, 6.907759819717258 ], [ 79.86038507837489, 6.907766957950634 ], [ 79.860418127774835, 6.907822753970088 ], [ 79.860434700813798, 6.9078511719168 ], [ 79.860461419790028, 6.907897502073648 ], [ 79.860477921661072, 6.907925297251723 ], [ 79.860492190478851, 6.907948620954772 ], [ 79.860509026287417, 6.907976813966439 ], [ 79.860531972443951, 6.908016473945068 ], [ 79.860548688593099, 6.908046090981075 ], [ 79.860568799686504, 6.908088469098539 ], [ 79.860579881511228, 6.908112440029564 ], [ 79.860583269034805, 6.908121796550508 ], [ 79.86058648441329, 6.908131869374905 ], [ 79.860591769296803, 6.9081498852851 ], [ 79.860598177778044, 6.908175376782926 ], [ 79.860601371723547, 6.908191560920821 ], [ 79.86060259363289, 6.908197438815142 ], [ 79.860602650609295, 6.908201587505148 ], [ 79.860604262646916, 6.908205495724967 ], [ 79.860607100348275, 6.908220712944538 ], [ 79.860610227196901, 6.908238198255998 ], [ 79.860614991592556, 6.908265036317397 ], [ 79.86062349936644, 6.908312290026275 ], [ 79.860627786929783, 6.908336103785055 ], [ 79.860629220375728, 6.908343389319268 ], [ 79.860629918162687, 6.908348358101208 ], [ 79.860630649515841, 6.908352970999603 ], [ 79.860631472717088, 6.908355597053689 ], [ 79.860631828292952, 6.908358292795627 ], [ 79.860632180517072, 6.908361021258419 ], [ 79.86063320879876, 6.908365744906294 ], [ 79.86063461303354, 6.908373219359903 ], [ 79.860635269779024, 6.908377979601755 ], [ 79.860635748902169, 6.908382557247035 ], [ 79.860636636591806, 6.908385172660611 ], [ 79.860637017440553, 6.908387829911941 ], [ 79.860637510087827, 6.908390502007828 ], [ 79.86063795804921, 6.908394404162536 ], [ 79.860639157544711, 6.908402050869535 ], [ 79.860640599671328, 6.908407537759129 ], [ 79.860642042074204, 6.908414783507332 ], [ 79.860642831077342, 6.908419769015866 ], [ 79.860643617471879, 6.90842347598675 ], [ 79.860644891727688, 6.908431314011561 ], [ 79.860646906579134, 6.908441727852123 ], [ 79.86065387088297, 6.908480712761727 ], [ 79.86065770560171, 6.90850117572539 ], [ 79.860667001954113, 6.908552215578604 ], [ 79.860672947644801, 6.908584385008331 ], [ 79.860678365565917, 6.908614556024665 ], [ 79.860680833115765, 6.908627956909625 ], [ 79.860681696664471, 6.908633320129677 ], [ 79.860682735888105, 6.90863823513911 ], [ 79.860683200085958, 6.908641574817067 ], [ 79.860683800142468, 6.908644228772151 ], [ 79.860684514400361, 6.908648953524799 ], [ 79.86068641969014, 6.908659616802001 ], [ 79.860688787973459, 6.90867140592299 ], [ 79.860709810138786, 6.90878650963621 ], [ 79.860719957728861, 6.90884311198964 ], [ 79.860722592746242, 6.908853930800305 ], [ 79.860724789552592, 6.908867714365604 ], [ 79.860728014452562, 6.908883440537402 ], [ 79.860730033136548, 6.908893408941482 ], [ 79.860733453090432, 6.908911456840284 ], [ 79.860737336773454, 6.908931756540872 ], [ 79.860740604513097, 6.908948731209319 ], [ 79.860748217603927, 6.908990276520677 ], [ 79.860753754066877, 6.909021857050038 ], [ 79.860759439274375, 6.909050732567785 ] ] } }
]
}
