{
"type": "FeatureCollection",
"name": "roadSideLines",
"crs": { "type": "name", "properties": { "name": "urn:ogc:def:crs:OGC:1.3:CRS84" } },
"features": [
{ "type": "Feature", "properties": { "roadSideLineId": "1", "height": 0.15 }, "geometry": { "type": "LineString", "coordinates": [ [ 79.859315285064625, 6.906185272762673 ], [ 79.859307722884409, 6.90617481046274 ], [ 79.859300564397202, 6.906165157248624 ], [ 79.859290947405242, 6.906153183475955 ], [ 79.859284314392582, 6.90614525852321 ], [ 79.859276114856627, 6.906134142821049 ], [ 79.859267509795004, 6.906121892131255 ], [ 79.859253278834586, 6.906102814045592 ], [ 79.859227783870082, 6.90606880584274 ], [ 79.859214591478363, 6.906048161283212 ], [ 79.859206410478947, 6.906031334094864 ], [ 79.859200237405531, 6.906013805854258 ], [ 79.859198222974243, 6.906006072295478 ], [ 79.85919572727974, 6.905993417205876 ], [ 79.859195755616753, 6.905988208080019 ], [ 79.859195746943669, 6.905983120903781 ], [ 79.859194665399485, 6.905971137380519 ], [ 79.859194891895925, 6.905963154508856 ], [ 79.85919710557279, 6.905946819596303 ], [ 79.859203226744057, 6.905918216120101 ], [ 79.859207074863093, 6.905904644865437 ], [ 79.859211179385852, 6.905893804376353 ], [ 79.859221733473689, 6.905869697337415 ], [ 79.859228359152382, 6.905857588499807 ], [ 79.859241471898372, 6.905838773989374 ], [ 79.859250007808782, 6.905827717285953 ], [ 79.859260695232535, 6.905815450821648 ], [ 79.859270009538349, 6.905805628368191 ], [ 79.859281715548192, 6.905794485817882 ], [ 79.859295238028366, 6.905782369493822 ], [ 79.859306142606954, 6.905773196787574 ], [ 79.859317836534032, 6.905764035707707 ], [ 79.859332039826114, 6.905753422500001 ], [ 79.859347008480754, 6.905742910643839 ], [ 79.859359695448532, 6.905734421496222 ], [ 79.859384178461838, 6.905718663081635 ], [ 79.859403849625593, 6.905706397381048 ], [ 79.859419212765758, 6.905697332524894 ], [ 79.859440382737915, 6.905685218845317 ], [ 79.859475612970115, 6.905665647748693 ], [ 79.859495260342683, 6.905654758448608 ], [ 79.859499522189168, 6.905652425647023 ], [ 79.859506379592162, 6.90564952325619 ], [ 79.859532589897199, 6.905657571394763 ], [ 79.859562154600113, 6.905666882831194 ], [ 79.859822042873276, 6.905562711416919 ], [ 79.859835337764068, 6.905514655530099 ], [ 79.859850914388943, 6.905509489729399 ], [ 79.859884714448, 6.905499455847989 ] ] } },
{ "type": "Feature", "properties": { "roadSideLineId": "2", "height": 0.15 }, "geometry": { "type": "LineString", "coordinates": [ [ 79.85911076892944, 6.905759965695032 ], [ 79.859152694256238, 6.905741975853514 ], [ 79.859181218040547, 6.90572848109086 ], [ 79.859193331453255, 6.905717698696942 ], [ 79.859201065494645, 6.905713167286655 ], [ 79.859206097683384, 6.905710623776732 ], [ 79.859213392501104, 6.905706546238469 ], [ 79.859220063336878, 6.905702669540942 ], [ 79.859224224780448, 6.905700551091615 ], [ 79.859229144942233, 6.905697865692213 ], [ 79.859235282276842, 6.905694755802077 ], [ 79.859238551826024, 6.905692853876568 ], [ 79.859244847989061, 6.905689193762131 ], [ 79.859249289221964, 6.905686506336925 ], [ 79.859253605019461, 6.905684154210162 ], [ 79.859256548119603, 6.905682482077739 ], [ 79.859260816916247, 6.905680237086045 ], [ 79.859280468532461, 6.905669224009055 ], [ 79.859317345290677, 6.905648881602335 ], [ 79.859361600156902, 6.905623438263401 ], [ 79.859384693172558, 6.905611161059859 ], [ 79.859402440587658, 6.90560213023242 ], [ 79.859423288468619, 6.905590706872887 ], [ 79.859452535362507, 6.905574163940727 ], [ 79.859461897769307, 6.905569082873739 ], [ 79.859485771025703, 6.905556569210633 ], [ 79.859534679286995, 6.905531892312851 ], [ 79.859558135017082, 6.905521413533034 ], [ 79.859581410765685, 6.905511234642522 ], [ 79.859620626302274, 6.905493888398988 ], [ 79.859627569007088, 6.90549102992029 ], [ 79.859635463170235, 6.905487776223188 ], [ 79.859642733643184, 6.905485067008032 ], [ 79.859647239113798, 6.905483000449983 ], [ 79.859652534745976, 6.905480897868824 ], [ 79.859658960694262, 6.905478531371025 ], [ 79.859661725515053, 6.905477360922746 ], [ 79.859664991219759, 6.905475904036944 ], [ 79.859676433318953, 6.905471585910063 ], [ 79.859685503509382, 6.905468499604945 ], [ 79.859693806956386, 6.905465430096922 ], [ 79.859697219642229, 6.905463977619641 ], [ 79.859699922067449, 6.905463090527059 ], [ 79.859702513408493, 6.905462150229616 ], [ 79.859705959853187, 6.905461034407979 ], [ 79.85972265781308, 6.905455117411644 ], [ 79.859732480850909, 6.905451536456866 ], [ 79.859739686033507, 6.905449235038676 ], [ 79.859745197146907, 6.905447317873278 ], [ 79.859750000791664, 6.905445804645313 ], [ 79.859753536587235, 6.905444627247704 ], [ 79.859756558336244, 6.905443783151176 ], [ 79.859759476553279, 6.905442711334524 ], [ 79.859762056790387, 6.905441676884126 ], [ 79.85976726304726, 6.905439589224795 ], [ 79.859763153356255, 6.905428203848151 ], [ 79.859753135825812, 6.905401679468043 ] ] } },
{ "type": "Feature", "properties": { "roadSideLineId": "3", "height": 0.15 }, "geometry": { "type": "LineString", "coordinates": [ [ 79.859804279520588, 6.905386264588783 ], [ 79.859832515777896, 6.905417443241199 ], [ 79.859855752650773, 6.905412731748473 ], [ 79.859878309923161, 6.90540652020175 ], [ 79.859966183614688, 6.905387919970202 ], [ 79.860083327688926, 6.90536351749166 ], [ 79.860093289868246, 6.905361995479987 ], [ 79.86010046092278, 6.905360971210755 ], [ 79.860105046140873, 6.905359985044212 ], [ 79.860110146405617, 6.905359368387916 ], [ 79.860114359335057, 6.905358104678811 ], [ 79.860119373938588, 6.905357279282437 ], [ 79.860129743405423, 6.905355769255144 ], [ 79.860137729779282, 6.905354351243546 ], [ 79.860140836805542, 6.905353622734037 ], [ 79.860143395455708, 6.905353397637604 ], [ 79.860146020284148, 6.905352762417139 ], [ 79.860149666805384, 6.905352304380586 ], [ 79.860174246826773, 6.905348405879828 ], [ 79.860268554332364, 6.905334166629322 ], [ 79.860294314385342, 6.905330425488438 ], [ 79.860324736132881, 6.905325950122269 ], [ 79.860344961221955, 6.905322261139664 ], [ 79.860396944060369, 6.905313944834859 ], [ 79.860462723177136, 6.905304858205804 ], [ 79.860482775693427, 6.905302264260616 ], [ 79.860512732569461, 6.905297914506614 ], [ 79.860540691080303, 6.905294575332505 ], [ 79.860587991948435, 6.905289967714065 ], [ 79.860617013095876, 6.905286350978723 ], [ 79.860628806027051, 6.905284818552889 ], [ 79.860698855826058, 6.905278588695032 ], [ 79.860757660855541, 6.905273161502341 ], [ 79.860802587191969, 6.905269065425824 ], [ 79.86084395319152, 6.905265568949091 ], [ 79.86086371669272, 6.90526437778384 ], [ 79.860870041001604, 6.905263927536952 ], [ 79.860876659944466, 6.905263402847376 ], [ 79.860877234413451, 6.905262977161271 ], [ 79.860901874200067, 6.905261001134812 ], [ 79.860918498387733, 6.905259729193807 ], [ 79.860934968495187, 6.905258420205923 ], [ 79.860949074167991, 6.905257372449753 ], [ 79.860958179981779, 6.905256669911028 ], [ 79.860966065166167, 6.905256283566362 ], [ 79.860969160539838, 6.905255721374917 ], [ 79.860971685010313, 6.905255591031721 ], [ 79.860975470875189, 6.905255102221822 ], [ 79.860986927863522, 6.905254508416527 ], [ 79.860991914482867, 6.905254165287886 ], [ 79.860994584837428, 6.905253787799479 ], [ 79.861000643377636, 6.905253455913397 ], [ 79.861004922548858, 6.905253122995827 ], [ 79.861008998894874, 6.905252789434472 ], [ 79.861014148905056, 6.905252758018239 ], [ 79.861014169678981, 6.905252543305041 ], [ 79.861113015711723, 6.905248558323459 ], [ 79.86112040399756, 6.905248391843096 ], [ 79.861130974958215, 6.905248043717181 ], [ 79.86115057054181, 6.905247657735573 ], [ 79.86116287665638, 6.905247477652991 ], [ 79.861168727199399, 6.905247402789879 ], [ 79.861171425614486, 6.905247397760596 ], [ 79.861174061523016, 6.905247115880218 ], [ 79.861180897062923, 6.905247218039896 ], [ 79.861192703172634, 6.905247085906609 ], [ 79.861198341903318, 6.905246853275431 ], [ 79.861209819172018, 6.905246684397336 ], [ 79.861235187509834, 6.905246611634896 ], [ 79.861286948382173, 6.905246091600977 ], [ 79.861325585972082, 6.905245932165758 ], [ 79.861342549800639, 6.905246083392874 ], [ 79.861363112992692, 6.905246114746225 ], [ 79.861405653365139, 6.905246545223184 ], [ 79.861486211784339, 6.905246841940204 ], [ 79.861508566504952, 6.905247227650014 ], [ 79.861541444079464, 6.905247635517728 ], [ 79.861643770655078, 6.905251015136588 ], [ 79.861712051066007, 6.905253743114221 ], [ 79.861754446626406, 6.905255576153898 ], [ 79.861849237634928, 6.905261204814532 ], [ 79.861903252083295, 6.905262832231545 ], [ 79.861930203826901, 6.905263775331315 ], [ 79.861951906771921, 6.905265996635333 ], [ 79.861966951050732, 6.905267397278908 ], [ 79.861976595608468, 6.905268374351109 ], [ 79.861982134319419, 6.905268541669479 ], [ 79.861987127796752, 6.905268586070583 ], [ 79.861990621682651, 6.905268758998056 ], [ 79.861993225959296, 6.905269172683731 ], [ 79.86199566148693, 6.905269167275296 ], [ 79.862014188838771, 6.905270308306013 ], [ 79.862035360376055, 6.905271707789015 ], [ 79.862052508063272, 6.905272717199636 ], [ 79.862061840715512, 6.905273086997035 ], [ 79.862070803556975, 6.905273755048288 ], [ 79.862085059338796, 6.905274947283679 ], [ 79.862103334195595, 6.905276144423512 ], [ 79.86210477306814, 6.905272758203219 ], [ 79.86210588110464, 6.905276239726862 ], [ 79.862106059467962, 6.905272878671533 ], [ 79.862106514276604, 6.905276340403626 ], [ 79.862106724700467, 6.905276311420379 ], [ 79.862106753137695, 6.905274456715094 ], [ 79.862107607556609, 6.905277135190119 ], [ 79.862111521346449, 6.905276773042311 ], [ 79.862117761253415, 6.905277185807206 ], [ 79.862127039589609, 6.905277629381302 ], [ 79.862127181671127, 6.905277850507066 ], [ 79.862130541518923, 6.905278317879076 ], [ 79.862132699314429, 6.905278235332616 ], [ 79.86213457519672, 6.905278111289384 ], [ 79.862142172136146, 6.90527857637312 ], [ 79.862159130267031, 6.905279784203469 ], [ 79.862171058864448, 6.905280798857898 ], [ 79.862177968576674, 6.905281057626706 ], [ 79.862181045516778, 6.905281515845306 ], [ 79.862184522517765, 6.905281831693284 ], [ 79.862193501536439, 6.905282329228825 ], [ 79.862198635437608, 6.905282404469806 ], [ 79.86220058795881, 6.905282577285471 ], [ 79.862212358249536, 6.905283413092612 ], [ 79.86222839171819, 6.905284345091744 ], [ 79.862237400289047, 6.90528523429545 ], [ 79.862243616474117, 6.905285595540096 ], [ 79.862249650816935, 6.90528616483473 ], [ 79.862250360345016, 6.905285766836951 ], [ 79.862281286156943, 6.905287845309241 ], [ 79.86231605836592, 6.90528966993972 ], [ 79.862342797131689, 6.905290593835353 ], [ 79.862354601945299, 6.90528989225116 ], [ 79.862371207632719, 6.905287639676057 ], [ 79.862387307460082, 6.905284098917478 ], [ 79.86239915989583, 6.90528045557518 ], [ 79.862404121231407, 6.905278368158234 ], [ 79.862412304913974, 6.905275125095929 ], [ 79.862416685823916, 6.905272989205532 ], [ 79.862426581495157, 6.905268002975435 ], [ 79.862438703021425, 6.905261563083216 ], [ 79.862444404307936, 6.90525838909322 ], [ 79.862453838961414, 6.905252580092173 ], [ 79.862465470495621, 6.905244511157978 ], [ 79.862482822664461, 6.905229949988573 ], [ 79.862497911233888, 6.905216423986303 ], [ 79.862515083497399, 6.905198819232839 ] ] } },
{ "type": "Feature", "properties": { "roadSideLineId": "4", "height": 0.15 }, "geometry": { "type": "LineString", "coordinates": [ [ 79.860506402029372, 6.90546365212216 ], [ 79.860507228086263, 6.90545476020749 ], [ 79.860509639801862, 6.905436611638393 ], [ 79.860559013696772, 6.905431036415213 ], [ 79.860598436006399, 6.905426544574284 ], [ 79.860678817900435, 6.9054177643967 ], [ 79.860735090980739, 6.9054120807554 ], [ 79.860766035272405, 6.905409247714713 ], [ 79.86080957288361, 6.905405077658013 ], [ 79.860833588287576, 6.90540288830115 ], [ 79.860854507885577, 6.905400847436805 ], [ 79.860879604478669, 6.905398618831926 ], [ 79.860932391577407, 6.905385214569338 ], [ 79.860933291287694, 6.905381595441773 ], [ 79.860934703606929, 6.905373851093462 ], [ 79.860935448545845, 6.905367072968912 ], [ 79.860948188438073, 6.905366104428079 ], [ 79.860957775598891, 6.905365530946706 ], [ 79.860959904766602, 6.90537028063614 ], [ 79.860962824031915, 6.905378356147576 ], [ 79.860967590952015, 6.90539309675102 ], [ 79.860977265719526, 6.905392892554276 ], [ 79.860990726694496, 6.905392021867368 ], [ 79.861009071482471, 6.905391015180832 ], [ 79.861057533545107, 6.90538757955212 ], [ 79.861028847047123, 6.90535268229559 ], [ 79.861028951881934, 6.905347992803066 ], [ 79.861033246593436, 6.905343475201867 ], [ 79.861102279010922, 6.905340747600208 ], [ 79.861109394852889, 6.905342481465724 ], [ 79.861113369294884, 6.905344172521866 ], [ 79.861118304167761, 6.905346893082553 ], [ 79.861127239816284, 6.905353178442626 ], [ 79.861138195682472, 6.905364321567602 ], [ 79.861143812153742, 6.905372207229354 ], [ 79.861147467902967, 6.905378757493389 ], [ 79.861149626344471, 6.905384154910017 ], [ 79.861155116709838, 6.90540504651327 ] ] } },
{ "type": "Feature", "properties": { "roadSideLineId": "5", "height": 0.15 }, "geometry": { "type": "LineString", "coordinates": [ [ 79.861218114331564, 6.905367602998708 ], [ 79.861222619982087, 6.90535699345492 ], [ 79.861225049831788, 6.905351847150238 ], [ 79.861226427562983, 6.905349622443118 ], [ 79.861227866299387, 6.905347836160958 ], [ 79.861229551466863, 6.905346192311006 ], [ 79.861231700312501, 6.905343436063632 ], [ 79.861247397469754, 6.905339742305189 ], [ 79.861259769447969, 6.905337562682464 ], [ 79.861270920270883, 6.905336059950719 ], [ 79.861276513945327, 6.90533569200195 ], [ 79.861287195478226, 6.905336950903091 ], [ 79.861295597769953, 6.905346933679954 ], [ 79.861299446736396, 6.905350980631611 ], [ 79.861300741499747, 6.905378760409382 ], [ 79.861323323176691, 6.905379738089555 ], [ 79.861328992938439, 6.905380221918729 ], [ 79.861333647563569, 6.905381488944904 ], [ 79.861337986667309, 6.905379954845302 ], [ 79.861343110905523, 6.905379885527884 ], [ 79.861363190993046, 6.905380027563803 ], [ 79.861397500370231, 6.905380516060641 ], [ 79.861407590512854, 6.905380605904482 ], [ 79.861418763878618, 6.905380819079211 ], [ 79.861427133729734, 6.90538087851501 ], [ 79.861478620590674, 6.905381769221275 ], [ 79.861479597414885, 6.905374170116994 ], [ 79.861479791480164, 6.905365157860329 ], [ 79.861480162340897, 6.905359115718531 ], [ 79.861483443193805, 6.90535596830107 ], [ 79.861489542265971, 6.90535502052636 ], [ 79.861495793694232, 6.905354807992566 ], [ 79.861501998212262, 6.90535485961732 ], [ 79.861508131522143, 6.905359503715932 ], [ 79.861508631248256, 6.905364247892903 ], [ 79.861508884867817, 6.905366845121783 ], [ 79.861508947317574, 6.905372822779693 ], [ 79.861508785878172, 6.905381861195659 ], [ 79.861522120877041, 6.905382515184439 ], [ 79.861541881800676, 6.905383078511987 ], [ 79.861554843901331, 6.905383620459897 ], [ 79.861569320352999, 6.905384030413567 ], [ 79.861581673621004, 6.905384468765643 ], [ 79.861597122554812, 6.905384809108017 ], [ 79.861618331942609, 6.90538570629855 ], [ 79.861648895900672, 6.905386410438035 ], [ 79.861674672481669, 6.905387014760656 ], [ 79.861690002139639, 6.905387629749873 ], [ 79.861690274321717, 6.905362165211679 ], [ 79.861698042236995, 6.905356597000397 ], [ 79.86170754903597, 6.90535608845492 ], [ 79.861716099177244, 6.905356063122829 ], [ 79.861722114526643, 6.905357424949908 ], [ 79.861727205562048, 6.90536893826536 ], [ 79.861733048054234, 6.905382309667281 ], [ 79.861736539574366, 6.905389118027394 ], [ 79.861777146670889, 6.905391672460412 ], [ 79.861857428429005, 6.905396615767243 ], [ 79.861899176732109, 6.905398930524555 ], [ 79.861918819615909, 6.905399540653515 ], [ 79.861930433845444, 6.90540029129725 ], [ 79.861950808160671, 6.905396873053212 ], [ 79.861951351814895, 6.905392232450768 ], [ 79.861952555963796, 6.905388673965224 ], [ 79.861956275788629, 6.905382323964778 ], [ 79.861976169551937, 6.905383010890966 ], [ 79.861995489559703, 6.9053842259617 ], [ 79.862026983965578, 6.905386384344731 ], [ 79.862063051087631, 6.905388678509198 ], [ 79.862071016724428, 6.905389258491925 ], [ 79.862082045912004, 6.905389945222129 ], [ 79.86210664758066, 6.905391570317176 ], [ 79.862131771073209, 6.905392236120162 ], [ 79.862131859587336, 6.905393258036298 ], [ 79.862147380319399, 6.905394157852226 ], [ 79.86216366703016, 6.905396672653271 ], [ 79.862243999620532, 6.905408265953143 ], [ 79.862245679288463, 6.905430393228527 ], [ 79.86224690994932, 6.905463203515147 ] ] } },
{ "type": "Feature", "properties": { "roadSideLineId": "6", "height": 0.15 }, "geometry": { "type": "LineString", "coordinates": [ [ 79.862313659981453, 6.905418056469196 ], [ 79.862350572659679, 6.90542423743813 ], [ 79.862356571515718, 6.905425146367667 ], [ 79.862367628446364, 6.90542695758544 ], [ 79.86241929721524, 6.905435813719843 ], [ 79.862419461258995, 6.905435737679936 ], [ 79.862468646397204, 6.905443837363872 ], [ 79.862500347389528, 6.905449133632394 ], [ 79.862527594903099, 6.905453601639296 ], [ 79.862545943622521, 6.905456652882884 ], [ 79.862561564539391, 6.905459100706821 ], [ 79.86258723363953, 6.905463551775252 ], [ 79.862597791902161, 6.905465555308371 ], [ 79.862607290748173, 6.905466999089533 ], [ 79.862632614139216, 6.905470962851011 ], [ 79.862655229098905, 6.905474721995882 ], [ 79.862670622856825, 6.905477299971651 ], [ 79.862686985599211, 6.905482928107159 ], [ 79.862688564126401, 6.905481487441785 ], [ 79.862690764695614, 6.905480194380551 ], [ 79.862698001213957, 6.905482088439636 ], [ 79.86269934097578, 6.905484676186011 ], [ 79.862708455298574, 6.905484426780749 ], [ 79.862713864749537, 6.905485416847207 ], [ 79.862716380546473, 6.905485835084164 ], [ 79.862723285803185, 6.905487314570632 ], [ 79.862751324632285, 6.905492655513005 ], [ 79.862761739611713, 6.90549347393469 ], [ 79.862766524638218, 6.905490914161456 ], [ 79.862791360647606, 6.905475105458249 ], [ 79.862803902382566, 6.905476129235804 ], [ 79.862813300030339, 6.905479802538725 ], [ 79.862822968302808, 6.905483950543257 ], [ 79.862827143452108, 6.905486298815979 ], [ 79.862829761992344, 6.905489420618377 ], [ 79.862831989487816, 6.905495252751884 ], [ 79.862833035166688, 6.905499490365178 ], [ 79.862832652128034, 6.905509613431101 ], [ 79.862827829860493, 6.905543027210988 ] ] } },
{ "type": "Feature", "properties": { "roadSideLineId": "7", "height": 0.15 }, "geometry": { "type": "LineString", "coordinates": [ [ 79.862874756715641, 6.905545856891842 ], [ 79.862878091085193, 6.905529767713174 ], [ 79.862880828154928, 6.905521232659342 ], [ 79.862885563511327, 6.905513895136698 ], [ 79.86289395415713, 6.905507207863799 ], [ 79.862903159564965, 6.905503252818569 ], [ 79.862909105574573, 6.905503429404715 ], [ 79.862916077644869, 6.905504922661349 ], [ 79.862922787899436, 6.905507252036576 ], [ 79.862929811867872, 6.905509946477694 ], [ 79.862939983542461, 6.905513826771526 ], [ 79.862953201269974, 6.905519557989498 ], [ 79.862963492598382, 6.90552402478418 ], [ 79.862979589671141, 6.905531946975466 ], [ 79.862993912696368, 6.905538694277442 ], [ 79.863000303847173, 6.905542152940756 ], [ 79.863007288278112, 6.905545924627654 ], [ 79.863019205241486, 6.905552474811602 ], [ 79.863025975090068, 6.905556410800631 ], [ 79.863028630884429, 6.905558152772517 ], [ 79.863030954331023, 6.905559563306832 ], [ 79.863038906663022, 6.905564645407932 ], [ 79.863044167981627, 6.905568266864084 ], [ 79.863045801597622, 6.905569334965747 ], [ 79.863056439073532, 6.905577302570765 ], [ 79.863072971412677, 6.905592430370395 ] ] } },
{ "type": "Feature", "properties": { "roadSideLineId": "8", "height": 0.15 }, "geometry": { "type": "LineString", "coordinates": [ [ 79.862474401969834, 6.905142996744539 ], [ 79.862463478081153, 6.905156581241913 ], [ 79.862458221755475, 6.905161660522191 ], [ 79.862450068292915, 6.905169711723365 ], [ 79.862444055720417, 6.905174839770805 ], [ 79.86243385238383, 6.905182937911155 ], [ 79.862419445628305, 6.905192843556144 ], [ 79.862404247577516, 6.905201280732427 ], [ 79.862394160997695, 6.905206050974384 ], [ 79.862388722691747, 6.905208218402938 ], [ 79.862373170558683, 6.905213414146169 ], [ 79.862359001068128, 6.905217139414644 ], [ 79.862343054867083, 6.905219828647481 ], [ 79.862328901584902, 6.905221192995071 ], [ 79.862304139499031, 6.905220549761075 ], [ 79.862228301809679, 6.905215313476293 ], [ 79.862174629635959, 6.905211732661926 ], [ 79.862136680779045, 6.905209525046782 ], [ 79.862119908520725, 6.905208412435017 ], [ 79.862107426300966, 6.905207581317223 ], [ 79.862097495044765, 6.905207053454358 ], [ 79.862057348292836, 6.905204759407048 ], [ 79.861986280167812, 6.905200363344421 ], [ 79.861927806776706, 6.905196828218454 ], [ 79.861881691532432, 6.905194079766154 ], [ 79.861853007472277, 6.905193220885415 ], [ 79.861841565744285, 6.905193223679756 ], [ 79.861841769779659, 6.905183182077427 ], [ 79.861841678249405, 6.905179216290612 ], [ 79.86184060536219, 6.905175662320941 ], [ 79.861838684716133, 6.905173243411994 ], [ 79.861837457432401, 6.905172167707078 ], [ 79.861833991000239, 6.905170486381913 ], [ 79.86183240394594, 6.90517080082166 ], [ 79.86183005661762, 6.905170779327037 ], [ 79.861823178546913, 6.905170963734477 ] ] } },
{ "type": "Feature", "properties": { "roadSideLineId": "9", "height": 0.15 }, "geometry": { "type": "LineString", "coordinates": [ [ 79.86287475641339, 6.905545847620131 ], [ 79.862878090782928, 6.905529758441463 ], [ 79.862880827852649, 6.905521223387635 ], [ 79.862885563209048, 6.905513885864994 ], [ 79.862893953854865, 6.905507198592096 ], [ 79.862903159262714, 6.905503243546864 ], [ 79.862909105272308, 6.90550342013301 ], [ 79.862916077342589, 6.905504913389644 ], [ 79.862922787597171, 6.905507242764871 ], [ 79.862929811565621, 6.905509937205983 ], [ 79.86293998324021, 6.905513817499813 ], [ 79.862953200967709, 6.905519548717788 ], [ 79.862963492296132, 6.905524015512469 ], [ 79.862979589368877, 6.905531937703756 ], [ 79.862993912394103, 6.90553868500573 ], [ 79.863000303544922, 6.905542143669044 ], [ 79.863007287975861, 6.905545915355942 ], [ 79.863019204939249, 6.905552465539885 ], [ 79.863025974787803, 6.905556401528912 ], [ 79.86302863058215, 6.905558143500805 ], [ 79.863030954028773, 6.905559554035117 ], [ 79.863038906360771, 6.905564636136218 ], [ 79.863044167679377, 6.905568257592369 ], [ 79.863045801295371, 6.905569325694032 ], [ 79.863056438771281, 6.905577293299046 ], [ 79.863072971110412, 6.905592421098675 ] ] } },
{ "type": "Feature", "properties": { "roadSideLineId": "10", "height": 0.15 }, "geometry": { "type": "LineString", "coordinates": [ [ 79.86287475641339, 6.905545847620131 ], [ 79.862878090782928, 6.905529758441463 ], [ 79.862880827852649, 6.905521223387635 ], [ 79.862885563209048, 6.905513885864994 ], [ 79.862893953854865, 6.905507198592096 ], [ 79.862903159262714, 6.905503243546864 ], [ 79.862909105272308, 6.90550342013301 ], [ 79.862916077342589, 6.905504913389644 ], [ 79.862922787597171, 6.905507242764871 ], [ 79.862929811565621, 6.905509937205983 ], [ 79.86293998324021, 6.905513817499813 ], [ 79.862953200967709, 6.905519548717788 ], [ 79.862963492296132, 6.905524015512469 ], [ 79.862979589368877, 6.905531937703756 ], [ 79.862993912394103, 6.90553868500573 ], [ 79.863000303544922, 6.905542143669044 ], [ 79.863007287975861, 6.905545915355942 ], [ 79.863019204939249, 6.905552465539885 ], [ 79.863025974787803, 6.905556401528912 ], [ 79.86302863058215, 6.905558143500805 ], [ 79.863030954028773, 6.905559554035117 ], [ 79.863038906360771, 6.905564636136218 ], [ 79.863044167679377, 6.905568257592369 ], [ 79.863045801295371, 6.905569325694032 ], [ 79.863056438771281, 6.905577293299046 ], [ 79.863072971110412, 6.905592421098675 ] ] } },
{ "type": "Feature", "properties": { "roadSideLineId": "11", "height": 0.15 }, "geometry": { "type": "LineString", "coordinates": [ [ 79.864125868140817, 6.907750547240263 ], [ 79.864143175099201, 6.907754447202401 ], [ 79.864156511958853, 6.907757984234773 ], [ 79.864168216021142, 6.907761090503395 ], [ 79.864176216488019, 6.907762668799806 ], [ 79.864181018705111, 6.907763831595011 ], [ 79.864186764272986, 6.907766872076626 ], [ 79.864189087585885, 6.907766023276103 ], [ 79.864194215992825, 6.907767547353766 ], [ 79.864196231398509, 6.907769685269059 ], [ 79.864198734968767, 6.907768984115276 ], [ 79.864208959262427, 6.907772489061123 ], [ 79.864213237261794, 6.907774212206648 ], [ 79.86421863589301, 6.907776376316961 ], [ 79.864227768998262, 6.907781292634771 ], [ 79.864242682158164, 6.907789828918806 ], [ 79.864253517175712, 6.907796253041612 ], [ 79.864259324545699, 6.907800690005023 ], [ 79.864274106597989, 6.907813121202454 ], [ 79.864284261606485, 6.907822633980559 ], [ 79.86429723151106, 6.907835573776461 ], [ 79.86431388067173, 6.907852963151181 ], [ 79.864325755890462, 6.907865224010972 ], [ 79.864345996171778, 6.907886065170765 ], [ 79.864372279003987, 6.907912841179165 ] ] } },
{ "type": "Feature", "properties": { "roadSideLineId": "12", "height": 0.15 }, "geometry": { "type": "LineString", "coordinates": [ [ 79.864400037761982, 6.907941593556458 ], [ 79.86443477412918, 6.907979102165426 ], [ 79.864443474675184, 6.907988705652147 ], [ 79.864454928733835, 6.908001578689691 ], [ 79.864467397542242, 6.908016980883439 ], [ 79.864475626774563, 6.9080275156094 ], [ 79.864482292336646, 6.908036075020923 ], [ 79.864491924152262, 6.908049151556806 ], [ 79.864499136231331, 6.908059670602478 ], [ 79.864501891117087, 6.908064717502165 ], [ 79.864508585983685, 6.908076326369459 ], [ 79.864512141657713, 6.908083902317451 ], [ 79.864514320750885, 6.908088557509846 ], [ 79.864515633970626, 6.908092063418018 ], [ 79.864519512412016, 6.908102167658535 ], [ 79.864523716809629, 6.908113943396049 ], [ 79.864525270800797, 6.908119182466361 ], [ 79.864526962309853, 6.908125721637586 ], [ 79.86452860813904, 6.908131512983436 ], [ 79.864530245953389, 6.908140677152216 ], [ 79.864531356890311, 6.908147558732809 ], [ 79.86453272097954, 6.908157645155782 ] ] } },
{ "type": "Feature", "properties": { "roadSideLineId": "13", "height": 0.15 }, "geometry": { "type": "LineString", "coordinates": [ [ 79.864532599602825, 6.908157536189358 ], [ 79.864534134597761, 6.908165957143964 ], [ 79.86453484541336, 6.908173330035625 ], [ 79.864534484684896, 6.908183765790855 ], [ 79.864530926636363, 6.908214986606886 ], [ 79.864526373298929, 6.908236915472728 ], [ 79.864522527694021, 6.908248534711562 ], [ 79.864518261721372, 6.908259538272423 ], [ 79.864515724311019, 6.90826592510738 ], [ 79.864514755486965, 6.908268585202803 ], [ 79.864513657633225, 6.908270919765128 ], [ 79.864512151042234, 6.908274259359265 ], [ 79.864508736153937, 6.908280891447992 ], [ 79.864506383966969, 6.908285616380667 ], [ 79.864503094726913, 6.908291635648559 ], [ 79.864500926024732, 6.908295749974275 ], [ 79.864494583832482, 6.90830663512202 ], [ 79.864488130283334, 6.908316949698949 ], [ 79.864485990608031, 6.908320908439797 ], [ 79.864484642174631, 6.908323121477305 ], [ 79.864482853741677, 6.908325486839656 ], [ 79.864477399918485, 6.90833363013776 ], [ 79.864473139305119, 6.908339930326763 ], [ 79.864471268752581, 6.908342872353256 ], [ 79.864467858128606, 6.908347638760223 ], [ 79.864462922598207, 6.908354544629629 ], [ 79.86445608411681, 6.908363725981788 ], [ 79.864404449887104, 6.908434977334152 ], [ 79.864400718393711, 6.908440089903291 ], [ 79.864397405758908, 6.908443385639283 ], [ 79.864388671134506, 6.908456997701969 ], [ 79.864385972535729, 6.908460714357061 ], [ 79.864382927755472, 6.908464997278204 ], [ 79.864380411203555, 6.908468471293109 ], [ 79.864378964672838, 6.908470547846537 ], [ 79.864376118086653, 6.908474507547163 ], [ 79.864371716759507, 6.908480745478069 ], [ 79.864368504711877, 6.908484798548773 ], [ 79.864360996035074, 6.908495266885582 ], [ 79.864343057695919, 6.908520474094351 ], [ 79.86432516559951, 6.908545091935696 ], [ 79.864314421136157, 6.90856006699608 ], [ 79.864290379189143, 6.90859327267398 ], [ 79.864277159355296, 6.908611598715918 ], [ 79.864268051853955, 6.908623845042315 ], [ 79.864261969383023, 6.908632341262088 ], [ 79.864257800677692, 6.908638028875572 ], [ 79.864249327255664, 6.908649778443658 ], [ 79.864241713092127, 6.908660006868342 ], [ 79.864237852574448, 6.908665351405892 ], [ 79.86423590567648, 6.908667985815937 ], [ 79.864234519308283, 6.908670067669179 ], [ 79.864216758739033, 6.908694657263069 ], [ 79.864206496112828, 6.908708511087855 ], [ 79.864203243890103, 6.908713025343046 ], [ 79.864158047938346, 6.908775772277132 ], [ 79.864116290835696, 6.908833475090442 ], [ 79.864099073111831, 6.908857372572248 ], [ 79.864081170792176, 6.908882156506659 ], [ 79.864046553024735, 6.908929758489933 ], [ 79.864017352226313, 6.908970405163199 ], [ 79.863998177568874, 6.90899752517938 ], [ 79.863989277742775, 6.90900982116386 ], [ 79.863981061343125, 6.909020992717044 ], [ 79.863979070574786, 6.909023650265009 ], [ 79.863977716541783, 6.909025797717524 ], [ 79.863976127189574, 6.9090278542559 ], [ 79.863974164582046, 6.909030729678724 ], [ 79.863967850082574, 6.909039535003554 ], [ 79.863959906913266, 6.909050139455739 ], [ 79.863948185671163, 6.909066475077515 ], [ 79.863938695477387, 6.909079515708097 ], [ 79.863925609497741, 6.909097467254727 ], [ 79.863840620470555, 6.909215452145564 ], [ 79.863790895190334, 6.909287086268066 ], [ 79.863753062079539, 6.909338938638545 ], [ 79.863739727181454, 6.909356936619352 ], [ 79.863727685223523, 6.909373743535683 ], [ 79.863724348184817, 6.909378229263785 ], [ 79.863722074644684, 6.909381428749675 ], [ 79.863719326875611, 6.909385157535246 ], [ 79.863708769523896, 6.909399805877911 ], [ 79.863700036057807, 6.909409891060672 ], [ 79.863695990632365, 6.90941749928239 ], [ 79.863687764545816, 6.909429175728725 ], [ 79.863666742245243, 6.909457218713256 ], [ 79.863641016801452, 6.909492147419167 ], [ 79.86362672485059, 6.90951325163027 ], [ 79.86360950149755, 6.909537072599726 ], [ 79.86360488913742, 6.909543381969367 ], [ 79.863590193825033, 6.909563582301907 ], [ 79.86355823244169, 6.90960701962925 ], [ 79.863553890379166, 6.909612661363243 ], [ 79.863551253494734, 6.90961618454743 ], [ 79.8635467247598, 6.909621977231244 ], [ 79.863534559249302, 6.909638185709187 ], [ 79.863517405073566, 6.909660541013754 ], [ 79.863502349393016, 6.909679434979525 ], [ 79.863486344116126, 6.90969857922437 ], [ 79.863478568670402, 6.909707232294984 ], [ 79.863470358433986, 6.909715090395404 ], [ 79.863463741753648, 6.909720838151283 ], [ 79.863456343519047, 6.909726324028677 ], [ 79.863446603456183, 6.909732438466524 ], [ 79.863438074857541, 6.909736719282352 ], [ 79.863423721382716, 6.909741910408935 ], [ 79.863413164614371, 6.909744461333021 ], [ 79.863404391516397, 6.909745270109232 ], [ 79.863389321500975, 6.909745427257657 ], [ 79.863373086659706, 6.909744336491827 ], [ 79.863357276745305, 6.909742745807197 ], [ 79.863337390139364, 6.909739789808464 ], [ 79.863314212906729, 6.909733400775174 ], [ 79.863292656532153, 6.909724644330447 ], [ 79.863255183957676, 6.909708675317687 ], [ 79.863244049116432, 6.909705075964779 ], [ 79.863197655122889, 6.909676356631531 ], [ 79.863186714676786, 6.909670643259324 ], [ 79.863177112540441, 6.909665382592603 ], [ 79.863163636547512, 6.909658354482604 ], [ 79.863155478340801, 6.909653887374672 ], [ 79.863149288870886, 6.909650682097073 ], [ 79.863146145556229, 6.909649186740109 ], [ 79.863144007449122, 6.909647897820776 ], [ 79.863141675045796, 6.90964670050696 ], [ 79.863136287289919, 6.909643899167255 ], [ 79.863130183444412, 6.909638966792732 ], [ 79.863123713887092, 6.909637061327207 ], [ 79.86311636224346, 6.909633257450256 ], [ 79.863106551337552, 6.909628137241612 ], [ 79.863108275627212, 6.909620621833066 ], [ 79.863114352447241, 6.909603875385981 ], [ 79.863123640703407, 6.909577392486761 ], [ 79.863129849041528, 6.909558655429817 ] ] } },
{ "type": "Feature", "properties": { "roadSideLineId": "14", "height": 0.15 }, "geometry": { "type": "LineString", "coordinates": [ [ 79.86339860258515, 6.909843881091337 ], [ 79.863389727206993, 6.909843088396481 ], [ 79.863384086839943, 6.909842773823542 ], [ 79.8633779794921, 6.90984214850028 ], [ 79.863367013531231, 6.909841469062447 ], [ 79.863360644086043, 6.909840732013895 ], [ 79.863354977673225, 6.909839735799622 ], [ 79.863340517908355, 6.909837669094164 ], [ 79.863334280035204, 6.909836609111649 ], [ 79.863331103715296, 6.909835777021619 ], [ 79.863324532514241, 6.909834444463888 ], [ 79.863316747658743, 6.909832449668132 ], [ 79.863311694323201, 6.909830959341964 ], [ 79.863307221843655, 6.909830034369353 ], [ 79.863303849506281, 6.909829208008434 ], [ 79.863301498123576, 6.909828704267808 ], [ 79.863299460558991, 6.909828082548395 ], [ 79.863299975298091, 6.909828128044815 ], [ 79.863299142736963, 6.909827847758993 ], [ 79.863299639057558, 6.909827832748681 ], [ 79.863298690753012, 6.909827810271097 ], [ 79.863298550990351, 6.909827196002997 ], [ 79.863297839796161, 6.909827306602719 ], [ 79.863297773300417, 6.909827141571446 ], [ 79.863297336116887, 6.90982692846947 ], [ 79.863297149348682, 6.909827200545738 ], [ 79.863297118637789, 6.909827071761715 ], [ 79.86329084185796, 6.909824833312231 ], [ 79.863282610672115, 6.909821899365032 ], [ 79.863276049088228, 6.909819445682028 ], [ 79.863272698369272, 6.909818315016151 ], [ 79.863268652846472, 6.909816390066689 ], [ 79.863263393849408, 6.909814340964009 ], [ 79.863250330069761, 6.909808663157197 ], [ 79.863246006733689, 6.909806940726661 ], [ 79.863242056851931, 6.909804924499748 ], [ 79.863238960105093, 6.909803743561874 ], [ 79.863232552003709, 6.909800705183622 ], [ 79.863227076668508, 6.909798978887502 ], [ 79.863217798306337, 6.909793718066417 ], [ 79.863206088778156, 6.909787516913636 ], [ 79.863199336284382, 6.909784150149562 ], [ 79.86319914382419, 6.909784211913425 ], [ 79.863172168593294, 6.909770021513878 ], [ 79.863170451225884, 6.909769026705314 ], [ 79.863168331111552, 6.909768053057816 ], [ 79.863165004959342, 6.909766227052299 ], [ 79.863157845066937, 6.909762592620319 ], [ 79.863154873563303, 6.909760990475622 ], [ 79.86315190649691, 6.909759506514678 ], [ 79.863137381088805, 6.90975191519495 ], [ 79.863124743401315, 6.909745147399623 ], [ 79.863111198353835, 6.909738001619722 ], [ 79.86309241010818, 6.909728387902063 ], [ 79.863071863258639, 6.909716705614945 ], [ 79.863052798496668, 6.909706820307704 ], [ 79.863044048654714, 6.909702067681892 ], [ 79.863028548448781, 6.909693906272658 ], [ 79.863008888456392, 6.909683422174592 ], [ 79.863002282538673, 6.90968008480776 ], [ 79.86298547074081, 6.909671552793614 ], [ 79.862949586275519, 6.909654381081389 ], [ 79.862922328074461, 6.909642630683893 ], [ 79.862906866661774, 6.909635528700758 ], [ 79.86288885188911, 6.909628004961279 ], [ 79.862845287361097, 6.90961014828654 ], [ 79.862823168746075, 6.909600700640466 ], [ 79.862787738098859, 6.909586330236447 ], [ 79.862771921635272, 6.909580022149812 ], [ 79.862750109742947, 6.909571651174391 ], [ 79.862719254092355, 6.909560036809323 ], [ 79.862708595037319, 6.90955577247193 ], [ 79.862704477513091, 6.909554395128502 ], [ 79.862697839234855, 6.909551824352436 ], [ 79.862692528359432, 6.909549916952737 ], [ 79.862687618716436, 6.90954812197458 ], [ 79.862681088807221, 6.909545451266922 ], [ 79.862676572183361, 6.909543853645403 ], [ 79.862671042167506, 6.90954176075537 ], [ 79.862662650547875, 6.909538620957857 ], [ 79.862658417328134, 6.909540569929897 ], [ 79.862667654349025, 6.90954942012191 ], [ 79.862677515345368, 6.909559865338716 ], [ 79.86268505247034, 6.909568190884925 ], [ 79.86268972410916, 6.909572667728599 ], [ 79.862696327000123, 6.909577445924412 ], [ 79.86270365561181, 6.909581049963024 ], [ 79.862711330458708, 6.909584537689446 ], [ 79.86273301746381, 6.909593406579941 ], [ 79.862772291508136, 6.909609031018617 ], [ 79.862794483319277, 6.909618177281488 ], [ 79.862832815389353, 6.909633616134547 ], [ 79.862848314878576, 6.909640058070774 ], [ 79.862853937449415, 6.90964224021096 ], [ 79.862861674329778, 6.909645439423449 ], [ 79.862868111397702, 6.909648243069324 ], [ 79.862881646101414, 6.909653966042534 ], [ 79.862894286210334, 6.909659469177114 ], [ 79.862898876966796, 6.909661301513702 ], [ 79.862909847622404, 6.909665979419388 ], [ 79.862916081872896, 6.909668883671353 ], [ 79.862920127162766, 6.90967054769496 ], [ 79.862938467739212, 6.909678637957001 ], [ 79.862946745032147, 6.909682410792306 ], [ 79.862952671550048, 6.909685048181852 ], [ 79.862960282958099, 6.909688744223674 ], [ 79.862965580687742, 6.909691188124699 ], [ 79.862969933984957, 6.909693221197582 ], [ 79.862972935743471, 6.909694960393512 ], [ 79.862975309039427, 6.909696001803314 ], [ 79.862977719632553, 6.909696864233892 ], [ 79.862981206298386, 6.909699019438639 ], [ 79.862981448282014, 6.90969894213878 ], [ 79.86300165743701, 6.909709395590617 ], [ 79.863016576266361, 6.909717370351494 ], [ 79.863028234178358, 6.909724173228727 ], [ 79.863045753767437, 6.909734638071654 ], [ 79.863054724928773, 6.909739815222663 ], [ 79.863068280132836, 6.909748179260963 ], [ 79.863081590377462, 6.909757844116091 ], [ 79.863117163789425, 6.909778874775544 ], [ 79.863145656808058, 6.909792902737879 ], [ 79.863160808285699, 6.909801271615647 ], [ 79.863174097064984, 6.909808656564948 ], [ 79.863179595446894, 6.909811503938418 ], [ 79.863183930426217, 6.909813906783848 ], [ 79.863192057959068, 6.909818068023688 ], [ 79.863198917167267, 6.909821383614135 ], [ 79.863201611734794, 6.909822544943006 ], [ 79.863206576446103, 6.90982486644441 ], [ 79.86321693171611, 6.909829133417341 ], [ 79.863223650752062, 6.909831810237441 ], [ 79.863236310875081, 6.909836222148553 ], [ 79.863244473461123, 6.909838848290417 ], [ 79.863249614054894, 6.909840261260579 ], [ 79.86325636018708, 6.909842313315961 ], [ 79.86326151134395, 6.909843660150213 ], [ 79.863265033211604, 6.909844659947142 ], [ 79.863272784498619, 6.909846622201618 ], [ 79.863282726630288, 6.909849274122601 ], [ 79.863295966864243, 6.909852495316163 ], [ 79.863314338928163, 6.909856395383819 ], [ 79.863328867851493, 6.909859169433237 ], [ 79.863335533479159, 6.909860475693706 ], [ 79.863344504530772, 6.909861606670709 ], [ 79.863354939681813, 6.909862917939957 ], [ 79.863361074593143, 6.90986359816727 ], [ 79.86336544969069, 6.909864128948803 ], [ 79.863377386479016, 6.909865005647855 ], [ 79.86338609860006, 6.909865367205144 ], [ 79.863393468250237, 6.909865154865793 ], [ 79.863399655363722, 6.90986468810727 ], [ 79.863403615259273, 6.909863462388248 ], [ 79.863406672747359, 6.909860998348877 ], [ 79.863408920428071, 6.909855565301616 ], [ 79.863406509695565, 6.909847391643215 ], [ 79.863402683384578, 6.909845277091961 ], [ 79.863398644090054, 6.90984360438618 ] ] } },
{ "type": "Feature", "properties": { "roadSideLineId": "15", "height": 0.15 }, "geometry": { "type": "LineString", "coordinates": [ [ 79.862761989717896, 6.909694393250716 ], [ 79.862789199965945, 6.909705351250373 ], [ 79.86280402924568, 6.90971147427009 ], [ 79.862808438935943, 6.909713386757958 ], [ 79.86281683796156, 6.909716785454793 ], [ 79.862823298491563, 6.909719758178614 ], [ 79.862823111485724, 6.909724615219809 ], [ 79.862823265557608, 6.9097313754779 ], [ 79.862823437027473, 6.909736555431254 ], [ 79.862825776619786, 6.909747683115547 ], [ 79.862839293382038, 6.909755117462108 ], [ 79.862847143051994, 6.909758917645231 ], [ 79.862855564263384, 6.909762888995192 ], [ 79.862866966629042, 6.9097685850021 ], [ 79.862872804545347, 6.90977138321481 ], [ 79.862884226839938, 6.909776935209263 ], [ 79.862894769334503, 6.909781179262283 ], [ 79.862898705702435, 6.909779920553611 ], [ 79.862905238830493, 6.909772516758538 ], [ 79.862907466115416, 6.909769605901196 ], [ 79.862909299503485, 6.909766795039337 ], [ 79.862911780631606, 6.9097634184509 ], [ 79.862917998277226, 6.90976252475859 ], [ 79.862949402834516, 6.909778570766075 ], [ 79.862957494769773, 6.90978252818023 ], [ 79.862962989876337, 6.909785361845338 ], [ 79.862977687445223, 6.909793955063763 ], [ 79.862996657987892, 6.909804583562269 ], [ 79.863004460275903, 6.909808884122426 ], [ 79.863010430255045, 6.90981260941661 ], [ 79.863015217784039, 6.909815834231649 ], [ 79.863026363778374, 6.909821896527931 ], [ 79.863054018914639, 6.909837309690204 ], [ 79.863064897587336, 6.909845076220983 ], [ 79.863072811177588, 6.909850330115596 ], [ 79.863084075737405, 6.909857502286557 ], [ 79.86309712495347, 6.909866246471307 ], [ 79.863107404752157, 6.909873610197294 ], [ 79.863116309817642, 6.909879425502739 ], [ 79.863129597593087, 6.909888649639382 ], [ 79.863143040579459, 6.909899079950995 ], [ 79.86315308227374, 6.909906377895521 ], [ 79.86316752234849, 6.90991565723023 ], [ 79.863181111915694, 6.909925707049748 ], [ 79.863195926967705, 6.909937523067711 ], [ 79.863201505928572, 6.909941871323093 ], [ 79.863203786632766, 6.909943803825321 ], [ 79.86321265622243, 6.909950976223308 ], [ 79.863220642272552, 6.90995787536478 ], [ 79.863223983878271, 6.909963580377672 ], [ 79.86322473953858, 6.909971461748253 ], [ 79.86322416865741, 6.909977996754434 ], [ 79.863222971748357, 6.909982005735704 ], [ 79.863221424247811, 6.9099857314333 ], [ 79.863218579302355, 6.909991359351223 ], [ 79.863214265622361, 6.90999638868539 ], [ 79.863208526226472, 6.910003457283534 ] ] } },
{ "type": "Feature", "properties": { "roadSideLineId": "16", "height": 0.15 }, "geometry": { "type": "LineString", "coordinates": [ [ 79.863258396097677, 6.910055737123796 ], [ 79.863296446667462, 6.910059826054678 ], [ 79.863300643372071, 6.910060697181959 ], [ 79.863309108152592, 6.910062395817282 ], [ 79.863326032091692, 6.910066273533791 ], [ 79.86334162187309, 6.91007114466655 ], [ 79.863353810487936, 6.910078249311359 ], [ 79.863367176469893, 6.910089306024984 ], [ 79.863373840541016, 6.910095351661472 ], [ 79.863388153191167, 6.910108384844879 ], [ 79.863402090133562, 6.910121363059624 ], [ 79.863412014118509, 6.910130448968203 ], [ 79.863416175191077, 6.910134337984717 ], [ 79.863418126108272, 6.910136071248912 ], [ 79.863420891230263, 6.910138600267337 ], [ 79.863421186155236, 6.910138653155244 ], [ 79.86346223800183, 6.910176552755054 ], [ 79.863469921785295, 6.910183798112923 ], [ 79.863475826554392, 6.910189261052661 ], [ 79.863479696698477, 6.910192922579516 ], [ 79.863483687183006, 6.910196460304093 ], [ 79.863492581923282, 6.910204643117984 ], [ 79.863503716225509, 6.91021524163256 ], [ 79.8635064997314, 6.91021789466372 ], [ 79.863509638790973, 6.91022102930912 ], [ 79.863512676146385, 6.910224529962904 ], [ 79.863518116263947, 6.910229431263564 ], [ 79.863522263597147, 6.910232558619604 ], [ 79.863526967287996, 6.91023686059112 ], [ 79.863532405364865, 6.910242103358327 ], [ 79.863544790748406, 6.910253730009608 ], [ 79.863561877661965, 6.910270182215532 ], [ 79.863587383457059, 6.910294512805272 ], [ 79.86359426967401, 6.910301008181353 ], [ 79.863604820538313, 6.910311580602397 ], [ 79.863611651150251, 6.910318082118049 ], [ 79.863626884681167, 6.910333045780817 ], [ 79.863639780207677, 6.910345556114019 ], [ 79.86364539215144, 6.91035116443334 ], [ 79.863656842003905, 6.910362310423996 ], [ 79.863663570824684, 6.91036923119293 ], [ 79.863668097653274, 6.910373656921377 ], [ 79.863676735508193, 6.910381975988992 ], [ 79.863688159901074, 6.910391283169569 ], [ 79.863695188325039, 6.910400221415941 ], [ 79.863714371001151, 6.910420764015822 ], [ 79.863721456944447, 6.910428285113322 ], [ 79.863723814862539, 6.910430692070216 ], [ 79.863730486624164, 6.910437934174022 ], [ 79.863744051959344, 6.910452504323313 ], [ 79.863780335592807, 6.910492276538325 ], [ 79.86380149047902, 6.910515243637334 ], [ 79.863814781358599, 6.910530465020717 ], [ 79.863886204593996, 6.910612640702928 ], [ 79.863928673361457, 6.910661237383624 ], [ 79.863949183559143, 6.910685867221978 ], [ 79.863992305408345, 6.91073994538828 ], [ 79.864019191881411, 6.910774151073085 ], [ 79.864026685044337, 6.910784080358212 ], [ 79.864050534337125, 6.910815550432441 ], [ 79.864113518733575, 6.910903979805712 ], [ 79.864113634410316, 6.910903944417479 ], [ 79.864145890022698, 6.910950731510292 ], [ 79.864159958502896, 6.910971900592141 ], [ 79.864179172894069, 6.911000683250922 ], [ 79.86419369639394, 6.911023315853983 ], [ 79.864198776255506, 6.91103262271974 ], [ 79.86421100774453, 6.911052516248206 ], [ 79.864228600159223, 6.91107990516026 ], [ 79.864235074733287, 6.91109087844749 ], [ 79.864248695210108, 6.911113535852872 ], [ 79.864266268164073, 6.911142650920333 ], [ 79.864272941601683, 6.911154874453359 ], [ 79.864285189803141, 6.911178067364371 ], [ 79.864298945090553, 6.911204000255341 ], [ 79.864304854152536, 6.911216873008085 ], [ 79.864315612824981, 6.911241178928798 ], [ 79.864325326732512, 6.911266959746924 ], [ 79.864336293028302, 6.911301019318407 ], [ 79.864341534629375, 6.911322161619829 ], [ 79.864345271177569, 6.911341944306647 ], [ 79.864347854216902, 6.911361065615034 ], [ 79.864349088202601, 6.91138323770038 ], [ 79.864348059120275, 6.911399617320905 ], [ 79.864346181324905, 6.911414782493347 ], [ 79.864343438324767, 6.911428958024189 ], [ 79.864337939214977, 6.911450854817971 ], [ 79.864330005719609, 6.911476895608252 ], [ 79.86432207962774, 6.911499134984988 ], [ 79.864315734343805, 6.911512804466969 ], [ 79.864308476384707, 6.911525029298297 ], [ 79.864300505163385, 6.911536494695139 ], [ 79.864290882464417, 6.911549343371216 ], [ 79.86428283996284, 6.911558542489968 ], [ 79.864273486564883, 6.911567980381156 ], [ 79.864264492446765, 6.911575766574294 ], [ 79.864255804898249, 6.911582424764362 ], [ 79.864240487270649, 6.911592417550022 ], [ 79.864230396729965, 6.911597848144314 ], [ 79.864218984881703, 6.911603042319386 ], [ 79.864208977185299, 6.911606839809154 ], [ 79.864193679331294, 6.911612004493376 ], [ 79.864181674219779, 6.911615532484157 ], [ 79.864173199942172, 6.911617653559533 ], [ 79.864164413823985, 6.911619606608324 ], [ 79.864155013433077, 6.91162142645002 ], [ 79.864141144833937, 6.911623324397642 ], [ 79.864107134004783, 6.911625910418013 ], [ 79.864089840316765, 6.91162706998802 ], [ 79.86406272310262, 6.911627106005894 ], [ 79.864043770462288, 6.911627289002324 ], [ 79.864030776447649, 6.911627343320376 ], [ 79.863999286603644, 6.911627824704432 ], [ 79.863989393763291, 6.911627885085535 ], [ 79.863986642015561, 6.911628030806924 ], [ 79.863980607455986, 6.911628085680557 ], [ 79.86395951273991, 6.911628461383883 ], [ 79.863950926393642, 6.91162830899484 ], [ 79.863943230065928, 6.911628649674865 ], [ 79.86393189372842, 6.911629057215389 ], [ 79.863926768981614, 6.911628990033945 ], [ 79.863923721853354, 6.911628956100957 ], [ 79.863914609056692, 6.911629279849259 ], [ 79.8639081024007, 6.911629239158635 ], [ 79.863901520376629, 6.911629493685682 ], [ 79.863897356952521, 6.911629647485758 ], [ 79.863894313859404, 6.911629549101471 ], [ 79.863881820221323, 6.911629588735065 ], [ 79.863869269685054, 6.91162984678781 ], [ 79.863863537892499, 6.91163015815238 ], [ 79.863844333832091, 6.911630270465775 ], [ 79.863831421642487, 6.911629002946761 ], [ 79.863827006625911, 6.911627262797974 ], [ 79.863818929269414, 6.911623658995724 ], [ 79.863808031545247, 6.911618232382995 ], [ 79.863801259378803, 6.911614601996976 ], [ 79.863795008573618, 6.911611343804934 ], [ 79.863785494698973, 6.911606704555956 ], [ 79.863773370923454, 6.91160447078484 ], [ 79.863760763111216, 6.911604569844836 ], [ 79.863752980548057, 6.911604651743263 ], [ 79.863748423831666, 6.911604732186441 ], [ 79.863732465916783, 6.911604937717219 ], [ 79.8636917286574, 6.911605540124782 ], [ 79.863660693032344, 6.911604208400069 ], [ 79.863643524736645, 6.91160593678079 ], [ 79.863624712944826, 6.911606305583266 ], [ 79.863607955990616, 6.911606603452261 ], [ 79.863579667767155, 6.911606858983663 ], [ 79.863569958561428, 6.91160709719663 ], [ 79.863561170805895, 6.911607156292289 ], [ 79.863555819325782, 6.911607364501736 ], [ 79.863549011432809, 6.911607495399489 ], [ 79.863545329049131, 6.911607353147309 ], [ 79.863540895384233, 6.911607374825623 ], [ 79.863538762032263, 6.911607496052227 ], [ 79.86353204801209, 6.911607480638845 ], [ 79.863520821931601, 6.911607635316309 ], [ 79.863511359861022, 6.911607934585837 ], [ 79.863495945065736, 6.91160804731904 ], [ 79.863464548219582, 6.911608374454773 ], [ 79.863460858344084, 6.911610762872812 ], [ 79.86342801612291, 6.911609156146978 ], [ 79.863361841888945, 6.911609703129482 ], [ 79.863324923918213, 6.911609968193663 ], [ 79.863324380162794, 6.911610334560609 ] ] } },
{ "type": "Feature", "properties": { "roadSideLineId": "17", "height": 0.15 }, "geometry": { "type": "LineString", "coordinates": [ [ 79.863434524890195, 6.909909984289326 ], [ 79.86342818376707, 6.909922149024237 ], [ 79.863421850777698, 6.909932874656842 ], [ 79.863413686783019, 6.909945601852396 ], [ 79.863405858901089, 6.909956285782568 ], [ 79.863397809359526, 6.909967005716608 ], [ 79.863407759496781, 6.909975512759838 ], [ 79.863414087977034, 6.909981478304656 ], [ 79.863429676740523, 6.909996441525481 ], [ 79.863441552591084, 6.910008006049123 ], [ 79.863450170554032, 6.910015816704548 ], [ 79.863451263142565, 6.910015451688705 ], [ 79.86345193138618, 6.910015315526024 ], [ 79.863453579342035, 6.910012761217099 ], [ 79.863456536440367, 6.910008557802271 ], [ 79.86346326100238, 6.909998825928496 ], [ 79.863469992853055, 6.909990429427889 ], [ 79.863477458979958, 6.909982581680508 ], [ 79.863485784560879, 6.909974545398644 ], [ 79.863484068063727, 6.909969547867624 ], [ 79.863482683684182, 6.909967801574829 ], [ 79.863481240696373, 6.909966257408867 ], [ 79.863480032559281, 6.909964488680637 ], [ 79.863478632135724, 6.909962804767771 ], [ 79.863476736552826, 6.909960002786126 ], [ 79.863476452971582, 6.90996004931958 ], [ 79.863456563438305, 6.909932429416346 ], [ 79.863447987518683, 6.909919876294337 ], [ 79.863437763021992, 6.909904244027847 ], [ 79.863435217093851, 6.909908918163262 ] ] } },
{ "type": "Feature", "properties": { "roadSideLineId": "18", "height": 0.15 }, "geometry": { "type": "LineString", "coordinates": [ [ 79.864877583321629, 6.908292974338353 ], [ 79.864871778479653, 6.90828982067977 ], [ 79.864868021877456, 6.908287786875314 ], [ 79.864861366637427, 6.908284149868164 ], [ 79.864851894677997, 6.908279190265848 ], [ 79.864845827656339, 6.908276197884205 ], [ 79.864843431609629, 6.908274979113577 ], [ 79.864839657322648, 6.908273414252194 ], [ 79.864831788056904, 6.908270072378166 ], [ 79.864823199557279, 6.908266784089722 ], [ 79.864818829222145, 6.908265188203179 ], [ 79.864814902338253, 6.908263652721623 ], [ 79.864810901582544, 6.90826235662936 ], [ 79.86480320070693, 6.908260105411783 ], [ 79.86479211917225, 6.908257482427937 ], [ 79.864784253571202, 6.908256565559866 ], [ 79.864773070200812, 6.908255704857631 ], [ 79.864766828937903, 6.908255362515868 ], [ 79.8647592962282, 6.908255578404508 ], [ 79.864755691658161, 6.908255822415724 ], [ 79.864750239385572, 6.908256115171017 ], [ 79.864745631755582, 6.908256939854714 ], [ 79.864741934713649, 6.9082573330905 ], [ 79.864734641644674, 6.908258860020601 ], [ 79.864724700304862, 6.908261166733553 ], [ 79.864720008592215, 6.908262432640565 ], [ 79.864713992327566, 6.908264602155307 ], [ 79.864703011419849, 6.908269138150416 ], [ 79.864695027833818, 6.908273035087468 ], [ 79.864689377089675, 6.908276216006072 ], [ 79.864682816064757, 6.908280419193146 ], [ 79.864673580470182, 6.908286207744899 ], [ 79.864666541460252, 6.90829109257215 ], [ 79.864657930530711, 6.908298124888211 ], [ 79.864640571682216, 6.908313832498273 ], [ 79.864628608970804, 6.908325548480203 ], [ 79.864613742015081, 6.90834128139173 ], [ 79.864609169868316, 6.908346569842555 ], [ 79.864606162174013, 6.90834993693807 ], [ 79.86460273863608, 6.908354189713966 ], [ 79.864594242385593, 6.908364386473282 ], [ 79.864579872878792, 6.90838280985282 ], [ 79.86455440044044, 6.908417067325178 ], [ 79.864541584065307, 6.908434957231917 ], [ 79.864537415974937, 6.908440585027989 ], [ 79.864532934051311, 6.908446812695436 ], [ 79.864529312499585, 6.908451524550921 ], [ 79.864522783420554, 6.908460333450416 ], [ 79.864518820476448, 6.908465957239896 ], [ 79.864515811493987, 6.90847013834016 ], [ 79.864513978250372, 6.908472810565272 ], [ 79.864512292486509, 6.908475558068411 ], [ 79.864507550136096, 6.908481502107663 ], [ 79.864500858623785, 6.908490621369589 ], [ 79.864497997171725, 6.908495004359218 ], [ 79.864494773675631, 6.908499198301019 ], [ 79.864482348096388, 6.908515642228062 ], [ 79.864456613483753, 6.908551998327001 ], [ 79.864441197231017, 6.908573842671624 ], [ 79.864434668244485, 6.908582406487487 ], [ 79.864431226501807, 6.908587036296092 ], [ 79.864430085113398, 6.908588924753333 ], [ 79.864423690715483, 6.908598170563968 ], [ 79.864412189527542, 6.908613853501008 ], [ 79.864406693910652, 6.908621485560793 ], [ 79.864404240546378, 6.908625110723086 ], [ 79.864397592836241, 6.908634374943452 ], [ 79.864392154709222, 6.908641311710031 ], [ 79.86438788220687, 6.908647238488792 ], [ 79.864384184800315, 6.908652458240393 ], [ 79.864380380441517, 6.908657621004036 ], [ 79.864377610497385, 6.908661756557964 ], [ 79.864372358134602, 6.908669042081557 ], [ 79.86436442524051, 6.908679861145512 ], [ 79.864360112171809, 6.908685986652674 ], [ 79.864356073509612, 6.908691210976592 ], [ 79.864356551127003, 6.908696180001964 ], [ 79.864360117624614, 6.908701176924896 ], [ 79.864378526297727, 6.908718845889124 ] ] } },
{ "type": "Feature", "properties": { "roadSideLineId": "19", "height": 0.15 }, "geometry": { "type": "LineString", "coordinates": [ [ 79.864325451039576, 6.908734851038981 ], [ 79.8643114468085, 6.908753859526265 ], [ 79.864289243113603, 6.90878461221125 ], [ 79.864268205646638, 6.908813432404429 ], [ 79.864255054694169, 6.90883204402166 ], [ 79.864239090244908, 6.908854144736441 ], [ 79.86422082443238, 6.90887966571243 ], [ 79.864198524762045, 6.908910550194718 ], [ 79.864185924409881, 6.908927989245109 ], [ 79.864171687362912, 6.908947644285766 ], [ 79.864161045937323, 6.908963150859496 ], [ 79.864153743787114, 6.908972354957504 ], [ 79.864143322193826, 6.908985829961331 ], [ 79.864118934252957, 6.90902028950451 ], [ 79.864110341545498, 6.909032198032483 ], [ 79.864098858233419, 6.909048269422064 ], [ 79.864092357193485, 6.90905712784823 ], [ 79.864070124062181, 6.909088479087617 ], [ 79.864011362303799, 6.909169737949669 ], [ 79.863970898388402, 6.90922660926412 ], [ 79.863945811464617, 6.909261808989801 ], [ 79.863900560040719, 6.909324205866339 ], [ 79.863870624311005, 6.90936580997921 ], [ 79.863856388836538, 6.909385978889416 ], [ 79.863829705750149, 6.909422411526024 ], [ 79.863803193028446, 6.909459012974169 ], [ 79.86377439671827, 6.909499089719677 ], [ 79.863757398151151, 6.909522721666694 ], [ 79.863722397308294, 6.909571126318505 ], [ 79.863719081063053, 6.909575631667065 ], [ 79.863715461525004, 6.909580942910539 ], [ 79.863711827840334, 6.909586288806444 ], [ 79.863701726181944, 6.909600554418912 ], [ 79.863697925634469, 6.909605461496684 ], [ 79.863696492607176, 6.909607688662137 ], [ 79.863690496985726, 6.909616358250108 ], [ 79.86368581584766, 6.909623170200267 ], [ 79.863682342218539, 6.909626832803215 ], [ 79.863680612928931, 6.909630186238406 ], [ 79.863679098907198, 6.909632416378315 ], [ 79.863676088205594, 6.909636919641231 ], [ 79.863672115855664, 6.909642656646692 ], [ 79.863668278091581, 6.909648290063324 ], [ 79.863664133329522, 6.90965418804481 ], [ 79.863662640194107, 6.909656462820264 ], [ 79.863659770320098, 6.909660345699603 ], [ 79.863655737802475, 6.909666468459208 ], [ 79.863651409808838, 6.909673014967391 ], [ 79.863644663136569, 6.909684023030253 ], [ 79.863640605218805, 6.909690480519925 ], [ 79.863637681260656, 6.909695427870346 ], [ 79.863633500204273, 6.909702035692315 ], [ 79.863631385094621, 6.909705278944313 ], [ 79.863629310139714, 6.909709160831621 ], [ 79.863621854173701, 6.90972222631654 ], [ 79.863614370353517, 6.909736192604509 ], [ 79.863606278883395, 6.909752822044492 ], [ 79.8635997769792, 6.909769964983075 ], [ 79.863595278918552, 6.909784187206233 ], [ 79.86359155786505, 6.909797852967974 ], [ 79.863588669189653, 6.909812321589195 ], [ 79.863587588192544, 6.909818996894015 ], [ 79.86358677870264, 6.909823967187672 ], [ 79.863586713030472, 6.909827027681801 ], [ 79.863586411268756, 6.90983195628065 ], [ 79.863585954725593, 6.909844626890258 ], [ 79.863585478656333, 6.909854119966913 ], [ 79.863586312298281, 6.909859233659343 ], [ 79.863587059846296, 6.909865368519655 ], [ 79.863589473737761, 6.909878828588285 ], [ 79.863592911540707, 6.909893547742493 ], [ 79.863597852868565, 6.909908814591248 ], [ 79.863603468417722, 6.909921273871523 ], [ 79.863610292559244, 6.909932822852408 ], [ 79.86361866470655, 6.909944672221847 ], [ 79.863628485308354, 6.909957535842238 ], [ 79.863638646944793, 6.909970379372146 ], [ 79.863650012677013, 6.90998390362738 ], [ 79.863657894829231, 6.909992680905408 ], [ 79.86366101275037, 6.90999624461908 ], [ 79.863662734502441, 6.909998122846428 ], [ 79.863675208955343, 6.910011954804572 ], [ 79.863690780530121, 6.910029499722095 ], [ 79.863696464188266, 6.910036045481413 ], [ 79.863731770101538, 6.910074713003532 ] ] } },
{ "type": "Feature", "properties": { "roadSideLineId": "20", "height": 0.15 }, "geometry": { "type": "LineString", "coordinates": [ [ 79.863495995089579, 6.910029411609033 ], [ 79.863493033903595, 6.910035873724695 ], [ 79.863493725584576, 6.910037239928736 ], [ 79.863493846029897, 6.910038260927528 ], [ 79.863493966720227, 6.910039757681959 ], [ 79.863496872686198, 6.91005161523408 ], [ 79.863498075355224, 6.910051527115214 ], [ 79.863502110543678, 6.910058144678647 ], [ 79.863510383017626, 6.910069005566779 ], [ 79.863521359351424, 6.910082021335396 ], [ 79.863532482003052, 6.910094632903084 ], [ 79.863543274143282, 6.910106307478245 ], [ 79.863563667164996, 6.910127248184967 ], [ 79.863595207839197, 6.910159682281305 ], [ 79.863606890866762, 6.910172100604419 ], [ 79.863615785971916, 6.910180613925684 ], [ 79.863627948535253, 6.910192930211092 ], [ 79.863639186390856, 6.910204446604347 ], [ 79.863655619152723, 6.910221101712559 ], [ 79.863688556505082, 6.910254992663058 ], [ 79.863730168132051, 6.91029778042395 ], [ 79.863775871742789, 6.910345445454263 ], [ 79.863784629145954, 6.910354861054427 ], [ 79.863788040767375, 6.910358406628044 ], [ 79.863793644977463, 6.910364611447592 ], [ 79.863799566958846, 6.910371378064834 ], [ 79.863803794407801, 6.910375589864079 ], [ 79.863808411523721, 6.91038065218241 ], [ 79.863820200947458, 6.910393519306013 ], [ 79.863826194228622, 6.910399649189239 ], [ 79.863828794608324, 6.91040305788989 ], [ 79.86383161290739, 6.910406458006921 ], [ 79.863837104672214, 6.910411882207122 ], [ 79.86384367264435, 6.910418763026316 ], [ 79.863846958881098, 6.9104226958264 ], [ 79.863848705877302, 6.910424604639335 ], [ 79.863850632750996, 6.91042651725404 ], [ 79.863852372975174, 6.910428489194065 ], [ 79.863862723687632, 6.910439351924111 ], [ 79.86386274648811, 6.910439668373738 ], [ 79.863886159960643, 6.910465201816748 ], [ 79.863902786098251, 6.91048360485106 ], [ 79.863920673218161, 6.910503747067133 ], [ 79.863924385284562, 6.910507887339898 ], [ 79.863927990060574, 6.910511974603543 ], [ 79.863932596691825, 6.910517473230026 ], [ 79.863937293111334, 6.910522722625265 ], [ 79.863940794689057, 6.910526565860854 ], [ 79.863944000973362, 6.910530119460673 ], [ 79.863945800099302, 6.91053211169527 ], [ 79.863948232881398, 6.910534998193087 ], [ 79.863953819412231, 6.9105414769185 ], [ 79.86396052511131, 6.910549213954391 ], [ 79.863963436900036, 6.910552545507509 ], [ 79.863965125667107, 6.910554739572679 ], [ 79.863983867615602, 6.910576754085308 ], [ 79.864018798684427, 6.910618869593623 ], [ 79.864033947130167, 6.910637701016406 ], [ 79.864046158834157, 6.910652128603224 ], [ 79.864053420301133, 6.910660891182231 ], [ 79.864065221153226, 6.910675664981541 ], [ 79.864069887009407, 6.910681855651418 ], [ 79.864072073374246, 6.910684944495027 ], [ 79.864080111764707, 6.910694840131364 ], [ 79.864095924746238, 6.910715325769331 ], [ 79.864102156694486, 6.910723217553213 ], [ 79.864113998111918, 6.910738740622573 ], [ 79.864119916576072, 6.910746513348879 ], [ 79.864127395211923, 6.910756800990578 ], [ 79.864136501284122, 6.910768671592431 ], [ 79.864146807716764, 6.91078245991786 ], [ 79.864150409927177, 6.910787453806232 ], [ 79.864153238041467, 6.910791305253668 ], [ 79.864154744251906, 6.910793622227937 ], [ 79.864157267247293, 6.910796923994134 ], [ 79.864162281301034, 6.910804092539452 ], [ 79.86416772469191, 6.910811272313299 ], [ 79.864170748624034, 6.910815459565717 ], [ 79.864173372433171, 6.910819213992656 ], [ 79.864179013209096, 6.91082696656722 ], [ 79.864182009940379, 6.910831647501348 ], [ 79.864185491709733, 6.910836739253117 ], [ 79.864189701260713, 6.91084251467834 ], [ 79.86420173218724, 6.910860170194726 ], [ 79.8642092918777, 6.910871254689569 ], [ 79.864221457826559, 6.910889842129233 ], [ 79.86422696316238, 6.910898392645151 ], [ 79.864230393705142, 6.910903564730662 ], [ 79.864234809925918, 6.910910520238536 ], [ 79.864237946745263, 6.910914839599802 ], [ 79.864240668732535, 6.910919351668101 ], [ 79.864242356713135, 6.910921869634473 ], [ 79.864243903622139, 6.910923888602562 ], [ 79.864245996037013, 6.910927625444335 ], [ 79.864253282207756, 6.910938855138851 ], [ 79.864257816373936, 6.910946095855768 ], [ 79.864259842569922, 6.910949163504269 ], [ 79.864262483541125, 6.910953773144673 ], [ 79.864267967900801, 6.910961944335782 ], [ 79.864278300061457, 6.910978013692042 ], [ 79.864282107469009, 6.910983780599092 ], [ 79.864289132309494, 6.910995064901392 ], [ 79.864301304805082, 6.911014378315377 ], [ 79.86430552023478, 6.911021559273823 ], [ 79.864308014834492, 6.911025286426015 ], [ 79.864310767654302, 6.911029587762021 ], [ 79.864314811800085, 6.911036799812982 ], [ 79.864319792406505, 6.911044596955429 ], [ 79.864323013678799, 6.911049766524216 ], [ 79.864324501202191, 6.911052604016832 ], [ 79.864326154637325, 6.911055089705037 ], [ 79.864329875070226, 6.911061346570049 ], [ 79.864333186334775, 6.91106646774656 ], [ 79.864340384449761, 6.911077622928596 ], [ 79.864347371569224, 6.911089295131912 ], [ 79.864351129740399, 6.911095541182648 ], [ 79.864353764775885, 6.911100105122921 ], [ 79.864355524864692, 6.911103033802234 ], [ 79.86435756346583, 6.91110610466475 ], [ 79.864368648938679, 6.91112576984408 ], [ 79.864379456455978, 6.911145631643719 ], [ 79.864384944400584, 6.9111565922725 ], [ 79.86438806237426, 6.911162593076997 ], [ 79.864399378626047, 6.911186213124456 ], [ 79.864405423255462, 6.911199468274678 ], [ 79.864408542540332, 6.911206280994929 ], [ 79.864412344947965, 6.911214916757225 ], [ 79.86441484546485, 6.911220586998741 ], [ 79.864416866639658, 6.911225333174957 ], [ 79.86441794841987, 6.911228774646399 ], [ 79.864419201303434, 6.911231457546328 ], [ 79.864427475032372, 6.911256067276782 ], [ 79.864435223721216, 6.91128205609832 ], [ 79.864439159450129, 6.911298093378411 ], [ 79.864444681919153, 6.911323554038778 ], [ 79.864448261968406, 6.911343387196252 ], [ 79.864450091700334, 6.911354497502018 ], [ 79.86445137560797, 6.911363950247801 ], [ 79.864452344513609, 6.911374531072253 ], [ 79.864453338974258, 6.911388640355091 ], [ 79.864453369730541, 6.911402730491671 ], [ 79.864453246256332, 6.911418552414753 ], [ 79.864453193129961, 6.911436547467188 ], [ 79.86445324914061, 6.911447581773481 ], [ 79.864453258469865, 6.911452277313203 ], [ 79.864452810032333, 6.911456727375923 ], [ 79.864453291892417, 6.911476078874964 ], [ 79.864457406675086, 6.911475740997608 ], [ 79.864462261372154, 6.911474657964154 ], [ 79.86447010466982, 6.911473249589452 ], [ 79.864482082241423, 6.911471290908223 ], [ 79.86449113114152, 6.911469644549108 ], [ 79.86449851729688, 6.911468762849441 ], [ 79.864498990781598, 6.911468390932984 ], [ 79.864515991487863, 6.911467058347009 ], [ 79.864533493744702, 6.911465813970993 ], [ 79.864533726397795, 6.911458803833082 ], [ 79.864531978688262, 6.911450985393352 ], [ 79.864528841275586, 6.911439507181242 ], [ 79.864526982991492, 6.91143268554234 ], [ 79.864526295414279, 6.91143011870831 ], [ 79.864525025123939, 6.911425160086639 ], [ 79.864523137628794, 6.911418332785376 ], [ 79.864522389493189, 6.911415445517392 ], [ 79.864518760347181, 6.911403171890233 ], [ 79.864509562394062, 6.911370933833427 ], [ 79.864501266667119, 6.911341461193298 ], [ 79.864495035617466, 6.911319597751248 ], [ 79.8644902450541, 6.911302737342237 ], [ 79.864485488955921, 6.911287807548722 ], [ 79.864478706096875, 6.911270640374607 ], [ 79.864465145491323, 6.911240281671714 ], [ 79.864452762182182, 6.911215627434129 ], [ 79.864444506943087, 6.911199958245673 ], [ 79.864436507667222, 6.911185909327364 ], [ 79.864424281093576, 6.911165489100257 ], [ 79.864403304133702, 6.911131197714014 ], [ 79.864392314792156, 6.91111339534001 ], [ 79.864381349689637, 6.911094978378851 ], [ 79.864369059854738, 6.91107471424058 ], [ 79.864358077942455, 6.911055731755358 ], [ 79.864347339176064, 6.91103884460904 ], [ 79.864339140045033, 6.911025006215576 ], [ 79.864323687035807, 6.911000213892508 ], [ 79.864293588823529, 6.910950515774311 ], [ 79.86426629931789, 6.910909816346756 ], [ 79.864234481899985, 6.910863606019615 ], [ 79.864214213357755, 6.910836853623297 ], [ 79.86420857240978, 6.910825687941612 ], [ 79.864201935406157, 6.910815420347322 ], [ 79.86418555267889, 6.910794199034433 ], [ 79.864170832307948, 6.910771250796151 ], [ 79.864145265925274, 6.910736676887083 ], [ 79.864126756808417, 6.910712284589775 ], [ 79.864087329786855, 6.910661475401072 ], [ 79.864060130531485, 6.910626894080985 ], [ 79.864039267303667, 6.910601178122215 ], [ 79.863998784273591, 6.910552709186898 ], [ 79.863944405994744, 6.910490539314198 ], [ 79.863926087067938, 6.910469599775396 ], [ 79.863923524326452, 6.910466577743715 ], [ 79.86389822121842, 6.910438274298591 ], [ 79.863878276224881, 6.910416426335715 ], [ 79.8638524617038, 6.910388726556199 ], [ 79.86379337540356, 6.91032486942756 ], [ 79.863737032339188, 6.91026319627687 ], [ 79.86368995169471, 6.910211486703163 ], [ 79.863656017778268, 6.910175305302782 ], [ 79.863634303249711, 6.910151941774703 ], [ 79.863599409302438, 6.910112370534248 ], [ 79.863566080613126, 6.910074079599197 ], [ 79.863543822047362, 6.91004785878753 ], [ 79.863521268849524, 6.91002257085433 ], [ 79.863512297871011, 6.910021084009971 ], [ 79.863508428021191, 6.910021105593557 ], [ 79.863503866948165, 6.910022390426714 ], [ 79.863503046603682, 6.910022191435805 ] ] } },
{ "type": "Feature", "properties": { "roadSideLineId": "21", "height": 0.15 }, "geometry": { "type": "LineString", "coordinates": [ [ 79.864660927781898, 6.911296553374552 ], [ 79.864654530988716, 6.911297281887879 ], [ 79.8646507003875, 6.911297232746513 ], [ 79.864646205944211, 6.911296294608977 ], [ 79.864639811309402, 6.911293951000784 ], [ 79.864633077753211, 6.911290589660795 ], [ 79.864628028215563, 6.911287290863251 ], [ 79.864623119716342, 6.911282961014247 ], [ 79.864614098503807, 6.911272826217207 ], [ 79.864605980543374, 6.911261646208193 ], [ 79.864597303369337, 6.911248633078396 ], [ 79.864591723236032, 6.911238568737796 ], [ 79.86458433161765, 6.911225661312234 ], [ 79.864576273957582, 6.911210430170651 ], [ 79.864539010230402, 6.911139330407912 ], [ 79.864518345733714, 6.911098209805667 ], [ 79.86451443581629, 6.911087758461235 ], [ 79.864514099630398, 6.911084058356882 ], [ 79.864514272125106, 6.911081387439506 ], [ 79.864524029204674, 6.911063268405418 ], [ 79.864532978776069, 6.911046121852647 ] ] } },
{ "type": "Feature", "properties": { "roadSideLineId": "22", "height": 0.15 }, "geometry": { "type": "LineString", "coordinates": [ [ 79.864487191006546, 6.910986172044343 ], [ 79.864481045630257, 6.910986209540235 ], [ 79.864476980574608, 6.910985877724247 ], [ 79.864472854063038, 6.910985035762479 ], [ 79.86446684216115, 6.910983247617486 ], [ 79.864461569270617, 6.910981270523276 ], [ 79.864458177906059, 6.910979570454555 ], [ 79.864452895507213, 6.910975536130694 ], [ 79.864444615162981, 6.910967197700915 ], [ 79.864438254640746, 6.910958391944033 ], [ 79.864415317002809, 6.910920921320143 ], [ 79.864403735842046, 6.910902006059921 ], [ 79.864399058865061, 6.910894788676478 ], [ 79.864381444989107, 6.91087180377626 ], [ 79.864367633534641, 6.91085200893273 ] ] } },
{ "type": "Feature", "properties": { "roadSideLineId": "23", "height": 0.15 }, "geometry": { "type": "LineString", "coordinates": [ [ 79.861450230240735, 6.911662710569566 ], [ 79.861466572291747, 6.911662713461278 ], [ 79.861475062851483, 6.911662792145299 ], [ 79.861480828622334, 6.911662742664375 ], [ 79.861498846342172, 6.911663001279539 ], [ 79.861539648751815, 6.911663782712367 ], [ 79.861551029708693, 6.911664173433902 ], [ 79.861561511185045, 6.911664702796291 ], [ 79.861569247533609, 6.911665265823156 ], [ 79.861573901851699, 6.911665577590602 ], [ 79.861575769698945, 6.911667764732383 ], [ 79.861576908607745, 6.911667899837838 ], [ 79.861578259408745, 6.911666534669338 ], [ 79.861597141634846, 6.911666836639491 ], [ 79.861623227003079, 6.911668616114063 ], [ 79.861644061749146, 6.911670185080887 ], [ 79.861664739840123, 6.9116716069619 ], [ 79.861671449183405, 6.911672302499689 ], [ 79.861688239128028, 6.911673773540457 ], [ 79.861717007316997, 6.911676474503824 ], [ 79.861735341884341, 6.911678365332365 ], [ 79.861750744066455, 6.91168011793066 ], [ 79.861762653871082, 6.911681745530274 ], [ 79.861792166549051, 6.911685118124907 ], [ 79.861803562969072, 6.911686311938353 ], [ 79.861808064312655, 6.911686925684578 ], [ 79.861822835479643, 6.911688645296452 ], [ 79.861834264009218, 6.911690006120622 ], [ 79.861841976388206, 6.911690802292644 ], [ 79.861842139200945, 6.911690575237642 ], [ 79.861865486290029, 6.911693241572796 ], [ 79.861878181510477, 6.911694594632197 ], [ 79.861885428426078, 6.911695574473787 ], [ 79.861889246298659, 6.911695999862031 ], [ 79.861893681497719, 6.911696374915722 ], [ 79.861927739855602, 6.911700323803918 ], [ 79.861976097606018, 6.911705727679364 ], [ 79.862011818060864, 6.911710083510788 ], [ 79.862020004100088, 6.911710650729174 ], [ 79.86203614812645, 6.911712558272227 ], [ 79.862052765798879, 6.911714529575621 ], [ 79.862074959760776, 6.911717034266323 ], [ 79.862098742072376, 6.911719798691314 ], [ 79.862104722642229, 6.911720274853502 ], [ 79.862117048480414, 6.911721468917047 ], [ 79.862125990606216, 6.911722304243568 ], [ 79.862141091206752, 6.911723928699343 ], [ 79.862156870986979, 6.911725167388719 ], [ 79.862184442734247, 6.911726946613785 ], [ 79.86219450666006, 6.911727790732363 ], [ 79.862199354225282, 6.911728088898222 ], [ 79.862203663356851, 6.911728404506077 ], [ 79.862228911835459, 6.911729986557265 ], [ 79.862246138335578, 6.911731197399751 ], [ 79.86225453167188, 6.911731807672719 ], [ 79.862258650230743, 6.911731905608253 ], [ 79.862288379256427, 6.911733800383269 ], [ 79.862295767968718, 6.911733920495647 ], [ 79.862315161594665, 6.91173486272227 ], [ 79.862337948853423, 6.911735900048781 ], [ 79.862350666877376, 6.911736587168587 ], [ 79.862360569753051, 6.91173697149783 ], [ 79.862365174769764, 6.911737215945967 ], [ 79.862368002737895, 6.911737257928543 ], [ 79.862390163489891, 6.911737847273194 ], [ 79.86240431270906, 6.911738442904347 ], [ 79.862417010387929, 6.911738995858943 ], [ 79.862417233882766, 6.911738861441901 ], [ 79.862442892377175, 6.911739430425814 ], [ 79.862466523688411, 6.911739930905283 ], [ 79.862505948234443, 6.911740232011336 ], [ 79.862543540334784, 6.911740338937647 ], [ 79.86257295522536, 6.911740426066182 ], [ 79.862606914783257, 6.911740411893674 ], [ 79.862611332026162, 6.911740458417992 ], [ 79.862620140974002, 6.911740264448387 ], [ 79.862634106942863, 6.91174025799525 ], [ 79.862638732560498, 6.911740276600873 ], [ 79.862648417086874, 6.911740044483516 ], [ 79.862663606351845, 6.91173982643542 ], [ 79.862669509309811, 6.911739785725559 ], [ 79.862673322008874, 6.911739846287656 ], [ 79.862682401571178, 6.911739553695182 ], [ 79.862696562546063, 6.911739432346343 ], [ 79.862705980319404, 6.911739678472506 ], [ 79.862711623123275, 6.911739474847264 ], [ 79.862718576356031, 6.911739286396126 ], [ 79.862741620569935, 6.911739116919239 ], [ 79.862750273801623, 6.911738986242593 ], [ 79.862753377347161, 6.911739007362577 ], [ 79.862767675066223, 6.911738796579819 ], [ 79.862790595381526, 6.911738684606773 ], [ 79.862802178877544, 6.911738557872568 ], [ 79.862814139018695, 6.911738449508706 ], [ 79.862831399528886, 6.911738278756085 ], [ 79.86284050941903, 6.911738085536222 ], [ 79.862843123113734, 6.91173805354176 ], [ 79.862849687825943, 6.911737963763379 ], [ 79.862849804878252, 6.911737722665447 ], [ 79.862881667013539, 6.911737481964794 ], [ 79.862896369869148, 6.911737303167188 ], [ 79.862912362953779, 6.911737317898394 ], [ 79.862912543348386, 6.911737165736374 ], [ 79.862932096174831, 6.911736981370303 ], [ 79.862939563558314, 6.911736954001864 ], [ 79.862947792041098, 6.911736878599702 ], [ 79.86295388753922, 6.91173680833514 ], [ 79.862966108009218, 6.911736529278586 ], [ 79.862981245135884, 6.911736426964519 ], [ 79.862987404836218, 6.91173629842784 ], [ 79.863004308462365, 6.91173611957645 ], [ 79.863052915297985, 6.91173533866396 ], [ 79.863071946901044, 6.911734944078447 ], [ 79.863080477931376, 6.911734597457339 ], [ 79.863083817958312, 6.911734685674535 ], [ 79.863086441105565, 6.911734642047262 ], [ 79.863089953983717, 6.911734642093329 ], [ 79.863103508828445, 6.911734328706285 ], [ 79.863120086118855, 6.911734166166684 ], [ 79.863138564962682, 6.911733876609492 ], [ 79.863164516431866, 6.911733608706541 ], [ 79.863186750053245, 6.911733292884826 ], [ 79.863220681488926, 6.911732860104522 ], [ 79.863247368818264, 6.911732676140566 ], [ 79.863269931341065, 6.911732453213886 ], [ 79.863270222898421, 6.911732082820373 ], [ 79.863293503270853, 6.911731988194397 ], [ 79.863305847526291, 6.911731899687784 ], [ 79.863318317312618, 6.911731734446271 ], [ 79.863386364471395, 6.911730887086361 ], [ 79.863478355388764, 6.911729693175318 ], [ 79.863503681929046, 6.911729531984308 ], [ 79.863552031150633, 6.911728930565815 ], [ 79.863592028034802, 6.911728509121213 ], [ 79.863616928433899, 6.911728159431765 ], [ 79.863637890079161, 6.911727989068019 ], [ 79.863667604706507, 6.911727514117059 ], [ 79.863675116689507, 6.91172736099477 ], [ 79.863686311723654, 6.911727285121834 ], [ 79.863704393064609, 6.91172702821061 ], [ 79.863716934219781, 6.911726914081123 ], [ 79.863731130566521, 6.911726675752811 ], [ 79.863772595327958, 6.911726336586526 ], [ 79.863784239696017, 6.911726330827053 ], [ 79.863788814995459, 6.911726144366097 ], [ 79.863800807081972, 6.911726012923197 ], [ 79.8638103537902, 6.911725837907222 ], [ 79.863814107958163, 6.911725674998549 ], [ 79.86381694617711, 6.911725768080158 ], [ 79.863821468669599, 6.91172571457337 ], [ 79.863824137147873, 6.911725486364522 ], [ 79.863836041501742, 6.911725233164614 ], [ 79.863846890490379, 6.911725316903696 ], [ 79.863861925107514, 6.911725202472794 ], [ 79.863874975865016, 6.911725178670644 ], [ 79.863882589319857, 6.911724928022773 ], [ 79.863894955684728, 6.911724698978764 ], [ 79.863906385833602, 6.911724686897792 ], [ 79.863933676519935, 6.911724444575429 ], [ 79.863956600728642, 6.911724114046402 ], [ 79.863985670161355, 6.911723876582881 ], [ 79.864010441176021, 6.911723640671408 ], [ 79.864019071975278, 6.91172358419234 ], [ 79.86402420198425, 6.911723605153657 ], [ 79.8640243321653, 6.911723464267076 ], [ 79.864041778133185, 6.911723273646453 ], [ 79.864053061344293, 6.911723168521724 ], [ 79.864081232492168, 6.911723209720811 ], [ 79.864088690419862, 6.911723551561099 ], [ 79.864094663121335, 6.911723164200985 ], [ 79.864103522789023, 6.911722720253036 ], [ 79.864104477635991, 6.911723533175861 ], [ 79.864103937813596, 6.911737070384308 ], [ 79.864102523768466, 6.911753569288139 ], [ 79.864077502769177, 6.911754443377741 ], [ 79.864037241287136, 6.911754883327341 ], [ 79.864001599576156, 6.911755107315225 ], [ 79.86397220768481, 6.911755408002702 ], [ 79.863966495610924, 6.911755597294809 ], [ 79.863951295332384, 6.911755849307557 ], [ 79.863930649894371, 6.91175591907961 ], [ 79.863909056843553, 6.911756148602302 ], [ 79.863895063913375, 6.911756237727428 ], [ 79.863864317942131, 6.911756656200727 ], [ 79.863846893978177, 6.91175683959715 ], [ 79.863778452400723, 6.911757635330428 ], [ 79.863724256096262, 6.911756600729446 ], [ 79.863720134170094, 6.911758359354391 ], [ 79.863716649735466, 6.911755003395378 ], [ 79.863713668148534, 6.91175793730832 ], [ 79.863702345657515, 6.911758277686883 ], [ 79.863696588089979, 6.911758624040402 ], [ 79.863689909930386, 6.911758741127434 ], [ 79.863676522511639, 6.911758878386483 ], [ 79.863651595959155, 6.911759383529457 ], [ 79.86363662411182, 6.911759644989691 ], [ 79.863627367273082, 6.911759417651591 ], [ 79.863617983904135, 6.911759452453324 ], [ 79.863609053898372, 6.911759623963679 ], [ 79.86360503604557, 6.911759925663697 ], [ 79.863593621305412, 6.911760051973492 ], [ 79.8635781767303, 6.911760054431015 ], [ 79.863553434481716, 6.911760321221512 ], [ 79.863544352226455, 6.911760362019679 ], [ 79.863521425771523, 6.91176062124998 ], [ 79.863510202754583, 6.911760886963659 ], [ 79.86348873046326, 6.911761185143161 ], [ 79.863471200858399, 6.911761273655753 ], [ 79.863455830935976, 6.9117614628181 ], [ 79.863368078128218, 6.91176227432341 ], [ 79.863367654840658, 6.91176263022164 ], [ 79.863340001526808, 6.911762703311373 ], [ 79.863326434739037, 6.91176289305529 ], [ 79.863315691398356, 6.911763077886558 ], [ 79.863307333541258, 6.911763306182817 ], [ 79.86329182721822, 6.911763845047266 ], [ 79.863280144346618, 6.911764673497567 ], [ 79.863265481444074, 6.911764574169652 ], [ 79.863242918074917, 6.911764013973266 ], [ 79.863233389357774, 6.911764087337925 ], [ 79.863227380060565, 6.911764026753397 ], [ 79.863215625055474, 6.911764275351676 ], [ 79.86320016127425, 6.911764343036714 ], [ 79.863190920072398, 6.911764533756768 ], [ 79.863187198247587, 6.911764560212114 ], [ 79.863182548202204, 6.911764676455077 ], [ 79.863179606225415, 6.911764632162817 ], [ 79.863177005482328, 6.91176469969861 ], [ 79.863174176215992, 6.911764651630908 ], [ 79.863169519280675, 6.91176475465753 ], [ 79.863161800880221, 6.911764791299134 ], [ 79.863155446217576, 6.911765029498745 ], [ 79.863146494818409, 6.911765043021219 ], [ 79.863143505810626, 6.911764975021737 ], [ 79.863131308890559, 6.911765238431838 ], [ 79.863095498314451, 6.911765666481013 ], [ 79.863083355978702, 6.91176590740659 ], [ 79.86307062810765, 6.911765876534126 ], [ 79.86306029575141, 6.911766012241181 ], [ 79.863054224539823, 6.91176623907508 ], [ 79.863045219191761, 6.911766339012412 ], [ 79.863037038265048, 6.911766547567208 ], [ 79.863023285327657, 6.911766508101103 ], [ 79.862998773819584, 6.911766787921068 ], [ 79.862971011166437, 6.911766992177868 ], [ 79.862957964496744, 6.911767280630897 ], [ 79.86295282323367, 6.911767508015588 ], [ 79.862943066173827, 6.91176719753578 ], [ 79.862937480765638, 6.911767133054221 ], [ 79.862932338215742, 6.911767396021528 ], [ 79.862922572259393, 6.911767439003107 ], [ 79.862917593109771, 6.911767340800647 ], [ 79.862907668446212, 6.911767547955852 ], [ 79.862894041242299, 6.911767636574052 ], [ 79.862881890334094, 6.911767772820577 ], [ 79.862876496072744, 6.911767915487856 ], [ 79.862863808795055, 6.911767961239732 ], [ 79.862853118463349, 6.911768136912418 ], [ 79.862846846347239, 6.911768196561189 ], [ 79.86284292469189, 6.911768338648218 ], [ 79.862833725513781, 6.911768412887151 ], [ 79.862826875285464, 6.911768670151113 ], [ 79.862816576024116, 6.911768717831227 ], [ 79.86280669372367, 6.911768983878056 ], [ 79.862796521342872, 6.911769052517751 ], [ 79.862786038044021, 6.911769306035452 ], [ 79.862779580270612, 6.911769169969903 ], [ 79.862766148235892, 6.911769440106812 ], [ 79.862749059585227, 6.911769784954971 ], [ 79.862733419124638, 6.911770103332841 ], [ 79.862722037121756, 6.911770141656646 ], [ 79.862700552092008, 6.911770338947874 ], [ 79.862686572772631, 6.911770449728867 ], [ 79.862681600860213, 6.911770530971936 ], [ 79.86267453897679, 6.91177063464618 ], [ 79.862658215278657, 6.911770920828483 ], [ 79.862645409488749, 6.91177110017532 ], [ 79.862640126027202, 6.911771221580702 ], [ 79.862634307920246, 6.911771278963344 ], [ 79.862608718952345, 6.911771242076107 ], [ 79.862579480490027, 6.911771207124045 ], [ 79.86256227470605, 6.911771390454416 ], [ 79.862546863872723, 6.911771294012235 ], [ 79.862537632512613, 6.911771192801881 ], [ 79.862527324034446, 6.911770954623758 ], [ 79.862510391407241, 6.911770875772712 ], [ 79.862497405670922, 6.9117708215409 ], [ 79.862476952988402, 6.911770491786152 ], [ 79.862463008738771, 6.911770100501456 ], [ 79.862434655242893, 6.911769491804074 ], [ 79.862417477045398, 6.911769243050197 ], [ 79.862408950707078, 6.911768960137846 ], [ 79.862401175242127, 6.911768895049014 ], [ 79.86237926230406, 6.911768456070334 ], [ 79.862360684169275, 6.911767812984411 ], [ 79.862352772829837, 6.911767348563387 ], [ 79.862347248219692, 6.911767229838878 ], [ 79.862303390895661, 6.911765385685886 ], [ 79.862249114996047, 6.911762661890616 ], [ 79.862227160430706, 6.911761352580533 ], [ 79.862223513945992, 6.911761133942134 ], [ 79.862210231301745, 6.911760287262993 ], [ 79.862197321490143, 6.911759527956535 ], [ 79.862192945986237, 6.911759095366294 ], [ 79.862155749511587, 6.911756375123463 ], [ 79.862130733019512, 6.911754422245433 ], [ 79.862114941247171, 6.911753197716208 ], [ 79.862110616674883, 6.911752826965489 ], [ 79.862093921176012, 6.911751404264404 ], [ 79.862062457724093, 6.911748644327756 ], [ 79.862050094239592, 6.911747649123881 ], [ 79.862044965796429, 6.911747197976381 ], [ 79.862038018249564, 6.911746710481157 ], [ 79.862024535436177, 6.911745525157977 ], [ 79.862013495895781, 6.911744495450952 ], [ 79.862003082266398, 6.911743130039758 ], [ 79.861992172308021, 6.911742176619147 ], [ 79.861984254671157, 6.911741060300281 ], [ 79.861973735062222, 6.911739769743109 ], [ 79.861958531572185, 6.911738278861582 ], [ 79.86194355049544, 6.911736673125478 ], [ 79.861935518125563, 6.911735555583028 ], [ 79.861926889180239, 6.911734558530862 ], [ 79.861914880985537, 6.911733435615455 ], [ 79.861908621034559, 6.91173243535296 ], [ 79.861901926359423, 6.911731509339395 ], [ 79.861897833203244, 6.911731084383637 ], [ 79.861889501616005, 6.911730029504709 ], [ 79.861882766189623, 6.911729331817383 ], [ 79.861877556758401, 6.911728652035951 ], [ 79.861869071084541, 6.911727590475022 ], [ 79.861862073412567, 6.911726865208128 ], [ 79.861841987958528, 6.911724417248844 ], [ 79.861818306894406, 6.911721618571437 ], [ 79.861804933915721, 6.911719965548735 ], [ 79.861769435391437, 6.911716068256831 ], [ 79.861706972102525, 6.911710037270747 ], [ 79.861641985753934, 6.911703085852342 ] ] } },
{ "type": "Feature", "properties": { "roadSideLineId": "24", "height": 0.15 }, "geometry": { "type": "LineString", "coordinates": [ [ 79.864140772927186, 6.911751588481817 ], [ 79.864139720747261, 6.911742272576126 ], [ 79.864137080176107, 6.911723080405781 ], [ 79.864153612550908, 6.91172186330127 ], [ 79.8641661453822, 6.911721241782589 ], [ 79.864179502349387, 6.911720437021442 ], [ 79.864188202966986, 6.911719589483086 ], [ 79.864202556959029, 6.911717612235047 ], [ 79.864218283824528, 6.911715112912423 ], [ 79.864233725386441, 6.911712297148971 ], [ 79.864249582532011, 6.911708687389175 ], [ 79.86426394846039, 6.911704832663307 ], [ 79.864283789619222, 6.91169991628766 ], [ 79.864284348188249, 6.911703012556342 ], [ 79.864284679501083, 6.911705993537529 ], [ 79.864285016407806, 6.911710165913552 ], [ 79.864285791401272, 6.91171790332308 ], [ 79.86428607448336, 6.91172229457269 ], [ 79.864286454934941, 6.911726407427857 ], [ 79.864287048369462, 6.911730772182418 ], [ 79.864288693581557, 6.911740528524109 ], [ 79.864291594907016, 6.911753623646251 ], [ 79.864294414214044, 6.911769874061521 ], [ 79.864288099123442, 6.911769213767698 ], [ 79.864283918446162, 6.911768467109341 ], [ 79.864275160527484, 6.911767043333003 ], [ 79.864259795399533, 6.91176420788579 ], [ 79.864249395919686, 6.911762495256486 ], [ 79.864212810984725, 6.911757559014838 ], [ 79.864185490569653, 6.911754724838646 ], [ 79.864175931842851, 6.91175408584675 ], [ 79.864172832194527, 6.911753872535924 ], [ 79.8641702647854, 6.911753860419807 ], [ 79.864141047637474, 6.911753302262107 ] ] } },
{ "type": "Feature", "properties": { "roadSideLineId": "25", "height": 0.15 }, "geometry": { "type": "LineString", "coordinates": [ [ 79.859439447170388, 6.906787912177766 ], [ 79.859445705873881, 6.906775167338464 ], [ 79.859453383459652, 6.906759248336675 ], [ 79.859457575818737, 6.906750789984387 ], [ 79.859458492403576, 6.906748753193864 ], [ 79.859461357619125, 6.906742605046408 ], [ 79.859472680058275, 6.906719288314456 ], [ 79.859479953926424, 6.906704794679385 ], [ 79.85948231341807, 6.906700687253078 ], [ 79.859489303748916, 6.906688737250408 ], [ 79.859492329701283, 6.906683008524481 ], [ 79.859497794492341, 6.906676587637458 ], [ 79.859502072731033, 6.906672230542739 ], [ 79.85951288136539, 6.906664884500382 ], [ 79.859522533210878, 6.906664583459904 ], [ 79.859525062448455, 6.906664908453474 ], [ 79.859527431069225, 6.906665429318594 ], [ 79.859530524872781, 6.906666526103931 ], [ 79.859537143901434, 6.906670036683237 ], [ 79.859544635412306, 6.906675805165441 ], [ 79.859552877337109, 6.906684750410984 ], [ 79.859567446261366, 6.906702795014729 ], [ 79.859566890219853, 6.906709682367409 ], [ 79.859565757817549, 6.906717595845459 ], [ 79.859565228397997, 6.906723457308059 ], [ 79.859576878633376, 6.90673990442277 ], [ 79.859585898934625, 6.906752792813031 ], [ 79.8596118329653, 6.906788979155658 ], [ 79.859629214672665, 6.906813586043786 ], [ 79.859638229332134, 6.906823646072814 ], [ 79.859642635256606, 6.906824235412913 ], [ 79.859654197899431, 6.906826419089723 ], [ 79.859662860214385, 6.906838603315982 ], [ 79.859671901262686, 6.906851493189299 ], [ 79.859682605608711, 6.90686665789964 ], [ 79.859706761660476, 6.906901807939022 ], [ 79.859732507182926, 6.906939124052536 ], [ 79.859750459801205, 6.906965337707228 ], [ 79.859766787585556, 6.906988895554877 ], [ 79.859787314206883, 6.907018648312244 ], [ 79.859812903542647, 6.907055552567233 ], [ 79.859815457040455, 6.907059842688301 ], [ 79.859819818406848, 6.907066196252819 ], [ 79.859837078046354, 6.907090993620026 ], [ 79.859872504862125, 6.90714273795054 ], [ 79.859898156409685, 6.907180866403223 ], [ 79.859904409543091, 6.907190206702945 ], [ 79.859924436377938, 6.907220334808907 ], [ 79.859953551300904, 6.907264107514016 ], [ 79.859964237503917, 6.907281596084016 ], [ 79.859978533933372, 6.907304488927202 ], [ 79.859993692420105, 6.907328354310331 ], [ 79.860026770234043, 6.907379672594902 ], [ 79.860095489269455, 6.907488279201083 ], [ 79.860294177563475, 6.907801725735942 ], [ 79.860314560612807, 6.907834197528542 ], [ 79.860319566283181, 6.907841895696851 ], [ 79.860321992580097, 6.907846037967188 ], [ 79.860324334884922, 6.907849809691633 ], [ 79.860326402039064, 6.907852972457648 ], [ 79.860328461441696, 6.907855931248803 ], [ 79.860334648530056, 6.907866059367259 ], [ 79.860340728509286, 6.907875961571534 ], [ 79.860355211021655, 6.907900337056534 ], [ 79.86036273881308, 6.907913315144061 ], [ 79.860374385678497, 6.907933021353225 ], [ 79.860418395814861, 6.908009368259622 ], [ 79.860428055114767, 6.908026435241745 ], [ 79.860432122413968, 6.908033610937396 ], [ 79.860436154179851, 6.908041050561455 ], [ 79.860438987611928, 6.908046700237405 ], [ 79.860443959223403, 6.908054974017933 ], [ 79.860447786558595, 6.908061597830881 ], [ 79.860452812457055, 6.908072249906994 ], [ 79.860480668942742, 6.90813556464114 ], [ 79.86048933263551, 6.908155774754873 ], [ 79.860490474449819, 6.908158501574944 ], [ 79.860494715167519, 6.90817036055064 ], [ 79.860500058803652, 6.908186790400488 ], [ 79.860506737883171, 6.908210417935395 ], [ 79.860510391352705, 6.908224505680906 ], [ 79.860517583834636, 6.908252934707862 ], [ 79.860523849552848, 6.908280063612653 ], [ 79.860525656874188, 6.908290208341318 ], [ 79.860526960651754, 6.908297465191088 ], [ 79.860528262911615, 6.908303190556932 ], [ 79.860543444953848, 6.90837984913207 ], [ 79.860551387347641, 6.908421192969508 ], [ 79.860552721129736, 6.908428445941051 ], [ 79.860554443795436, 6.908438295042597 ], [ 79.860568468728658, 6.908510270481873 ], [ 79.860577181009148, 6.9085553867748 ], [ 79.860582093085682, 6.90858144043702 ], [ 79.860591285289658, 6.908624299630802 ], [ 79.86059588366399, 6.908647231724464 ], [ 79.860597467320233, 6.908660412900781 ], [ 79.860600443213102, 6.908678154123009 ], [ 79.860603395194701, 6.908694206290932 ], [ 79.860605170722565, 6.908703903873366 ], [ 79.860606851735369, 6.908713706304628 ], [ 79.86057535345509, 6.908724483899113 ], [ 79.86054800323501, 6.908733111756365 ], [ 79.860504072843128, 6.908747151953745 ], [ 79.860479240166029, 6.908754209053403 ] ] } },
{ "type": "Feature", "properties": { "roadSideLineId": "26", "height": 0.15 }, "geometry": { "type": "LineString", "coordinates": [ [ 79.860505699202577, 6.908804074667249 ], [ 79.860528531249003, 6.908796479388005 ], [ 79.86055744907766, 6.908787949422628 ], [ 79.860609208153889, 6.908778515444229 ], [ 79.860605882555078, 6.908780991714501 ], [ 79.860600277958596, 6.90878499643125 ], [ 79.860595172627299, 6.908789070537551 ], [ 79.860604821011265, 6.908836881192181 ], [ 79.86061197639259, 6.908874854527191 ], [ 79.860635528163328, 6.908880271284525 ], [ 79.860645190462478, 6.908927885502387 ], [ 79.860654456465738, 6.90897934299137 ], [ 79.860659435077622, 6.909010365215525 ], [ 79.860662045809775, 6.90902966420301 ], [ 79.860663504292702, 6.909041841141693 ], [ 79.860664305715218, 6.909050732646078 ], [ 79.860664833850194, 6.909059782359451 ], [ 79.860665274157981, 6.909064094975558 ], [ 79.860665449539127, 6.909070621475855 ], [ 79.860666103361766, 6.909090482985251 ], [ 79.860666739345859, 6.909111630128977 ], [ 79.860666909741212, 6.909111838076688 ], [ 79.860666290392459, 6.909134002672115 ], [ 79.860665559822451, 6.909142768553665 ], [ 79.860665184786143, 6.909147526618074 ], [ 79.860663574362221, 6.909160963297179 ], [ 79.860661343189165, 6.90917464949348 ], [ 79.86065795251119, 6.90918901253073 ], [ 79.860655246366576, 6.909198577454188 ], [ 79.860653262933184, 6.909203871713238 ] ] } },
{ "type": "Feature", "properties": { "roadSideLineId": "27", "height": 0.15 }, "geometry": { "type": "LineString", "coordinates": [ [ 79.860154591830465, 6.907357459322264 ], [ 79.860161443860846, 6.907379404263609 ], [ 79.860169027602055, 6.907399665697737 ], [ 79.860179707447728, 6.907419808393422 ], [ 79.860194001926487, 6.907445042416124 ], [ 79.86019984007541, 6.907455098480161 ], [ 79.860202011838609, 6.907458928662701 ], [ 79.86020440387324, 6.907462684690849 ], [ 79.860207649909583, 6.907468236127228 ], [ 79.860211484463647, 6.907474553876564 ], [ 79.860213923312983, 6.90747865663197 ], [ 79.860216253069325, 6.907482347078556 ], [ 79.860217683950339, 6.907484671731912 ], [ 79.860219155239463, 6.907486896421514 ], [ 79.860220322427537, 6.907489127577924 ], [ 79.860223601273134, 6.907494155415415 ], [ 79.860228979439682, 6.907503271098819 ], [ 79.860231403017224, 6.907507231532977 ], [ 79.860233114613592, 6.907509443557866 ], [ 79.86023441653991, 6.907511861967619 ], [ 79.860235633765214, 6.907514230734777 ], [ 79.860238065517578, 6.907517728183028 ], [ 79.860242036773315, 6.907524418569324 ], [ 79.860244833851326, 6.907528603816981 ], [ 79.860247640021583, 6.907533339619597 ], [ 79.860249970321661, 6.907537515899635 ], [ 79.860251594790597, 6.907539896965477 ], [ 79.860253996272363, 6.907544187698407 ], [ 79.860260224444403, 6.907554319553021 ], [ 79.860266235801205, 6.90756462052691 ], [ 79.860276900001452, 6.907582194747738 ], [ 79.860280614599134, 6.907588036833014 ], [ 79.860284475073655, 6.90759466573908 ], [ 79.86028715081396, 6.907598814018598 ], [ 79.860289498871765, 6.907603212411422 ], [ 79.860291215781871, 6.907605742081255 ], [ 79.860292556085369, 6.907608025208515 ], [ 79.860294021428999, 6.907610245572624 ], [ 79.860295726115311, 6.907613139797594 ], [ 79.860299915165996, 6.90761980996184 ], [ 79.860302511824642, 6.907624561237196 ], [ 79.860305082087436, 6.9076288827217 ], [ 79.860306784981034, 6.907631357032974 ], [ 79.860308285341503, 6.907633701527899 ], [ 79.860309670840167, 6.907636174390001 ], [ 79.860311511488405, 6.907639191513669 ], [ 79.860316891131902, 6.90764853118521 ], [ 79.860320467478786, 6.907654493584932 ], [ 79.860321898972018, 6.907657243555488 ], [ 79.860323870125683, 6.907660314939889 ], [ 79.860332950427178, 6.907675629321154 ], [ 79.860361332102926, 6.907722461451481 ], [ 79.860371705947756, 6.90774025886125 ], [ 79.860374041763421, 6.907744082671722 ], [ 79.860377902018328, 6.907750644909245 ], [ 79.860382413195168, 6.90775808590738 ], [ 79.860386448349701, 6.907765207017837 ], [ 79.860419735426831, 6.907820861757748 ], [ 79.860436429521585, 6.907849208854064 ], [ 79.860463345859429, 6.907895424781583 ], [ 79.860479966130725, 6.90792314941808 ], [ 79.860494334297627, 6.90794641213177 ], [ 79.860511290200265, 6.907974533175859 ], [ 79.86053440530354, 6.908014095055982 ], [ 79.860551247621515, 6.908043640621153 ], [ 79.860571539280741, 6.908085932691251 ], [ 79.860582723244107, 6.908109856201914 ], [ 79.860586150643783, 6.908119198208825 ], [ 79.860589408955036, 6.908129257245965 ], [ 79.860594770630925, 6.908147250481778 ], [ 79.860601287778749, 6.908172714451385 ], [ 79.860604550722854, 6.908188884837789 ], [ 79.860605797691164, 6.908194757474045 ], [ 79.860605872361788, 6.908198905883676 ], [ 79.860607501053863, 6.908202807201576 ], [ 79.860610403633032, 6.908218012195836 ], [ 79.860613605030593, 6.908235484029771 ], [ 79.860618483851113, 6.908262301553646 ], [ 79.860627193091503, 6.908309518594809 ], [ 79.860631582184965, 6.908333313874603 ], [ 79.86063304669176, 6.908340593236957 ], [ 79.860633765664943, 6.908345559001576 ], [ 79.860634516686119, 6.908350168742905 ], [ 79.860635351080376, 6.90835279126675 ], [ 79.860635718150732, 6.908355485469642 ], [ 79.860636082008952, 6.908358212407366 ], [ 79.860637130428344, 6.908362931632416 ], [ 79.860638566529971, 6.908370400036856 ], [ 79.860639243572621, 6.908375157438089 ], [ 79.860639742215724, 6.90837973300099 ], [ 79.860640641052399, 6.908382344609732 ], [ 79.860641033231246, 6.908385000214715 ], [ 79.860641537270936, 6.908387670187921 ], [ 79.860642001871497, 6.908391570399117 ], [ 79.860643233970407, 6.908399211927462 ], [ 79.860644699486301, 6.908404692624539 ], [ 79.860646172780221, 6.908411932163071 ], [ 79.860646983040127, 6.908416914265594 ], [ 79.860647785238285, 6.90842061785319 ], [ 79.860649092912823, 6.908428450379164 ], [ 79.860651152162532, 6.908438855542959 ], [ 79.860658282679424, 6.908477810434295 ], [ 79.860662204640846, 6.908498256878265 ], [ 79.860671718601267, 6.908549256670451 ], [ 79.86067780144532, 6.908581400482566 ], [ 79.860683348001047, 6.908611548147459 ], [ 79.860685872685252, 6.908624938400282 ], [ 79.860686759101043, 6.908630297893375 ], [ 79.860687819278482, 6.908635208431642 ], [ 79.860688297716337, 6.908638546102035 ], [ 79.860688909086917, 6.908641197477101 ], [ 79.86068964349009, 6.908645919144487 ], [ 79.860691594243036, 6.908656574209336 ], [ 79.860694012787192, 6.908668353135644 ], [ 79.860715525696193, 6.908783366260336 ], [ 79.860725914611763, 6.908839924876397 ], [ 79.860728595749094, 6.908850732365038 ], [ 79.860730851324504, 6.908864506447944 ], [ 79.860734143269696, 6.90888021874059 ], [ 79.86073620445211, 6.908890178455633 ], [ 79.860739701351974, 6.908908211623368 ], [ 79.860743671581062, 6.908928494597207 ], [ 79.860747011690606, 6.908945455192681 ], [ 79.860754801909465, 6.908986967699042 ], [ 79.860760473018004, 6.909018524359234 ], [ 79.860766281332431, 6.909047375398821 ] ] } },
{ "type": "Feature", "properties": { "roadSideLineId": "28", "height": 0.15 }, "geometry": { "type": "LineString", "coordinates": [ [ 79.861539859700443, 6.909170477023943 ], [ 79.861539568293423, 6.90917772217093 ], [ 79.861539527568098, 6.909180605504579 ], [ 79.861539000201986, 6.909189264801313 ], [ 79.861531398062553, 6.909194427040006 ], [ 79.861489896604482, 6.909195516193209 ], [ 79.86146372540918, 6.909195834584676 ], [ 79.861426450760121, 6.909196322465641 ], [ 79.861381947586025, 6.909196952834106 ], [ 79.861310637395704, 6.909198264005464 ], [ 79.861260381436452, 6.909199418149874 ], [ 79.861238445456266, 6.90920034006786 ], [ 79.861199581749048, 6.909201351111974 ], [ 79.861165640018157, 6.909202299147837 ], [ 79.861142940050229, 6.909204752931688 ], [ 79.861125692051317, 6.909206077366801 ], [ 79.861106294115501, 6.909207114991258 ], [ 79.861093888601133, 6.909207634556251 ], [ 79.861067725628288, 6.909208957878539 ], [ 79.861059603183747, 6.909209303800385 ], [ 79.861048835384565, 6.909209843212766 ], [ 79.861039670575352, 6.909210201572732 ], [ 79.861032515488702, 6.90921062256824 ], [ 79.861020204382527, 6.909211058639961 ], [ 79.86101382248377, 6.909211596346994 ], [ 79.861004166523074, 6.909212052757058 ], [ 79.860988174472979, 6.909212548202612 ], [ 79.8609812787316, 6.909212983905312 ], [ 79.860972344836014, 6.909213482340189 ], [ 79.860954714460988, 6.909214045990462 ], [ 79.86093610985742, 6.909214748066467 ], [ 79.860926530698762, 6.909215292479289 ], [ 79.860905892934497, 6.909216034634597 ], [ 79.860894348310282, 6.909215602145178 ], [ 79.860881000889719, 6.909213488414151 ], [ 79.860867574308557, 6.909209819574287 ], [ 79.860854323562961, 6.909204309135541 ], [ 79.860842924041194, 6.909197277899743 ], [ 79.860835133054692, 6.909191935288273 ], [ 79.860828670697913, 6.909187132167193 ], [ 79.860821906769374, 6.909180515132309 ], [ 79.860817355791497, 6.909175438126526 ], [ 79.860811954099987, 6.909168493975486 ], [ 79.860805101823587, 6.909157705236978 ], [ 79.860797929866195, 6.909145364762974 ], [ 79.860791870207734, 6.909134715382082 ] ] } },
{ "type": "Feature", "properties": { "roadSideLineId": "29", "height": 0.15 }, "geometry": { "type": "LineString", "coordinates": [ [ 79.860129013863627, 6.909563990270978 ], [ 79.860129091601749, 6.909558856776173 ], [ 79.860129846324298, 6.909554579062759 ], [ 79.86013878517106, 6.909547829724729 ], [ 79.860143428613114, 6.909546058646839 ], [ 79.860148679381041, 6.909544160795097 ], [ 79.860153738327725, 6.909541965032078 ], [ 79.860157714442707, 6.909540303124752 ], [ 79.860162190728403, 6.909538741653648 ], [ 79.860169800317834, 6.909535533375418 ], [ 79.860186046813908, 6.909528846652817 ], [ 79.860208560854772, 6.909519831534897 ], [ 79.860224343924983, 6.909513494110323 ], [ 79.860248965967131, 6.909503841368152 ], [ 79.860262571942812, 6.90949861431787 ], [ 79.860278977873193, 6.909492187823172 ], [ 79.860294232608396, 6.909486351576524 ], [ 79.860297320281816, 6.90948499668628 ], [ 79.860299847393279, 6.90948413480869 ], [ 79.860308433611877, 6.909481046062226 ], [ 79.860331237228507, 6.909472175116563 ], [ 79.860342481407287, 6.90946821477741 ], [ 79.860358695416764, 6.909463064595441 ], [ 79.860366255639917, 6.909460807776242 ], [ 79.860379777018167, 6.909456123093424 ], [ 79.860386880543373, 6.909453583016621 ], [ 79.860400202858244, 6.909449201155372 ], [ 79.860409803018968, 6.909445912331827 ], [ 79.860420915470939, 6.909442369655524 ], [ 79.860431888945783, 6.909438659712533 ], [ 79.860445664462858, 6.909434190910551 ], [ 79.860452980197621, 6.909431456662457 ], [ 79.860461755464399, 6.909428935793179 ], [ 79.86047041699544, 6.909426264586471 ], [ 79.860476084382938, 6.909424630250684 ], [ 79.860486830107675, 6.909421235775131 ], [ 79.860495437716949, 6.909418680228604 ], [ 79.860499219494869, 6.909417451690701 ], [ 79.860501742081084, 6.909416722445182 ], [ 79.86050583184813, 6.909415410513342 ], [ 79.860528760809416, 6.909408524876843 ], [ 79.860553304842924, 6.909401455430934 ], [ 79.860564094944948, 6.909398494200171 ], [ 79.86057151371844, 6.909396220084172 ], [ 79.860576342586896, 6.909394928036655 ], [ 79.860596088736756, 6.909389752955119 ], [ 79.860610187008945, 6.90938569182225 ], [ 79.860619333605413, 6.909383335206497 ], [ 79.860627867710221, 6.909381545792789 ], [ 79.860638055655258, 6.909379282144887 ], [ 79.860655425501704, 6.909375073109963 ], [ 79.860666240194917, 6.909372326881043 ], [ 79.860668877056014, 6.909371616763478 ], [ 79.860721224511124, 6.90935992730849 ], [ 79.860722605083112, 6.909357937790266 ], [ 79.860786521838165, 6.909345526704803 ], [ 79.860812889939581, 6.909340867644335 ], [ 79.860830315571675, 6.909338044228402 ], [ 79.860847501022008, 6.909335097479245 ], [ 79.860856099702104, 6.909333706264622 ], [ 79.860864809156297, 6.909332378447942 ], [ 79.860875329953984, 6.909330967931712 ], [ 79.860880140136288, 6.909330196355366 ], [ 79.860884688777929, 6.909329621135606 ], [ 79.860887504634135, 6.909329292305276 ], [ 79.860891085504903, 6.909328769152318 ], [ 79.86089730212953, 6.909327986647183 ], [ 79.860907035217664, 6.909326679524424 ], [ 79.86091683701207, 6.909325581436939 ], [ 79.860919919057096, 6.90932512671599 ], [ 79.860928581709615, 6.909324077891436 ], [ 79.860950620531057, 6.909321218503371 ], [ 79.860957155655967, 6.909320555746164 ], [ 79.860969114404071, 6.909319183335205 ], [ 79.860978902193779, 6.909318155536544 ], [ 79.86098735865734, 6.909317155195343 ], [ 79.861008553508341, 6.909315052423517 ], [ 79.861034833977882, 6.90931279374951 ], [ 79.861041016749354, 6.909312109350547 ], [ 79.861044462549359, 6.909311935961305 ], [ 79.861052818967053, 6.909311136686498 ], [ 79.861058025857886, 6.909310827851901 ], [ 79.861062840201527, 6.909310351492183 ], [ 79.861065912636661, 6.909310096223137 ], [ 79.861068388923641, 6.909309653481721 ], [ 79.861073963090831, 6.909309352390289 ], [ 79.86111284500339, 6.909307151119565 ], [ 79.861152019033327, 6.909303757963248 ], [ 79.861175269409941, 6.909302294665646 ], [ 79.861183658319618, 6.909302051780809 ], [ 79.861188107193385, 6.909301808427144 ], [ 79.86119271734519, 6.909301688263045 ], [ 79.861203193186242, 6.909301199642262 ], [ 79.861211002526318, 6.909300977836095 ], [ 79.861217861959105, 6.909300561017383 ], [ 79.861222339377875, 6.909300383709486 ], [ 79.861229020259017, 6.909300177890709 ], [ 79.861241976437526, 6.909299277855792 ], [ 79.861258850465802, 6.909298447198835 ], [ 79.861271250581083, 6.909298968118109 ], [ 79.861284120020699, 6.909298678615357 ], [ 79.861294760378726, 6.909297932449094 ], [ 79.861300137973942, 6.909298929740073 ], [ 79.861302778589049, 6.909297938819781 ], [ 79.861304827740199, 6.90929790472246 ], [ 79.861307565587893, 6.909298915592515 ], [ 79.861321827899914, 6.909297365401113 ], [ 79.861343121048151, 6.909296768911643 ], [ 79.861365123587973, 6.909296404005329 ], [ 79.861383945204878, 6.909296014446124 ], [ 79.861384121422148, 6.909296129748094 ], [ 79.861393575477621, 6.909295900641623 ], [ 79.861413662250712, 6.909295398491169 ], [ 79.861438609137949, 6.909294650593954 ], [ 79.861465342379844, 6.909294574915978 ], [ 79.861492995389568, 6.909296227552739 ], [ 79.861519046408716, 6.909299852407108 ], [ 79.861534638717757, 6.909303867208047 ], [ 79.861549486629443, 6.909309348818176 ], [ 79.861570388230291, 6.909318803471071 ], [ 79.8615924738519, 6.909330072612193 ], [ 79.861604500345607, 6.909336345751611 ], [ 79.861623069899196, 6.909345318571885 ], [ 79.861670299713808, 6.909369434273494 ], [ 79.861721064885401, 6.909394575313088 ], [ 79.861741877360174, 6.909404294271562 ], [ 79.861761519780089, 6.90941036400316 ], [ 79.86180298079644, 6.909417690804538 ], [ 79.861823675696883, 6.909420713352489 ], [ 79.861833753971752, 6.909421965332045 ], [ 79.8618560005999, 6.909425310399596 ], [ 79.86186552424185, 6.909426484047334 ], [ 79.861899698786019, 6.909430966881827 ], [ 79.861913783358418, 6.909433053951656 ], [ 79.86192081873331, 6.909434073074061 ], [ 79.86192598999061, 6.909434676890085 ], [ 79.861952011159303, 6.909438096797384 ], [ 79.861972653589717, 6.909441343543698 ], [ 79.861983000202429, 6.909443159079765 ], [ 79.861987637560205, 6.909443645278439 ], [ 79.862008216137426, 6.90944745151332 ], [ 79.862028703164938, 6.90945157940799 ], [ 79.862037222130184, 6.909453138531724 ], [ 79.862045238315574, 6.909454688730686 ], [ 79.862063810407605, 6.909458497639586 ], [ 79.86206445161524, 6.909458181492782 ], [ 79.862085825157351, 6.909462886779705 ], [ 79.862097722145847, 6.909465698073744 ], [ 79.862102788735584, 6.909467123285231 ], [ 79.862107072368403, 6.909468207709502 ], [ 79.862113839884685, 6.909469696927501 ], [ 79.86211390521423, 6.909469452413942 ], [ 79.862130278508189, 6.909473413061942 ], [ 79.862141000380745, 6.909476221998429 ], [ 79.86217629572603, 6.909484848740928 ], [ 79.862177023309002, 6.909484474890597 ], [ 79.86219722381216, 6.909489940881322 ], [ 79.862207203783072, 6.909492830981 ], [ 79.862220905469457, 6.909496551449805 ], [ 79.862245533581657, 6.909503728803655 ], [ 79.862278787142685, 6.909513846423121 ], [ 79.862299709824569, 6.909520648990774 ], [ 79.86231833216047, 6.909526769263747 ], [ 79.862343139314802, 6.909534532618969 ], [ 79.862347533440484, 6.909535981522394 ], [ 79.862351677396873, 6.90953724448967 ], [ 79.862363385959426, 6.909541063603804 ], [ 79.862368851518227, 6.909543136921044 ], [ 79.862381311190035, 6.909547547991786 ], [ 79.862400960159121, 6.909554302432571 ], [ 79.862439016558795, 6.909567608712528 ], [ 79.862459029225533, 6.909574269176992 ], [ 79.862468506793959, 6.909577528764229 ], [ 79.862486804773837, 6.90958351163192 ], [ 79.862497817742607, 6.909587458959629 ], [ 79.862530798408471, 6.909601616115003 ], [ 79.862547223882217, 6.90960836837589 ], [ 79.862550045873391, 6.909609310558954 ], [ 79.862556705772363, 6.909611835707198 ], [ 79.862568809115388, 6.90961624224099 ], [ 79.862579418604184, 6.909620380820011 ], [ 79.862614740153177, 6.909633969334751 ], [ 79.862642908632424, 6.90964444878813 ], [ 79.862673682156114, 6.909655888517891 ], [ 79.86270048770433, 6.909666425024877 ] ] } },
{ "type": "Feature", "properties": { "roadSideLineId": "30", "height": 0.15 }, "geometry": { "type": "LineString", "coordinates": [ [ 79.863086151944728, 6.909544881001956 ], [ 79.863082836144699, 6.909549609867168 ], [ 79.863079341985582, 6.909555790761601 ], [ 79.863070777701566, 6.909571396183311 ], [ 79.863060436267602, 6.909590566376282 ], [ 79.863054834804274, 6.909600548834296 ], [ 79.863053893933085, 6.909600878744631 ], [ 79.863042375088227, 6.909595537428383 ], [ 79.863031554888039, 6.909590360989586 ], [ 79.863025460415059, 6.909587624063204 ], [ 79.86301672827787, 6.90958368209864 ], [ 79.862994893450505, 6.909573837464075 ], [ 79.862968795289262, 6.909561592464005 ], [ 79.862960227994193, 6.909557480262897 ], [ 79.862953203327336, 6.90955433933943 ], [ 79.862946717877193, 6.909551517075144 ], [ 79.862934214997281, 6.909545754085912 ], [ 79.862904109919825, 6.909532146778018 ], [ 79.86289330843907, 6.909526870955413 ], [ 79.862877843661238, 6.909520097322515 ], [ 79.862841069720005, 6.909503640498659 ], [ 79.862822531167467, 6.909495449474321 ], [ 79.862813023353922, 6.909491573423248 ], [ 79.862792917884747, 6.90948241856788 ], [ 79.862765625354456, 6.909470688289883 ], [ 79.862736355862296, 6.909458757314163 ], [ 79.862712076936006, 6.909449115500969 ], [ 79.862702288307759, 6.909445190291028 ], [ 79.862675992335269, 6.909435036742352 ], [ 79.862612367540208, 6.909411357834245 ] ] } },
{ "type": "Feature", "properties": { "roadSideLineId": "31", "height": 0.15 }, "geometry": { "type": "LineString", "coordinates": [ [ 79.862106188818004, 6.909233739974802 ], [ 79.86210343222298, 6.909243896394859 ], [ 79.862097565257102, 6.909261724240777 ], [ 79.862082962439942, 6.909259068904144 ], [ 79.862072725772009, 6.909257166612798 ], [ 79.862048646615619, 6.909252741192654 ], [ 79.86202649090599, 6.909249013845034 ], [ 79.86200090303079, 6.909243980145447 ], [ 79.861993175243128, 6.909242602083289 ], [ 79.861980994212757, 6.9092404054902 ], [ 79.861967662536671, 6.909237915797297 ], [ 79.861957282137311, 6.909235828448535 ], [ 79.86194817383894, 6.909232222568463 ], [ 79.861946652762867, 6.909228033166676 ], [ 79.861947898055135, 6.909220829558484 ], [ 79.861948418056812, 6.909215970495315 ], [ 79.861949471617322, 6.909208308211001 ], [ 79.861950720758387, 6.909201161846116 ] ] } },
{ "type": "Feature", "properties": { "roadSideLineId": "32", "height": 0.15 }, "geometry": { "type": "LineString", "coordinates": [ [ 79.862547396620911, 6.909490902995975 ], [ 79.862541396606133, 6.909488364949648 ], [ 79.862530242537545, 6.90948446290319 ], [ 79.862516404498024, 6.909479293091189 ], [ 79.862509741589719, 6.909476806499412 ], [ 79.862497921646295, 6.90947268138305 ], [ 79.862493298909328, 6.909470857015926 ], [ 79.862488943363246, 6.909469391782906 ], [ 79.862486447094668, 6.909468322322272 ], [ 79.862483702154648, 6.909467408654871 ], [ 79.862478939852906, 6.909465577280543 ], [ 79.86247187857856, 6.909463056275931 ], [ 79.862467106061132, 6.909461246857861 ], [ 79.862462803001847, 6.909459826969641 ], [ 79.86245330170452, 6.909456312773726 ], [ 79.86244456880182, 6.909453288793896 ], [ 79.862440452697058, 6.909451743809708 ], [ 79.862438022322607, 6.909450917307141 ], [ 79.862434467479062, 6.909449457894676 ], [ 79.862433921553489, 6.909449694525447 ], [ 79.862374321946049, 6.909429118861588 ], [ 79.862361884435856, 6.909424985721962 ], [ 79.862341854520508, 6.909418301500956 ], [ 79.862329804702156, 6.909414229433499 ], [ 79.862325157519862, 6.909412541419038 ], [ 79.862321035360111, 6.909411205325233 ], [ 79.862318495493511, 6.909410406744993 ], [ 79.862315058820158, 6.909409384164645 ], [ 79.862308742619916, 6.909407215269076 ], [ 79.862299834797454, 6.909404476312637 ], [ 79.862292839135307, 6.909402337798936 ], [ 79.862289274717909, 6.909401208514717 ], [ 79.862285089885646, 6.909399995149733 ], [ 79.862272176811246, 6.909396055967959 ], [ 79.862247923834147, 6.90938902960476 ], [ 79.862243001205897, 6.909387844661191 ], [ 79.86224040798318, 6.909387167257751 ], [ 79.862234993415299, 6.909385865331262 ], [ 79.862223828291178, 6.909382964726819 ], [ 79.862216506955434, 6.909381201450526 ], [ 79.862211796281457, 6.909379980241606 ], [ 79.86220847784827, 6.90937920975307 ], [ 79.862200228064239, 6.909376885575499 ], [ 79.862183875705625, 6.909372630858602 ], [ 79.862178395232363, 6.909371414009843 ], [ 79.862174030653364, 6.909370250450004 ], [ 79.862170746588134, 6.909369634912808 ], [ 79.862166408288772, 6.909368524575082 ], [ 79.862163969626252, 6.909368026813987 ], [ 79.862157558648406, 6.909366298570749 ], [ 79.862130004933917, 6.909359497131725 ], [ 79.862112023536909, 6.909355064702885 ], [ 79.862098921813512, 6.909352354290053 ], [ 79.86208897157195, 6.909350530047741 ], [ 79.862082640987921, 6.909349087096983 ], [ 79.862074899962451, 6.909347682790513 ], [ 79.862069943683679, 6.9093465992754 ], [ 79.862064990189623, 6.909345632127134 ], [ 79.862061980261075, 6.909344928857107 ], [ 79.862057306622305, 6.909343998977829 ], [ 79.862053674081963, 6.909343382409456 ], [ 79.862045759507268, 6.909341802472986 ], [ 79.86203680959261, 6.909340196544999 ], [ 79.862032845949187, 6.909339194863871 ], [ 79.862030111307533, 6.909338789294711 ], [ 79.862024788391977, 6.909337649086066 ], [ 79.862010283975792, 6.90933507142767 ], [ 79.862004253466125, 6.909333866987572 ], [ 79.862001528826553, 6.909333409076189 ], [ 79.861996504786219, 6.909332416231063 ], [ 79.861985454424953, 6.909330456945943 ], [ 79.861978112175578, 6.909329286583963 ], [ 79.861974830104998, 6.909328952489966 ], [ 79.861972313070765, 6.909328513273691 ], [ 79.861969444412395, 6.909328086905972 ], [ 79.861960739134247, 6.90932672519497 ], [ 79.861954130761774, 6.909325885055609 ], [ 79.861947182004059, 6.909324918338003 ], [ 79.861940883703653, 6.909323806429599 ], [ 79.861937270150548, 6.909323380499632 ], [ 79.861930536005048, 6.909322576509256 ], [ 79.861924473748104, 6.909321563963433 ], [ 79.861922024765803, 6.909321246545148 ], [ 79.861894446268479, 6.909317852235821 ], [ 79.861857243282131, 6.909313319823813 ], [ 79.861840934074081, 6.909311302741904 ], [ 79.86183736498684, 6.90931092885311 ], [ 79.861831224177863, 6.909310379985365 ], [ 79.861825296630187, 6.909309700539972 ], [ 79.861819912581055, 6.909309792594238 ], [ 79.861814519350517, 6.909311303242599 ], [ 79.86180933445786, 6.909315524586271 ], [ 79.861808214445446, 6.909319549477189 ], [ 79.861807277233979, 6.909323514597975 ], [ 79.861811314264912, 6.90933165254248 ], [ 79.861815669003917, 6.909334193369506 ], [ 79.861823744496093, 6.909335711337397 ], [ 79.861841279277812, 6.909338364899042 ], [ 79.861855726601689, 6.909340493076867 ], [ 79.861861504295405, 6.909341404510529 ], [ 79.861874502640092, 6.90934272265922 ], [ 79.861895681687074, 6.909345172858039 ], [ 79.861906537352951, 6.909346368144772 ], [ 79.861912160856264, 6.909347242356731 ], [ 79.86191703123383, 6.909347832687422 ], [ 79.861919894037783, 6.909348049880761 ], [ 79.861922637405172, 6.909348587045261 ], [ 79.861928573755847, 6.909349333164865 ], [ 79.861943494338988, 6.909351621895653 ], [ 79.861951189818896, 6.909352670840951 ], [ 79.861954757736498, 6.909353318146591 ], [ 79.861966827276561, 6.909355126800057 ], [ 79.861982145031476, 6.909357581279769 ], [ 79.861989417165219, 6.909358885111729 ], [ 79.862000278866176, 6.909360807923824 ], [ 79.86201675855888, 6.909363825235431 ], [ 79.862029656262251, 6.909365773267672 ], [ 79.862029766258402, 6.909365985058627 ], [ 79.862051402831696, 6.90937037169811 ], [ 79.862053879546636, 6.909370785264597 ], [ 79.862056455575754, 6.909371533674463 ], [ 79.862058875827714, 6.909372191199186 ], [ 79.862064718395544, 6.909373185294575 ], [ 79.862073740195385, 6.909375053733121 ], [ 79.862078546321712, 6.909375936974441 ], [ 79.862090440786147, 6.909378421844536 ], [ 79.862095523711275, 6.909379692042578 ], [ 79.862108276896635, 6.9093826680787 ], [ 79.862117628918924, 6.90938476348509 ], [ 79.862120878590432, 6.909385722414834 ], [ 79.862126610160516, 6.909386587164519 ], [ 79.862152278096318, 6.909392037082244 ], [ 79.862172289573365, 6.909396657836898 ], [ 79.86220068421045, 6.909403596578113 ], [ 79.862221211527654, 6.909408878243313 ], [ 79.86224361638287, 6.909415100663238 ], [ 79.862257612973011, 6.909419364235543 ], [ 79.862267446104283, 6.909422307037643 ], [ 79.862279037340542, 6.909425873931776 ], [ 79.86229027457874, 6.909429354937927 ], [ 79.862302126157246, 6.909433122648323 ], [ 79.862312575028753, 6.909436302492673 ], [ 79.862312801237707, 6.909436559114854 ], [ 79.862349767209466, 6.90944881619745 ], [ 79.86235541149756, 6.909450701505216 ], [ 79.86236368959996, 6.909453760550437 ], [ 79.86237786562441, 6.909458714705722 ], [ 79.862385980789995, 6.909461515701215 ], [ 79.862396359229194, 6.909465311929578 ], [ 79.862401015666364, 6.909467045812861 ], [ 79.86240593571226, 6.909468678885818 ], [ 79.862413324958794, 6.909471361219632 ], [ 79.862427726402856, 6.909476665361641 ], [ 79.862433851874243, 6.909478716931585 ], [ 79.862436684382274, 6.909479960634533 ], [ 79.862443997326125, 6.909482570415746 ], [ 79.862473224469483, 6.90949313840442 ], [ 79.86251032972477, 6.909506751104511 ], [ 79.862523539192907, 6.909511446771514 ], [ 79.86253249705733, 6.90951470035223 ], [ 79.862538566375932, 6.909516847758185 ], [ 79.862546553248237, 6.909519961535908 ], [ 79.862563923553097, 6.90952629923575 ], [ 79.862573942574997, 6.90953003371283 ], [ 79.862576193208056, 6.909530615645754 ], [ 79.862582204100903, 6.909532503097177 ], [ 79.862584525788677, 6.909530892028603 ], [ 79.862580280922415, 6.909525149703113 ], [ 79.862575168683506, 6.909519728516972 ], [ 79.862570001654518, 6.909513623317316 ], [ 79.862564107034999, 6.909505719976444 ], [ 79.86255911801095, 6.909499643756354 ], [ 79.862550248113564, 6.909492219136652 ] ] } },
{ "type": "Feature", "properties": { "roadSideLineId": "33", "height": 0.15 }, "geometry": { "type": "LineString", "coordinates": [ [ 79.862418032279962, 6.909343985336032 ], [ 79.86239998270915, 6.909338574209245 ], [ 79.862393507226614, 6.909336793230119 ], [ 79.862378175065714, 6.909332148430574 ], [ 79.862353140646647, 6.909324859030644 ], [ 79.862337529987855, 6.909320467437588 ], [ 79.862313494402969, 6.909313596056688 ], [ 79.862296361514581, 6.909308958734453 ], [ 79.862286537904623, 6.909306224609251 ], [ 79.862278822850243, 6.909304138836385 ], [ 79.862278681617994, 6.909304216936103 ], [ 79.862260007725951, 6.90929931777812 ], [ 79.862255147329577, 6.909298048429817 ], [ 79.862243311820691, 6.909295236633694 ], [ 79.862217260186682, 6.909288720699512 ], [ 79.862211752078139, 6.909287517407887 ], [ 79.862203125895064, 6.909285563013791 ], [ 79.862196380379729, 6.909283762809092 ], [ 79.862169085081987, 6.909277153688178 ], [ 79.862145223954315, 6.909270007819464 ], [ 79.862141642477027, 6.909264467190036 ], [ 79.862141111077847, 6.909257040098888 ], [ 79.862142283968922, 6.909251941120107 ], [ 79.862143042484817, 6.909244884860576 ] ] } },
{ "type": "Feature", "properties": { "roadSideLineId": "34", "height": 0.15 }, "geometry": { "type": "LineString", "coordinates": [ [ 79.861367623151011, 6.907045516804165 ], [ 79.861376339407698, 6.907046199421 ], [ 79.861376499738739, 6.907045960647845 ], [ 79.861400009054194, 6.907047608607489 ], [ 79.861416246737633, 6.907048779043067 ], [ 79.861427719901485, 6.907049680104531 ], [ 79.861447114531046, 6.907051172215692 ], [ 79.861480856237577, 6.907053482340372 ], [ 79.861499192461878, 6.907054732245566 ], [ 79.861514929303866, 6.907055740045055 ], [ 79.861542944567333, 6.907057797086574 ], [ 79.861565487180386, 6.907059520428165 ], [ 79.861610985216245, 6.90706334255725 ], [ 79.861640391148711, 6.907065806571251 ], [ 79.861682795827349, 6.907068841217752 ], [ 79.861737383165803, 6.907073039186506 ], [ 79.861760221480509, 6.907075023153434 ], [ 79.861789255399543, 6.907077268547065 ], [ 79.861815638009929, 6.907079139412199 ], [ 79.861882709162828, 6.907084567810101 ], [ 79.861900388968337, 6.907086533730393 ], [ 79.861929585821073, 6.907089165140623 ], [ 79.861965453293337, 6.907092283074014 ], [ 79.862040419775312, 6.907099530931948 ], [ 79.862069250960687, 6.907102056034074 ], [ 79.862075990026057, 6.907103122656788 ], [ 79.86209392529058, 6.907105391948964 ], [ 79.862108268495803, 6.907106953769271 ], [ 79.862141640431986, 6.907110726112855 ], [ 79.862156488041549, 6.907112523514598 ], [ 79.862164097152842, 6.907113145044475 ], [ 79.862175778917418, 6.907114310906826 ], [ 79.862183558509031, 6.907115321791362 ], [ 79.86218715141473, 6.907116047317542 ], [ 79.862192883315856, 6.907116892978404 ], [ 79.862196567653953, 6.907117225177433 ], [ 79.862199953830029, 6.907117895524006 ], [ 79.862240509588432, 6.907123213157917 ], [ 79.862288222552721, 6.907129483275202 ], [ 79.862288332106345, 6.90712930421605 ], [ 79.862305554527168, 6.907131843707603 ], [ 79.862312568397101, 6.907132787211199 ], [ 79.862362838022307, 6.907140608082772 ], [ 79.862435415682199, 6.907152222833052 ], [ 79.862453923621558, 6.907155652812607 ], [ 79.862470211133243, 6.907158614499311 ], [ 79.862480362352031, 6.907160545711726 ], [ 79.862485048728217, 6.907161390950007 ], [ 79.86249535160988, 6.90716329894033 ], [ 79.862504204125159, 6.907164417738722 ], [ 79.862533446697185, 6.907170301722194 ], [ 79.862562314407555, 6.907177155221004 ], [ 79.862568824433325, 6.907178607552243 ], [ 79.862585190177882, 6.907182293976775 ], [ 79.862636687206148, 6.907194099655394 ], [ 79.862667922168583, 6.907201498124278 ], [ 79.862694315373929, 6.907208321913672 ], [ 79.862711186772216, 6.907212865446366 ], [ 79.862715898120442, 6.907214002780697 ], [ 79.862725430944764, 6.907216391639533 ], [ 79.862734300828919, 6.907218938155362 ], [ 79.862740800107929, 6.907220861001447 ], [ 79.862747039627507, 6.907222446540945 ], [ 79.862747080367384, 6.907222325439554 ], [ 79.862776702165178, 6.90723052879219 ], [ 79.862791329709111, 6.90723476650638 ], [ 79.86280903368133, 6.907239802852739 ], [ 79.862809207691541, 6.907239559396089 ], [ 79.862824377960905, 6.907244067281458 ], [ 79.862834069254433, 6.907246697793011 ], [ 79.862836945717788, 6.907247508549266 ], [ 79.862892163830367, 6.90726363778185 ], [ 79.862968225726789, 6.907285872077699 ], [ 79.862991964727357, 6.907293069206392 ], [ 79.863024308223316, 6.907302815938258 ], [ 79.863039561362569, 6.907307517724365 ], [ 79.863043719133501, 6.907308682415954 ], [ 79.863049929008454, 6.907310402759237 ], [ 79.863061643997966, 6.907314285430788 ], [ 79.86307260212007, 6.90731763001604 ], [ 79.863079682335126, 6.907319980583828 ], [ 79.863087519298176, 6.907322427131732 ], [ 79.86309991348061, 6.907326370814268 ], [ 79.863104677511643, 6.907327769503521 ], [ 79.863128786197663, 6.907335705260324 ], [ 79.863176477603304, 6.907351804492539 ], [ 79.863194392535945, 6.907358276103029 ], [ 79.863214101568218, 6.907365726207648 ], [ 79.863252893466637, 6.907380158594509 ], [ 79.863261032839915, 6.907383319065713 ], [ 79.863276030847743, 6.907389015588173 ], [ 79.863336025413005, 6.907412179525414 ], [ 79.863361434831091, 6.907422236031892 ], [ 79.863368595740511, 6.907424948225743 ], [ 79.863374411726156, 6.907426946551106 ], [ 79.863380897821273, 6.907429659536215 ], [ 79.863388202934729, 6.907432533889774 ], [ 79.863396358373663, 6.907436028477069 ], [ 79.863447156253002, 6.907456210011525 ], [ 79.863488427088726, 6.907472835915907 ], [ 79.863503775022735, 6.907478935520764 ], [ 79.863563494701737, 6.90750362034353 ], [ 79.863584753399124, 6.907512973290808 ], [ 79.863588915347336, 6.907514501135532 ], [ 79.863593080288723, 6.907516460385509 ], [ 79.863602355946014, 6.907520137424156 ], [ 79.863610091820831, 6.907523322238434 ], [ 79.863629638980441, 6.90753144805575 ], [ 79.863642536781839, 6.907537179825471 ], [ 79.863648152959101, 6.907539666263111 ], [ 79.863656599850998, 6.907543409290485 ], [ 79.863662973532385, 6.907546183958178 ], [ 79.863666606758557, 6.907547958593571 ], [ 79.863675613920719, 6.907551804333727 ], [ 79.863686557935111, 6.907556490930315 ], [ 79.863692007071407, 6.90755918972209 ], [ 79.86369428575432, 6.90756013820674 ], [ 79.863701860561989, 6.907563182172648 ], [ 79.863711193920494, 6.907567527515782 ], [ 79.863712885628161, 6.907565220346278 ], [ 79.86372219612052, 6.907572352058486 ], [ 79.863739458461765, 6.907580180504388 ], [ 79.863767834572016, 6.907593179490835 ], [ 79.863785551885414, 6.907601309916643 ], [ 79.863806046810026, 6.907610537992125 ], [ 79.863818792131411, 6.907617002175106 ], [ 79.863837153893158, 6.907625584987366 ], [ 79.863850277971395, 6.907631814359746 ], [ 79.863861918667141, 6.907637050292261 ], [ 79.86387561860019, 6.907643965190189 ], [ 79.863885350179359, 6.907648262176679 ] ] } },
{ "type": "Feature", "properties": { "roadSideLineId": "35", "height": 0.15 }, "geometry": { "type": "LineString", "coordinates": [ [ 79.860727208888221, 6.907018645524514 ], [ 79.860760576044044, 6.907018477208042 ], [ 79.860814265409886, 6.907018862107361 ], [ 79.860850678735517, 6.907020002471459 ], [ 79.860894531575624, 6.907021054404909 ], [ 79.860928590910376, 6.907022130499573 ], [ 79.86094590236597, 6.907022790064608 ], [ 79.86097538097745, 6.907023754404097 ], [ 79.861010688657288, 6.907025382142867 ], [ 79.861069180609277, 6.907027907972529 ], [ 79.861091977813174, 6.907028969526544 ], [ 79.86112146801959, 6.907030506820325 ], [ 79.861247754506323, 6.907038589293617 ] ] } },
{ "type": "Feature", "properties": { "roadSideLineId": "36", "height": 0.15 }, "geometry": { "type": "LineString", "coordinates": [ [ 79.860153998554253, 6.907354790449312 ], [ 79.860151924804796, 6.907334974448039 ], [ 79.860152127294342, 6.907319136714354 ], [ 79.8601523966869, 6.907303627384723 ], [ 79.860154047321785, 6.907285602581418 ], [ 79.860157380105477, 6.907263475474246 ], [ 79.860162003843229, 6.90724849611641 ], [ 79.860167362426594, 6.907235191745974 ], [ 79.860171566418686, 6.907226104711294 ], [ 79.860176449710437, 6.90721615300579 ], [ 79.860180334272414, 6.907208955391786 ], [ 79.860184606108035, 6.907201601620852 ], [ 79.860188460372498, 6.907195537506733 ], [ 79.86019087478671, 6.90719223681024 ], [ 79.860196125605867, 6.90718568178792 ], [ 79.860204292973762, 6.907176480159635 ], [ 79.860212014152296, 6.907168386975477 ], [ 79.860221270778283, 6.90715945875531 ], [ 79.860229017003491, 6.907152585522088 ], [ 79.860236350890844, 6.907146638390641 ], [ 79.86023870847157, 6.907144446004187 ], [ 79.860245851605526, 6.907138910435521 ], [ 79.860258312506346, 6.907129888992441 ], [ 79.860271744548243, 6.907120971689195 ], [ 79.860276572500055, 6.907117760558863 ], [ 79.860286605965626, 6.907111965709862 ], [ 79.860301341648594, 6.907103993271257 ], [ 79.860315846495581, 6.907096482865248 ], [ 79.860330345653466, 6.90708950200298 ], [ 79.860344960834055, 6.907082991403471 ], [ 79.860358986569594, 6.907077090199382 ], [ 79.86036963825083, 6.907072912156077 ], [ 79.86037788718761, 6.907069733392455 ], [ 79.860377993209653, 6.907069581301303 ], [ 79.860399090391951, 6.907061619416998 ], [ 79.860409533044177, 6.907058060039247 ], [ 79.860414446768488, 6.907056625264 ], [ 79.860418394827335, 6.90705534413082 ], [ 79.86042469670511, 6.907053298825502 ], [ 79.860435830236156, 6.90704976796146 ], [ 79.860440574384313, 6.907048181761025 ], [ 79.860450378409823, 6.907045664058051 ], [ 79.860455588018439, 6.907044517015956 ], [ 79.860458969359044, 6.907043667785056 ], [ 79.860465263880357, 6.907042235873765 ], [ 79.86046864041073, 6.907041381267079 ], [ 79.860480762601824, 6.907039046841596 ], [ 79.860497522832375, 6.907036172873078 ], [ 79.860509739860987, 6.907034311325053 ], [ 79.860521440452018, 6.907032838843499 ], [ 79.860526077744225, 6.907032113674537 ], [ 79.860537187337854, 6.907030647262531 ], [ 79.860564303550632, 6.907027928860669 ], [ 79.860581446982636, 6.907026541479036 ], [ 79.86059250582241, 6.907025804958593 ], [ 79.860592620805519, 6.907025521986211 ], [ 79.860611680477518, 6.907024230475114 ], [ 79.860625680056827, 6.907023401072359 ], [ 79.860646241186643, 6.907022132212695 ], [ 79.86065448339707, 6.907021768114673 ], [ 79.860673143984172, 6.907020281332108 ], [ 79.860694713042875, 6.907019369291947 ], [ 79.860712846160638, 6.907018883189774 ], [ 79.860726074564397, 6.9070186691372 ] ] } },
{ "type": "Feature", "properties": { "roadSideLineId": "37", "height": 0.15 }, "geometry": { "type": "LineString", "coordinates": [ [ 79.863647218913428, 6.907439374893382 ], [ 79.863623511233143, 6.907428974586408 ], [ 79.863600808129391, 6.90741921715118 ], [ 79.863577946347746, 6.907409634834675 ], [ 79.863555481860018, 6.907400235162617 ], [ 79.863517372317048, 6.907384524926712 ], [ 79.863484482191069, 6.907371090518134 ], [ 79.863456468898733, 6.907359721608852 ], [ 79.863411887670694, 6.907341626969091 ], [ 79.863381004006541, 6.90732938729313 ], [ 79.863367963636222, 6.907324396537249 ], [ 79.863347493447307, 6.90731638445985 ], [ 79.863320585285976, 6.90730639741503 ], [ 79.863299898865236, 6.907298962692367 ], [ 79.863285480877209, 6.907293400559407 ], [ 79.86327307799894, 6.907288947182733 ], [ 79.863248588936798, 6.907279947548985 ], [ 79.863239466382026, 6.907276822365759 ], [ 79.86321689218525, 6.907268864838462 ], [ 79.863207898632226, 6.907265613300042 ], [ 79.863175259441789, 6.907254569199548 ], [ 79.863128838056653, 6.907239195507311 ], [ 79.863088606078591, 6.907226311375597 ], [ 79.863080438338727, 6.907223902473855 ], [ 79.863062564961083, 6.907218331351036 ], [ 79.863014768189316, 6.907203858314656 ], [ 79.862972335076364, 6.907190690032631 ], [ 79.862958225316703, 6.90718652499296 ], [ 79.862916876624595, 6.907174096179755 ], [ 79.862898518971406, 6.907168667291436 ], [ 79.862883334616569, 6.90716399953395 ], [ 79.862840787727592, 6.907151822217863 ], [ 79.862827858289407, 6.907148019151459 ], [ 79.862821486849157, 6.907146410422563 ], [ 79.862802428397671, 6.90714126093044 ], [ 79.862794011453545, 6.907139144443724 ], [ 79.862782966542909, 6.90713633916006 ], [ 79.862767431640904, 6.907132118360391 ], [ 79.862751066559682, 6.907127904287824 ], [ 79.862735702121284, 6.907123904178824 ], [ 79.862727690312383, 6.907121663071913 ], [ 79.86271918325015, 6.907119463416359 ], [ 79.862714713845378, 6.907118445752847 ], [ 79.862698098768959, 6.907114113083842 ], [ 79.862683765459821, 6.907110438286989 ], [ 79.862678873259256, 6.907109088819744 ], [ 79.862676324649513, 6.907108523607955 ], [ 79.862672190153432, 6.907107572444266 ], [ 79.862669467991154, 6.907107093282426 ], [ 79.862652287391327, 6.907102750975657 ], [ 79.862633600814405, 6.907098042087181 ], [ 79.862627283718425, 6.907096475581161 ], [ 79.86261432953782, 6.907093447602264 ], [ 79.862580942650709, 6.907085604973824 ], [ 79.862580774446783, 6.90708569800544 ], [ 79.862549371961777, 6.907078718531834 ], [ 79.862535114926288, 6.907075756039646 ], [ 79.862529079402051, 6.907074676557223 ], [ 79.862517783608197, 6.907072350430867 ], [ 79.86250810617112, 6.907070160614584 ], [ 79.862494998648913, 6.907067499881634 ], [ 79.862466986755734, 6.907062483025568 ], [ 79.862421638599912, 6.907054657746158 ], [ 79.862407365951071, 6.907052280825598 ], [ 79.862402051462382, 6.907051218290387 ], [ 79.86238724267335, 6.907049028232767 ], [ 79.862372347399514, 6.907047454113763 ], [ 79.862364162436336, 6.907046199851902 ], [ 79.862356739791522, 6.907045145411949 ], [ 79.862334172228813, 6.907041396522227 ], [ 79.862320248061351, 6.907039323751494 ], [ 79.862316256551935, 6.907038980505755 ], [ 79.862303898342731, 6.907037422186162 ], [ 79.862251101669841, 6.907030371876725 ], [ 79.862224901277898, 6.907026992217085 ], [ 79.862201367925906, 6.907024379231389 ], [ 79.862164694739732, 6.907019932954854 ], [ 79.862148335442328, 6.907018094376523 ], [ 79.862129207002582, 6.907015819455577 ], [ 79.862112242324386, 6.907013908026049 ], [ 79.862098710591908, 6.907012239817898 ], [ 79.862066058548734, 6.907008262809376 ], [ 79.862030179660564, 6.907004302367435 ], [ 79.862029610755812, 6.907004616704653 ], [ 79.862013332957218, 6.907002890656655 ], [ 79.862007684509109, 6.907002271533238 ], [ 79.861994751591496, 6.907001083283319 ], [ 79.861985243841431, 6.907000281580936 ], [ 79.861982536421351, 6.90700009991624 ], [ 79.861953807771684, 6.906997384900214 ], [ 79.861913658802933, 6.906993684019377 ], [ 79.861907077772514, 6.906992964590194 ], [ 79.861900985242741, 6.906992487153214 ], [ 79.861891878632747, 6.906991733278714 ], [ 79.861868010617343, 6.906989689241809 ], [ 79.861847939159034, 6.906987899702814 ], [ 79.86184109134831, 6.906987047419915 ], [ 79.861836533639377, 6.906986954642949 ], [ 79.861829513221679, 6.906986373693098 ], [ 79.86181557818621, 6.906985190916965 ], [ 79.861795078629541, 6.906983662751028 ], [ 79.86177179887099, 6.906981751745469 ], [ 79.861768434125125, 6.906981628678312 ], [ 79.861761688013303, 6.906981317409375 ], [ 79.861742465060203, 6.906979657585991 ], [ 79.861737878146329, 6.906979131490164 ], [ 79.861733417949978, 6.906978876193465 ], [ 79.861721647980488, 6.906977962332987 ], [ 79.861706304558325, 6.906976671906273 ], [ 79.861699966349036, 6.906976316171212 ], [ 79.861685743955135, 6.906975328086966 ], [ 79.861674868167668, 6.906974300676307 ], [ 79.861659811950929, 6.906973165283633 ], [ 79.86165157009043, 6.906972645849294 ], [ 79.861638821231281, 6.906971675287439 ], [ 79.861634481873139, 6.906971279233093 ], [ 79.861630956971879, 6.906971213842176 ], [ 79.861615503535702, 6.906969983460758 ], [ 79.861515081373909, 6.906962391462137 ], [ 79.861490038684096, 6.906960413074047 ], [ 79.861482651172366, 6.906959894654925 ], [ 79.861479298226669, 6.906959752498068 ], [ 79.861464577595669, 6.906958671908169 ], [ 79.861435050744291, 6.906956694548959 ], [ 79.861394949487831, 6.906953720147228 ], [ 79.861365651445453, 6.906951791597267 ], [ 79.861351997519947, 6.906951147866569 ], [ 79.861343259469592, 6.906951446391629 ], [ 79.861338254602799, 6.906951289522846 ], [ 79.861328921800236, 6.906950781108541 ], [ 79.861323028042563, 6.906950213905519 ], [ 79.86130308940534, 6.906949230190738 ], [ 79.861285420398943, 6.906947856108506 ], [ 79.861166690645291, 6.906940255327013 ], [ 79.861107553544542, 6.90693739783082 ], [ 79.861077838185281, 6.906935743248424 ], [ 79.861061172329116, 6.906934402643962 ], [ 79.861057486948127, 6.906934004966691 ], [ 79.861053145743853, 6.906933754303676 ], [ 79.861048157706463, 6.906933922460654 ], [ 79.860998430944591, 6.906932586619796 ], [ 79.860836873159016, 6.906930537064361 ], [ 79.860700009960837, 6.906931098723825 ], [ 79.860618946600496, 6.906932212370772 ], [ 79.86057326433243, 6.906932438533431 ], [ 79.86054057891829, 6.906933692431514 ], [ 79.860442336636638, 6.90693857199467 ], [ 79.86044266547124, 6.906939606700862 ] ] } },
{ "type": "Feature", "properties": { "roadSideLineId": "38", "height": 0.15 }, "geometry": { "type": "LineString", "coordinates": [ [ 79.860089663606715, 6.907268573210651 ], [ 79.860095599137466, 6.907252981197488 ], [ 79.860100650205624, 6.907240056292528 ], [ 79.860102851712426, 6.907235528529497 ], [ 79.860104698645031, 6.907231214946431 ], [ 79.860107325204226, 6.90722622281796 ], [ 79.860116806609895, 6.907208615425908 ], [ 79.860132279382, 6.907180924527115 ], [ 79.860135333313195, 6.907176138633742 ], [ 79.860139212161386, 6.907170179731561 ], [ 79.860147706918582, 6.907158205145032 ], [ 79.860158241197837, 6.907145289907308 ], [ 79.860169830615646, 6.907132827706694 ], [ 79.860181843264002, 6.907121099564322 ], [ 79.860194664513642, 6.907110081563524 ], [ 79.860207723076044, 6.907099660464167 ], [ 79.86022131032847, 6.907089574766165 ], [ 79.86023592386168, 6.907079286981494 ], [ 79.86025021592647, 6.907069991702002 ], [ 79.860262539702887, 6.907062562869458 ], [ 79.860274841955913, 6.907055537716057 ], [ 79.860289499073119, 6.907047922548525 ], [ 79.860308423735518, 6.907038679735169 ], [ 79.860343590401129, 6.907022555173611 ], [ 79.860368677991985, 6.907011647108108 ], [ 79.860382462867491, 6.907006308016525 ], [ 79.860397244060962, 6.907001001677033 ], [ 79.860421751024134, 6.906992793253813 ], [ 79.860437930228173, 6.906987646436067 ], [ 79.860442310092509, 6.906986062832878 ], [ 79.860434475173065, 6.906973913336125 ], [ 79.860421476537155, 6.906978117475577 ], [ 79.860407664335682, 6.906982790201729 ], [ 79.860390087164376, 6.906988596537236 ], [ 79.860384154116048, 6.906990765705712 ], [ 79.860369131006777, 6.906996586002689 ], [ 79.860355641011466, 6.90700186720243 ], [ 79.860333938352497, 6.907011721658918 ], [ 79.860283301793572, 6.907035694291653 ], [ 79.860265887153716, 6.907044804406663 ], [ 79.860246615850457, 6.907055791631093 ], [ 79.860225164577585, 6.907069000881096 ], [ 79.860219537214462, 6.907072875647675 ], [ 79.860215412293883, 6.907075777494571 ], [ 79.860207181323091, 6.907082200495728 ], [ 79.860189060657419, 6.90709613287847 ], [ 79.860165663961524, 6.907117010986521 ], [ 79.860150028201147, 6.907133164829839 ], [ 79.860134163331665, 6.907153279273185 ], [ 79.860125911663928, 6.907164424054351 ], [ 79.860121385794145, 6.907170282821813 ], [ 79.860118237920162, 6.907175776220778 ], [ 79.860111130997439, 6.907190180532316 ], [ 79.860105616438688, 6.907200614084893 ], [ 79.860101241269419, 6.907208439299786 ], [ 79.860098219008506, 6.90721424624344 ], [ 79.860084786184714, 6.90723640472644 ] ] } },
{ "type": "Feature", "properties": { "roadSideLineId": "39", "height": 0.15 }, "geometry": { "type": "LineString", "coordinates": [ [ 79.864071156842385, 6.907580981121693 ], [ 79.864066840102112, 6.907585727211136 ], [ 79.864063758278888, 6.90758867152659 ], [ 79.864059474073201, 6.907592171715656 ], [ 79.864053645040443, 6.907596531373136 ], [ 79.864049694829902, 6.90759889607106 ], [ 79.864045577919882, 6.907600886046132 ], [ 79.864042989308061, 6.90760196562456 ], [ 79.864040434435026, 6.907602878726792 ], [ 79.864035841691745, 6.90760421888943 ], [ 79.864028523473479, 6.907605507705986 ], [ 79.864022940571815, 6.907605944949679 ], [ 79.864016755474793, 6.907605508169149 ], [ 79.864010577906342, 6.907604537639207 ], [ 79.864010210884558, 6.907601472117837 ], [ 79.864008101743735, 6.907603841106022 ], [ 79.864006918508508, 6.907601318438648 ], [ 79.864005012684274, 6.907602722766453 ], [ 79.864001592485891, 6.907601243093889 ], [ 79.863997283157616, 6.907599760045196 ], [ 79.863989428243158, 6.907596560305477 ], [ 79.863979357022274, 6.907591990339419 ], [ 79.863966719850552, 6.907585998748058 ], [ 79.863951862336407, 6.907578440394129 ] ] } }
]
}
