{"type":"FeatureCollection","features":[{"type":"Feature","properties":{"Type":6,"ImageName":null,"MCode":null,"SCode":null,"ID":null,"Type(Strin":null,"Type(Strin_2":null},"geometry":{"type":"Polygon","coordinates":[[[79.86077388172797,6.905286076877851],[79.86077914350847,6.905288266340964],[79.8607840532424,6.90528537326833],[79.8607787914619,6.905283183805271],[79.86077388172797,6.905286076877851]],[[79.8607753980078,6.905285971989953],[79.8607788439419,6.905283941464952],[79.86078253696257,6.905285478156259],[79.86077909102846,6.905287508681285],[79.8607753980078,6.905285971989953]]]}},{"type":"Feature","properties":{"Type":6,"ImageName":null,"MCode":null,"SCode":null,"ID":null,"Type(Strin":null,"Type(Strin_2":null},"geometry":{"type":"Polygon","coordinates":[[[79.86077505691362,6.905315134694931],[79.86078042458419,6.905317694122815],[79.8607856940806,6.905314938476229],[79.86078032641005,6.905312379048405],[79.86077505691362,6.905315134694931]],[[79.86077664260884,6.905315105444387],[79.86078034104499,6.905313171372911],[79.86078410838537,6.9053149677268],[79.86078040994924,6.905316901798306],[79.86077664260884,6.905315105444387]]]}},{"type":"Feature","properties":{"Type":6,"ImageName":null,"MCode":null,"SCode":null,"ID":null,"Type(Strin":null,"Type(Strin_2":null},"geometry":{"type":"Polygon","coordinates":[[[79.8607767833677,6.905346534470449],[79.86078210916119,6.9053486622609626],[79.86078700787972,6.905345680924227],[79.86078168208624,6.90534355313377],[79.8607767833677,6.905346534470449]],[[79.86077830754795,6.905346407231305],[79.86078174575081,6.905344314757478],[79.86078548369947,6.905345808163401],[79.86078204549662,6.905347900637253],[79.86077830754795,6.905346407231305]]]}},{"type":"Feature","properties":{"Type":21,"ImageName":null,"MCode":null,"SCode":null,"ID":null,"Type(Strin":null,"Type(Strin_2":null},"geometry":{"type":"MultiPolygon","coordinates":[[[[79.86093479235156,6.905269292846647],[79.86093479235156,6.905269292846647],[79.8609348111012,6.905269482048138],[79.86093483650266,6.905269663979807],[79.860934868556,6.905269838641649],[79.86093490726115,6.905270006033672],[79.86093495261817,6.905270166155869],[79.86093500462702,6.90527031900825],[79.86093506328774,6.9052704645908065],[79.8609351286003,6.90527060290354],[79.8609352005647,6.905270733946455],[79.86093527918094,6.905270857719545],[79.86093536444903,6.905270974222815],[79.86093545636898,6.905271083456261],[79.86093545636898,6.905271083456261],[79.86093555406359,6.90527118414226],[79.86093565665566,6.905271275003172],[79.86093576414521,6.905271356039005],[79.86093587653222,6.905271427249762],[79.86093599381671,6.905271488635434],[79.86093611599868,6.905271540196024],[79.86093624307811,6.905271581931536],[79.86093637505503,6.905271613841963],[79.86093651192941,6.905271635927315],[79.86093665370127,6.90527164818758],[79.86093680037061,6.905271650622768],[79.86093695193742,6.905271643232871],[79.86093802388558,6.905271557607926],[79.86093828223267,6.905274787617611],[79.86093913239846,6.90527471970817],[79.86093847303498,6.905266475952116],[79.86093655092105,6.9052666294865],[79.86093655092105,6.9052666294865],[79.86093640010401,6.905266646250387],[79.86093625568398,6.9052666719371745],[79.86093611766096,6.905266706546865],[79.86093598603489,6.905266750079459],[79.86093586080587,6.905266802534954],[79.86093574197382,6.9052668639133525],[79.86093562953879,6.905266934214653],[79.86093552350073,6.905267013438853],[79.8609354238597,6.905267101585958],[79.86093533061566,6.905267198655964],[79.86093524376861,6.905267304648873],[79.86093516331857,6.905267419564685],[79.86093516331857,6.905267419564685],[79.8609350899285,6.9052675420027425],[79.86093502426138,6.905267670562396],[79.86093496631716,6.9052678052436445],[79.8609349160959,6.905267946046492],[79.8609348735976,6.905268092970931],[79.86093483882222,6.905268246016964],[79.86093481176975,6.9052684051845885],[79.86093479244025,6.9052685704738135],[79.86093478083366,6.90526874188463],[79.86093477695002,6.905268919417045],[79.86093478078932,6.905269103071051],[79.86093479235156,6.905269292846647]],[[79.86093564251735,6.905269224937216],[79.86093564251735,6.905269224937216],[79.86093563293848,6.905269076107953],[79.86093562862271,6.905268934944473],[79.86093562957008,6.905268801446765],[79.86093563578056,6.905268675614836],[79.8609356472542,6.905268557448684],[79.86093566399092,6.9052684469483046],[79.86093568599077,6.905268344113704],[79.86093571325374,6.905268248944883],[79.86093574577983,6.905268161441837],[79.86093578356903,6.905268081604569],[79.86093582662139,6.905268009433078],[79.86093587493683,6.905267944927365],[79.86093587493683,6.905267944927365],[79.86093592838151,6.905267886413499],[79.86093598682154,6.905267832217558],[79.86093605025692,6.905267782339538],[79.86093611868766,6.905267736779445],[79.86093619211375,6.905267695537269],[79.86093627053518,6.905267658613015],[79.86093635395194,6.9052676260066885],[79.86093644236406,6.905267597718284],[79.86093653577154,6.9052675737478015],[79.86093663417435,6.905267554095241],[79.86093673757252,6.9052675387606035],[79.86093684596604,6.905267527743891],[79.86093769613181,6.905267459834451],[79.86093795062297,6.905270641635031],[79.86093710045718,6.905270709544472],[79.86093710045718,6.905270709544472],[79.86093699168879,6.905270715874191],[79.86093688716598,6.905270717147841],[79.86093678688874,6.905270713365421],[79.8609366908571,6.9052707045269335],[79.86093659907104,6.905270690632376],[79.86093651153057,6.90527067168175],[79.86093642823569,6.905270647675054],[79.86093634918637,6.905270618612291],[79.86093627438265,6.905270584493459],[79.86093620382452,6.905270545318561],[79.86093613751196,6.9052705010875854],[79.860936075445,6.90527045180055],[79.860936075445,6.90527045180055],[79.86093601748972,6.905270395783513],[79.86093596351226,6.905270331362558],[79.86093591351262,6.905270258537675],[79.8609358674908,6.905270177308873],[79.86093582544676,6.905270087676147],[79.86093578738055,6.905269989639494],[79.86093575329215,6.905269883198922],[79.86093572318157,6.905269768354429],[79.86093569704879,6.905269645106007],[79.86093567489385,6.905269513453667],[79.86093565671668,6.905269373397402],[79.86093564251735,6.905269224937216]]],[[[79.86093132092691,6.905275452181882],[79.86093277136669,6.905275332367944],[79.86093211153126,6.905267355088912],[79.86093066109149,6.905267474902853],[79.86093132092691,6.905275452181882]]],[[[79.86092408474262,6.905272736820465],[79.86092408474262,6.905272736820465],[79.86092411788611,6.905273031025047],[79.86092415740487,6.9052733100620145],[79.86092420329892,6.90527357393136],[79.86092425556826,6.905273822633089],[79.8609243142129,6.9052740561672],[79.8609243792328,6.905274274533694],[79.86092445062798,6.905274477732568],[79.86092452839846,6.905274665763824],[79.86092461254422,6.905274838627464],[79.86092470306527,6.905274996323482],[79.86092479996158,6.905275138851885],[79.86092490323318,6.905275266212667],[79.86092490323318,6.905275266212667],[79.86092501088912,6.905275380561293],[79.86092512093835,6.905275484053222],[79.86092523338095,6.9052755766884575],[79.86092534821687,6.905275658466994],[79.86092546544612,6.905275729388835],[79.86092558506871,6.905275789453978],[79.86092570708465,6.905275838662427],[79.8609258314939,6.905275877014176],[79.8609259582965,6.9052759045092325],[79.86092608749244,6.905275921147591],[79.8609262190817,6.905275926929251],[79.86092635306431,6.9052759218542175],[79.86092635306431,6.9052759218542175],[79.86092650517884,6.905275903588063],[79.86092665254127,6.905275872797349],[79.86092679515156,6.905275829482064],[79.86092693300974,6.905275773642215],[79.8609270661158,6.905275705277795],[79.86092719446974,6.905275624388811],[79.86092731807156,6.905275530975257],[79.86092743692126,6.90527542503714],[79.86092755101885,6.905275306574453],[79.8609276603643,6.905275175587201],[79.86092776495765,6.905275032075384],[79.86092786479885,6.905274876038995],[79.86092786479885,6.905274876038995],[79.86092795689638,6.905274703708962],[79.86092803867122,6.9052745166195075],[79.86092811012337,6.905274314770635],[79.86092817125285,6.905274098162337],[79.86092822205964,6.905273866794625],[79.86092826254375,6.90527362066749],[79.86092829270518,6.905273359780936],[79.86092831254395,6.905273084134963],[79.86092832206002,6.90527279372957],[79.8609283212534,6.905272488564754],[79.86092831012412,6.905272168640522],[79.86092828867216,6.905271833956869],[79.86092828867216,6.905271833956869],[79.86092825582129,6.905271468369007],[79.86092821544663,6.905271119371841],[79.86092816754818,6.905270786965376],[79.86092811212593,6.905270471149614],[79.86092804917992,6.905270171924545],[79.8609279787101,6.90526988929018],[79.86092790071649,6.905269623246508],[79.8609278151991,6.905269373793538],[79.8609277221579,6.905269140931266],[79.86092762159292,6.905268924659695],[79.86092751350415,6.905268724978821],[79.86092739789159,6.9052685418886455],[79.86092739789159,6.9052685418886455],[79.86092727446123,6.905268375078552],[79.86092714721048,6.905268223904483],[79.86092701613937,6.905268088366439],[79.86092688124783,6.905267968464418],[79.86092674253594,6.905267864198424],[79.86092660000364,6.905267775568454],[79.86092645365096,6.905267702574507],[79.86092630347791,6.905267645216586],[79.86092614948446,6.9052676034946865],[79.8609259916706,6.905267577408816],[79.86092583003638,6.905267566958969],[79.86092566458176,6.905267572145145],[79.86092566458176,6.905267572145145],[79.86092552545149,6.905267588513197],[79.86092539129342,6.905267615610257],[79.86092526210753,6.905267653436327],[79.86092513789386,6.905267701991411],[79.86092501865238,6.905267761275504],[79.8609249043831,6.905267831288604],[79.860924795086,6.905267912030721],[79.86092469076114,6.905268003501849],[79.86092459140846,6.9052681057019845],[79.86092449702798,6.905268218631134],[79.8609244076197,6.905268342289293],[79.86092432318362,6.905268476676461],[79.86092432318362,6.905268476676461],[79.86092424343607,6.905268618146615],[79.86092417279741,6.905268768023601],[79.86092411126761,6.905268926307414],[79.86092405884668,6.905269092998061],[79.86092401553465,6.905269268095537],[79.8609239813315,6.905269451599841],[79.8609239562372,6.905269643510975],[79.8609239402518,6.905269843828936],[79.86092393337525,6.905270052553732],[79.86092393560759,6.905270269685356],[79.86092394694882,6.905270495223806],[79.8609239673989,6.905270729169091],[79.86092481709717,6.905270663147825],[79.86092481709717,6.905270663147825],[79.86092480564221,6.905270491638805],[79.86092479850959,6.9052703271300775],[79.86092479569926,6.905270169621635],[79.86092479721127,6.905270019113477],[79.86092480304558,6.905269875605606],[79.86092481320222,6.9052697390980295],[79.86092482768117,6.905269609590738],[79.86092484648243,6.905269487083731],[79.86092486960604,6.905269371577019],[79.86092489705193,6.905269263070589],[79.86092492882015,6.905269161564447],[79.86092496491071,6.905269067058596],[79.86092496491071,6.905269067058596],[79.86092500532357,6.905268979553029],[79.86092505005874,6.905268899047753],[79.86092509911623,6.905268825542763],[79.86092515249605,6.905268759038057],[79.86092521019818,6.9052686995336465],[79.86092527222262,6.905268647029521],[79.8609253385694,6.905268601525685],[79.86092540923848,6.9052685630221315],[79.86092548422987,6.905268531518867],[79.86092556354359,6.905268507015895],[79.86092564717964,6.905268489513203],[79.86092573513798,6.905268479010805],[79.86092573513798,6.905268479010805],[79.86092583686283,6.905268476664496],[79.86092593604991,6.905268485630716],[79.86092603269925,6.905268505909467],[79.86092612681082,6.905268537500751],[79.86092621838463,6.905268580404569],[79.86092630742068,6.905268634620918],[79.86092639391897,6.905268700149798],[79.86092647787952,6.905268776991216],[79.86092655930227,6.905268865145157],[79.8609266381873,6.905268964611636],[79.86092671453454,6.905269075390646],[79.86092678834405,6.905269197482188],[79.86092678834405,6.905269197482188],[79.86092685661386,6.905269330452587],[79.8609269210461,6.9052694788380435],[79.86092698164076,6.905269642638551],[79.86092703839783,6.905269821854113],[79.86092709131734,6.90527001648473],[79.86092714039926,6.905270226530397],[79.8609271856436,6.905270451991121],[79.86092722705037,6.905270692866894],[79.86092726461953,6.905270949157721],[79.86092729835114,6.905271220863605],[79.86092732824515,6.905271507984539],[79.86092735430161,6.905271810520527],[79.86092735430161,6.905271810520527],[79.86092737352905,6.905272090022591],[79.86092738664956,6.905272355771507],[79.86092739366316,6.905272607767287],[79.8609273945698,6.905272846009925],[79.86092738936954,6.905273070499421],[79.8609273780623,6.905273281235782],[79.86092736064816,6.905273478218997],[79.8609273371271,6.905273661449075],[79.86092730749908,6.9052738309260135],[79.86092727176414,6.90527398664981],[79.86092722992227,6.905274128620467],[79.86092718197347,6.9052742568379815],[79.86092718197347,6.9052742568379815],[79.8609271268191,6.905274371054262],[79.86092706806453,6.905274475991075],[79.86092700570978,6.90527457164842],[79.8609269397548,6.905274658026298],[79.86092687019965,6.905274735124716],[79.86092679704431,6.905274802943659],[79.86092672028876,6.905274861483146],[79.86092663993301,6.905274910743158],[79.86092655597709,6.905274950723706],[79.86092646842094,6.905274981424789],[79.86092637726462,6.905275002846405],[79.86092628250809,6.905275014988553],[79.86092628250809,6.905275014988553],[79.86092621196985,6.905275017023594],[79.8609261419715,6.905275012125168],[79.86092607251307,6.905275000293273],[79.86092600359451,6.9052749815279135],[79.86092593521586,6.905274955829085],[79.8609258673771,6.905274923196794],[79.86092580007825,6.905274883631034],[79.86092573331929,6.9052748371318105],[79.86092566710023,6.905274783699119],[79.86092560142107,6.905274723332961],[79.8609255362818,6.905274656033336],[79.86092547168245,6.905274581800246],[79.86092547168245,6.905274581800246],[79.86092540906205,6.905274494853048],[79.86092535027238,6.905274394714397],[79.86092529531336,6.9052742813842976],[79.86092524418508,6.90527415486275],[79.86092519688746,6.905274015149755],[79.86092515342052,6.905273862245309],[79.8609251137843,6.905273696149417],[79.86092507797876,6.905273516862081],[79.86092504600393,6.905273324383292],[79.86092501785978,6.905273118713055],[79.8609249935463,6.905272899851367],[79.86092497306353,6.905272667798232],[79.86092408474262,6.905272736820465]]],[[[79.8609191429792,6.905276394035625],[79.86092012719088,6.905276291933294],[79.86092145673432,6.9052721474373],[79.86092216413051,6.905273063910056],[79.86092247415716,6.9052760484585045],[79.86092334480594,6.90527595813721],[79.8609225164535,6.905267983796822],[79.86092164580472,6.9052680741181165],[79.86092200427304,6.90527152500226],[79.86091948810996,6.905268297957841],[79.86091846604401,6.905268403987183],[79.86092079688073,6.905271320304669],[79.8609191429792,6.905276394035625]]],[[[79.86091031094506,6.90527457100788],[79.86091031094506,6.90527457100788],[79.86091032990564,6.9052747478847625],[79.8609103554859,6.905274917879705],[79.86091038768582,6.905275080992709],[79.86091042650544,6.905275237223769],[79.86091047194475,6.905275386572892],[79.86091052400373,6.9052755290400745],[79.86091058268241,6.905275664625316],[79.86091064798076,6.905275793328617],[79.8609107198988,6.905275915149977],[79.86091079843652,6.905276030089399],[79.86091088359392,6.905276138146878],[79.86091097537101,6.905276239322417],[79.86091097537101,6.905276239322417],[79.86091107196258,6.905276332510865],[79.86091117608746,6.90527641621492],[79.8609112877457,6.905276490434579],[79.86091140693723,6.90527655516985],[79.86091153366212,6.90527661042073],[79.86091166792033,6.9052766561872145],[79.86091180971187,6.9052766924693065],[79.86091195903674,6.9052767192670075],[79.86091211589495,6.905276736580318],[79.86091228028647,6.905276744409232],[79.86091245221134,6.905276742753751],[79.86091263166954,6.905276731613883],[79.86091263166954,6.905276731613883],[79.86091281046117,6.905276711700391],[79.8609129803864,6.9052766837240505],[79.86091314144518,6.90527664768486],[79.86091329363754,6.90527660358282],[79.86091343696349,6.905276551417933],[79.860913571423,6.9052764911901905],[79.86091369701609,6.905276422899607],[79.86091381374274,6.905276346546166],[79.86091392160299,6.905276262129878],[79.86091402059681,6.905276169650743],[79.86091411072418,6.905276069108757],[79.86091419198515,6.905275960503919],[79.86091419198515,6.905275960503919],[79.86091426279184,6.905275845235498],[79.86091432608052,6.905275724310602],[79.86091438185113,6.905275597729236],[79.8609144301037,6.905275465491398],[79.86091447083825,6.905275327597086],[79.86091450405478,6.905275184046302],[79.86091452975325,6.905275034839046],[79.86091454793367,6.905274879975322],[79.86091455859608,6.905274719455119],[79.86091456174043,6.905274553278447],[79.86091455736675,6.905274381445297],[79.86091454547505,6.905274203955684],[79.86091407204049,6.90526874934061],[79.86091313555791,6.905268830515619],[79.86091360899245,6.905274285130691],[79.86091360899245,6.905274285130691],[79.86091361757181,6.905274410234446],[79.86091362113802,6.905274530095418],[79.86091361969105,6.905274644713607],[79.86091361323093,6.905274754089012],[79.86091360175767,6.905274858221633],[79.86091358527125,6.905274957111473],[79.86091356377166,6.905275050758528],[79.86091353725894,6.905275139162804],[79.86091350573304,6.90527522232429],[79.86091346919399,6.905275300242995],[79.86091342764179,6.90527537291892],[79.86091338107643,6.90527544035206],[79.86091338107643,6.90527544035206],[79.86091333037335,6.905275502781942],[79.86091327640798,6.905275560448087],[79.86091321918033,6.905275613350496],[79.86091315869041,6.905275661489169],[79.86091309493817,6.905275704864109],[79.86091302792366,6.905275743475316],[79.86091295764687,6.905275777322777],[79.86091288410778,6.905275806406509],[79.8609128073064,6.905275830726504],[79.86091272724275,6.905275850282765],[79.8609126439168,6.905275865075289],[79.86091255732858,6.905275875104079],[79.86091255732858,6.905275875104079],[79.86091247030559,6.905275880124036],[79.86091238567542,6.905275879890074],[79.86091230343804,6.905275874402188],[79.86091222359349,6.905275863660377],[79.8609121461417,6.905275847664647],[79.86091207108275,6.905275826414991],[79.86091199841658,6.905275799911411],[79.86091192814322,6.905275768153909],[79.86091186026266,6.90527573114249],[79.8609117947749,6.9052756888771425],[79.86091173167995,6.905275641357872],[79.86091167097779,6.905275588584677],[79.86091167097779,6.905275588584677],[79.86091161348952,6.905275530170986],[79.86091156003624,6.905275465730207],[79.86091151061795,6.905275395262345],[79.86091146523464,6.905275318767402],[79.86091142388632,6.9052752362453775],[79.86091138657298,6.905275147696268],[79.86091135329464,6.905275053120075],[79.86091132405127,6.9052749525168045],[79.86091129884288,6.905274845886447],[79.86091127766949,6.905274733229004],[79.86091126053107,6.905274614544483],[79.86091124742765,6.905274489832878],[79.86091077399314,6.905269035217809],[79.86090983751056,6.905269116392811],[79.86091031094506,6.90527457100788]]],[[[79.86090521659482,6.905271989505637],[79.86090521659482,6.905271989505637],[79.8609052375744,6.90527216508087],[79.8609052646398,6.905272333768896],[79.86090529779099,6.905272495569709],[79.86090533702802,6.9052726504833135],[79.86090538235084,6.905272798509709],[79.86090543375948,6.905272939648892],[79.86090549125394,6.905273073900863],[79.86090555483419,6.905273201265627],[79.86090562450028,6.90527332174318],[79.86090570025216,6.90527343533352],[79.86090578208989,6.905273542036653],[79.8609058700134,6.905273641852571],[79.8609058700134,6.905273641852571],[79.86090596317938,6.905273733610016],[79.8609060607445,6.905273816137729],[79.86090616270874,6.905273889435696],[79.86090626907213,6.905273953503935],[79.86090637983466,6.9052740083424275],[79.86090649499629,6.9052740539511825],[79.86090661455708,6.905274090330206],[79.86090673851699,6.905274117479486],[79.86090686687604,6.9052741353990275],[79.86090699963421,6.905274144088837],[79.86090713679152,6.905274143548903],[79.86090727834797,6.905274133779231],[79.86090827888975,6.905274033662842],[79.86090857932905,6.905277032228424],[79.8609093728622,6.905276952825767],[79.86090860606937,6.905269299770322],[79.86090681199444,6.905269479289373],[79.86090681199444,6.905269479289373],[79.86090667130993,6.9052694977613465],[79.86090653676838,6.905269524408193],[79.86090640836981,6.905269559229913],[79.86090628611423,6.905269602226501],[79.86090617000161,6.905269653397962],[79.86090606003197,6.905269712744297],[79.8609059562053,6.9052697802655],[79.86090585852162,6.905269855961577],[79.8609057669809,6.905269939832525],[79.86090568158316,6.905270031878343],[79.86090560232839,6.905270132099036],[79.8609055292166,6.905270240494597],[79.8609055292166,6.905270240494597],[79.860905462842,6.905270355749924],[79.86090540379882,6.905270476549903],[79.86090535208707,6.905270602894536],[79.8609053077067,6.905270734783823],[79.86090527065777,6.905270872217762],[79.86090524094024,6.905271015196357],[79.86090521855414,6.9052711637196],[79.86090520349946,6.905271317787499],[79.86090519577617,6.905271477400055],[79.8609051953843,6.905271642557261],[79.86090520232386,6.90527181325912],[79.86090521659482,6.905271989505637]],[[79.86090601012796,6.9052719101029805],[79.86090601012796,6.9052719101029805],[79.86090599845812,6.905271771893526],[79.86090599184831,6.905271640711651],[79.86090599029856,6.905271516557357],[79.86090599380884,6.905271399430644],[79.86090600237914,6.905271289331518],[79.86090601600951,6.905271186259968],[79.86090603469992,6.905271090216004],[79.86090605845037,6.905271001199622],[79.86090608726086,6.90527091921082],[79.86090612113138,6.905270844249602],[79.86090616006194,6.905270776315968],[79.86090620405254,6.905270715409915],[79.86090620405254,6.905270715409915],[79.8609062529475,6.905270659977459],[79.8609063065911,6.9052706084646225],[79.86090636498335,6.905270560871398],[79.86090642812421,6.905270517197794],[79.86090649601373,6.905270477443807],[79.86090656865188,6.905270441609429],[79.86090664603869,6.9052704096946735],[79.86090672817411,6.905270381699533],[79.8609068150582,6.9052703576240075],[79.86090690669093,6.905270337468099],[79.8609070030723,6.905270321231806],[79.86090710420228,6.90527030891513],[79.86090789773543,6.905270229512472],[79.86090819369055,6.905273183323348],[79.8609074001574,6.905273262726002],[79.8609074001574,6.905273262726002],[79.86090729859144,6.905273270691527],[79.86090720090219,6.9052732738743625],[79.86090710708966,6.90527327227451],[79.86090701715386,6.905273265891967],[79.86090693109477,6.905273254726736],[79.8609068489124,6.9052732387788165],[79.86090677060676,6.90527321804821],[79.86090669617784,6.905273192534913],[79.86090662562563,6.905273162238929],[79.86090655895013,6.905273127160254],[79.86090649615136,6.905273087298894],[79.86090643722932,6.9052730426548425],[79.86090643722932,6.9052730426548425],[79.86090638202828,6.905272991674123],[79.86090633039257,6.905272932802747],[79.86090628232216,6.905272866040714],[79.86090623781709,6.90527279138803],[79.86090619687734,6.905272708844691],[79.8609061595029,6.905272618410695],[79.86090612569379,6.905272520086046],[79.86090609544998,6.905272413870741],[79.8609060687715,6.905272299764785],[79.86090604565834,6.905272177768169],[79.8609060261105,6.905272047880904],[79.86090601012796,6.9052719101029805]]],[[[79.86089681057737,6.905277887868396],[79.86089767566806,6.905277818150523],[79.86089798832585,6.905275398469254],[79.8608995743254,6.905275270653149],[79.86090027094006,6.905277608996899],[79.86090113603075,6.905277539279019],[79.86089870711189,6.905269919068666],[79.86089798620301,6.905269977166897],[79.86089681057737,6.905277887868396]],[[79.8608980997306,6.905274531091153],[79.86089845550138,6.905271746503834],[79.86089852759228,6.905271740694012],[79.86089932527571,6.905274432324165],[79.8608980997306,6.905274531091153]]],[[[79.86089178356963,6.905278274120884],[79.86089274040204,6.905278186918869],[79.8608943370253,6.905272423877125],[79.86089437529857,6.905272420389044],[79.86089488370666,6.905277991586339],[79.86089576399247,6.905277911360477],[79.86089506288133,6.905270228499693],[79.86089410604893,6.905270315701714],[79.86089250942568,6.905276078743457],[79.8608924711524,6.905276082231539],[79.86089196274435,6.905270511034244],[79.86089108245855,6.905270591260101],[79.86089178356963,6.905278274120884]]],[[[79.86088605397659,6.905274985593745],[79.86088605397659,6.905274985593745],[79.86088609161563,6.905275320746137],[79.86088613884905,6.905275638428778],[79.86088619567681,6.9052759386416716],[79.86088626209894,6.905276221384812],[79.86088633811545,6.9052764866582095],[79.86088642372633,6.905276734461854],[79.86088651893155,6.905276964795746],[79.86088662373115,6.905277177659895],[79.8608867381251,6.9052773730542905],[79.86088686211342,6.905277550978939],[79.8608869956961,6.905277711433839],[79.86088713887314,6.905277854418989],[79.86088713887314,6.905277854418989],[79.86088728764221,6.905277980001784],[79.86088744301703,6.905278092800483],[79.86088760499761,6.9052781928150875],[79.86088777358395,6.905278280045591],[79.86088794877604,6.905278354491999],[79.86088813057388,6.905278416154309],[79.8608883189775,6.90527846503252],[79.86088851398686,6.905278501126635],[79.86088871560197,6.905278524436654],[79.86088892382286,6.905278534962573],[79.86088913864948,6.9052785327043935],[79.86088936008187,6.905278517662117],[79.86089074935443,6.905278385159021],[79.86089001683789,6.905270714977847],[79.86088862756536,6.905270847480944],[79.86088862756536,6.905270847480944],[79.86088838176498,6.9052708772109614],[79.86088814831561,6.90527091833616],[79.86088792721725,6.905270970856546],[79.86088771846991,6.905271034772116],[79.86088752207358,6.905271110082867],[79.86088733802829,6.905271196788805],[79.860887166334,6.905271294889927],[79.86088700699072,6.905271404386232],[79.86088685999847,6.9052715252777235],[79.86088672535725,6.905271657564398],[79.86088660306702,6.905271801246255],[79.86088649312782,6.905271956323299],[79.86088649312782,6.905271956323299],[79.86088639288057,6.905272124935112],[79.86088630420628,6.905272308788273],[79.86088622710494,6.905272507882773],[79.86088616157659,6.905272722218616],[79.8608861076212,6.905272951795809],[79.86088606523879,6.905273196614339],[79.86088603442933,6.905273456674213],[79.86088601519285,6.905273731975433],[79.86088600752932,6.905274022517997],[79.86088601143878,6.905274328301904],[79.8608860269212,6.905274649327155],[79.86088605397659,6.905274985593745]],[[79.86088703463953,6.905274892062153],[79.86088703463953,6.905274892062153],[79.8608870122828,6.905274621985243],[79.86088699804512,6.905274364964458],[79.86088699192652,6.905274120999801],[79.860886993927,6.905273890091276],[79.86088700404655,6.905273672238869],[79.86088702228517,6.9052734674425915],[79.86088704864287,6.905273275702443],[79.86088708311964,6.90527309701842],[79.8608871257155,6.905272931390524],[79.86088717643041,6.905272778818758],[79.8608872352644,6.905272639303116],[79.86088730221748,6.905272512843602],[79.86088730221748,6.905272512843602],[79.86088737708138,6.90527239725977],[79.8608874596479,6.905272290371173],[79.86088754991701,6.905272192177818],[79.86088764788872,6.905272102679697],[79.86088775356303,6.905272021876814],[79.86088786693996,6.905271949769171],[79.86088798801947,6.905271886356764],[79.86088811680159,6.9052718316395945],[79.86088825328632,6.905271785617665],[79.86088839747363,6.905271748290968],[79.86088854936357,6.905271719659516],[79.86088870895608,6.905271699723297],[79.8608891584266,6.905271656854651],[79.86088972816168,6.905277622551118],[79.86088927869115,6.905277665419769],[79.86088927869115,6.905277665419769],[79.86088911822601,6.9052776762188826],[79.86088896371825,6.9052776774390345],[79.86088881516788,6.905277669080224],[79.86088867257489,6.905277651142445],[79.86088853593928,6.905277623625702],[79.86088840526104,6.905277586529998],[79.86088828054018,6.9052775398553266],[79.86088816177671,6.9052774836016875],[79.86088804897064,6.905277417769083],[79.86088794212193,6.905277342357519],[79.8608878412306,6.905277257366988],[79.86088774629667,6.905277162797491],[79.86088774629667,6.905277162797491],[79.86088765684414,6.905277053665155],[79.86088757287303,6.9052769299699825],[79.8608874943833,6.905276791711975],[79.86088742137503,6.905276638891124],[79.86088735384814,6.905276471507436],[79.86088729180268,6.90527628956091],[79.86088723523862,6.905276093051545],[79.86088718415598,6.905275881979344],[79.86088713855474,6.905275656344302],[79.86088709843494,6.905275416146425],[79.86088706379654,6.90527516138571],[79.86088703463953,6.905274892062153]]],[[[79.8608776204926,6.905275652820741],[79.8608776204926,6.905275652820741],[79.86087765148072,6.905275992571885],[79.86087769295992,6.905276314833399],[79.86087774493018,6.905276619605282],[79.86087780739147,6.90527690688753],[79.86087788034385,6.905277176680152],[79.86087796378726,6.905277428983135],[79.86087805772172,6.905277663796489],[79.86087816214724,6.9052778811202105],[79.86087827706382,6.9052780809543],[79.86087840247146,6.905278263298757],[79.86087853837013,6.905278428153583],[79.86087868475987,6.905278575518775],[79.86087868475987,6.905278575518775],[79.86087883744614,6.9052787053863804],[79.86087899737457,6.905278822447436],[79.8608791645452,6.905278926701947],[79.86087933895799,6.905279018149913],[79.86087952061295,6.905279096791336],[79.8608797095101,6.9052791626262024],[79.86087990564944,6.905279215654529],[79.86088010903094,6.905279255876307],[79.86088031965463,6.905279283291537],[79.86088053752049,6.905279297900221],[79.86088076262851,6.905279299702361],[79.86088099497873,6.905279288697953],[79.86088245371042,6.905279181086825],[79.86088187953807,6.905271408111645],[79.8608804208064,6.905271515722772],[79.8608804208064,6.905271515722772],[79.86088016255842,6.90527154112155],[79.86087991696228,6.905271578282468],[79.86087968401793,6.905271627205528],[79.86087946372541,6.9052716878907345],[79.86087925608471,6.905271760338075],[79.86087906109582,6.9052718445475625],[79.86087887875875,6.90527194051919],[79.86087870907349,6.905272048252964],[79.86087855204005,6.905272167748877],[79.86087840765845,6.905272299006937],[79.86087827592863,6.905272442027135],[79.86087815685065,6.905272596809475],[79.86087815685065,6.905272596809475],[79.86087804758495,6.905272765467752],[79.8608779500591,6.9052729497640915],[79.8608778642731,6.905273149698487],[79.86087779022697,6.905273365270943],[79.8608777279207,6.905273596481461],[79.86087767735425,6.9052738433300345],[79.86087763852768,6.90527410581667],[79.86087761144096,6.905274383941364],[79.86087759609407,6.905274677704118],[79.86087759248706,6.9052749871049315],[79.86087760061989,6.905275312143804],[79.8608776204926,6.905275652820741]],[[79.86087865018553,6.90527557685995],[79.86087865018553,6.90527557685995],[79.86087863356782,6.9052753032288905],[79.86087862512674,6.90527504295966],[79.86087862486227,6.905274796052256],[79.86087863277442,6.905274562506676],[79.86087864886318,6.905274342322926],[79.86087867312858,6.905274135501003],[79.86087870557058,6.9052739420409015],[79.86087874618921,6.90527376194263],[79.86087879498444,6.905273595206184],[79.86087885195631,6.905273441831565],[79.8608789171048,6.905273301818771],[79.86087899042991,6.905273175167803],[79.86087899042991,6.905273175167803],[79.8608790717684,6.905273059668997],[79.86087916095708,6.905272953112682],[79.86087925799592,6.9052728554988585],[79.86087936288494,6.905272766827537],[79.86087947562415,6.905272687098702],[79.8608795962135,6.9052726163123594],[79.86087972465303,6.905272554468515],[79.86087986094275,6.905272501567165],[79.86088000508263,6.905272457608302],[79.86088015707269,6.905272422591935],[79.86088031691293,6.905272396518064],[79.86088048460333,6.905272379386681],[79.86088095654593,6.9052723445713164],[79.86088140312441,6.905278390218679],[79.86088093118181,6.905278425034044],[79.86088093118181,6.905278425034044],[79.86088076280741,6.905278432905868],[79.86088060091524,6.905278431201076],[79.86088044550526,6.905278419919672],[79.8608802965775,6.905278399061648],[79.86088015413195,6.905278368627009],[79.8608800181686,6.905278328615756],[79.86087988868746,6.905278279027885],[79.86087976568851,6.9052782198634],[79.86087964917179,6.905278151122299],[79.86087953913727,6.905278072804585],[79.86087943558498,6.905277984910251],[79.86087933851488,6.9052778874393015],[79.86087933851488,6.9052778874393015],[79.8608792475539,6.905277775341074],[79.86087916270205,6.905277648615563],[79.86087908395932,6.905277507262769],[79.86087901132574,6.905277351282695],[79.86087894480127,6.905277180675335],[79.86087888438593,6.9052769954406985],[79.86087883007971,6.905276795578777],[79.86087878188262,6.905276581089574],[79.86087873979466,6.905276351973093],[79.86087870381581,6.905276108229327],[79.86087867394612,6.905275849858277],[79.86087865018553,6.90527557685995]]],[[[79.86087259075805,6.905280077502218],[79.86087350810656,6.9052799916767045],[79.86087455719615,6.905276373112925],[79.86087555099036,6.90527628013528],[79.86087587792355,6.905279769960791],[79.86087675704921,6.905279687711336],[79.86087600156844,6.905271623384817],[79.86087409042574,6.905271802187982],[79.86087409042574,6.905271802187982],[79.8608739402812,6.905271820089545],[79.86087379563041,6.905271845185738],[79.86087365647333,6.90527187747656],[79.86087352281,6.905271916962007],[79.86087339464041,6.90527196364208],[79.86087327196456,6.90527201751678],[79.86087315478244,6.905272078586107],[79.86087304309407,6.905272146850065],[79.86087293689944,6.905272222308647],[79.86087283619854,6.9052723049618585],[79.86087274099137,6.9052723948096935],[79.86087265127797,6.905272491852156],[79.86087265127797,6.905272491852156],[79.8608725684975,6.90527259430275],[79.8608724945801,6.905272705614957],[79.86087242952576,6.9052728257887805],[79.86087237333447,6.905272954824216],[79.86087232600624,6.905273092721267],[79.8608722875411,6.9052732394799285],[79.860872257939,6.905273395100206],[79.86087223719994,6.905273559582093],[79.86087222532397,6.905273732925599],[79.86087222231106,6.905273915130716],[79.8608722281612,6.905274106197448],[79.86087224287441,6.905274306125789],[79.86087224287441,6.905274306125789],[79.86087225997936,6.905274460129312],[79.8608722818408,6.905274607741184],[79.86087230845871,6.9052747489614035],[79.86087233983311,6.905274883789974],[79.86087237596398,6.90527501222689],[79.86087241685132,6.905275134272158],[79.86087246249514,6.905275249925775],[79.86087251289544,6.9052753591877405],[79.86087256805223,6.905275462058056],[79.86087262796549,6.905275558536716],[79.86087269263523,6.905275648623731],[79.86087276206143,6.90527573231909],[79.86087276206143,6.90527573231909],[79.86087283441675,6.905275810124139],[79.8608729078738,6.905275882540201],[79.86087298243257,6.905275949567286],[79.86087305809308,6.9052760112053875],[79.8608731348553,6.905276067454509],[79.86087321271926,6.9052761183146485],[79.86087329168495,6.905276163785811],[79.86087337175236,6.9052762038679925],[79.86087345292151,6.905276238561189],[79.86087353519238,6.905276267865407],[79.86087361856497,6.905276291780647],[79.8608737030393,6.905276310306901],[79.86087259075805,6.905280077502218]],[[79.86087312200004,6.905274223876342],[79.86087312200004,6.905274223876342],[79.86087311417589,6.905274115586566],[79.86087311132077,6.905274010796319],[79.86087311343474,6.905273909505605],[79.86087312051778,6.905273811714422],[79.86087313256988,6.905273717422772],[79.86087314959104,6.905273626630654],[79.86087317158126,6.905273539338065],[79.86087319854056,6.905273455545009],[79.86087323046893,6.905273375251485],[79.86087326736637,6.905273298457492],[79.86087330923286,6.905273225163035],[79.86087335606844,6.905273155368104],[79.86087335606844,6.905273155368104],[79.86087340634181,6.905273089876706],[79.86087346276872,6.905273029095499],[79.86087352534918,6.905272973024485],[79.86087359408316,6.905272921663658],[79.86087366897068,6.905272875013025],[79.86087375001173,6.905272833072583],[79.86087383720633,6.9052727958423334],[79.86087393055445,6.905272763322272],[79.86087403005612,6.905272735512404],[79.86087413571131,6.9052727124127244],[79.86087424752004,6.905272694023242],[79.86087436548232,6.905272680343943],[79.8608752063851,6.905272601670556],[79.86087546704806,6.905275384099],[79.86087439680814,6.9052754842287705],[79.86087439680814,6.9052754842287705],[79.86087432096443,6.9052754892322366],[79.86087424632471,6.905275489938386],[79.860874172889,6.905275486347214],[79.86087410065728,6.905275478458727],[79.86087402962956,6.905275466272918],[79.86087395980583,6.905275449789791],[79.8608738911861,6.905275429009343],[79.86087382377038,6.905275403931578],[79.86087375755865,6.9052753745564965],[79.86087369255091,6.905275340884095],[79.86087362874717,6.905275302914376],[79.86087356614742,6.905275260647335],[79.86087356614742,6.905275260647335],[79.86087350600683,6.90527521033149],[79.86087345007137,6.905275153455327],[79.86087339834106,6.905275090018852],[79.86087335081588,6.905275020022056],[79.86087330749588,6.905274943464948],[79.86087326838101,6.905274860347524],[79.86087323347131,6.905274770669781],[79.86087320276675,6.9052746744317295],[79.86087317626736,6.905274571633354],[79.8608731539731,6.905274462274666],[79.86087313588399,6.905274346355664],[79.86087312200004,6.905274223876342]]],[[[79.86086691062117,6.905276562718284],[79.86086691062117,6.905276562718284],[79.86086694875361,6.905276899297138],[79.86086699260042,6.905277219015749],[79.86086704216163,6.905277521874117],[79.86086709743722,6.905277807872242],[79.86086715842718,6.905278077010124],[79.86086722513153,6.905278329287763],[79.86086729755026,6.905278564705154],[79.86086737568338,6.905278783262303],[79.86086745953085,6.905278984959203],[79.86086754909275,6.905279169795864],[79.860867644369,6.905279337772281],[79.86086774535961,6.9052794888884526],[79.86086774535961,6.9052794888884526],[79.86086784924159,6.9052796228145406],[79.86086795770744,6.9052797437044395],[79.8608680707572,6.905279851558153],[79.86086818839088,6.905279946375686],[79.86086831060848,6.905280028157029],[79.86086843740999,6.905280096902191],[79.86086856879541,6.905280152611164],[79.86086870476473,6.905280195283949],[79.86086884531795,6.905280224920552],[79.8608689904551,6.9052802415209715],[79.86086914017615,6.905280245085199],[79.86086929448113,6.905280235613247],[79.86086929448113,6.905280235613247],[79.86086944768165,6.905280213685944],[79.86086959408938,6.9052801798841275],[79.86086973370433,6.905280134207793],[79.8608698665265,6.905280076656942],[79.86086999255586,6.905280007231574],[79.86087011179245,6.905279925931696],[79.86087022423622,6.9052798327573015],[79.86087032988723,6.905279727708392],[79.86087042874544,6.905279610784965],[79.86087052081088,6.905279481987022],[79.86087060608351,6.9052793413145634],[79.86087068456335,6.905279188767593],[79.86087068456335,6.905279188767593],[79.86087075480877,6.905279020166576],[79.86087081587849,6.905278836225742],[79.86087086777248,6.905278636945078],[79.86087091049077,6.905278422324596],[79.86087094403334,6.905278192364291],[79.8608709684002,6.905277947064162],[79.86087098359135,6.905277686424207],[79.86087098960681,6.9052774104444365],[79.86087098644654,6.905277119124835],[79.86087097411057,6.905276812465415],[79.86087095259887,6.905276490466171],[79.86087092191148,6.905276153127104],[79.86087092191148,6.905276153127104],[79.86087088371623,6.905275816760696],[79.86087083968098,6.905275497679425],[79.86087078980577,6.905275195883296],[79.86087073409055,6.905274911372306],[79.86087067253534,6.905274644146455],[79.86087060514016,6.905274394205744],[79.86087053190498,6.90527416155017],[79.8608704528298,6.905273946179741],[79.86087036791464,6.905273748094448],[79.8608702771595,6.9052735672942935],[79.86087018056436,6.905273403779278],[79.86087007812922,6.905273257549405],[79.86087007812922,6.905273257549405],[79.86086997063904,6.905273126361157],[79.8608698588787,6.905273007971021],[79.8608697428482,6.905272902379],[79.86086962254754,6.905272809585087],[79.86086949797675,6.90527272958929],[79.86086936913581,6.905272662391602],[79.86086923602473,6.905272607992032],[79.86086909864348,6.905272566390572],[79.86086895699208,6.905272537587221],[79.86086881107055,6.9052725215819875],[79.86086866087885,6.905272518374863],[79.860868506417,6.905272527965857],[79.860868506417,6.905272527965857],[79.86086835337336,6.905272549774122],[79.86086820743628,6.905272583218829],[79.86086806860573,6.905272628299983],[79.86086793688172,6.905272685017579],[79.86086781226427,6.905272753371615],[79.86086769475338,6.905272833362095],[79.86086758434902,6.90527292498902],[79.86086748105124,6.905273028252383],[79.86086738485999,6.905273143152191],[79.8608672957753,6.905273269688442],[79.86086721379714,6.905273407861134],[79.86086713892553,6.90527355767027],[79.86086713892553,6.90527355767027],[79.8608670701246,6.905273721384982],[79.8608670103738,6.90527390086442],[79.86086695967307,6.905274096108573],[79.86086691802245,6.9052743071174465],[79.86086688542193,6.905274533891032],[79.86086686187151,6.9052747764293425],[79.86086684737121,6.905275034732369],[79.86086684192098,6.9052753088001175],[79.86086684552087,6.90527559863258],[79.86086685817088,6.905275904229762],[79.86086687987095,6.905276225591662],[79.86086691062117,6.905276562718284]],[[79.86086777792718,6.90527647415803],[79.86086777792718,6.90527647415803],[79.86086774957012,6.905276174491418],[79.8608677275441,6.90527589210338],[79.86086771184908,6.905275626993916],[79.86086770248505,6.905275379163023],[79.86086769945207,6.905275148610702],[79.86086770275011,6.9052749353369505],[79.86086771237915,6.905274739341774],[79.86086772833923,6.90527456062517],[79.86086775063029,6.905274399187134],[79.8608677792524,6.905274255027674],[79.86086781420552,6.905274128146786],[79.86086785548964,6.90527401854447],[79.86086785548964,6.90527401854447],[79.86086790134965,6.905273921455102],[79.86086795003038,6.905273832113073],[79.86086800153187,6.905273750518379],[79.86086805585408,6.905273676671017],[79.86086811299704,6.905273610570987],[79.86086817296074,6.905273552218294],[79.86086823574514,6.905273501612933],[79.8608683013503,6.905273458754906],[79.86086836977617,6.905273423644213],[79.86086844102279,6.905273396280858],[79.86086851509016,6.905273376664834],[79.86086859197825,6.9052733647961455],[79.86086859197825,6.9052733647961455],[79.86086866984672,6.905273360862704],[79.86086874685525,6.905273365052436],[79.8608688230038,6.905273377365333],[79.86086889829238,6.9052733978013965],[79.86086897272101,6.905273426360633],[79.8608690462897,6.905273463043038],[79.8608691189984,6.905273507848609],[79.86086919084714,6.905273560777349],[79.86086926183593,6.905273621829258],[79.86086933196474,6.905273691004333],[79.8608694012336,6.905273768302581],[79.8608694696425,6.905273853723994],[79.8608694696425,6.905273853723994],[79.86086953417839,6.905273952521073],[79.86086959584357,6.905274069536309],[79.86086965463802,6.905274204769703],[79.86086971056174,6.905274358221254],[79.86086976361474,6.905274529890965],[79.86086981379704,6.905274719778831],[79.86086986110858,6.90527492788486],[79.86086990554941,6.9052751542090425],[79.8608699471195,6.905275398751384],[79.86086998581887,6.905275661511887],[79.86087002164754,6.905275942490545],[79.86087005460547,6.90527624168736],[79.86087005460547,6.90527624168736],[79.86087008289972,6.905276541566421],[79.86087010473734,6.9052768245918],[79.86087012011834,6.905277090763505],[79.86087012904272,6.905277340081531],[79.8608701315105,6.905277572545885],[79.86087012752161,6.905277788156556],[79.86087011707612,6.905277986913554],[79.86087010017398,6.905278168816873],[79.86087007681523,6.905278333866519],[79.86087004699986,6.905278482062488],[79.86087001072787,6.905278613404781],[79.86086996799924,6.905278727893398],[79.86086996799924,6.905278727893398],[79.86086991853098,6.905278827720596],[79.86086986655576,6.905278919562392],[79.86086981207356,6.905279003418777],[79.86086975508438,6.905279079289759],[79.86086969558822,6.9052791471753325],[79.8608696335851,6.905279207075498],[79.86086956907499,6.905279258990259],[79.86086950205792,6.905279302919616],[79.86086943253387,6.905279338863561],[79.86086936050285,6.9052793668221],[79.86086928596485,6.905279386795233],[79.86086920891987,6.905279398782961],[79.86086920891987,6.905279398782961],[79.86086913120828,6.905279402597362],[79.8608690546704,6.905279398050524],[79.86086897930625,6.905279385142444],[79.86086890511582,6.905279363873122],[79.86086883209911,6.905279334242558],[79.86086876025612,6.9052792962507565],[79.86086868958685,6.90527924989771],[79.86086862009131,6.905279195183422],[79.8608685517695,6.9052791321079],[79.8608684846214,6.905279060671128],[79.86086841864703,6.905278980873119],[79.86086835384639,6.905278892713868],[79.86086835384639,6.905278892713868],[79.86086829075496,6.905278789030493],[79.86086823040868,6.905278667553856],[79.86086817280749,6.9052785282839535],[79.86086811795144,6.905278371220792],[79.86086806584049,6.905278196364365],[79.86086801647467,6.9052780037146775],[79.86086796985397,6.905277793271724],[79.86086792597838,6.905277565035512],[79.86086788484789,6.905277319006035],[79.86086784646254,6.905277055183294],[79.8608678108223,6.905276773567295],[79.86086777792718,6.90527647415803]]],[[[79.86086185885742,6.905275587664027],[79.86086185885742,6.905275587664027],[79.86086188313753,6.905275765443068],[79.86086191358979,6.905275936119562],[79.86086195021416,6.9052760996935145],[79.86086199301064,6.905276256164925],[79.86086204197927,6.90527640553379],[79.86086209712,6.905276547800112],[79.86086215843287,6.905276682963892],[79.86086222591784,6.905276811025126],[79.86086229957495,6.905276931983818],[79.86086237940418,6.9052770458399655],[79.86086246540553,6.90527715259357],[79.860862557579,6.905277252244633],[79.860862557579,6.905277252244633],[79.86086265503728,6.905277343620311],[79.86086275689301,6.905277425547755],[79.86086286314622,6.905277498026968],[79.86086297379688,6.905277561057954],[79.86086308884504,6.905277614640706],[79.86086320829065,6.905277658775232],[79.86086333213373,6.905277693461525],[79.86086346037429,6.905277718699588],[79.86086359301231,6.905277734489422],[79.8608637300478,6.905277740831023],[79.86086387148076,6.905277737724397],[79.86086401731117,6.905277725169542],[79.86086504759415,6.905277604907892],[79.86086540259474,6.905280642190596],[79.8608662197157,6.9052805468106655],[79.86086531366941,6.9052727949398784],[79.8608634662655,6.905273010581461],[79.8608634662655,6.905273010581461],[79.86086332146533,6.905273031950986],[79.86086318312319,6.905273061501618],[79.86086305123902,6.905273099233353],[79.86086292581288,6.905273145146196],[79.86086280684474,6.905273199240141],[79.86086269433459,6.905273261515198],[79.86086258828244,6.905273331971356],[79.86086248868831,6.905273410608618],[79.86086239555218,6.905273497426987],[79.86086230887403,6.905273592426461],[79.8608622286539,6.905273695607044],[79.86086215489179,6.905273806968727],[79.86086215489179,6.905273806968727],[79.86086208818062,6.905273925165889],[79.86086202911339,6.905274048852886],[79.8608619776901,6.905274178029722],[79.86086193391074,6.905274312696402],[79.86086189777531,6.905274452852914],[79.86086186928381,6.90527459849927],[79.86086184843626,6.905274749635463],[79.86086183523261,6.905274906261499],[79.86086182967291,6.905275068377373],[79.86086183175715,6.905275235983085],[79.8608618414853,6.9052754090786355],[79.86086185885742,6.905275587664027]],[[79.86086267597837,6.905275492284102],[79.86086267597837,6.905275492284102],[79.86086266186172,6.905275352249472],[79.86086265306903,6.905275219251897],[79.86086264960029,6.905275093291385],[79.86086265145553,6.905274974367935],[79.86086265863472,6.905274862481541],[79.86086267113787,6.905274757632212],[79.86086268896499,6.905274659819943],[79.86086271211605,6.905274569044735],[79.86086274059109,6.905274485306585],[79.86086277439009,6.905274408605494],[79.86086281351304,6.905274338941469],[79.86086285795994,6.9052742763145005],[79.86086285795994,6.9052742763145005],[79.86086290754686,6.905274219150546],[79.86086296208975,6.9052741658755545],[79.86086302158867,6.905274116489531],[79.8608630860436,6.905274070992469],[79.86086315545452,6.905274029384375],[79.86086322982146,6.9052739916652435],[79.86086330914442,6.9052739578350755],[79.86086339342337,6.905273927893872],[79.86086348265835,6.905273901841638],[79.86086357684931,6.905273879678367],[79.86086367599631,6.90527386140406],[79.8608637800993,6.905273847018715],[79.86086459722026,6.905273751638786],[79.86086494692233,6.905276743588915],[79.86086412980136,6.905276838968843],[79.86086412980136,6.905276838968843],[79.86086402518323,6.905276848946853],[79.86086392449086,6.905276853999158],[79.86086382772422,6.905276854125761],[79.8608637348833,6.905276849326659],[79.86086364596815,6.905276839601858],[79.86086356097874,6.9052768249513505],[79.86086347991507,6.905276805375137],[79.86086340277713,6.905276780873227],[79.86086332956492,6.905276751445609],[79.86086326027848,6.905276717092286],[79.86086319491775,6.905276677813267],[79.8608631334828,6.905276633608539],[79.8608631334828,6.905276633608539],[79.86086307578958,6.905276582904064],[79.86086302165417,6.905276524125789],[79.86086297107653,6.905276457273715],[79.8608629240567,6.905276382347841],[79.86086288059465,6.905276299348168],[79.86086284069037,6.905276208274699],[79.86086280434391,6.905276109127432],[79.86086277155523,6.905276001906363],[79.86086274232433,6.905275886611494],[79.86086271665123,6.905275763242827],[79.8608626945359,6.905275631800363],[79.86086267597837,6.905275492284102]]],[[[79.86085301659054,6.9052778175414495],[79.86085301659054,6.9052778175414495],[79.86085306301104,6.905278169508972],[79.86085311469401,6.905278503743461],[79.8608531716395,6.90527882024492],[79.8608532338475,6.905279119013346],[79.86085330131796,6.905279400048744],[79.8608533740509,6.9052796633511075],[79.86085345204638,6.90527990892044],[79.86085353530433,6.905280136756743],[79.86085362382478,6.9052803468600095],[79.86085371760772,6.905280539230251],[79.86085381665315,6.905280713867455],[79.86085392096108,6.905280870771632],[79.86085392096108,6.905280870771632],[79.86085402771373,6.905281009635091],[79.86085413870008,6.90528113478532],[79.86085425392017,6.9052812462223185],[79.86085437337397,6.905281343946086],[79.86085449706148,6.9052814279566235],[79.86085462498272,6.905281498253932],[79.86085475713767,6.905281554838008],[79.86085489352634,6.905281597708855],[79.86085503414873,6.905281626866471],[79.86085517900484,6.905281642310859],[79.86085532809464,6.905281644042013],[79.8608554814182,6.90528163205994],[79.8608554814182,6.90528163205994],[79.86085563332912,6.905281607048948],[79.86085577818106,6.905281569693342],[79.86085591597407,6.905281519993135],[79.8608560467081,6.905281457948321],[79.86085617038319,6.905281383558895],[79.86085628699928,6.905281296824864],[79.86085639655644,6.905281197746223],[79.86085649905463,6.905281086322976],[79.86085659449385,6.905280962555122],[79.86085668287413,6.90528082644266],[79.86085676419543,6.90528067798559],[79.86085683845778,6.905280517183912],[79.86085683845778,6.905280517183912],[79.86085690412128,6.905280339679953],[79.86085696026714,6.905280146234245],[79.86085700689536,6.905279936846795],[79.86085704400595,6.905279711517596],[79.86085707159893,6.9052794702466525],[79.86085708967427,6.905279213033965],[79.86085709823199,6.905278939879524],[79.86085709727206,6.905278650783344],[79.8608570867945,6.905278345745415],[79.86085706679933,6.905278024765746],[79.86085703728652,6.905277687844324],[79.86085699825608,6.905277334981159],[79.86085699825608,6.905277334981159],[79.86085695177844,6.905276983236959],[79.86085689992399,6.905276649672436],[79.86085684269271,6.905276334287587],[79.86085678008466,6.905276037082418],[79.8608567120998,6.905275758056923],[79.86085663873813,6.905275497211104],[79.86085655999968,6.90527525454496],[79.86085647588439,6.905275030058497],[79.86085638639234,6.905274823751705],[79.86085629152345,6.90527463562459],[79.86085619127779,6.905274465677153],[79.86085608565531,6.9052743139093895],[79.86085608565531,6.9052743139093895],[79.8608559753807,6.905274177961324],[79.86085586117865,6.905274055472977],[79.86085574304911,6.905273946444348],[79.86085562099214,6.905273850875439],[79.86085549500768,6.905273768766243],[79.86085536509577,6.905273700116767],[79.86085523125641,6.905273644927011],[79.86085509348959,6.905273603196969],[79.86085495179532,6.905273574926646],[79.86085480617356,6.90527356011604],[79.86085465662435,6.905273558765156],[79.86085450314768,6.9052735708739865],[79.86085450314768,6.9052735708739865],[79.86085435138989,6.905273595758223],[79.86085420699733,6.905273632733556],[79.86085406996997,6.905273681799986],[79.86085394030785,6.905273742957506],[79.86085381801094,6.905273816206123],[79.86085370307924,6.905273901545838],[79.86085359551276,6.905273998976644],[79.8608534953115,6.905274108498546],[79.86085340247547,6.905274230111546],[79.86085331700464,6.9052743638156375],[79.86085323889904,6.905274509610826],[79.86085316815866,6.905274667497108],[79.86085316815866,6.905274667497108],[79.8608531038097,6.9052748398646555],[79.86085304886409,6.9052750286205935],[79.86085300332178,6.90527523376492],[79.86085296718281,6.905275455297642],[79.86085294044715,6.90527569321875],[79.86085292311482,6.9052759475282475],[79.8608529151858,6.905276218226142],[79.8608529166601,6.905276505312422],[79.86085292753772,6.905276808787092],[79.86085294781867,6.905277128650155],[79.86085297750294,6.905277464901604],[79.86085301659054,6.9052778175414495]],[[79.8608538774912,6.905277713204089],[79.8608538774912,6.905277713204089],[79.86085384172809,6.905277399761704],[79.86085381270041,6.905277104329413],[79.86085379040819,6.905276826907226],[79.86085377485138,6.905276567495138],[79.86085376602999,6.905276326093145],[79.86085376394405,6.905276102701254],[79.86085376859357,6.905275897319464],[79.86085377997847,6.90527570994777],[79.86085379809883,6.905275540586178],[79.86085382295461,6.905275389234685],[79.86085385454585,6.905275255893291],[79.8608538928725,6.905275140561999],[79.8608538928725,6.905275140561999],[79.86085393606794,6.905275038273541],[79.86085398226554,6.905274944060659],[79.8608540314653,6.905274857923353],[79.8608540836672,6.905274779861619],[79.86085413887125,6.905274709875464],[79.86085419707746,6.905274647964881],[79.86085425828583,6.905274594129872],[79.86085432249634,6.905274548370442],[79.860854389709,6.905274510686585],[79.86085445992381,6.9052744810783],[79.86085453314078,6.905274459545596],[79.8608546093599,6.905274446088461],[79.8608546093599,6.905274446088461],[79.86085468675442,6.905274440928302],[79.86085476349758,6.905274444286501],[79.86085483958938,6.905274456163067],[79.86085491502982,6.905274476557999],[79.86085498981888,6.905274505471295],[79.86085506395659,6.905274542902954],[79.86085513744294,6.905274588852979],[79.86085521027792,6.905274643321369],[79.86085528246156,6.905274706308125],[79.86085535399383,6.905274777813245],[79.86085542487473,6.905274857836728],[79.86085549510427,6.905274946378578],[79.86085549510427,6.905274946378578],[79.86085556181612,6.905275048979666],[79.86085562612965,6.9052751706978315],[79.86085568804481,6.905275311533068],[79.86085574756162,6.90527547148538],[79.86085580468007,6.905275650554764],[79.86085585940017,6.905275848741224],[79.86085591172193,6.905276066044756],[79.86085596164533,6.905276302465364],[79.86085600917039,6.90527655800304],[79.86085605429707,6.905276832657791],[79.86085609702543,6.90527712642962],[79.86085613735544,6.905277439318521],[79.86085613735544,6.905277439318521],[79.86085617306138,6.905277752984234],[79.86085620191758,6.90527804908649],[79.86085622392406,6.905278327625289],[79.86085623908079,6.905278588600637],[79.86085624738777,6.905278832012524],[79.86085624884501,6.905279057860962],[79.86085624345252,6.905279266145944],[79.86085623121028,6.905279456867469],[79.86085621211829,6.90527963002554],[79.86085618617659,6.905279785620159],[79.86085615338511,6.905279923651321],[79.86085611374392,6.905280044119029],[79.86085611374392,6.905280044119029],[79.86085606702652,6.905280149322878],[79.8608560176132,6.905280246197641],[79.86085596550402,6.905280334743315],[79.86085591069892,6.905280414959904],[79.86085585319793,6.905280486847406],[79.86085579300105,6.905280550405821],[79.86085573010827,6.905280605635145],[79.8608556645196,6.905280652535384],[79.86085559623503,6.905280691106536],[79.86085552525458,6.905280721348598],[79.86085545157822,6.905280743261577],[79.86085537520597,6.905280756845463],[79.86085537520597,6.905280756845463],[79.86085529796456,6.90528076187887],[79.8608552216808,6.905280758140398],[79.86085514635465,6.905280745630053],[79.86085507198612,6.905280724347829],[79.8608549985752,6.905280694293723],[79.86085492612192,6.905280655467746],[79.86085485462623,6.905280607869887],[79.86085478408818,6.905280551500153],[79.86085471450774,6.905280486358543],[79.86085464588491,6.905280412445054],[79.8608545782197,6.90528032975969],[79.86085451151213,6.905280238302449],[79.86085451151213,6.905280238302449],[79.86085444611481,6.905280130564943],[79.86085438300154,6.905280004157012],[79.86085432217232,6.90527985907865],[79.86085426362712,6.905279695329861],[79.86085420736599,6.905279512910642],[79.86085415338889,6.905279311820995],[79.86085410169584,6.905279092060917],[79.86085405228681,6.90527885363041],[79.86085400516185,6.905278596529474],[79.86085396032091,6.905278320758109],[79.86085391776403,6.9052780263163145],[79.8608538774912,6.905277713204089]]],[[[79.86084286135652,6.905275482990986],[79.86084583918738,6.905275092244776],[79.86084617620288,6.905277657212563],[79.86084392467222,6.905277952654821],[79.86084403901677,6.905278822911749],[79.86084629054746,6.905278527469491],[79.86084675394378,6.905282054300193],[79.86084758918902,6.905281944700643],[79.86084656008808,6.905274112388301],[79.86084274701196,6.905274612734059],[79.86084286135652,6.905275482990986]]],[[[79.86083450793778,6.905283217349899],[79.8608354260069,6.905283112473979],[79.86083568189645,6.905280606501829],[79.86083736502316,6.905280414229298],[79.86083818021424,6.905282797846204],[79.86083909828336,6.905282692970272],[79.86083627281702,6.905274931283424],[79.86083550775945,6.905275018680033],[79.86083450793778,6.905283217349899]],[[79.86083577290869,6.905279708216904],[79.86083606309255,6.905276824479502],[79.86083613959832,6.905276815739845],[79.8608370735066,6.905279559642676],[79.86083577290869,6.905279708216904]]],[[[79.86082941529567,6.90528332952274],[79.86083027049659,6.905283245804531],[79.86083123061896,6.9052798283339865],[79.8608321570866,6.905279737639256],[79.86083247976563,6.9052830295324945],[79.86083329933321,6.905282949302542],[79.86083255368297,6.905275342360061],[79.86083077201442,6.9052755167730036],[79.86083077201442,6.9052755167730036],[79.86083063206131,6.905275534112133],[79.86083049726894,6.905275558223456],[79.86083036763729,6.905275589106972],[79.86083024316639,6.905275626762681],[79.86083012385623,6.905275671190579],[79.8608300097068,6.905275722390671],[79.8608299007181,6.9052757803629605],[79.86082979689017,6.905275845107436],[79.86082969822296,6.905275916624104],[79.86082960471649,6.905275994912966],[79.86082951637076,6.905276079974021],[79.86082943318576,6.905276171807268],[79.86082943318576,6.905276171807268],[79.86082935649482,6.90527626872274],[79.86082928811577,6.9052763739732645],[79.86082922804856,6.905276487558837],[79.86082917629325,6.905276609479453],[79.8608291328498,6.905276739735118],[79.86082909771825,6.905276878325834],[79.86082907089855,6.9052770252515945],[79.86082905239073,6.905277180512402],[79.86082904219478,6.905277344108257],[79.86082904031072,6.905277516039161],[79.86082904673852,6.905277696305112],[79.8608290614782,6.905277884906112],[79.8608290614782,6.905277884906112],[79.8608290782153,6.905278030167033],[79.86082909935641,6.905278169382849],[79.86082912490153,6.905278302553551],[79.86082915485068,6.905278429679142],[79.86082918920383,6.905278550759623],[79.86082922796098,6.905278665794991],[79.86082927112216,6.905278774785252],[79.86082931868735,6.905278877730396],[79.86082937065656,6.905278974630434],[79.86082942702978,6.905279065485363],[79.86082948780702,6.9052791502951765],[79.86082955298826,6.90527922905988],[79.86082955298826,6.90527922905988],[79.86082962087161,6.905279302257966],[79.8608296897552,6.905279370367925],[79.86082975963902,6.905279433389758],[79.86082983052303,6.905279491323465],[79.86082990240727,6.905279544169042],[79.86082997529175,6.905279591926493],[79.86083004917643,6.905279634595821],[79.86083012406135,6.905279672177018],[79.86083019994648,6.905279704670089],[79.86083027683182,6.9052797320750345],[79.8608303547174,6.905279754391851],[79.86083043360318,6.905279771620545],[79.86082941529567,6.90528332952274]],[[79.86082988104575,6.905277804676167],[79.86082988104575,6.905277804676167],[79.86082987319747,6.905277702521333],[79.86082987000177,6.905277603653701],[79.86082987145866,6.905277508073277],[79.86082987756812,6.905277415780054],[79.86082988833017,6.905277326774034],[79.8608299037448,6.905277241055225],[79.86082992381199,6.905277158623613],[79.86082994853177,6.905277079479211],[79.86082997790415,6.905277003622006],[79.86083001192908,6.905276931052009],[79.8608300506066,6.905276861769215],[79.8608300939367,6.905276795773627],[79.8608300939367,6.905276795773627],[79.86083014049521,6.905276733828433],[79.86083019281725,6.905276676309244],[79.86083025090282,6.905276623216058],[79.8608303147519,6.905276574548876],[79.86083038436449,6.905276530307695],[79.86083045974063,6.9052764904925175],[79.86083054088026,6.905276455103345],[79.86083062778343,6.905276424140179],[79.86083072045012,6.905276397603012],[79.86083081888032,6.905276375491848],[79.86083092307405,6.905276357806692],[79.86083103303127,6.9052763445475405],[79.86083181696546,6.905276267805846],[79.86083207423658,6.905278892423425],[79.86083107650218,6.905278990094671],[79.86083107650218,6.905278990094671],[79.86083100578603,6.905278995041999],[79.86083093617101,6.905278995930945],[79.86083086765717,6.905278992761511],[79.86083080024447,6.9052789855337],[79.86083073393294,6.905278974247505],[79.86083066872258,6.9052789589029295],[79.86083060461337,6.905278939499973],[79.86083054160531,6.905278916038639],[79.86083047969842,6.905278888518924],[79.86083041889269,6.905278856940825],[79.86083035918813,6.905278821304351],[79.8608303005847,6.905278781609491],[79.8608303005847,6.905278781609491],[79.86083024423408,6.905278734312749],[79.86083019177237,6.9052786808133915],[79.86083014319958,6.9052786211114245],[79.86083009851569,6.905278555206843],[79.86083005772073,6.905278483099649],[79.8608300208147,6.905278404789844],[79.86082998779759,6.9052783202774295],[79.86082995866938,6.905278229562399],[79.8608299334301,6.905278132644761],[79.86082991207974,6.905278029524503],[79.86082989461826,6.90527792020164],[79.86082988104575,6.905277804676167]]],[[[79.86082403746383,6.905284043929102],[79.86082818148847,6.9052835756693725],[79.86082731176117,6.905275888872982],[79.86082337087504,6.905276334178806],[79.86082346751142,6.905277188267294],[79.86082647396063,6.905276848549454],[79.86082674352522,6.905279231006813],[79.86082398084216,6.905279543179964],[79.8608240774785,6.905280397268451],[79.8608268401616,6.905280085095301],[79.86082715041518,6.9052828271688655],[79.86082394082747,6.905283189840615],[79.86082403746383,6.905284043929102]]],[[[79.86081894830464,6.905284490712694],[79.86081980035588,6.905284384235581],[79.86081999681116,6.9052819200381395],[79.86082155890509,6.905281724830092],[79.86082235650962,6.905284064804227],[79.86082320856087,6.90528395832711],[79.86082045233316,6.905276339383842],[79.86081974229047,6.905276428114773],[79.86081894830464,6.905284490712694]],[[79.86082006656868,6.905281036730312],[79.86082028865845,6.90527820108079],[79.86082035966272,6.905278192207695],[79.86082127364126,6.905280885887728],[79.86082006656868,6.905281036730312]]]]}},{"type":"Feature","properties":{"Type":21,"ImageName":null,"MCode":null,"SCode":null,"ID":null,"Type(Strin":null,"Type(Strin_2":null},"geometry":{"type":"Polygon","coordinates":[[[79.86084798671159,6.905275013847864],[79.86085084405671,6.905274663826254],[79.86085114994746,6.9052771576223515],[79.86084898951576,6.905277422272839],[79.86084909330013,6.90527826838223],[79.86085125373181,6.905278003731744],[79.86085167433158,6.905281432701382],[79.86085247578205,6.905281334524587],[79.86085154172282,6.905273719540066],[79.86084788292725,6.905274167738471],[79.86084798671159,6.905275013847864]]]}},{"type":"Feature","properties":{"Type":21,"ImageName":null,"MCode":null,"SCode":null,"ID":null,"Type(Strin":null,"Type(Strin_2":null},"geometry":{"type":"MultiPolygon","coordinates":[[[[79.85934564155824,6.905643218819388],[79.85934564155824,6.905643218819388],[79.85934573634343,6.905643383200161],[79.85934583420486,6.905643538231574],[79.85934593514251,6.9056436839136355],[79.85934603915639,6.905643820246334],[79.85934614624651,6.905643947229677],[79.85934625641285,6.905644064863667],[79.85934636965544,6.905644173148301],[79.85934648597426,6.905644272083572],[79.85934660536928,6.9056443616694905],[79.85934672784057,6.90564444190605],[79.85934685338806,6.905644512793254],[79.8593469820118,6.905644574331102],[79.8593469820118,6.905644574331102],[79.85934711238771,6.905644625718388],[79.85934724319178,6.905644666153905],[79.85934737442395,6.905644695637652],[79.85934750608429,6.9056447141696315],[79.85934763817275,6.90564472174984],[79.85934777068935,6.905644718378281],[79.8593479036341,6.905644704054956],[79.85934803700697,6.905644678779862],[79.859348170808,6.905644642552995],[79.85934830503714,6.9056445953743655],[79.85934843969443,6.905644537243964],[79.85934857477986,6.905644468161797],[79.85934951646435,6.90564394923774],[79.85935107835294,6.9056467809165145],[79.85935182520618,6.905646369356051],[79.85934783889348,6.905639142235603],[79.85934615035579,6.905640072720108],[79.85934615035579,6.905640072720108],[79.85934601980321,6.9056401500202504],[79.85934589874445,6.905640232804572],[79.85934578717952,6.905640321073069],[79.8593456851084,6.905640414825746],[79.85934559253113,6.905640514062599],[79.85934550944768,6.9056406187836314],[79.85934543585806,6.90564072898884],[79.85934537176223,6.90564084467823],[79.85934531716026,6.905640965851794],[79.85934527205211,6.905641092509538],[79.85934523643778,6.905641224651461],[79.85934521031729,6.905641362277559],[79.85934521031729,6.905641362277559],[79.85934519371958,6.905641503841053],[79.85934518667356,6.905641647795146],[79.85934518917928,6.905641794139848],[79.8593452012367,6.905641942875153],[79.85934522284587,6.905642094001068],[79.85934525400675,6.905642247517583],[79.85934529471938,6.905642403424704],[79.8593453449837,6.905642561722434],[79.85934540479975,6.905642722410764],[79.85934547416753,6.905642885489704],[79.85934555308701,6.905643050959243],[79.85934564155824,6.905643218819388]],[[79.85934638841145,6.905642807258936],[79.85934638841145,6.905642807258936],[79.85934631856298,6.90564267582699],[79.8593462566588,6.9056425492022795],[79.8593462026989,6.905642427384806],[79.85934615668326,6.905642310374566],[79.85934611861194,6.905642198171558],[79.85934608848487,6.9056420907757925],[79.85934606630208,6.905641988187255],[79.85934605206357,6.905641890405959],[79.85934604576934,6.905641797431894],[79.85934604741941,6.905641709265067],[79.85934605701374,6.905641625905479],[79.85934607455235,6.90564154735312],[79.85934607455235,6.90564154735312],[79.8593460992258,6.905641472140505],[79.85934613022467,6.905641398800133],[79.85934616754894,6.905641327332007],[79.8593462111986,6.905641257736126],[79.85934626117371,6.9056411900124886],[79.85934631747419,6.905641124161099],[79.85934638010009,6.905641060181954],[79.85934644905139,6.905640998075054],[79.8593465243281,6.905640937840395],[79.85934660593023,6.905640879477989],[79.85934669385776,6.90564082298782],[79.85934678811068,6.905640768369898],[79.8593475349639,6.905640356809446],[79.85934907354071,6.905643146224358],[79.85934832668751,6.905643557784812],[79.85934832668751,6.905643557784812],[79.85934823016815,6.905643608293748],[79.85934813544137,6.905643652456955],[79.85934804250712,6.905643690274433],[79.85934795136545,6.90564372174618],[79.85934786201635,6.905643746872205],[79.85934777445982,6.905643765652499],[79.85934768869582,6.905643778087063],[79.85934760472442,6.905643784175898],[79.85934752254556,6.905643783919006],[79.85934744215928,6.905643777316387],[79.85934736356555,6.90564376436804],[79.85934728676438,6.905643745073965],[79.85934728676438,6.905643745073965],[79.85934721094634,6.905643717966664],[79.85934713530199,6.905643681578647],[79.85934705983134,6.905643635909909],[79.85934698453435,6.905643580960454],[79.85934690941109,6.9056435167302785],[79.85934683446149,6.905643443219386],[79.8593467596856,6.905643360427774],[79.8593466850834,6.905643268355444],[79.85934661065487,6.9056431670023946],[79.85934653640004,6.905643056368627],[79.8593464623189,6.905642936454142],[79.85934638841145,6.905642807258936]]],[[[79.85934500602244,6.905650247008471],[79.85934627857951,6.905649541260542],[79.85934240127023,6.90564255671815],[79.85934112871318,6.905643262466075],[79.85934500602244,6.905650247008471]]],[[[79.85933729614453,6.905650753475064],[79.85933729614453,6.905650753475064],[79.859337447168,6.905651007443029],[79.85933759777232,6.905651244991696],[79.85933774795747,6.905651466121071],[79.85933789772342,6.905651670831149],[79.85933804707024,6.90565185912193],[79.85933819599786,6.905652030993418],[79.85933834450633,6.905652186445606],[79.85933849259564,6.9056523254785045],[79.85933864026578,6.905652448092106],[79.85933878751673,6.9056525542864104],[79.85933893434853,6.905652644061417],[79.85933908076116,6.905652717417128],[79.85933908076116,6.905652717417128],[79.85933922582545,6.9056527771332865],[79.85933936861225,6.905652825989631],[79.85933950912158,6.905652863986162],[79.8593396473534,6.905652891122881],[79.85933978330773,6.905652907399784],[79.85933991698457,6.905652912816876],[79.85934004838391,6.905652907374155],[79.85934017750576,6.905652891071623],[79.85934030435013,6.905652863909272],[79.85934042891701,6.905652825887112],[79.85934055120637,6.905652777005139],[79.85934067121828,6.90565271726335],[79.85934067121828,6.90565271726335],[79.85934080233629,6.9056526380629295],[79.85934092398037,6.905652549425537],[79.8593410361505,6.905652451351174],[79.85934113884664,6.9056523438398445],[79.85934123206883,6.905652226891543],[79.85934131581705,6.905652100506266],[79.85934139009132,6.905651964684025],[79.8593414548916,6.905651819424813],[79.85934151021794,6.905651664728632],[79.85934155607033,6.905651500595479],[79.85934159244873,6.905651327025357],[79.85934161935317,6.905651144018261],[79.85934161935317,6.905651144018261],[79.85934163250965,6.905650949376748],[79.85934163019802,6.905650745557417],[79.85934161241826,6.905650532560267],[79.85934157917043,6.905650310385297],[79.85934153045449,6.905650079032508],[79.85934146627045,6.9056498385019065],[79.8593413866183,6.905649588793481],[79.85934129149807,6.905649329907239],[79.85934118090972,6.905649061843182],[79.85934105485326,6.9056487846013],[79.85934091332871,6.905648498181605],[79.85934075633607,6.905648202584088],[79.85934075633607,6.905648202584088],[79.85934057626442,6.905647883566472],[79.85934039614976,6.905647582735103],[79.85934021599205,6.905647300089985],[79.85934003579132,6.9056470356311195],[79.85933985554755,6.905646789358506],[79.85933967526074,6.905646561272141],[79.85933949493091,6.905646351372024],[79.85933931455803,6.905646159658165],[79.85933913414213,6.90564598613055],[79.8593389536832,6.905645830789186],[79.85933877318124,6.9056456936340735],[79.85933859263623,6.90564557466521],[79.85933859263623,6.90564557466521],[79.85933841165273,6.905645473721033],[79.85933823360898,6.9056453885710205],[79.85933805850499,6.905645319215177],[79.85933788634077,6.905645265653503],[79.85933771711629,6.905645227885998],[79.85933755083157,6.905645205912663],[79.85933738748663,6.905645199733498],[79.85933722708143,6.905645209348499],[79.85933706961602,6.905645234757673],[79.85933691509034,6.905645275961011],[79.85933676350443,6.905645332958523],[79.8593366148583,6.905645405750203],[79.8593366148583,6.905645405750203],[79.8593364947931,6.905645477881912],[79.85933638366504,6.905645557726832],[79.85933628147411,6.905645645284959],[79.85933618822034,6.905645740556287],[79.85933610390371,6.905645843540826],[79.85933602852423,6.905645954238576],[79.85933596208187,6.905646072649532],[79.85933590457667,6.905646198773693],[79.85933585600861,6.9056463326110595],[79.85933581637767,6.905646474161638],[79.85933578568387,6.905646623425421],[79.85933576392722,6.905646780402412],[79.85933576392722,6.905646780402412],[79.85933574935191,6.905646941892948],[79.85933574652978,6.905647107282482],[79.85933575546082,6.905647276571009],[79.85933577614504,6.905647449758526],[79.85933580858244,6.905647626845043],[79.85933585277301,6.9056478078305545],[79.85933590871676,6.905647992715056],[79.85933597641369,6.905648181498558],[79.85933605586379,6.905648374181055],[79.8593361470671,6.9056485707625415],[79.85933625002355,6.905648771243028],[79.8593363647332,6.905648975622503],[79.8593371119358,6.90564856597186],[79.8593371119358,6.90564856597186],[79.85933703106383,6.905648414682607],[79.85933695700555,6.90564826798235],[79.85933688976087,6.905648125871094],[79.85933682932985,6.905647988348837],[79.8593367757125,6.905647855415573],[79.85933672890879,6.905647727071314],[79.8593366889187,6.905647603316049],[79.85933665574228,6.905647484149781],[79.85933662937953,6.905647369572513],[79.85933660983038,6.905647259584244],[79.85933659709491,6.905647154184972],[79.85933659117308,6.905647053374701],[79.85933659117308,6.905647053374701],[79.85933659206489,6.905646957153426],[79.85933659977036,6.905646865521148],[79.85933661428946,6.905646778477871],[79.85933663562223,6.905646696023588],[79.85933666376862,6.905646618158307],[79.85933669872868,6.905646544882027],[79.85933674050239,6.905646476194739],[79.85933678908972,6.90564641209645],[79.85933684449071,6.90564635258716],[79.85933690670535,6.9056462976668715],[79.85933697573365,6.905646247335578],[79.8593370515756,6.9056462015932825],[79.8593370515756,6.9056462015932825],[79.85933714331213,6.905646157605586],[79.85933723738177,6.905646124951749],[79.85933733378448,6.905646103631766],[79.85933743252023,6.9056460936456405],[79.8593375335891,6.905646094993374],[79.85933763699104,6.905646107674963],[79.85933774272605,6.905646131690411],[79.85933785079415,6.9056461670397145],[79.85933796119531,6.905646213722873],[79.85933807392956,6.905646271739889],[79.85933818899687,6.905646341090763],[79.85933830639728,6.9056464217754945],[79.85933830639728,6.9056464217754945],[79.85933842321707,6.905646514634722],[79.85933854287022,6.905646623094201],[79.85933866535669,6.905646747153929],[79.85933879067653,6.905646886813911],[79.85933891882972,6.905647042074139],[79.85933904981624,6.905647212934621],[79.85933918363612,6.905647399395349],[79.85933932028934,6.905647601456329],[79.85933945977591,6.90564781911756],[79.85933960209583,6.905648052379038],[79.8593397472491,6.905648301240771],[79.85933989523572,6.905648565702751],[79.85933989523572,6.905648565702751],[79.85934002753989,6.905648812023099],[79.85934014863093,6.905649048346401],[79.85934025850888,6.905649274672665],[79.8593403571737,6.905649491001886],[79.8593404446254,6.905649697334064],[79.85934052086401,6.905649893669202],[79.85934058588948,6.9056500800072955],[79.85934063970186,6.905650256348351],[79.85934068230111,6.90565042269236],[79.85934071368725,6.905650579039332],[79.85934073386026,6.905650725389262],[79.85934074282015,6.905650861742147],[79.85934074282015,6.905650861742147],[79.85934073946389,6.90565098832435],[79.85934072901605,6.905651107947335],[79.85934071147663,6.905651220611105],[79.85934068684564,6.905651326315653],[79.85934065512306,6.905651425060989],[79.85934061630893,6.905651516847109],[79.85934057040319,6.905651601674012],[79.8593405174059,6.9056516795416965],[79.85934045731703,6.905651750450165],[79.85934039013658,6.905651814399415],[79.85934031586456,6.90565187138945],[79.85934023450095,6.9056519214202705],[79.85934023450095,6.9056519214202705],[79.85934017105639,6.905651952293462],[79.85934010525648,6.905651976637936],[79.85934003710122,6.905651994453687],[79.8593399665906,6.90565200574072],[79.85933989372464,6.905652010499029],[79.8593398185033,6.905652008728618],[79.85933974092663,6.905652000429487],[79.85933966099459,6.905651985601634],[79.85933957870722,6.905651964245059],[79.85933949406447,6.905651936359764],[79.8593394070664,6.90565190194575],[79.85933931771295,6.905651861003013],[79.85933931771295,6.905651861003013],[79.85933922494164,6.90565180768146],[79.8593391302439,6.905651740785053],[79.85933903361966,6.905651660313794],[79.85933893506898,6.905651566267675],[79.85933883459182,6.9056514586467],[79.85933873218822,6.9056513374508715],[79.85933862785816,6.905651202680185],[79.85933852160161,6.905651054334648],[79.85933841341864,6.905650892414253],[79.85933830330919,6.905650716919],[79.85933819127327,6.905650527848893],[79.85933807731088,6.905650325203933],[79.85933729614453,6.905650753475064]]],[[[79.85933429160393,6.905656108117706],[79.85933514656892,6.905655610304227],[79.85933465614741,6.905651293501849],[79.85933567715136,6.905651836062906],[79.85933718533164,6.90565442321053],[79.85933794164683,6.905653982837061],[79.85933391197769,6.905647070301998],[79.85933315566251,6.905647510675463],[79.85933489949592,6.905650502064911],[79.85933128131616,6.905648602035786],[79.8593303934679,6.905649118995937],[79.85933371515735,6.905650812642485],[79.85933429160393,6.905656108117706]]],[[[79.85932549547556,6.905658085434782],[79.85932549547556,6.905658085434782],[79.85932558539167,6.905658238518468],[79.85932567851398,6.905658382618848],[79.85932577484252,6.905658517735914],[79.85932587437725,6.905658643869667],[79.8593259771182,6.905658761020109],[79.85932608306537,6.90565886918724],[79.85932619221875,6.905658968371059],[79.85932630457835,6.905659058571565],[79.85932642014414,6.905659139788757],[79.85932653891615,6.905659212022639],[79.85932666089437,6.90565927527321],[79.8593267860788,6.9056593295404705],[79.8593267860788,6.9056593295404705],[79.85932691237053,6.90565937456192],[79.85932704163233,6.905659407856995],[79.85932717386419,6.905659429425695],[79.85932730906609,6.9056594392680175],[79.85932744723806,6.905659437383961],[79.85932758838008,6.905659423773533],[79.85932773249216,6.905659398436724],[79.85932787957431,6.905659361373542],[79.85932802962651,6.90565931258398],[79.85932818264878,6.905659252068046],[79.85932833864109,6.9056591798257365],[79.85932849760346,6.905659095857046],[79.85932849760346,6.905659095857046],[79.85932865235539,6.905659004182236],[79.85932879571634,6.905658908821558],[79.85932892768629,6.9056588097750105],[79.85932904826528,6.905658707042595],[79.8593291574533,6.905658600624309],[79.85932925525034,6.905658490520159],[79.85932934165642,6.905658376730131],[79.85932941667149,6.905658259254242],[79.85932948029563,6.905658138092481],[79.85932953252876,6.905658013244854],[79.85932957337093,6.905657884711359],[79.85932960282211,6.905657752491993],[79.85932960282211,6.905657752491993],[79.85932962001,6.905657618512808],[79.85932962802389,6.905657482481781],[79.85932962686378,6.905657344398916],[79.85932961652969,6.90565720426421],[79.85932959702161,6.905657062077665],[79.85932956833953,6.905656917839281],[79.85932953048349,6.905656771549055],[79.85932948345344,6.905656623206989],[79.8593294272494,6.905656472813085],[79.85932936187137,6.905656320367338],[79.85932928731935,6.905656165869754],[79.85932920359335,6.90565600932033],[79.8593265321251,6.905651242666142],[79.8593257120606,6.9056517018068355],[79.85932838352883,6.905656468461029],[79.85932838352883,6.905656468461029],[79.85932844272315,6.90565657872382],[79.85932849519602,6.90565668628045],[79.85932854094746,6.905656791130922],[79.85932857997744,6.905656893275239],[79.85932861228599,6.905656992713395],[79.85932863787308,6.9056570894453895],[79.85932865673873,6.905657183471233],[79.85932866888292,6.905657274790911],[79.85932867430567,6.905657363404435],[79.85932867300698,6.905657449311794],[79.85932866498685,6.905657532513002],[79.85932865024526,6.9056576130080485],[79.85932865024526,6.9056576130080485],[79.85932862967836,6.9056576906546185],[79.8593286041823,6.905657765310385],[79.85932857375705,6.905657836975358],[79.85932853840261,6.905657905649528],[79.85932849811901,6.9056579713329],[79.85932845290621,6.9056580340254765],[79.85932840276425,6.905658093727253],[79.8593283476931,6.905658150438231],[79.85932828769278,6.905658204158408],[79.85932822276325,6.905658254887792],[79.85932815290458,6.905658302626372],[79.8593280781167,6.905658347374157],[79.8593280781167,6.905658347374157],[79.8593280008757,6.905658387744849],[79.85932792365762,6.905658422352154],[79.8593278464624,6.905658451196069],[79.8593277692901,6.905658474276599],[79.85932769214071,6.90565849159374],[79.85932761501422,6.905658503147492],[79.85932753791062,6.90565850893786],[79.85932746082992,6.905658508964841],[79.85932738377213,6.905658503228433],[79.85932730673724,6.905658491728636],[79.85932722972525,6.905658474465455],[79.85932715273616,6.905658451438887],[79.85932715273616,6.905658451438887],[79.85932707635946,6.905658421959471],[79.85932700118465,6.905658385337757],[79.85932692721171,6.9056583415737425],[79.85932685444067,6.905658290667428],[79.85932678287152,6.90565823261881],[79.85932671250423,6.905658167427898],[79.85932664333883,6.9056580950946795],[79.8593265753753,6.905658015619162],[79.85932650861368,6.905657929001343],[79.85932644305393,6.905657835241225],[79.85932637869605,6.905657734338806],[79.85932631554009,6.90565762629409],[79.85932364407184,6.9056528596398845],[79.85932282400734,6.905653318780574],[79.85932549547556,6.905658085434782]]],[[[79.85931979501346,6.905657836786959],[79.85931979501346,6.905657836786959],[79.85931988623491,6.90565798785599],[79.8593199801739,6.905658130156571],[79.85932007683041,6.905658263688701],[79.85932017620449,6.905658388452381],[79.8593202782961,6.905658504447608],[79.85932038310524,6.905658611674388],[79.85932049063192,6.905658710132714],[79.85932060087616,6.905658799822595],[79.85932071383793,6.905658880744021],[79.85932082951724,6.905658952896999],[79.85932094791409,6.905659016281526],[79.85932106902847,6.9056590708976024],[79.85932106902847,6.9056590708976024],[79.85932119161087,6.905659116026846],[79.85932131441177,6.905659150950876],[79.85932143743118,6.905659175669688],[79.85932156066906,6.905659190183282],[79.85932168412545,6.905659194491663],[79.85932180780034,6.905659188594826],[79.8593219316937,6.9056591724927765],[79.85932205580559,6.90565914618551],[79.85932218013595,6.905659109673026],[79.85932230468482,6.905659062955323],[79.85932242945218,6.905659006032411],[79.85932255443804,6.905658938904278],[79.8593234251,6.905658436178329],[79.85932493029989,6.90566104002035],[79.85932562082488,6.905660641306663],[79.85932177919531,6.9056539956800185],[79.85932021800838,6.90565489711964],[79.85932021800838,6.90565489711964],[79.85932009739084,6.905654971804531],[79.85931998572846,6.905655051397713],[79.85931988302123,6.905655135899184],[79.85931978926912,6.905655225308959],[79.85931970447216,6.905655319627024],[79.85931962863036,6.905655418853385],[79.8593195617437,6.905655522988041],[79.85931950381217,6.905655632030992],[79.85931945483581,6.905655745982239],[79.85931941481458,6.905655864841786],[79.8593193837485,6.905655988609619],[79.85931936163756,6.9056561172857505],[79.85931936163756,6.9056561172857505],[79.8593193484832,6.905656249429488],[79.85931934428683,6.905656383600139],[79.85931934904849,6.905656519797706],[79.85931936276813,6.9056566580221865],[79.85931938544579,6.905656798273583],[79.85931941708144,6.905656940551892],[79.8593194576751,6.905657084857114],[79.85931950722677,6.905657231189254],[79.85931956573644,6.90565737954831],[79.8593196332041,6.9056575299342775],[79.85931970962977,6.905657682347163],[79.85931979501346,6.905657836786959]],[[79.85932048553845,6.905657438073285],[79.85932048553845,6.905657438073285],[79.85932041814571,6.905657317161269],[79.85932035825013,6.905657200559554],[79.85932030585168,6.905657088268136],[79.85932026095035,6.905656980287013],[79.85932022354615,6.90565687661619],[79.85932019363908,6.905656777255661],[79.85932017122916,6.90565668220543],[79.85932015631636,6.905656591465495],[79.85932014890068,6.905656505035858],[79.85932014898215,6.9056564229165165],[79.85932015656073,6.905656345107473],[79.85932017163645,6.905656271608727],[79.85932017163645,6.905656271608727],[79.85932019342926,6.905656201070853],[79.85932022115907,6.905656132144442],[79.8593202548259,6.905656064829477],[79.85932029442974,6.905655999125975],[79.8593203399706,6.905655935033926],[79.85932039144848,6.905655872553334],[79.85932044886337,6.905655811684197],[79.85932051221528,6.9056557524265125],[79.85932058150419,6.905655694780286],[79.85932065673013,6.905655638745517],[79.85932073789309,6.9056555843222],[79.85932082499305,6.905655531510342],[79.85932151551805,6.905655132796664],[79.85932299825225,6.905657697775368],[79.85932230772728,6.90565809648905],[79.85932230772728,6.90565809648905],[79.85932221844315,6.9056581455225325],[79.8593221307277,6.905658188610715],[79.85932204458095,6.905658225753597],[79.85932196000289,6.90565825695118],[79.85932187699352,6.905658282203463],[79.85932179555284,6.905658301510446],[79.85932171568086,6.905658314872128],[79.85932163737756,6.90565832228851],[79.85932156064295,6.905658323759595],[79.85932148547705,6.905658319285378],[79.85932141187982,6.9056583088658625],[79.85932133985129,6.905658292501043],[79.85932133985129,6.905658292501043],[79.85932126861138,6.90565826884151],[79.85932119738005,6.905658236537829],[79.85932112615731,6.90565819559001],[79.85932105494315,6.905658145998049],[79.85932098373753,6.90565808776195],[79.85932091254051,6.905658020881704],[79.85932084135207,6.90565794535732],[79.8593207701722,6.9056578611887955],[79.8593206990009,6.905657768376129],[79.85932062783816,6.905657666919323],[79.85932055668401,6.90565755681837],[79.85932048553845,6.905657438073285]]],[[[79.85931455751285,6.905666661230259],[79.85931531722422,6.905666241884201],[79.85931460845835,6.905663912335693],[79.85931600126251,6.905663143534588],[79.85931759635831,6.905664983846022],[79.85931835606965,6.9056645644999595],[79.85931301326158,6.9056586326114475],[79.8593123801688,6.905658982066492],[79.85931455751285,6.905666661230259]],[[79.85931435377522,6.905663077544203],[79.8593135344423,6.905660398343781],[79.85931359775158,6.905660363398274],[79.85931543003298,6.905662483470622],[79.85931435377522,6.905663077544203]]],[[[79.8593101358481,6.905669082092551],[79.85931097198197,6.905668609097063],[79.85931006026078,6.905662710200653],[79.85931009370614,6.9056626912808365],[79.85931284492182,6.905667549587165],[79.85931361416498,6.90566711443131],[79.8593098201498,6.905660414670167],[79.85930898401595,6.905660887665653],[79.85930989573711,6.90566678656206],[79.85930986229177,6.905666805481881],[79.85930711107613,6.905661947175539],[79.85930634183296,6.905662382331383],[79.8593101358481,6.905669082092551]]],[[[79.8593035637681,6.905668447757865],[79.8593035637681,6.905668447757865],[79.85930373570426,6.905668737121748],[79.85930390920933,6.905669006647897],[79.85930408428334,6.905669256336305],[79.85930426092622,6.905669486186984],[79.85930443913804,6.90566969619992],[79.85930461891876,6.905669886375124],[79.8593048002684,6.905670056712591],[79.85930498318695,6.905670207212323],[79.85930516767442,6.905670337874318],[79.85930535373079,6.905670448698577],[79.8593055413561,6.905670539685098],[79.85930573055028,6.905670610833887],[79.85930573055028,6.905670610833887],[79.8593059176938,6.905670663852959],[79.85930610560702,6.905670702525927],[79.85930629428994,6.905670726852795],[79.85930648374254,6.905670736833553],[79.85930667396485,6.905670732468215],[79.85930686495684,6.905670713756769],[79.8593070567185,6.905670680699223],[79.8593072492499,6.905670633295572],[79.85930744255096,6.905670571545817],[79.85930763662172,6.905670495449959],[79.85930783146219,6.905670405007999],[79.85930802707233,6.905670300219937],[79.85930923867775,6.905669608096673],[79.8593054212505,6.905662932790114],[79.85930420964509,6.905663624913369],[79.85930420964509,6.905663624913369],[79.85930399786056,6.905663753087135],[79.85930380201097,6.905663886544125],[79.85930362209628,6.905664025284331],[79.85930345811647,6.90566416930776],[79.8593033100716,6.905664318614404],[79.85930317796162,6.9056644732042685],[79.85930306178656,6.905664633077353],[79.8593029615464,6.905664798233662],[79.85930287724113,6.905664968673183],[79.8593028088708,6.905665144395929],[79.85930275643535,6.905665325401892],[79.85930271993482,6.905665511691078],[79.85930271993482,6.905665511691078],[79.85930269782469,6.905665706303668],[79.85930269251993,6.905665910018009],[79.85930270402054,6.905666122834106],[79.85930273232653,6.905666344751954],[79.85930277743792,6.905666575771558],[79.85930283935465,6.905666815892914],[79.85930291807678,6.905667065116021],[79.85930301360429,6.905667323440885],[79.85930312593717,6.905667590867501],[79.85930325507545,6.905667867395865],[79.85930340101908,6.905668153025988],[79.8593035637681,6.905668447757865]],[[79.85930441901898,6.905667959200274],[79.85930441901898,6.905667959200274],[79.85930428773374,6.905667722740434],[79.859304169209,6.905667494815766],[79.85930406344475,6.9056672754262705],[79.85930397044102,6.9056670645719525],[79.8593038901978,6.905666862252809],[79.85930382271508,6.90566666846884],[79.85930376799287,6.905666483220042],[79.85930372603114,6.905666306506424],[79.85930369682994,6.90566613832798],[79.85930368038925,6.905665978684707],[79.85930367670905,6.905665827576612],[79.85930368578937,6.90566568500369],[79.85930368578937,6.90566568500369],[79.85930370654499,6.905665549068321],[79.85930373789073,6.905665417872867],[79.85930377982653,6.905665291417343],[79.85930383235247,6.905665169701736],[79.8593038954685,6.905665052726054],[79.85930396917463,6.905664940490292],[79.8593040534709,6.9056648329944545],[79.85930414835723,6.905664730238537],[79.85930425383368,6.905664632222543],[79.85930436990024,6.905664538946476],[79.8593044965569,6.905664450410327],[79.85930463380366,6.905664366614099],[79.85930502579365,6.905664142691871],[79.85930799490373,6.9056693345969755],[79.85930760291373,6.905669558519206],[79.85930760291373,6.905669558519206],[79.85930746111947,6.905669634363477],[79.85930732082028,6.905669699043754],[79.85930718201618,6.90566975256004],[79.85930704470718,6.905669794912335],[79.85930690889323,6.905669826100634],[79.85930677457438,6.905669846124944],[79.85930664175063,6.9056698549852635],[79.85930651042196,6.905669852681592],[79.85930638058838,6.905669839213927],[79.85930625224988,6.90566981458227],[79.85930612540646,6.905669778786618],[79.85930600005813,6.9056697318269755],[79.85930600005813,6.9056697318269755],[79.85930587372442,6.905669669365913],[79.85930574640533,6.905669591403424],[79.85930561810089,6.905669497939512],[79.85930548881106,6.905669388974179],[79.85930535853586,6.905669264507422],[79.85930522727529,6.905669124539241],[79.85930509502934,6.905668969069636],[79.859304961798,6.905668798098615],[79.85930482758131,6.905668611626164],[79.85930469237925,6.90566840965229],[79.8593045561918,6.905668192176995],[79.85930441901898,6.905667959200274]]],[[[79.85929615137404,6.905672522669923],[79.85929615137404,6.905672522669923],[79.85929631913791,6.905672818953211],[79.85929648927969,6.905673095011747],[79.85929666179932,6.905673350845527],[79.85929683669686,6.90567358645455],[79.85929701397227,6.90567380183882],[79.85929719362557,6.905673996998336],[79.85929737565674,6.905674171933099],[79.85929756006583,6.905674326643106],[79.85929774685277,6.905674461128358],[79.85929793601763,6.905674575388857],[79.85929812756035,6.905674669424599],[79.85929832148096,6.905674743235589],[79.85929832148096,6.905674743235589],[79.8592985139538,6.905674798540377],[79.85929870776707,6.905674839216796],[79.85929890292077,6.90567486526484],[79.8592990994149,6.90567487668452],[79.85929929724946,6.9056748734758235],[79.85929949642448,6.905674855638758],[79.8592996969399,6.905674823173321],[79.85929989879578,6.905674776079514],[79.85930010199206,6.905674714357335],[79.85930030652881,6.905674638006787],[79.85930051240598,6.905674547027867],[79.85930071962358,6.905674441420578],[79.85930200474827,6.905673743360541],[79.85929828940309,6.905666909405071],[79.8592970042784,6.905667607465103],[79.8592970042784,6.905667607465103],[79.85929677937193,6.905667736820648],[79.85929657082517,6.90566787166943],[79.85929637863813,6.905668012011457],[79.8592962028108,6.905668157846718],[79.85929604334319,6.905668309175221],[79.85929590023531,6.905668465996961],[79.85929577348713,6.90566862831194],[79.85929566309868,6.905668796120162],[79.85929556906996,6.905668969421619],[79.85929549140093,6.905669148216318],[79.85929543009163,6.905669332504255],[79.85929538514206,6.905669522285428],[79.85929538514206,6.905669522285428],[79.85929535483265,6.905669720650814],[79.85929534164362,6.905669928410139],[79.85929534557496,6.905670145563399],[79.8592953666267,6.905670372110597],[79.85929540479879,6.905670608051734],[79.85929546009127,6.905670853386804],[79.85929553250412,6.905671108115815],[79.85929562203735,6.905671372238762],[79.85929572869097,6.905671645755649],[79.85929585246494,6.905671928666467],[79.85929599335931,6.905672220971227],[79.85929615137404,6.905672522669923]],[[79.8592970585209,6.905672029921674],[79.8592970585209,6.905672029921674],[79.85929693100594,6.905671787867767],[79.85929681642949,6.905671554603419],[79.85929671479153,6.905671330128626],[79.85929662609206,6.905671114443395],[79.85929655033107,6.905670907547723],[79.85929648750856,6.905670709441604],[79.85929643762454,6.905670520125049],[79.85929640067901,6.905670339598054],[79.85929637667196,6.905670167860613],[79.85929636560341,6.905670004912733],[79.85929636747333,6.905669850754409],[79.85929638228176,6.905669705385647],[79.85929638228176,6.905669705385647],[79.85929640897247,6.905669566863716],[79.85929644648931,6.9056694332458886],[79.85929649483228,6.9056693045321715],[79.85929655400136,6.905669180722559],[79.8592966239966,6.905669061817052],[79.85929670481792,6.905668947815654],[79.85929679646537,6.905668838718364],[79.85929689893896,6.9056687345251735],[79.85929701223867,6.905668635236093],[79.8592971363645,6.90566854085112],[79.85929727131645,6.905668451370251],[79.85929741709454,6.9056683667934875],[79.85929783287017,6.9056681409505405],[79.85930072258307,6.905673456249242],[79.85930030680746,6.905673682092193],[79.85930030680746,6.905673682092193],[79.85930015660345,6.905673758528006],[79.85930000837381,6.905673823586034],[79.85929986211843,6.905673877266273],[79.85929971783742,6.905673919568718],[79.85929957553068,6.9056739504933775],[79.8592994351983,6.905673970040249],[79.85929929684019,6.90567397820933],[79.85929916045642,6.9056739750006235],[79.85929902604695,6.905673960414125],[79.85929889361182,6.905673934449838],[79.85929876315099,6.905673897107764],[79.85929863466448,6.905673848387898],[79.85929863466448,6.905673848387898],[79.85929850573817,6.905673783849728],[79.85929837637202,6.905673703493254],[79.85929824656607,6.905673607318475],[79.8592981163203,6.905673495325385],[79.85929798563473,6.90567336751399],[79.85929785450934,6.90567322388429],[79.85929772294412,6.905673064436288],[79.85929759093911,6.905672889169976],[79.85929745849427,6.905672698085359],[79.85929732560963,6.905672491182436],[79.85929719228515,6.905672268461208],[79.8592970585209,6.905672029921674]]],[[[79.85929338454622,6.905678616075604],[79.85929418526437,6.905678160577366],[79.8592936552535,6.905674437545278],[79.85929452269818,6.905673944088856],[79.85929625378628,6.905676983873581],[79.85929702114117,6.905676547354436],[79.85929302092408,6.905669522987022],[79.85929135276128,6.905670471941681],[79.85929135276128,6.905670471941681],[79.85929122328874,6.905670549999951],[79.85929110177713,6.905670632342022],[79.85929098822648,6.905670718967891],[79.8592908826368,6.905670809877558],[79.85929078500807,6.9056709050710205],[79.85929069534028,6.9056710045482905],[79.85929061363345,6.905671108309354],[79.85929053988757,6.905671216354217],[79.85929047410264,6.905671328682876],[79.85929041627867,6.905671445295336],[79.85929036641564,6.905671566191594],[79.85929032451357,6.905671691371652],[79.85929032451357,6.905671691371652],[79.85929029115033,6.905671818618386],[79.85929026950302,6.905671950278919],[79.85929025957165,6.90567208635325],[79.85929026135622,6.905672226841376],[79.85929027485673,6.905672371743303],[79.85929030007317,6.905672521059031],[79.85929033700555,6.905672674788552],[79.85929038565386,6.905672832931875],[79.8592904460181,6.90567299548899],[79.85929051809829,6.90567316245991],[79.8592906018944,6.905673333844626],[79.85929069740645,6.9056735096431385],[79.85929069740645,6.9056735096431385],[79.85929077623823,6.905673642685001],[79.85929085677964,6.905673767956109],[79.8592909390307,6.905673885456453],[79.85929102299141,6.905673995186048],[79.8592911086618,6.9056740971448844],[79.8592911960418,6.905674191332961],[79.85929128513148,6.905674277750286],[79.85929137593078,6.90567435639685],[79.85929146843975,6.905674427272659],[79.85929156265837,6.905674490377712],[79.85929165858664,6.9056745457120075],[79.85929175622456,6.9056745932755454],[79.85929175622456,6.9056745932755454],[79.85929185411275,6.905674634276188],[79.85929195079187,6.905674669921794],[79.85929204626187,6.905674700212361],[79.85929214052278,6.905674725147893],[79.85929223357459,6.905674744728388],[79.85929232541731,6.905674758953843],[79.85929241605093,6.905674767824264],[79.85929250547547,6.9056747713396485],[79.85929259369091,6.905674769499993],[79.85929268069724,6.9056747623053045],[79.85929276649448,6.905674749755575],[79.85929285108261,6.905674731850813],[79.85929338454622,6.905678616075604]],[[79.85929146476134,6.905673073124],[79.85929146476134,6.905673073124],[79.85929141316018,6.905672977844261],[79.85929136752436,6.905672883703185],[79.85929132785394,6.905672790700765],[79.85929129414889,6.9056726988370105],[79.8592912664092,6.905672608111915],[79.85929124463489,6.905672518525479],[79.85929122882594,6.905672430077705],[79.85929121898236,6.905672342768592],[79.85929121510416,6.9056722565981365],[79.85929121719133,6.905672171566344],[79.85929122524385,6.905672087673213],[79.85929123926175,6.905672004918741],[79.85929123926175,6.905672004918741],[79.85929125817981,6.905671924664256],[79.8592912846398,6.905671846162291],[79.85929131864171,6.905671769412853],[79.85929136018557,6.90567169441594],[79.85929140927138,6.90567162117155],[79.85929146589909,6.905671549679686],[79.85929153006875,6.90567147994034],[79.85929160178036,6.905671411953521],[79.85929168103388,6.905671345719229],[79.85929176782938,6.905671281237455],[79.85929186216677,6.90567121850821],[79.85929196404611,6.905671157531487],[79.85929269803775,6.905670739991437],[79.8592940782296,6.905673163603585],[79.85929314405841,6.905673695018198],[79.85929314405841,6.905673695018198],[79.85929307699813,6.905673730774306],[79.85929300927022,6.90567376212626],[79.85929294087474,6.905673789074065],[79.85929287181166,6.9056738116177145],[79.85929280208099,6.905673829757213],[79.85929273168274,6.905673843492555],[79.8592926606169,6.905673852823747],[79.85929258888348,6.905673857750783],[79.85929251648245,6.905673858273665],[79.85929244341385,6.905673854392396],[79.85929236967765,6.905673846106972],[79.85929229527385,6.905673833417397],[79.85929229527385,6.905673833417397],[79.85929221980564,6.905673812394958],[79.8592921454754,6.90567378367518],[79.85929207228313,6.90567374725807],[79.85929200022883,6.905673703143622],[79.85929192931249,6.905673651331843],[79.85929185953412,6.905673591822727],[79.85929179089374,6.905673524616279],[79.85929172339132,6.905673449712491],[79.85929165702687,6.90567336711137],[79.85929159180039,6.905673276812915],[79.8592915277119,6.905673178817125],[79.85929146476134,6.905673073124]]],[[[79.85928676414325,6.905677754804164],[79.85928676414325,6.905677754804164],[79.85928693711483,6.90567804526254],[79.85928710836988,6.905678318033955],[79.85928727790838,6.905678573118402],[79.85928744573035,6.905678810515885],[79.85928761183575,6.905679030226406],[79.85928777622463,6.905679232249959],[79.85928793889694,6.905679416586553],[79.85928809985273,6.905679583236178],[79.85928825909197,6.905679732198838],[79.85928841661466,6.9056798634745356],[79.85928857242081,6.905679977063266],[79.85928872651041,6.905680072965032],[79.85928872651041,6.905680072965032],[79.8592888761754,6.905680152041335],[79.8592890246641,6.905680217374105],[79.85928917197649,6.90568026896334],[79.85928931811254,6.90568030680904],[79.85928946307232,6.905680330911208],[79.8592896068558,6.90568034126984],[79.85928974946295,6.905680337884945],[79.85928989089382,6.905680320756509],[79.85929003114835,6.9056802898845415],[79.8592901702266,6.905680245269042],[79.85929030812855,6.905680186910007],[79.85929044485418,6.90568011480744],[79.85929044485418,6.90568011480744],[79.85929057545837,6.905680031830066],[79.85929069499589,6.90567994084661],[79.85929080346679,6.905679841857069],[79.85929090087106,6.905679734861453],[79.85929098720868,6.905679619859747],[79.85929106247967,6.9056794968519615],[79.85929112668403,6.905679365838096],[79.85929117982175,6.905679226818146],[79.85929122189283,6.905679079792116],[79.8592912528973,6.905678924760003],[79.85929127283512,6.905678761721808],[79.85929128170629,6.9056785906775335],[79.85929128170629,6.9056785906775335],[79.8592912764807,6.905678408418679],[79.85929125659386,6.905678215982178],[79.8592912220458,6.90567801336802],[79.85929117283648,6.905677800576209],[79.85929110896592,6.9056775776067445],[79.85929103043414,6.905677344459631],[79.85929093724108,6.90567710113486],[79.85929082938681,6.905676847632444],[79.85929070687129,6.905676583952368],[79.85929056969452,6.905676310094645],[79.85929041785653,6.905676026059266],[79.85929025135728,6.905675731846232],[79.85929025135728,6.905675731846232],[79.8592900784157,6.905675441606934],[79.8592899072507,6.905675169492762],[79.85928973786226,6.9056749155037105],[79.8592895702504,6.905674679639785],[79.8592894044151,6.905674461900981],[79.85928924035638,6.905674262287299],[79.85928907807424,6.905674080798746],[79.85928891756865,6.905673917435312],[79.85928875883964,6.905673772197003],[79.8592886018872,6.905673645083818],[79.85928844671133,6.9056735360957555],[79.85928829331205,6.905673445232816],[79.85928829331205,6.905673445232816],[79.85928814148326,6.905673370131382],[79.85928799101896,6.905673308427845],[79.85928784191908,6.905673260122198],[79.85928769418369,6.905673225214446],[79.85928754781273,6.905673203704586],[79.85928740280627,6.905673195592616],[79.85928725916425,6.905673200878539],[79.8592871168867,6.905673219562357],[79.85928697597359,6.905673251644066],[79.85928683642496,6.905673297123672],[79.8592866982408,6.905673356001163],[79.85928656142107,6.905673428276551],[79.85928656142107,6.905673428276551],[79.859286430911,6.905673511081103],[79.8592863116557,6.9056736015460976],[79.85928620365517,6.905673699671534],[79.85928610690945,6.905673805457413],[79.85928602141854,6.905673918903731],[79.8592859471824,6.905674040010489],[79.85928588420106,6.905674168777686],[79.8592858324745,6.905674305205331],[79.85928579200274,6.905674449293412],[79.85928576278577,6.905674601041935],[79.85928574482357,6.905674760450899],[79.85928573811618,6.9056749275203035],[79.85928573811618,6.9056749275203035],[79.85928574265147,6.905675104740325],[79.85928576190801,6.905675292576163],[79.85928579588582,6.905675491027807],[79.85928584458492,6.905675700095268],[79.85928590800528,6.905675919778537],[79.8592859861469,6.905676150077622],[79.85928607900978,6.905676390992513],[79.85928618659393,6.90567664252322],[79.85928630889937,6.905676904669741],[79.85928644592606,6.90567717743207],[79.85928659767401,6.905677460810209],[79.85928676414325,6.905677754804164]],[[79.85928751813547,6.905677317407858],[79.85928751813547,6.905677317407858],[79.8592873692307,6.905677056502385],[79.85928723319103,6.905676808708441],[79.85928711001647,6.905676574026028],[79.85928699970701,6.905676352455141],[79.85928690226265,6.905676143995787],[79.8592868176834,6.905675948647961],[79.85928674596923,6.905675766411663],[79.85928668712019,6.905675597286892],[79.85928664113624,6.905675441273652],[79.8592866080174,6.90567529837194],[79.85928658776365,6.905675168581756],[79.85928658037501,6.905675051903104],[79.85928658037501,6.905675051903104],[79.85928658229498,6.905674944723364],[79.85928658996698,6.905674843429945],[79.85928660339107,6.905674748022829],[79.85928662256721,6.905674658502025],[79.85928664749545,6.90567457486753],[79.85928667817574,6.905674497119348],[79.8592867146081,6.905674425257476],[79.85928675679253,6.90567435928191],[79.85928680472902,6.9056742991926585],[79.8592868584176,6.905674244989718],[79.85928691785826,6.905674196673085],[79.85928698305095,6.905674154242762],[79.85928698305095,6.905674154242762],[79.85928705239583,6.905674118626868],[79.85928712429295,6.905674090753517],[79.85928719874234,6.905674070622712],[79.85928727574398,6.905674058234451],[79.85928735529787,6.905674053588736],[79.859287437404,6.905674056685563],[79.85928752206243,6.905674067524937],[79.8592876092731,6.905674086106857],[79.85928769903602,6.905674112431319],[79.85928779135119,6.905674146498321],[79.85928788621862,6.905674188307876],[79.85928798363831,6.905674237859971],[79.85928798363831,6.905674237859971],[79.85928808302157,6.905674301171891],[79.8592881872704,6.905674382235921],[79.85928829638479,6.905674481052068],[79.85928841036475,6.905674597620329],[79.85928852921029,6.905674731940702],[79.85928865292139,6.905674884013194],[79.85928878149808,6.905675053837797],[79.85928891494034,6.905675241414518],[79.85928905324816,6.905675446743353],[79.85928919642154,6.905675669824301],[79.85928934446052,6.905675910657365],[79.85928949736507,6.905676169242543],[79.85928949736507,6.905676169242543],[79.85928964629986,6.905676430367094],[79.85928978242956,6.905676678818276],[79.8592899057542,6.9056769145960875],[79.85929001627375,6.9056771377005255],[79.85929011398822,6.905677348131595],[79.85929019889764,6.9056775458893],[79.85929027100195,6.905677730973629],[79.8592903303012,6.905677903384594],[79.85929037679539,6.905678063122187],[79.85929041048449,6.905678210186407],[79.8592904313685,6.905678344577259],[79.85929043944745,6.905678466294743],[79.85929043944745,6.905678466294743],[79.85929043536372,6.905678577449348],[79.85929042571605,6.905678682372002],[79.8592904105045,6.905678781062704],[79.85929038972903,6.905678873521458],[79.85929036338962,6.9056789597482595],[79.85929033148632,6.905679039743107],[79.8592902940191,6.905679113506006],[79.85929025098797,6.905679181036954],[79.85929020239293,6.905679242335951],[79.85929014823397,6.905679297402995],[79.85929008851109,6.90567934623809],[79.8592900232243,6.905679388841231],[79.8592900232243,6.905679388841231],[79.85928995397352,6.905679424284304],[79.85928988235861,6.905679451639196],[79.85928980837961,6.9056794709058975],[79.85928973203653,6.905679482084414],[79.85928965332934,6.905679485174747],[79.85928957225802,6.905679480176896],[79.85928948882264,6.905679467090856],[79.85928940302314,6.905679445916632],[79.85928931485955,6.905679416654222],[79.85928922433185,6.905679379303625],[79.85928913144004,6.905679333864844],[79.85928903618415,6.9056792803378775],[79.85928903618415,6.9056792803378775],[79.85928893611057,6.905679211987132],[79.85928883123148,6.905679126322431],[79.85928872154682,6.905679023343772],[79.85928860705663,6.905678903051162],[79.8592884877609,6.905678765444592],[79.85928836365962,6.9056786105240695],[79.85928823475278,6.905678438289589],[79.8592881010404,6.905678248741154],[79.85928796252249,6.9056780418787636],[79.85928781919903,6.905677817702417],[79.85928767107002,6.905677576212116],[79.85928751813547,6.905677317407858]]],[[[79.85928175933678,6.905678945074813],[79.85928175933678,6.905678945074813],[79.859281854471,6.905679096790418],[79.85928195231298,6.9056792395062],[79.85928205286274,6.905679373222157],[79.85928215612023,6.905679497938287],[79.85928226208549,6.905679613654596],[79.85928237075852,6.905679720371072],[79.8592824821393,6.905679818087729],[79.85928259622787,6.905679906804558],[79.85928271302419,6.9056799865215615],[79.85928283252827,6.905680057238739],[79.85928295474011,6.9056801189560915],[79.8592830796597,6.90568017167362],[79.8592830796597,6.90568017167362],[79.85928320599682,6.905680214689599],[79.85928333246117,6.905680247302307],[79.85928345905279,6.905680269511749],[79.85928358577166,6.90568028131792],[79.85928371261778,6.905680282720821],[79.85928383959116,6.905680273720456],[79.85928396669178,6.905680254316817],[79.85928409391965,6.905680224509914],[79.85928422127478,6.905680184299736],[79.85928434875717,6.905680133686294],[79.85928447636681,6.90568007266958],[79.85928460410369,6.9056800012495945],[79.85928549359527,6.9056794679631315],[79.85928706441592,6.905682084573086],[79.85928776987475,6.905681661621751],[79.85928376076535,6.90567498340828],[79.85928216581496,6.905675939646073],[79.85928216581496,6.905675939646073],[79.85928204263683,6.905676018659865],[79.8592819287035,6.905676102458012],[79.85928182401496,6.905676191040504],[79.85928172857118,6.90567628440735],[79.85928164237221,6.9056763825585445],[79.859281565418,6.905676485494088],[79.85928149770861,6.905676593213987],[79.85928143924397,6.905676705718237],[79.85928139002414,6.905676823006835],[79.85928135004907,6.905676945079783],[79.85928131931881,6.905677071937083],[79.85928129783332,6.905677203578735],[79.85928129783332,6.905677203578735],[79.85928128558038,6.905677338536798],[79.85928128254771,6.905677475343336],[79.85928128873533,6.905677613998349],[79.85928130414324,6.905677754501835],[79.85928132877143,6.905677896853793],[79.85928136261991,6.905678041054229],[79.85928140568866,6.9056781871031445],[79.85928145797773,6.905678335000527],[79.85928151948706,6.905678484746389],[79.8592815902167,6.905678636340719],[79.8592816701666,6.9056787897835274],[79.85928175933678,6.905678945074813]],[[79.85928246479561,6.905678522123482],[79.85928246479561,6.905678522123482],[79.85928239442362,6.905678400558028],[79.85928233179314,6.905678283202905],[79.8592822769042,6.9056781700581125],[79.8592822297568,6.905678061123653],[79.8592821903509,6.9056779563995265],[79.85928215868655,6.905677855885728],[79.85928213476373,6.905677759582264],[79.85928211858243,6.90567766748913],[79.85928211014266,6.905677579606327],[79.85928210944444,6.905677495933856],[79.85928211648772,6.905677416471715],[79.85928213127255,6.905677341219908],[79.85928213127255,6.905677341219908],[79.85928215298483,6.905677268822393],[79.85928218081052,6.9056771979231355],[79.85928221474961,6.905677128522133],[79.8592822548021,6.9056770606193885],[79.85928230096796,6.9056769942149],[79.85928235324724,6.905676929308669],[79.85928241163992,6.905676865900694],[79.859282476146,6.905676803990974],[79.85928254676547,6.905676743579514],[79.85928262349834,6.905676684666307],[79.85928270634462,6.905676627251359],[79.8592827953043,6.905676571334663],[79.85928350076311,6.905676148383334],[79.85928504813867,6.905678725939413],[79.85928434267984,6.905679148890749],[79.85928434267984,6.905679148890749],[79.85928425144077,6.905679201010533],[79.85928416175636,6.905679247034768],[79.85928407362657,6.9056792869634505],[79.85928398705141,6.905679320796575],[79.85928390203088,6.905679348534153],[79.85928381856499,6.90567937017617],[79.85928373665374,6.905679385722637],[79.85928365629711,6.905679395173552],[79.8592835774951,6.90567939852891],[79.85928350024776,6.9056793957887175],[79.859283424555,6.905679386952971],[79.8592833504169,6.905679372021669],[79.8592833504169,6.905679372021669],[79.85928327701937,6.9056793496387785],[79.85928320354836,6.905679318448255],[79.85928313000382,6.905679278450108],[79.85928305638579,6.90567922964433],[79.85928298269427,6.905679172030925],[79.85928290892925,6.905679105609889],[79.85928283509072,6.905679030381227],[79.85928276117869,6.905678946344934],[79.85928268719317,6.905678853501015],[79.85928261313416,6.905678751849467],[79.85928253900164,6.905678641390291],[79.85928246479561,6.905678522123482]]],[[[79.8592746172981,6.905684611436992],[79.8592746172981,6.905684611436992],[79.85927480414209,6.905684912482665],[79.85927498849931,6.905685195233419],[79.85927517036976,6.905685459689259],[79.85927534975345,6.905685705850184],[79.85927552665036,6.905685933716188],[79.85927570106051,6.905686143287278],[79.8592758729839,6.905686334563456],[79.85927604242052,6.905686507544713],[79.85927620937038,6.905686662231057],[79.85927637383345,6.905686798622485],[79.85927653580976,6.905686916718994],[79.8592766952993,6.905687016520589],[79.8592766952993,6.905687016520589],[79.85927684960794,6.905687098906742],[79.85927700214309,6.905687167077614],[79.85927715290478,6.905687221033205],[79.85927730189299,6.905687260773518],[79.85927744910775,6.905687286298543],[79.85927759454903,6.905687297608289],[79.85927773821683,6.905687294702755],[79.85927788011118,6.9056872775819365],[79.85927802023204,6.905687246245839],[79.85927815857944,6.905687200694457],[79.85927829515336,6.905687140927797],[79.85927842995382,6.905687066945854],[79.85927842995382,6.905687066945854],[79.85927855811642,6.905686981694191],[79.85927867477677,6.905686888118369],[79.85927877993488,6.905686786218389],[79.85927887359074,6.905686675994252],[79.85927895574437,6.90568655744596],[79.85927902639575,6.905686430573503],[79.85927908554487,6.905686295376895],[79.85927913319175,6.905686151856125],[79.8592791693364,6.9056860000111975],[79.8592791939788,6.905685839842111],[79.85927920711893,6.905685671348872],[79.85927920875685,6.90568549453147],[79.85927920875685,6.90568549453147],[79.85927919569966,6.9056853060598025],[79.85927916742247,6.905685107003657],[79.85927912392525,6.90568489736304],[79.85927906520801,6.905684677137948],[79.85927899127077,6.905684446328378],[79.85927890211352,6.9056842049343405],[79.85927879773624,6.905683952955822],[79.85927867813892,6.90568369039283],[79.85927854332161,6.905683417245365],[79.85927839328427,6.9056831335134214],[79.85927822802694,6.905682839197008],[79.85927804754957,6.905682534296117],[79.85927804754957,6.905682534296117],[79.85927786074521,6.905682233477092],[79.85927767650685,6.905681951406274],[79.85927749483454,6.905681688083671],[79.85927731572824,6.905681443509272],[79.85927713918798,6.905681217683083],[79.85927696521374,6.905681010605104],[79.85927679380552,6.90568082227533],[79.85927662496331,6.905680652693768],[79.85927645868713,6.905680501860417],[79.859276294977,6.905680369775268],[79.85927613383286,6.905680256438333],[79.85927597525476,6.905680161849602],[79.85927597525476,6.905680161849602],[79.85927581893388,6.905680083564321],[79.85927566456147,6.905680019137724],[79.85927551213747,6.905679968569809],[79.85927536166196,6.905679931860579],[79.85927521313488,6.905679909010035],[79.85927506655624,6.905679900018171],[79.85927492192604,6.905679904884994],[79.85927477924432,6.9056799236105],[79.85927463851104,6.905679956194686],[79.8592744997262,6.905680002637561],[79.8592743628898,6.905680062939117],[79.85927422800187,6.90568013709936],[79.85927422800187,6.90568013709936],[79.85927409992675,6.905680222172726],[79.85927398352888,6.9056803152136474],[79.8592738788082,6.905680416222132],[79.85927378576476,6.905680525198177],[79.85927370439853,6.905680642141782],[79.85927363470954,6.9056807670529485],[79.85927357669777,6.9056808999316734],[79.85927353036323,6.905681040777959],[79.85927349570589,6.9056811895918075],[79.85927347272579,6.905681346373215],[79.8592734614229,6.90568151112218],[79.85927346179722,6.905681683838708],[79.85927346179722,6.905681683838708],[79.85927347394298,6.905681867097511],[79.85927350138797,6.905682061394079],[79.85927354413226,6.905682266728416],[79.85927360217583,6.90568248310052],[79.85927367551866,6.905682710510395],[79.85927376416076,6.905682948958033],[79.85927386810214,6.90568319844344],[79.85927398734277,6.9056834589666165],[79.8592741218827,6.90568373052756],[79.8592742717219,6.90568401312627],[79.85927443686036,6.905684306762749],[79.8592746172981,6.905684611436992]],[[79.8592753589741,6.905684162325454],[79.8592753589741,6.905684162325454],[79.85927519766304,6.905683891936856],[79.85927504988605,6.905683635158781],[79.8592749156431,6.905683391991232],[79.85927479493422,6.905683162434208],[79.85927468775941,6.9056829464877065],[79.85927459411862,6.905682744151729],[79.8592745140119,6.9056825554262735],[79.85927444743923,6.9056823803113465],[79.85927439440063,6.90568221880694],[79.85927435489607,6.9056820709130555],[79.85927432892558,6.905681936629701],[79.85927431648912,6.9056818159568705],[79.85927431648912,6.9056818159568705],[79.8592743138458,6.9056817051444135],[79.85927431725467,6.905681600442189],[79.85927432671572,6.905681501850199],[79.85927434222899,6.905681409368441],[79.8592743637944,6.9056813229969105],[79.85927439141203,6.905681242735613],[79.85927442508186,6.9056811685845485],[79.85927446480387,6.905681100543715],[79.85927451057806,6.905681038613112],[79.85927456240444,6.905680982792743],[79.85927462028302,6.905680933082602],[79.85927468421379,6.905680889482696],[79.85927468421379,6.905680889482696],[79.85927475262298,6.905680852945995],[79.85927482393679,6.905680824425479],[79.85927489815528,6.905680803921143],[79.8592749752784,6.905680791432994],[79.85927505530614,6.9056807869610255],[79.85927513823854,6.905680790505245],[79.85927522407562,6.905680802065646],[79.85927531281732,6.905680821642229],[79.85927540446366,6.905680849234995],[79.85927549901463,6.905680884843944],[79.85927559647027,6.905680928469076],[79.85927569683055,6.905680980110393],[79.85927569683055,6.905680980110393],[79.85927579975892,6.905681045987112],[79.85927590835244,6.905681130239236],[79.85927602261121,6.9056812328667645],[79.85927614253514,6.905681353869693],[79.85927626812425,6.905681493248026],[79.85927639937859,6.905681651001766],[79.8592765362981,6.905681827130906],[79.85927667888281,6.9056820216354495],[79.85927682713272,6.905682234515396],[79.8592769810478,6.905682465770745],[79.85927714062808,6.9056827154015],[79.85927730587358,6.905682983407659],[79.85927730587358,6.905682983407659],[79.85927746722425,6.905683254022903],[79.85927761512012,6.905683511480916],[79.85927774956122,6.905683755781698],[79.85927787054749,6.905683986925245],[79.85927797807896,6.9056842049115685],[79.85927807215566,6.905684409740653],[79.85927815277753,6.905684601412506],[79.85927821994461,6.905684779927133],[79.8592782736569,6.905684945284525],[79.85927831391437,6.905685097484689],[79.85927834071707,6.905685236527615],[79.85927835406494,6.905685362413315],[79.85927835406494,6.905685362413315],[79.85927835469602,6.905685477326645],[79.85927834944988,6.905685585773142],[79.85927833832653,6.905685687752809],[79.85927832132599,6.9056857832656515],[79.85927829844822,6.90568587231166],[79.85927826969323,6.905685954890844],[79.85927823506104,6.905686031003194],[79.85927819455165,6.90568610064872],[79.859278148165,6.905686163827413],[79.85927809590117,6.9056862205392795],[79.85927803776015,6.905686270784317],[79.8592779737419,6.905686314562522],[79.8592779737419,6.905686314562522],[79.8592779054202,6.905686350920922],[79.85927783436884,6.905686378906543],[79.85927776058779,6.905686398519387],[79.85927768407711,6.9056864097594435],[79.85927760483675,6.905686412626721],[79.85927752286672,6.905686407121217],[79.85927743816701,6.905686393242935],[79.85927735073764,6.905686370991865],[79.85927726057862,6.90568634036802],[79.85927716768991,6.905686301371391],[79.85927707207155,6.905686254001985],[79.8592769737235,6.905686198259797],[79.8592769737235,6.905686198259797],[79.85927686988371,6.905686127170212],[79.85927676045797,6.905686038158516],[79.85927664544631,6.90568593122471],[79.85927652484871,6.905685806368789],[79.85927639866517,6.90568566359076],[79.85927626689569,6.90568550289062],[79.85927612954026,6.905685324268369],[79.85927598659889,6.9056851277240066],[79.85927583807161,6.905684913257535],[79.85927568395837,6.905684680868954],[79.8592755242592,6.905684430558261],[79.8592753589741,6.905684162325454]]],[[[79.85926440565686,6.905686668498043],[79.85926695883614,6.905685087886258],[79.85926831930269,6.905687282284767],[79.85926638885006,6.905688477381489],[79.85926685043694,6.905689221909554],[79.85926878088956,6.905688026812833],[79.8592706515311,6.905691044110775],[79.85927136766676,6.90569060076844],[79.85926721338492,6.905683900015862],[79.85926394407001,6.905685923969975],[79.85926440565686,6.905686668498043]]],[[[79.85925997025925,6.905697141606129],[79.85926076381072,6.9056966684834125],[79.85925996787596,6.905694283802543],[79.85926142272031,6.9056934164108945],[79.85926314446512,6.905695249115251],[79.85926393801657,6.905694775992528],[79.85925817574133,6.905688878573876],[79.85925751444846,6.905689272842803],[79.85925997025925,6.905697141606129]],[[79.859259681917,6.905693429288902],[79.859258762098,6.9056906868879135],[79.85925882822728,6.905690647461022],[79.85926080611489,6.9056927590317185],[79.859259681917,6.905693429288902]]],[[[79.85925537602809,6.905699339843509],[79.85925612097766,6.905698911831957],[79.85925559247497,6.90569540831608],[79.85925639950365,6.905694944636901],[79.85925804543068,6.905697806135447],[79.85925875934066,6.905697395957707],[79.85925495591472,6.9056907835759285],[79.8592534039365,6.9056916752666595],[79.8592534039365,6.9056916752666595],[79.85925328352026,6.905691748620199],[79.85925317058802,6.9056918260103055],[79.85925306513978,6.905691907436985],[79.85925296717559,6.905691992900226],[79.8592528766954,6.905692082400037],[79.85925279369921,6.905692175936415],[79.85925271818707,6.905692273509356],[79.85925265015892,6.905692375118866],[79.85925258961478,6.905692480764943],[79.85925253655466,6.905692590447592],[79.85925249097858,6.905692704166802],[79.85925245288647,6.905692821922582],[79.85925245288647,6.905692821922582],[79.85925242279941,6.90569294162918],[79.85925240370976,6.905693065497403],[79.85925239561752,6.9056931935272425],[79.85925239852267,6.905693325718704],[79.85925241242525,6.9056934620717865],[79.85925243732522,6.905693602586486],[79.85925247322261,6.9056937472628075],[79.8592525201174,6.905693896100749],[79.85925257800959,6.905694049100308],[79.85925264689918,6.905694206261487],[79.85925272678618,6.905694367584289],[79.85925281767058,6.9056945330687105],[79.85925281767058,6.9056945330687105],[79.85925289257682,6.905694658309778],[79.85925296901384,6.905694776240312],[79.8592530469816,6.905694886860314],[79.85925312648017,6.905694990169787],[79.85925320750947,6.905695086168729],[79.85925329006956,6.9056951748571365],[79.85925337416039,6.905695256235018],[79.85925345978202,6.905695330302366],[79.85925354693443,6.905695397059184],[79.85925363561758,6.905695456505468],[79.85925372583151,6.905695508641223],[79.85925381757619,6.9056955534664475],[79.85925381757619,6.9056955534664475],[79.85925390949726,6.905695592116596],[79.85925400024026,6.905695625727125],[79.85925408980522,6.905695654298031],[79.85925417819213,6.905695677829322],[79.859254265401,6.905695696320989],[79.85925435143183,6.9056957097730365],[79.8592544362846,6.905695718185465],[79.85925451995934,6.9056957215582715],[79.859254602456,6.905695719891461],[79.85925468377465,6.905695713185027],[79.85925476391523,6.905695701438974],[79.85925484287777,6.905695684653305],[79.85925537602809,6.905699339843509]],[[79.85925353158058,6.90569412289098],[79.85925353158058,6.90569412289098],[79.85925348247686,6.905694033201417],[79.8592534389629,6.905693944587605],[79.85925340103871,6.905693857049536],[79.8592533687043,6.905693770587214],[79.85925334195966,6.905693685200637],[79.85925332080475,6.905693600889806],[79.85925330523963,6.905693517654717],[79.85925329526427,6.905693435495377],[79.85925329087867,6.905693354411781],[79.85925329208285,6.905693274403928],[79.8592532988768,6.905693195471823],[79.85925331126049,6.905693117615468],[79.85925331126049,6.905693117615468],[79.85925332824957,6.905693042114995],[79.85925335230846,6.90569296826902],[79.85925338343715,6.905692896077549],[79.85925342163569,6.905692825540571],[79.85925346690401,6.905692756658092],[79.85925351924216,6.905692689430113],[79.85925357865014,6.905692623856626],[79.85925364512792,6.905692559937643],[79.85925371867552,6.905692497673152],[79.85925379929293,6.905692437063164],[79.85925388698016,6.905692378107669],[79.8592539817372,6.905692320806674],[79.85925466460762,6.905691928462755],[79.85925597690077,6.905694209927816],[79.85925510779296,6.9056947092746235],[79.85925510779296,6.9056947092746235],[79.85925504538224,6.90569474287],[79.85925498230834,6.905694772320868],[79.85925491857127,6.9056947976272305],[79.85925485417101,6.905694818789088],[79.85925478910757,6.905694835806438],[79.85925472338096,6.90569484867928],[79.85925465699115,6.905694857407617],[79.85925458993817,6.905694861991445],[79.85925452222203,6.905694862430771],[79.8592544538427,6.905694858725589],[79.85925438480017,6.905694850875898],[79.85925431509447,6.905694838881702],[79.85925431509447,6.905694838881702],[79.85925424431986,6.905694819046049],[79.85925417454193,6.905694791968534],[79.85925410576068,6.905694757649158],[79.85925403797614,6.905694716087918],[79.85925397118828,6.905694667284814],[79.8592539053971,6.905694611239855],[79.85925384060263,6.905694547953027],[79.85925377680483,6.905694477424343],[79.85925371400373,6.905694399653793],[79.85925365219933,6.905694314641387],[79.8592535913916,6.905694222387111],[79.85925353158058,6.90569412289098]]],[[[79.85925076949368,6.9057022036459825],[79.85925435357306,6.905700072711908],[79.85925040428432,6.905693438746203],[79.85924699589518,6.9056954652227045],[79.85924743470501,6.90569620233001],[79.85925003491943,6.905694656358244],[79.85925125896799,6.905696712499667],[79.85924886958175,6.905698133122374],[79.85924930839161,6.905698870229674],[79.85925169777784,6.905697449606966],[79.85925310658844,6.9056998161093555],[79.85925033068382,6.9057014665386784],[79.85925076949368,6.9057022036459825]]],[[[79.85924631550914,6.905704704241291],[79.85924704824208,6.905704256824447],[79.85924621530141,6.905701934594838],[79.85924755864518,6.905701114330626],[79.85924924644097,6.905702914573911],[79.85924997917394,6.905702467157061],[79.85924433861479,6.905696671088588],[79.85924372800399,6.905697043935956],[79.85924631550914,6.905704704241291]],[[79.859245916124,6.9057011024491715],[79.85924495400013,6.905698431804794],[79.85924501506122,6.905698394520057],[79.85924695416234,6.905700468608643],[79.859245916124,6.9057011024491715]]]]}},{"type":"Feature","properties":{"Type":21,"ImageName":null,"MCode":null,"SCode":null,"ID":null,"Type(Strin":null,"Type(Strin_2":null},"geometry":{"type":"Polygon","coordinates":[[[79.85926891878603,6.905684014629279],[79.85927147905151,6.905682699394159],[79.85927262840465,6.905684933852379],[79.85927069259417,6.905685928298448],[79.85927108255326,6.905686686418203],[79.85927301836377,6.905685691972131],[79.85927459872437,6.90568876435218],[79.85927531684763,6.905688395444762],[79.85927180721566,6.905681572366992],[79.85926852882692,6.905683256509521],[79.85926891878603,6.905684014629279]]]}},{"type":"Feature","properties":{"Type":6,"ImageName":null,"MCode":null,"SCode":null,"ID":null,"Type(Strin":null,"Type(Strin_2":null},"geometry":{"type":"Polygon","coordinates":[[[79.86077388142552,6.90528606760619],[79.86077914320602,6.905288257069304],[79.86078405293995,6.905285363996673],[79.86077879115946,6.90528317453361],[79.86077388142552,6.90528606760619]],[[79.86077539770534,6.905285962718291],[79.86077884363947,6.905283932193293],[79.86078253666014,6.9052854688846],[79.860779090726,6.905287499409622],[79.86077539770534,6.905285962718291]]]}},{"type":"Feature","properties":{"Type":6,"ImageName":null,"MCode":null,"SCode":null,"ID":null,"Type(Strin":null,"Type(Strin_2":null},"geometry":{"type":"Polygon","coordinates":[[[79.8607750566112,6.905315125423269],[79.86078042428174,6.9053176848511475],[79.86078569377817,6.905314929204567],[79.86078032610762,6.905312369776741],[79.8607750566112,6.905315125423269]],[[79.8607766423064,6.905315096172724],[79.86078034074254,6.905313162101245],[79.86078410808294,6.905314958455134],[79.8607804096468,6.905316892526645],[79.8607766423064,6.905315096172724]]]}},{"type":"Feature","properties":{"Type":6,"ImageName":null,"MCode":null,"SCode":null,"ID":null,"Type(Strin":null,"Type(Strin_2":null},"geometry":{"type":"Polygon","coordinates":[[[79.86077678306526,6.9053465251987785],[79.86078210885874,6.905348652989296],[79.86078700757727,6.905345671652558],[79.86078168178379,6.905343543862099],[79.86077678306526,6.9053465251987785]],[[79.86077830724551,6.905346397959639],[79.86078174544838,6.905344305485814],[79.86078548339702,6.905345798891735],[79.86078204519417,6.905347891365587],[79.86077830724551,6.905346397959639]]]}},{"type":"Feature","properties":{"Type":21,"ImageName":null,"MCode":null,"SCode":null,"ID":null,"Type(Strin":null,"Type(Strin_2":null},"geometry":{"type":"MultiPolygon","coordinates":[[[[79.86093479204912,6.90526928357499],[79.86093479204912,6.90526928357499],[79.86093481079877,6.90526947277648],[79.86093483620022,6.905269654708151],[79.86093486825357,6.905269829369989],[79.86093490695872,6.905269996762011],[79.86093495231574,6.905270156884214],[79.8609350043246,6.905270309736589],[79.86093506298533,6.905270455319149],[79.86093512829787,6.9052705936318794],[79.86093520026226,6.905270724674797],[79.8609352788785,6.905270848447889],[79.8609353641466,6.90527096495116],[79.86093545606654,6.905271074184604],[79.86093545606654,6.905271074184604],[79.86093555376115,6.905271174870601],[79.86093565635322,6.905271265731515],[79.86093576384279,6.90527134676735],[79.86093587622979,6.905271417978103],[79.86093599351429,6.905271479363771],[79.86093611569626,6.9052715309243675],[79.86093624277571,6.905271572659877],[79.86093637475261,6.905271604570303],[79.86093651162697,6.905271626655659],[79.86093665339885,6.905271638915923],[79.86093680006817,6.905271641351109],[79.86093695163498,6.905271633961212],[79.86093802358316,6.90527154833627],[79.86093828193023,6.905274778345955],[79.86093913209604,6.905274710436509],[79.86093847273254,6.905266466680458],[79.86093655061862,6.9052666202148405],[79.86093655061862,6.9052666202148405],[79.86093639980159,6.905266636978732],[79.86093625538155,6.905266662665517],[79.86093611735852,6.905266697275204],[79.86093598573245,6.905266740807802],[79.86093586050343,6.905266793263296],[79.86093574167138,6.905266854641696],[79.86093562923635,6.905266924942996],[79.8609355231983,6.905267004167194],[79.86093542355727,6.905267092314303],[79.86093533031323,6.905267189384304],[79.86093524346619,6.905267295377218],[79.86093516301615,6.905267410293026],[79.86093516301615,6.905267410293026],[79.86093508962605,6.90526753273108],[79.86093502395894,6.90526766129074],[79.86093496601474,6.905267795971989],[79.86093491579346,6.905267936774835],[79.86093487329516,6.905268083699271],[79.86093483851978,6.905268236745304],[79.86093481146732,6.9052683959129295],[79.86093479213783,6.905268561202153],[79.86093478053124,6.90526873261297],[79.86093477664758,6.905268910145385],[79.8609347804869,6.905269093799393],[79.86093479204912,6.90526928357499]],[[79.86093564221493,6.905269215665558],[79.86093564221493,6.905269215665558],[79.86093563263604,6.905269066836296],[79.86093562832028,6.905268925672816],[79.86093562926764,6.905268792175106],[79.86093563547813,6.9052686663431775],[79.86093564695176,6.905268548177025],[79.86093566368847,6.905268437676646],[79.86093568568833,6.905268334842049],[79.8609357129513,6.9052682396732274],[79.86093574547738,6.905268152170184],[79.86093578326658,6.905268072332911],[79.86093582631895,6.9052680001614215],[79.86093587463438,6.90526793565571],[79.86093587463438,6.90526793565571],[79.86093592807906,6.905267877141844],[79.86093598651912,6.905267822945904],[79.8609360499545,6.905267773067881],[79.86093611838523,6.905267727507789],[79.86093619181133,6.905267686265611],[79.86093627023274,6.905267649341356],[79.86093635364949,6.905267616735029],[79.86093644206163,6.905267588446628],[79.86093653546911,6.9052675644761425],[79.86093663387192,6.90526754482358],[79.8609367372701,6.905267529488946],[79.8609368456636,6.905267518472228],[79.86093769582938,6.905267450562792],[79.86093795032053,6.905270632363372],[79.86093710015474,6.905270700272809],[79.86093710015474,6.905270700272809],[79.86093699138635,6.905270706602533],[79.86093688686354,6.905270707876185],[79.86093678658632,6.9052707040937635],[79.86093669055467,6.905270695255276],[79.8609365987686,6.905270681360719],[79.86093651122815,6.905270662410093],[79.86093642793325,6.905270638403397],[79.86093634888395,6.905270609340633],[79.86093627408022,6.905270575221801],[79.86093620352209,6.905270536046903],[79.86093613720953,6.905270491815928],[79.86093607514258,6.905270442528893],[79.86093607514258,6.905270442528893],[79.86093601718727,6.905270386511857],[79.86093596320984,6.905270322090903],[79.86093591321017,6.9052702492660165],[79.86093586718837,6.905270168037215],[79.86093582514434,6.905270078404487],[79.86093578707815,6.905269980367835],[79.86093575298972,6.905269873927265],[79.86093572287915,6.9052697590827705],[79.86093569674635,6.9052696358343475],[79.86093567459143,6.905269504182008],[79.86093565641426,6.905269364125747],[79.86093564221493,6.905269215665558]]],[[[79.86093132062446,6.905275442910223],[79.86093277106427,6.905275323096288],[79.86093211122882,6.905267345817254],[79.86093066078905,6.905267465631198],[79.86093132062446,6.905275442910223]]],[[[79.86092408444019,6.9052727275488035],[79.86092408444019,6.9052727275488035],[79.86092411758366,6.905273021753388],[79.86092415710246,6.905273300790358],[79.86092420299649,6.9052735646597005],[79.86092425526583,6.905273813361431],[79.86092431391046,6.905274046895543],[79.86092437893036,6.905274265262038],[79.86092445032556,6.9052744684609095],[79.86092452809602,6.9052746564921685],[79.86092461224177,6.905274829355805],[79.86092470276283,6.905274987051822],[79.86092479965916,6.905275129580223],[79.86092490293075,6.905275256941006],[79.86092490293075,6.905275256941006],[79.86092501058667,6.905275371289633],[79.86092512063591,6.9052754747815674],[79.86092523307853,6.905275567416799],[79.86092534791445,6.905275649195334],[79.8609254651437,6.90527572011718],[79.86092558476628,6.905275780182318],[79.86092570678221,6.905275829390768],[79.86092583119147,6.905275867742517],[79.86092595799408,6.905275895237576],[79.86092608719,6.9052759118759335],[79.86092621877926,6.905275917657597],[79.86092635276187,6.905275912582558],[79.86092635276187,6.905275912582558],[79.8609265048764,6.905275894316406],[79.86092665223883,6.905275863525693],[79.86092679484914,6.905275820210405],[79.86092693270732,6.9052757643705585],[79.86092706581337,6.905275696006138],[79.86092719416732,6.905275615117153],[79.86092731776911,6.9052755217036],[79.86092743661882,6.905275415765483],[79.8609275507164,6.905275297302796],[79.86092766006188,6.905275166315542],[79.8609277646552,6.905275022803723],[79.86092786449642,6.905274866767339],[79.86092786449642,6.905274866767339],[79.86092795659397,6.905274694437304],[79.8609280383688,6.905274507347849],[79.86092810982095,6.905274305498976],[79.8609281709504,6.905274088890682],[79.86092822175723,6.9052738575229675],[79.86092826224132,6.905273611395831],[79.86092829240276,6.905273350509274],[79.86092831224151,6.905273074863305],[79.86092832175758,6.905272784457913],[79.86092832095096,6.9052724792930995],[79.86092830982167,6.905272159368864],[79.86092828836972,6.9052718246852125],[79.86092828836972,6.9052718246852125],[79.86092825551886,6.90527145909735],[79.86092821514418,6.905271110100183],[79.86092816724575,6.905270777693717],[79.8609281118235,6.905270461877955],[79.86092804887748,6.905270162652884],[79.86092797840766,6.90526988001852],[79.86092790041404,6.905269613974849],[79.86092781489666,6.905269364521881],[79.86092772185548,6.905269131659607],[79.8609276212905,6.905268915388037],[79.86092751320172,6.905268715707164],[79.86092739758915,6.905268532616984],[79.86092739758915,6.905268532616984],[79.8609272741588,6.905268365806895],[79.86092714690805,6.905268214632825],[79.86092701583692,6.90526807909478],[79.86092688094541,6.9052679591927575],[79.8609267422335,6.905267854926764],[79.8609265997012,6.905267766296796],[79.86092645334854,6.9052676933028465],[79.86092630317549,6.905267635944926],[79.86092614918202,6.905267594223031],[79.86092599136818,6.905267568137155],[79.86092582973394,6.905267557687312],[79.86092566427934,6.9052675628734885],[79.86092566427934,6.9052675628734885],[79.86092552514906,6.905267579241537],[79.86092539099097,6.9052676063385965],[79.8609252618051,6.9052676441646685],[79.86092513759141,6.905267692719753],[79.86092501834993,6.905267752003844],[79.86092490408066,6.905267822016947],[79.86092479478359,6.905267902759062],[79.86092469045872,6.90526799423019],[79.86092459110603,6.905268096430327],[79.86092449672556,6.905268209359476],[79.86092440731727,6.905268333017635],[79.86092432288117,6.905268467404802],[79.86092432288117,6.905268467404802],[79.86092424313365,6.905268608874958],[79.86092417249498,6.9052687587519435],[79.86092411096516,6.905268917035753],[79.86092405854424,6.905269083726403],[79.8609240152322,6.90526925882388],[79.86092398102906,6.905269442328181],[79.86092395593477,6.905269634239316],[79.86092393994936,6.905269834557277],[79.86092393307281,6.905270043282075],[79.86092393530517,6.905270260413697],[79.8609239466464,6.905270485952149],[79.86092396709645,6.905270719897435],[79.86092481679474,6.9052706538761655],[79.86092481679474,6.9052706538761655],[79.86092480533979,6.905270482367147],[79.86092479820715,6.9052703178584185],[79.86092479539683,6.905270160349974],[79.86092479690882,6.905270009841819],[79.86092480274313,6.90526986633395],[79.86092481289978,6.905269729826374],[79.86092482737875,6.90526960031908],[79.86092484618001,6.905269477812075],[79.8609248693036,6.9052693623053605],[79.8609248967495,6.90526925379893],[79.86092492851773,6.905269152292791],[79.86092496460827,6.905269057786938],[79.86092496460827,6.905269057786938],[79.86092500502114,6.905268970281375],[79.8609250497563,6.905268889776099],[79.86092509881381,6.905268816271103],[79.86092515219362,6.9052687497664005],[79.86092520989573,6.905268690261992],[79.86092527192018,6.905268637757865],[79.86092533826698,6.905268592254027],[79.86092540893603,6.905268553750475],[79.86092548392743,6.905268522247207],[79.86092556324115,6.905268497744234],[79.86092564687722,6.9052684802415465],[79.86092573483555,6.905268469739151],[79.86092573483555,6.905268469739151],[79.8609258365604,6.905268467392839],[79.86092593574749,6.9052684763590575],[79.86092603239682,6.90526849663781],[79.86092612650837,6.90526852822909],[79.8609262180822,6.90526857113291],[79.86092630711825,6.905268625349262],[79.86092639361655,6.905268690878138],[79.86092647757708,6.905268767719557],[79.86092655899984,6.9052688558735005],[79.86092663788484,6.905268955339979],[79.86092671423211,6.9052690661189855],[79.86092678804162,6.905269188210525],[79.86092678804162,6.905269188210525],[79.86092685631142,6.905269321180928],[79.86092692074365,6.905269469566387],[79.86092698133834,6.905269633366893],[79.8609270380954,6.905269812582456],[79.86092709101489,6.905270007213068],[79.86092714009682,6.905270217258735],[79.86092718534117,6.905270442719463],[79.86092722674795,6.905270683595238],[79.8609272643171,6.905270939886063],[79.8609272980487,6.905271211591945],[79.86092732794272,6.905271498712881],[79.86092735399917,6.905271801248868],[79.86092735399917,6.905271801248868],[79.86092737322662,6.905272080750935],[79.86092738634714,6.9052723464998484],[79.86092739336074,6.90527259849563],[79.86092739426736,6.905272836738266],[79.86092738906709,6.905273061227761],[79.86092737775988,6.905273271964122],[79.86092736034574,6.905273468947342],[79.86092733682467,6.905273652177421],[79.86092730719665,6.905273821654357],[79.8609272714617,6.905273977378156],[79.86092722961983,6.905274119348814],[79.86092718167103,6.905274247566324],[79.86092718167103,6.905274247566324],[79.86092712651669,6.9052743617826],[79.8609270677621,6.905274466719417],[79.86092700540733,6.905274562376762],[79.86092693945236,6.9052746487546415],[79.8609268698972,6.905274725853059],[79.86092679674188,6.905274793672002],[79.86092671998632,6.9052748522114875],[79.86092663963058,6.905274901471496],[79.86092655567465,6.905274941452048],[79.86092646811852,6.905274972153133],[79.86092637696218,6.905274993574749],[79.86092628220565,6.905275005716895],[79.86092628220565,6.905275005716895],[79.8609262116674,6.905275007751931],[79.86092614166905,6.905275002853506],[79.86092607221063,6.905274991021617],[79.86092600329208,6.905274972256258],[79.86092593491341,6.905274946557428],[79.86092586707467,6.905274913925137],[79.86092579977581,6.905274874359377],[79.86092573301687,6.905274827860151],[79.86092566679781,6.90527477442746],[79.86092560111862,6.905274714061302],[79.86092553597938,6.905274646761675],[79.86092547138,6.905274572528589],[79.86092547138,6.905274572528589],[79.86092540875963,6.90527448558139],[79.86092534996995,6.905274385442738],[79.86092529501093,6.905274272112637],[79.86092524388265,6.905274145591091],[79.86092519658503,6.905274005878096],[79.86092515311812,6.905273852973651],[79.86092511348188,6.905273686877757],[79.86092507767633,6.905273507590421],[79.86092504570149,6.905273315111633],[79.86092501755734,6.905273109441395],[79.86092499324388,6.90527289057971],[79.86092497276113,6.905272658526574],[79.86092408444019,6.9052727275488035]]],[[[79.86091914267678,6.905276384763967],[79.86092012688844,6.905276282661635],[79.86092145643187,6.905272138165642],[79.86092216382808,6.905273054638397],[79.86092247385473,6.905276039186844],[79.8609233445035,6.905275948865552],[79.86092251615106,6.905267974525164],[79.86092164550232,6.90526806484646],[79.8609220039706,6.905271515730602],[79.86091948780751,6.905268288686182],[79.86091846574159,6.905268394715526],[79.8609207965783,6.905271311033012],[79.86091914267678,6.905276384763967]]],[[[79.86091031064264,6.905274561736224],[79.86091031064264,6.905274561736224],[79.8609103296032,6.905274738613104],[79.86091035518346,6.905274908608044],[79.86091038738337,6.90527507172105],[79.860910426203,6.905275227952114],[79.86091047164233,6.90527537730123],[79.86091052370129,6.905275519768414],[79.86091058237997,6.905275655353659],[79.86091064767831,6.90527578405696],[79.86091071959635,6.905275905878315],[79.8609107981341,6.905276020817743],[79.86091088329148,6.905276128875221],[79.86091097506858,6.905276230050754],[79.86091097506858,6.905276230050754],[79.86091107166014,6.905276323239202],[79.86091117578503,6.905276406943265],[79.86091128744326,6.90527648116292],[79.86091140663478,6.90527654589819],[79.86091153335968,6.9052766011490725],[79.8609116676179,6.9052766469155555],[79.86091180940942,6.905276683197649],[79.8609119587343,6.905276709995348],[79.8609121155925,6.9052767273086575],[79.86091227998403,6.905276735137573],[79.8609124519089,6.9052767334820935],[79.8609126313671,6.905276722342226],[79.8609126313671,6.905276722342226],[79.86091281015874,6.905276702428734],[79.86091298008395,6.9052766744523915],[79.86091314114276,6.905276638413199],[79.86091329333512,6.9052765943111645],[79.86091343666105,6.905276542146275],[79.86091357112058,6.905276481918531],[79.86091369671364,6.905276413627951],[79.86091381344032,6.9052763372745085],[79.86091392130054,6.90527625285822],[79.86091402029437,6.905276160379084],[79.86091411042176,6.905276059837099],[79.86091419168272,6.90527595123226],[79.86091419168272,6.90527595123226],[79.8609142624894,6.90527583596384],[79.86091432577808,6.905275715038945],[79.8609143815487,6.905275588457578],[79.86091442980126,6.905275456219739],[79.86091447053582,6.905275318325425],[79.86091450375233,6.905275174774645],[79.86091452945081,6.905275025567389],[79.86091454763124,6.905274870703661],[79.86091455829363,6.905274710183462],[79.86091456143798,6.905274544006786],[79.86091455706432,6.905274372173638],[79.86091454517263,6.905274194684021],[79.86091407173805,6.905268740068951],[79.86091313525547,6.905268821243961],[79.86091360869003,6.905274275859033],[79.86091360869003,6.905274275859033],[79.8609136172694,6.905274400962788],[79.86091362083557,6.905274520823759],[79.86091361938861,6.905274635441952],[79.8609136129285,6.905274744817357],[79.86091360145525,6.905274848949977],[79.8609135849688,6.905274947839811],[79.86091356346923,6.905275041486868],[79.8609135369565,6.905275129891146],[79.8609135054306,6.905275213052631],[79.86091346889155,6.905275290971337],[79.86091342733934,6.905275363647264],[79.860913380774,6.905275431080402],[79.860913380774,6.905275431080402],[79.86091333007091,6.905275493510285],[79.86091327610558,6.905275551176428],[79.8609132188779,6.9052756040788354],[79.86091315838797,6.905275652217512],[79.86091309463573,6.90527569559245],[79.86091302762121,6.905275734203652],[79.86091295734444,6.90527576805112],[79.86091288380534,6.905275797134851],[79.86091280700396,6.905275821454844],[79.8609127269403,6.905275841011107],[79.86091264361436,6.9052758558036285],[79.86091255702614,6.905275865832423],[79.86091255702614,6.905275865832423],[79.86091247000316,6.905275870852378],[79.86091238537298,6.905275870618417],[79.8609123031356,6.905275865130528],[79.86091222329104,6.9052758543887185],[79.86091214583927,6.905275838392988],[79.86091207078032,6.905275817143331],[79.86091199811416,6.905275790639756],[79.8609119278408,6.905275758882251],[79.86091185996023,6.9052757218708285],[79.86091179447247,6.9052756796054835],[79.8609117313775,6.905275632086213],[79.86091167067535,6.9052755793130185],[79.86091167067535,6.9052755793130185],[79.86091161318707,6.905275520899329],[79.86091155973382,6.905275456458548],[79.86091151031552,6.90527538599069],[79.86091146493222,6.905275309495746],[79.8609114235839,6.905275226973719],[79.86091138627054,6.905275138424608],[79.86091135299219,6.905275043848417],[79.86091132374884,6.9052749432451455],[79.86091129854044,6.905274836614789],[79.86091127736705,6.905274723957347],[79.86091126022865,6.905274605272825],[79.86091124712522,6.905274480561222],[79.8609107736907,6.905269025946149],[79.86090983720814,6.905269107121156],[79.86091031064264,6.905274561736224]]],[[[79.86090521629237,6.905271980233976],[79.86090521629237,6.905271980233976],[79.86090523727196,6.90527215580921],[79.86090526433736,6.905272324497236],[79.86090529748856,6.9052724862980535],[79.86090533672557,6.905272641211659],[79.8609053820484,6.905272789238052],[79.86090543345705,6.90527293037723],[79.86090549095151,6.905273064629207],[79.86090555453174,6.905273191993969],[79.86090562419785,6.905273312471521],[79.86090569994974,6.905273426061859],[79.86090578178745,6.905273532764994],[79.86090586971095,6.905273632580916],[79.86090586971095,6.905273632580916],[79.86090596287696,6.905273724338357],[79.86090606044208,6.90527380686607],[79.86090616240631,6.905273880164039],[79.86090626876968,6.905273944232273],[79.86090637953221,6.905273999070769],[79.86090649469385,6.905274044679522],[79.86090661425466,6.905274081058546],[79.86090673821455,6.905274108207826],[79.86090686657359,6.905274126127365],[79.86090699933177,6.90527413481718],[79.86090713648909,6.90527413427724],[79.86090727804553,6.905274124507568],[79.86090827858735,6.905274024391183],[79.86090857902661,6.905277022956764],[79.86090937255976,6.905276943554108],[79.86090860576694,6.905269290498666],[79.860906811692,6.905269470017715],[79.860906811692,6.905269470017715],[79.86090667100748,6.9052694884896875],[79.86090653646595,6.905269515136534],[79.86090640806738,6.905269549958255],[79.8609062858118,6.905269592954845],[79.86090616969918,6.9052696441262995],[79.86090605972954,6.90526970347264],[79.86090595590287,6.905269770993845],[79.86090585821918,6.905269846689922],[79.86090576667846,6.905269930560871],[79.86090568128073,6.9052700226066825],[79.86090560202595,6.905270122827383],[79.86090552891417,6.905270231222941],[79.86090552891417,6.905270231222941],[79.86090546253955,6.905270346478268],[79.8609054034964,6.905270467278248],[79.86090535178465,6.905270593622878],[79.86090530740427,6.905270725512163],[79.86090527035533,6.905270862946105],[79.8609052406378,6.905271005924697],[79.8609052182517,6.905271154447942],[79.86090520319704,6.905271308515843],[79.86090519547372,6.905271468128395],[79.86090519508187,6.905271633285602],[79.86090520202143,6.905271803987463],[79.86090521629237,6.905271980233976]],[[79.86090600982554,6.905271900831326],[79.86090600982554,6.905271900831326],[79.86090599815567,6.905271762621869],[79.86090599154588,6.905271631439997],[79.86090598999613,6.9052715072857],[79.8609059935064,6.905271390158987],[79.86090600207672,6.90527128005986],[79.86090601570707,6.905271176988311],[79.86090603439747,6.90527108094435],[79.86090605814793,6.905270991927959],[79.86090608695842,6.905270909939162],[79.86090612082894,6.905270834977941],[79.86090615975951,6.905270767044311],[79.86090620375012,6.90527070613826],[79.86090620375012,6.90527070613826],[79.86090625264507,6.9052706507058],[79.86090630628868,6.9052705991929635],[79.86090636468089,6.9052705515997435],[79.86090642782177,6.905270507926135],[79.86090649571128,6.90527046817215],[79.86090656834945,6.905270432337772],[79.86090664573624,6.905270400423013],[79.86090672787168,6.905270372427875],[79.86090681475577,6.905270348352348],[79.86090690638848,6.905270328196443],[79.86090700276984,6.90527031196015],[79.86090710389985,6.905270299643475],[79.86090789743297,6.905270220240815],[79.86090819338811,6.905273174051692],[79.86090739985495,6.905273253454346],[79.86090739985495,6.905273253454346],[79.860907298289,6.905273261419871],[79.86090720059974,6.905273264602703],[79.86090710678724,6.90527326300285],[79.86090701685143,6.9052732566203066],[79.86090693079234,6.90527324545508],[79.86090684860999,6.905273229507159],[79.86090677030434,6.90527320877655],[79.8609066958754,6.905273183263255],[79.8609066253232,6.90527315296727],[79.8609065586477,6.905273117888595],[79.86090649584892,6.905273078027234],[79.86090643692687,6.905273033383185],[79.86090643692687,6.905273033383185],[79.86090638172585,6.905272982402465],[79.86090633009013,6.905272923531087],[79.86090628201974,6.905272856769055],[79.86090623751467,6.905272782116371],[79.8609061965749,6.90527269957303],[79.86090615920045,6.905272609139038],[79.86090612539137,6.905272510814386],[79.86090609514756,6.905272404599088],[79.86090606846906,6.905272290493127],[79.8609060453559,6.905272168496508],[79.86090602580806,6.9052720386092465],[79.86090600982554,6.905271900831326]]],[[[79.86089681027494,6.905277878596737],[79.8608976753656,6.905277808878865],[79.86089798802341,6.905275389197594],[79.86089957402295,6.905275261381489],[79.86090027063763,6.905277599725239],[79.86090113572831,6.90527753000736],[79.86089870680945,6.90526990979701],[79.86089798590058,6.905269967895239],[79.86089681027494,6.905277878596737]],[[79.86089809942816,6.905274521819498],[79.86089845519896,6.905271737232179],[79.86089852728985,6.9052717314223555],[79.86089932497326,6.905274423052506],[79.86089809942816,6.905274521819498]]],[[[79.86089178326718,6.905278264849224],[79.8608927400996,6.905278177647209],[79.86089433672286,6.905272414605469],[79.86089437499615,6.905272411117384],[79.86089488340424,6.905277982314677],[79.86089576369004,6.90527790208882],[79.8608950625789,6.905270219228033],[79.8608941057465,6.905270306430061],[79.86089250912326,6.905276069471798],[79.86089247084995,6.905276072959877],[79.8608919624419,6.905270501762589],[79.8608910821561,6.905270581988442],[79.86089178326718,6.905278264849224]]],[[[79.86088605367415,6.905274976322085],[79.86088605367415,6.905274976322085],[79.86088609131319,6.90527531147448],[79.8608861385466,6.905275629157121],[79.86088619537439,6.905275929370008],[79.86088626179652,6.905276212113156],[79.86088633781301,6.9052764773865505],[79.86088642342388,6.905276725190193],[79.86088651862912,6.9052769555240925],[79.86088662342871,6.905277168388232],[79.86088673782265,6.905277363782633],[79.86088686181097,6.905277541707278],[79.86088699539366,6.905277702162181],[79.8608871385707,6.90527784514733],[79.8608871385707,6.90527784514733],[79.86088728733978,6.905277970730127],[79.86088744271458,6.905278083528825],[79.86088760469517,6.905278183543429],[79.8608877732815,6.905278270773932],[79.8608879484736,6.905278345220341],[79.86088813027146,6.90527840688265],[79.86088831867507,6.905278455760863],[79.86088851368443,6.905278491854977],[79.86088871529954,6.905278515164995],[79.8608889235204,6.905278525690913],[79.86088913834703,6.9052785234327345],[79.86088935977945,6.905278508390459],[79.86089074905199,6.905278375887365],[79.86089001653545,6.905270705706191],[79.86088862726294,6.905270838209282],[79.86088862726294,6.905270838209282],[79.86088838146254,6.905270867939307],[79.86088814801317,6.905270909064502],[79.8608879269148,6.90527096158489],[79.86088771816748,6.905271025500458],[79.86088752177116,6.90527110081121],[79.86088733772584,6.905271187517148],[79.86088716603156,6.9052712856182685],[79.86088700668827,6.90527139511457],[79.86088685969602,6.9052715160060645],[79.86088672505481,6.905271648292739],[79.8608866027646,6.905271791974599],[79.86088649282539,6.9052719470516415],[79.86088649282539,6.9052719470516415],[79.86088639257812,6.905272115663451],[79.86088630390383,6.9052722995166125],[79.8608862268025,6.905272498611113],[79.86088616127415,6.905272712946961],[79.86088610731876,6.90527294252415],[79.86088606493634,6.905273187342678],[79.86088603412689,6.9052734474025526],[79.86088601489041,6.905273722703774],[79.86088600722688,6.905274013246335],[79.86088601113634,6.905274319030247],[79.86088602661873,6.905274640055499],[79.86088605367415,6.905274976322085]],[[79.8608870343371,6.905274882790495],[79.8608870343371,6.905274882790495],[79.86088701198037,6.9052746127135896],[79.86088699774267,6.905274355692799],[79.86088699162407,6.905274111728141],[79.86088699362456,6.905273880819613],[79.86088700374411,6.905273662967212],[79.86088702198272,6.905273458170933],[79.86088704834043,6.905273266430786],[79.8608870828172,6.90527308774676],[79.86088712541307,6.905272922118865],[79.86088717612797,6.905272769547097],[79.86088723496198,6.905272630031458],[79.86088730191504,6.905272503571943],[79.86088730191504,6.905272503571943],[79.86088737677895,6.905272387988115],[79.86088745934546,6.905272281099517],[79.86088754961456,6.905272182906158],[79.86088764758628,6.905272093408039],[79.8608877532606,6.905272012605158],[79.86088786663753,6.905271940497513],[79.86088798771704,6.905271877085107],[79.86088811649917,6.905271822367942],[79.86088825298388,6.905271776346004],[79.86088839717118,6.90527173901931],[79.86088854906113,6.90527171038786],[79.86088870865363,6.905271690451638],[79.86088915812417,6.905271647582991],[79.86088972785923,6.905277613279458],[79.86088927838871,6.905277656148109],[79.86088927838871,6.905277656148109],[79.86088911792358,6.905277666947227],[79.86088896341582,6.905277668167375],[79.86088881486545,6.905277659808566],[79.86088867227244,6.905277641870787],[79.86088853563685,6.9052776143540475],[79.8608884049586,6.905277577258338],[79.86088828023775,6.905277530583667],[79.86088816147428,6.905277474330029],[79.8608880486682,6.905277408497427],[79.86088794181951,6.905277333085859],[79.86088784092819,6.905277248095329],[79.86088774599422,6.90527715352583],[79.86088774599422,6.90527715352583],[79.8608876565417,6.905277044393491],[79.86088757257058,6.9052769206983236],[79.86088749408088,6.9052767824403185],[79.86088742107258,6.905276629619468],[79.8608873535457,6.9052764622357765],[79.86088729150025,6.905276280289249],[79.86088723493619,6.9052760837798886],[79.86088718385354,6.905275872707685],[79.86088713825231,6.905275647072644],[79.8608870981325,6.905275406874767],[79.8608870634941,6.90527515211405],[79.8608870343371,6.905274882790495]]],[[[79.86087762019015,6.905275643549083],[79.86087762019015,6.905275643549083],[79.8608776511783,6.9052759833002275],[79.86087769265748,6.905276305561735],[79.86087774462774,6.905276610333623],[79.86087780708904,6.905276897615875],[79.86087788004141,6.905277167408491],[79.86087796348482,6.9052774197114735],[79.86087805741927,6.90527765452483],[79.86087816184481,6.905277871848553],[79.86087827676138,6.905278071682637],[79.860878402169,6.905278254027098],[79.8608785380677,6.905278418881924],[79.86087868445743,6.905278566247118],[79.86087868445743,6.905278566247118],[79.8608788371437,6.905278696114718],[79.86087899707213,6.905278813175778],[79.86087916424276,6.90527891743029],[79.86087933865554,6.905279008878253],[79.86087952031052,6.905279087519676],[79.86087970920767,6.905279153354543],[79.860879905347,6.9052792063828745],[79.86088010872851,6.905279246604648],[79.86088031935218,6.905279274019875],[79.86088053721804,6.905279288628563],[79.86088076232609,6.905279290430703],[79.8608809946763,6.905279279426293],[79.86088245340798,6.905279171815164],[79.86088187923563,6.905271398839986],[79.86088042050395,6.905271506451114],[79.86088042050395,6.905271506451114],[79.86088016225597,6.905271531849893],[79.86087991665985,6.905271569010811],[79.8608796837155,6.90527161793387],[79.86087946342299,6.905271678619077],[79.86087925578228,6.90527175106642],[79.86087906079338,6.905271835275902],[79.8608788784563,6.905271931247535],[79.86087870877104,6.905272038981307],[79.86087855173761,6.905272158477219],[79.86087840735601,6.90527228973528],[79.86087827562619,6.905272432755477],[79.86087815654821,6.905272587537821],[79.86087815654821,6.905272587537821],[79.8608780472825,6.905272756196095],[79.86087794975667,6.905272940492431],[79.86087786397066,6.905273140426823],[79.86087778992454,6.905273355999283],[79.86087772761826,6.905273587209802],[79.86087767705183,6.905273834058378],[79.86087763822523,6.905274096545007],[79.86087761113852,6.905274374669701],[79.86087759579162,6.905274668432458],[79.86087759218462,6.905274977833273],[79.86087760031747,6.905275302872143],[79.86087762019015,6.905275643549083]],[[79.86087864988309,6.90527556758829],[79.86087864988309,6.90527556758829],[79.86087863326537,6.905275293957234],[79.86087862482431,6.905275033688003],[79.86087862455982,6.9052747867806],[79.86087863247197,6.905274553235018],[79.86087864856074,6.905274333051272],[79.86087867282615,6.905274126229344],[79.86087870526814,6.905273932769247],[79.86087874588677,6.905273752670972],[79.86087879468202,6.905273585934527],[79.86087885165388,6.905273432559906],[79.86087891680236,6.905273292547112],[79.86087899012746,6.905273165896147],[79.86087899012746,6.905273165896147],[79.86087907146597,6.905273050397337],[79.86087916065463,6.905272943841024],[79.86087925769348,6.905272846227205],[79.86087936258251,6.905272757555879],[79.8608794753217,6.9052726778270435],[79.86087959591104,6.905272607040701],[79.86087972435058,6.905272545196856],[79.8608798606403,6.905272492295508],[79.86088000478021,6.905272448336644],[79.86088015677024,6.905272413320276],[79.86088031661049,6.905272387246405],[79.86088048430089,6.90527237011502],[79.86088095624349,6.905272335299661],[79.86088140282196,6.9052783809470215],[79.86088093087938,6.905278415762386],[79.86088093087938,6.905278415762386],[79.86088076250499,6.90527842363421],[79.8608806006128,6.905278421929415],[79.86088044520281,6.905278410648015],[79.86088029627504,6.905278389789986],[79.8608801538295,6.90527835935535],[79.86088001786615,6.905278319344098],[79.86087988838503,6.905278269756227],[79.86087976538607,6.905278210591743],[79.86087964886934,6.905278141850641],[79.86087953883484,6.905278063532925],[79.86087943528254,6.905277975638591],[79.86087933821244,6.90527787816764],[79.86087933821244,6.90527787816764],[79.86087924725148,6.905277766069414],[79.86087916239961,6.9052776393439075],[79.86087908365688,6.905277497991109],[79.86087901102329,6.905277342011036],[79.86087894449884,6.905277171403677],[79.8608788840835,6.905276986169042],[79.86087882977728,6.905276786307118],[79.86087878158018,6.9052765718179145],[79.86087873949222,6.9052763427014385],[79.86087870351336,6.905276098957669],[79.8608786736437,6.905275840586617],[79.86087864988309,6.90527556758829]]],[[[79.86087259045561,6.905280068230561],[79.86087350780413,6.9052799824050455],[79.8608745568937,6.905276363841268],[79.86087555068792,6.905276270863622],[79.86087587762111,6.905279760689129],[79.86087675674679,6.905279678439673],[79.86087600126599,6.905271614113161],[79.8608740901233,6.905271792916324],[79.8608740901233,6.905271792916324],[79.86087393997875,6.905271810817889],[79.86087379532798,6.90527183591408],[79.8608736561709,6.905271868204903],[79.86087352250757,6.905271907690347],[79.86087339433799,6.905271954370422],[79.86087327166213,6.905272008245125],[79.86087315448,6.905272069314448],[79.86087304279162,6.905272137578405],[79.86087293659699,6.905272213036993],[79.86087283589609,6.905272295690199],[79.86087274068893,6.905272385538036],[79.86087265097552,6.905272482580497],[79.86087265097552,6.905272482580497],[79.86087256819508,6.905272585031095],[79.86087249427766,6.9052726963432995],[79.8608724292233,6.905272816517126],[79.86087237303204,6.905272945552555],[79.86087232570382,6.90527308344961],[79.86087228723865,6.905273230208267],[79.86087225763656,6.905273385828548],[79.8608722368975,6.905273550310436],[79.86087222502152,6.905273723653939],[79.86087222200862,6.905273905859058],[79.86087222785875,6.90527409692579],[79.86087224257196,6.90527429685413],[79.86087224257196,6.90527429685413],[79.86087225967691,6.905274450857653],[79.86087228153836,6.905274598469527],[79.86087230815626,6.905274739689748],[79.86087233953066,6.905274874518315],[79.86087237566154,6.905275002955234],[79.86087241654889,6.905275125000498],[79.86087246219269,6.905275240654118],[79.86087251259302,6.905275349916085],[79.8608725677498,6.905275452786396],[79.86087262766304,6.905275549265057],[79.86087269233279,6.905275639352072],[79.86087276175898,6.90527572304743],[79.86087276175898,6.90527572304743],[79.8608728341143,6.905275800852476],[79.86087290757136,6.905275873268544],[79.86087298213013,6.905275940295628],[79.86087305779063,6.905276001933731],[79.86087313455286,6.9052760581828485],[79.86087321241682,6.905276109042991],[79.8608732913825,6.9052761545141506],[79.86087337144993,6.9052761945963335],[79.86087345261906,6.905276229289532],[79.86087353488993,6.905276258593751],[79.86087361826253,6.905276282508987],[79.86087370273688,6.905276301035241],[79.86087259045561,6.905280068230561]],[[79.8608731216976,6.905274214604682],[79.8608731216976,6.905274214604682],[79.86087311387344,6.905274106314911],[79.86087311101832,6.905274001524657],[79.86087311313227,6.905273900233946],[79.86087312021535,6.905273802442764],[79.86087313226744,6.905273708151113],[79.86087314928861,6.905273617358996],[79.86087317127884,6.905273530066408],[79.86087319823812,6.905273446273351],[79.86087323016649,6.9052733659798236],[79.86087326706394,6.905273289185833],[79.86087330893041,6.905273215891377],[79.860873355766,6.905273146096447],[79.860873355766,6.905273146096447],[79.86087340603936,6.905273080605054],[79.86087346246629,6.905273019823841],[79.86087352504674,6.905272963752826],[79.86087359378071,6.9052729123919985],[79.86087366866825,6.905272865741366],[79.8608737497093,6.9052728238009236],[79.86087383690389,6.9052727865706744],[79.86087393025201,6.905272754050613],[79.86087402975369,6.905272726240745],[79.86087413540886,6.905272703141064],[79.86087424721761,6.9052726847515835],[79.86087436517988,6.905272671072287],[79.86087520608267,6.9052725923988945],[79.86087546674563,6.9052753748273386],[79.86087439650571,6.905275474957109],[79.86087439650571,6.905275474957109],[79.86087432066199,6.905275479960578],[79.86087424602228,6.9052754806667265],[79.86087417258655,6.905275477075553],[79.86087410035485,6.905275469187068],[79.86087402932714,6.905275457001261],[79.86087395950341,6.9052754405181265],[79.86087389088368,6.905275419737685],[79.86087382346793,6.905275394659921],[79.8608737572562,6.905275365284842],[79.86087369224846,6.9052753316124384],[79.86087362844474,6.905275293642716],[79.86087356584497,6.905275251375679],[79.86087356584497,6.905275251375679],[79.86087350570439,6.905275201059834],[79.86087344976892,6.90527514418367],[79.8608733980386,6.905275080747194],[79.86087335051343,6.905275010750394],[79.86087330719344,6.905274934193291],[79.86087326807858,6.9052748510758635],[79.86087323316886,6.905274761398128],[79.8608732024643,6.905274665160071],[79.86087317596493,6.9052745623616945],[79.86087315367067,6.90527445300301],[79.86087313558154,6.905274337084009],[79.8608731216976,6.905274214604682]]],[[[79.86086691031872,6.905276553446629],[79.86086691031872,6.905276553446629],[79.86086694845118,6.905276890025481],[79.860866992298,6.9052772097440895],[79.86086704185921,6.905277512602461],[79.86086709713479,6.905277798600581],[79.86086715812473,6.905278067738467],[79.86086722482908,6.905278320016105],[79.86086729724781,6.905278555433497],[79.86086737538095,6.905278773990644],[79.86086745922842,6.905278975687545],[79.86086754879031,6.905279160524209],[79.86086764406654,6.9052793285006215],[79.86086774505719,6.905279479616794],[79.86086774505719,6.905279479616794],[79.86086784893914,6.905279613542881],[79.86086795740499,6.905279734432782],[79.86086807045476,6.905279842286494],[79.86086818808846,6.905279937104025],[79.86086831030605,6.905280018885368],[79.86086843710754,6.905280087630534],[79.86086856849296,6.905280143339502],[79.86086870446229,6.905280186012289],[79.8608688450155,6.905280215648891],[79.86086899015265,6.905280232249312],[79.86086913987369,6.905280235813548],[79.86086929417868,6.9052802263415884],[79.86086929417868,6.9052802263415884],[79.86086944737922,6.905280204414282],[79.86086959378694,6.905280170612469],[79.86086973340188,6.905280124936132],[79.86086986622405,6.905280067385282],[79.86086999225343,6.905279997959912],[79.86087011149002,6.905279916660036],[79.8608702239338,6.90527982348564],[79.86087032958478,6.9052797184367325],[79.86087042844301,6.905279601513307],[79.86087052050844,6.905279472715362],[79.86087060578107,6.905279332042904],[79.86087068426092,6.905279179495932],[79.86087068426092,6.905279179495932],[79.86087075450634,6.905279010894917],[79.86087081557605,6.905278826954081],[79.86087086747004,6.90527862767342],[79.86087091018832,6.905278413052936],[79.8608709437309,6.9052781830926335],[79.86087096809779,6.905277937792503],[79.8608709832889,6.905277677152547],[79.86087098930437,6.905277401172774],[79.8608709861441,6.905277109853179],[79.86087097380812,6.905276803193756],[79.86087095229642,6.90527648119451],[79.86087092160905,6.905276143855443],[79.86087092160905,6.905276143855443],[79.86087088341378,6.905275807489036],[79.86087083937856,6.90527548840777],[79.86087078950331,6.905275186611645],[79.86087073378812,6.905274902100648],[79.86087067223292,6.905274634874799],[79.86087060483771,6.905274384934088],[79.86087053160253,6.9052741522785075],[79.86087045252737,6.905273936908081],[79.86087036761221,6.905273738822792],[79.86087027685707,6.905273558022633],[79.86087018026193,6.9052733945076215],[79.8608700778268,6.905273248277747],[79.8608700778268,6.905273248277747],[79.86086997033661,6.905273117089496],[79.86086985857627,6.905272998699364],[79.86086974254577,6.905272893107339],[79.8608696222451,6.9052728003134325],[79.86086949767432,6.905272720317631],[79.86086936883338,6.905272653119944],[79.86086923572228,6.905272598720374],[79.86086909834103,6.905272557118916],[79.86086895668963,6.905272528315565],[79.8608688107681,6.90527251231033],[79.8608686605764,6.905272509103205],[79.86086850611456,6.905272518694199],[79.86086850611456,6.905272518694199],[79.86086835307093,6.905272540502462],[79.86086820713382,6.9052725739471725],[79.86086806830329,6.905272619028323],[79.86086793657925,6.905272675745923],[79.86086781196184,6.905272744099958],[79.86086769445095,6.905272824090436],[79.8608675840466,6.905272915717357],[79.86086748074882,6.905273018980723],[79.86086738455755,6.905273133880533],[79.86086729547286,6.9052732604167835],[79.86086721349471,6.905273398589476],[79.86086713862309,6.905273548398612],[79.86086713862309,6.905273548398612],[79.86086706982216,6.9052737121133285],[79.86086701007136,6.905273891592761],[79.86086695937064,6.9052740868369105],[79.86086691772002,6.905274297845791],[79.86086688511949,6.905274524619374],[79.86086686156906,6.905274767157687],[79.86086684706876,6.905275025460708],[79.86086684161855,6.9052752995284585],[79.86086684521845,6.905275589360922],[79.86086685786846,6.9052758949581055],[79.86086687956852,6.905276216320002],[79.86086691031872,6.905276553446629]],[[79.86086777762476,6.9052764648863745],[79.86086777762476,6.9052764648863745],[79.86086774926768,6.905276165219764],[79.86086772724167,6.9052758828317184],[79.86086771154663,6.905275617722259],[79.8608677021826,6.9052753698913625],[79.86086769914965,6.905275139339043],[79.86086770244768,6.90527492606529],[79.86086771207671,6.905274730070117],[79.8608677280368,6.905274551353512],[79.86086775032786,6.905274389915479],[79.86086777894997,6.905274245756016],[79.86086781390308,6.9052741188751305],[79.86086785518721,6.905274009272812],[79.86086785518721,6.905274009272812],[79.8608679010472,6.905273912183446],[79.86086794972795,6.905273822841414],[79.86086800122943,6.90527374124672],[79.86086805555163,6.905273667399354],[79.86086811269462,6.905273601299328],[79.8608681726583,6.905273542946633],[79.8608682354427,6.9052734923412755],[79.86086830104784,6.905273449483247],[79.86086836947374,6.905273414372555],[79.86086844072034,6.905273387009205],[79.86086851478771,6.905273367393173],[79.86086859167581,6.905273355524489],[79.86086859167581,6.905273355524489],[79.86086866954429,6.905273351591047],[79.86086874655281,6.905273355780777],[79.86086882270135,6.905273368093681],[79.86086889798993,6.905273388529743],[79.86086897241859,6.905273417088975],[79.86086904598724,6.905273453771375],[79.86086911869596,6.905273498576951],[79.8608691905447,6.905273551505694],[79.86086926153348,6.905273612557599],[79.8608693316623,6.905273681732676],[79.86086940093116,6.905273759030921],[79.86086946934007,6.905273844452335],[79.86086946934007,6.905273844452335],[79.86086953387597,6.905273943249414],[79.86086959554113,6.905274060264649],[79.86086965433559,6.905274195498042],[79.86086971025931,6.905274348949596],[79.86086976331231,6.905274520619309],[79.86086981349459,6.905274710507175],[79.86086986080615,6.905274918613199],[79.86086990524696,6.905275144937386],[79.86086994681705,6.905275389479727],[79.86086998551646,6.905275652240225],[79.86087002134511,6.905275933218887],[79.86087005430304,6.905276232415703],[79.86087005430304,6.905276232415703],[79.86087008259727,6.905276532294761],[79.8608701044349,6.905276815320139],[79.8608701198159,6.90527708149185],[79.86087012874029,6.905277330809873],[79.86087013120806,6.905277563274227],[79.86087012721916,6.905277778884893],[79.86087011677368,6.905277977641897],[79.86087009987155,6.905278159545215],[79.86087007651278,6.905278324594863],[79.86087004669743,6.905278472790833],[79.86087001042543,6.9052786041331204],[79.8608699676968,6.9052787186217355],[79.8608699676968,6.9052787186217355],[79.86086991822854,6.905278818448938],[79.86086986625332,6.9052789102907335],[79.86086981177112,6.905278994147117],[79.86086975478192,6.905279070018103],[79.86086969528577,6.90527913790367],[79.86086963328266,6.90527919780384],[79.86086956877256,6.9052792497186],[79.86086950175547,6.9052792936479594],[79.86086943223142,6.905279329591902],[79.8608693602004,6.905279357550441],[79.86086928566243,6.905279377523574],[79.86086920861744,6.905279389511302],[79.86086920861744,6.905279389511302],[79.86086913090584,6.905279393325703],[79.86086905436797,6.905279388778863],[79.86086897900381,6.905279375870786],[79.86086890481337,6.905279354601462],[79.86086883179668,6.905279324970901],[79.86086875995369,6.9052792869790975],[79.8608686892844,6.905279240626048],[79.86086861978887,6.9052791859117635],[79.86086855146706,6.905279122836241],[79.86086848431896,6.905279051399471],[79.86086841834458,6.905278971601459],[79.86086835354395,6.90527888344221],[79.86086835354395,6.90527888344221],[79.86086829045253,6.905278779758836],[79.86086823010625,6.905278658282198],[79.86086817250506,6.905278519012298],[79.860868117649,6.9052783619491365],[79.86086806553806,6.905278187092706],[79.86086801617222,6.905277994443023],[79.86086796955153,6.905277784000065],[79.86086792567593,6.90527755576385],[79.86086788454546,6.905277309734377],[79.8608678461601,6.905277045911634],[79.86086781051986,6.905276764295635],[79.86086777762476,6.9052764648863745]]],[[[79.86086185855497,6.905275578392368],[79.86086185855497,6.905275578392368],[79.86086188283511,6.90527575617141],[79.86086191328734,6.9052759268479],[79.86086194991172,6.905276090421856],[79.86086199270821,6.905276246893261],[79.86086204167684,6.905276396262133],[79.86086209681758,6.905276538528454],[79.8608621581304,6.905276673692234],[79.8608622256154,6.905276801753468],[79.86086229927251,6.905276922712162],[79.86086237910172,6.905277036568307],[79.86086246510308,6.905277143321915],[79.86086255727656,6.905277242972974],[79.86086255727656,6.905277242972974],[79.86086265473482,6.905277334348653],[79.86086275659056,6.905277416276094],[79.86086286284377,6.905277488755308],[79.86086297349445,6.905277551786291],[79.86086308854259,6.90527760536905],[79.86086320798822,6.905277649503575],[79.8608633318313,6.905277684189866],[79.86086346007187,6.905277709427932],[79.86086359270986,6.90527772521776],[79.86086372974536,6.905277731559366],[79.8608638711783,6.905277728452735],[79.86086401700872,6.905277715897884],[79.86086504729171,6.905277595636232],[79.8608654022923,6.905280632918934],[79.86086621941325,6.9052805375390065],[79.86086531336699,6.905272785668219],[79.86086346596306,6.905273001309804],[79.86086346596306,6.905273001309804],[79.86086332116291,6.905273022679327],[79.86086318282075,6.905273052229961],[79.86086305093659,6.905273089961697],[79.86086292551045,6.905273135874534],[79.8608628065423,6.905273189968484],[79.86086269403214,6.9052732522435365],[79.86086258798001,6.905273322699698],[79.86086248838588,6.905273401336961],[79.86086239524973,6.905273488155331],[79.8608623085716,6.905273583154805],[79.86086222835145,6.905273686335386],[79.86086215458936,6.905273797697068],[79.86086215458936,6.905273797697068],[79.86086208787819,6.905273915894231],[79.86086202881096,6.905274039581228],[79.86086197738767,6.905274168758063],[79.86086193360829,6.905274303424743],[79.86086189747287,6.905274443581257],[79.86086186898139,6.905274589227608],[79.86086184813381,6.905274740363807],[79.86086183493018,6.905274896989839],[79.86086182937048,6.905275059105714],[79.86086183145471,6.905275226711426],[79.86086184118287,6.905275399806979],[79.86086185855497,6.905275578392368]],[[79.86086267567593,6.905275483012443],[79.86086267567593,6.905275483012443],[79.86086266155928,6.905275342977811],[79.8608626527666,6.905275209980237],[79.86086264929786,6.905275084019727],[79.8608626511531,6.905274965096277],[79.86086265833227,6.905274853209881],[79.86086267083543,6.9052747483605526],[79.86086268866255,6.905274650548289],[79.86086271181361,6.905274559773078],[79.86086274028865,6.905274476034926],[79.86086277408765,6.905274399333833],[79.86086281321057,6.905274329669808],[79.86086285765752,6.905274267042842],[79.86086285765752,6.905274267042842],[79.86086290724441,6.905274209878887],[79.86086296178733,6.905274156603897],[79.86086302128624,6.905274107217874],[79.86086308574114,6.905274061720812],[79.86086315515209,6.90527402011272],[79.86086322951903,6.905273982393586],[79.86086330884199,6.9052739485634165],[79.86086339312095,6.905273918622214],[79.86086348235588,6.905273892569976],[79.86086357654688,6.905273870406706],[79.86086367569386,6.9052738521324],[79.86086377979687,6.90527383774706],[79.86086459691782,6.905273742367129],[79.86086494661988,6.905276734317257],[79.86086412949892,6.905276829697183],[79.86086412949892,6.905276829697183],[79.86086402488081,6.905276839675198],[79.86086392418842,6.9052768447275],[79.86086382742178,6.9052768448541],[79.86086373458086,6.905276840055001],[79.8608636456657,6.905276830330199],[79.86086356067631,6.905276815679692],[79.8608634796126,6.905276796103483],[79.86086340247468,6.905276771601569],[79.86086332926249,6.905276742173952],[79.86086325997603,6.905276707820628],[79.86086319461532,6.905276668541609],[79.86086313318036,6.9052766243368815],[79.86086313318036,6.9052766243368815],[79.86086307548716,6.905276573632409],[79.86086302135173,6.905276514854132],[79.86086297077408,6.905276448002053],[79.86086292375427,6.905276373076182],[79.8608628802922,6.90527629007651],[79.86086284038794,6.905276199003041],[79.86086280404147,6.905276099855776],[79.86086277125278,6.905275992634705],[79.86086274202188,6.905275877339835],[79.86086271634878,6.90527575397117],[79.86086269423346,6.905275622528704],[79.86086267567593,6.905275483012443]]],[[[79.86085301628809,6.90527780826979],[79.86085301628809,6.90527780826979],[79.86085306270859,6.905278160237313],[79.86085311439157,6.905278494471803],[79.86085317133707,6.905278810973264],[79.86085323354504,6.905279109741692],[79.86085330101551,6.905279390777086],[79.86085337374848,6.9052796540794485],[79.86085345174394,6.905279899648782],[79.8608535350019,6.905280127485088],[79.86085362352233,6.9052803375883505],[79.86085371730529,6.90528052995859],[79.86085381635071,6.905280704595797],[79.86085392065863,6.905280861499974],[79.86085392065863,6.905280861499974],[79.86085402741129,6.905281000363431],[79.86085413839763,6.905281125513661],[79.86085425361772,6.905281236950664],[79.86085437307152,6.905281334674431],[79.86085449675905,6.905281418684965],[79.86085462468027,6.905281488982275],[79.86085475683524,6.905281545566351],[79.8608548932239,6.905281588437194],[79.86085503384628,6.905281617594812],[79.8608551787024,6.905281633039199],[79.86085532779222,6.905281634770354],[79.86085548111576,6.905281622788282],[79.86085548111576,6.905281622788282],[79.86085563302667,6.905281597777287],[79.86085577787863,6.905281560421686],[79.86085591567164,6.9052815107214744],[79.86085604640566,6.905281448676659],[79.86085617008075,6.905281374287237],[79.86085628669684,6.905281287553205],[79.860856396254,6.905281188474561],[79.8608564987522,6.905281077051318],[79.86085659419142,6.905280953283465],[79.8608566825717,6.9052808171710005],[79.86085676389297,6.905280668713933],[79.86085683815534,6.905280507912255],[79.86085683815534,6.905280507912255],[79.86085690381883,6.905280330408293],[79.86085695996469,6.905280136962587],[79.86085700659294,6.905279927575139],[79.86085704370349,6.905279702245939],[79.86085707129648,6.905279460974994],[79.86085708937182,6.905279203762305],[79.86085709792955,6.90527893060787],[79.86085709696961,6.905278641511684],[79.86085708649205,6.905278336473757],[79.86085706649689,6.905278015494088],[79.86085703698409,6.905277678572665],[79.86085699795365,6.905277325709502],[79.86085699795365,6.905277325709502],[79.86085695147601,6.9052769739652975],[79.86085689962154,6.905276640400775],[79.86085684239028,6.9052763250159295],[79.86085677978221,6.9052760278107606],[79.86085671179737,6.905275748785268],[79.8608566384357,6.905275487939443],[79.86085655969724,6.905275245273303],[79.86085647558197,6.905275020786836],[79.86085638608988,6.905274814480044],[79.86085629122101,6.90527462635293],[79.86085619097535,6.905274456405496],[79.86085608535288,6.90527430463773],[79.86085608535288,6.90527430463773],[79.86085597507825,6.905274168689671],[79.8608558608762,6.9052740462013205],[79.86085574274666,6.905273937172686],[79.8608556206897,6.905273841603782],[79.86085549470525,6.9052737594945865],[79.86085536479331,6.905273690845109],[79.86085523095396,6.905273635655354],[79.86085509318715,6.905273593925307],[79.86085495149287,6.905273565654989],[79.86085480587113,6.905273550844381],[79.8608546563219,6.905273549493499],[79.86085450284523,6.9052735616023275],[79.86085450284523,6.9052735616023275],[79.86085435108747,6.905273586486567],[79.86085420669488,6.905273623461899],[79.86085406966754,6.905273672528327],[79.8608539400054,6.9052737336858465],[79.86085381770849,6.9052738069344635],[79.86085370277681,6.905273892274179],[79.86085359521033,6.905273989704987],[79.86085349500907,6.905274099226887],[79.860853402173,6.905274220839888],[79.86085331670222,6.905274354543982],[79.8608532385966,6.905274500339168],[79.86085316785622,6.905274658225453],[79.86085316785622,6.905274658225453],[79.86085310350725,6.905274830592999],[79.86085304856167,6.9052750193489345],[79.86085300301933,6.905275224493261],[79.86085296688034,6.905275446025987],[79.8608529401447,6.905275683947092],[79.86085292281238,6.9052759382565885],[79.86085291488337,6.905276208954484],[79.86085291635764,6.905276496040765],[79.86085292723529,6.905276799515435],[79.86085294751624,6.9052771193784945],[79.86085297720051,6.905277455629948],[79.86085301628809,6.90527780826979]],[[79.86085387718875,6.905277703932431],[79.86085387718875,6.905277703932431],[79.86085384142567,6.905277390490044],[79.86085381239796,6.9052770950577536],[79.86085379010575,6.905276817635569],[79.86085377454896,6.905276558223477],[79.86085376572754,6.905276316821485],[79.8608537636416,6.905276093429594],[79.86085376829114,6.905275888047799],[79.86085377967605,6.905275700676113],[79.8608537977964,6.90527553131452],[79.86085382265217,6.905275379963028],[79.86085385424342,6.90527524662163],[79.86085389257006,6.90527513129034],[79.86085389257006,6.90527513129034],[79.8608539357655,6.9052750290018805],[79.86085398196312,6.905274934789001],[79.86085403116286,6.905274848651699],[79.86085408336474,6.905274770589961],[79.8608541385688,6.905274700603804],[79.86085419677501,6.905274638693221],[79.86085425798339,6.905274584858214],[79.86085432219389,6.905274539098783],[79.86085438940657,6.905274501414929],[79.86085445962136,6.905274471806642],[79.86085453283833,6.905274450273936],[79.86085460905745,6.905274436816803],[79.86085460905745,6.905274436816803],[79.86085468645199,6.905274431656644],[79.86085476319515,6.905274435014846],[79.86085483928693,6.9052744468914105],[79.86085491472737,6.9052744672863415],[79.86085498951644,6.905274496199638],[79.86085506365414,6.905274533631295],[79.8608551371405,6.905274579581322],[79.8608552099755,6.905274634049711],[79.86085528215911,6.905274697036467],[79.86085535369139,6.905274768541584],[79.86085542457229,6.905274848565073],[79.86085549480184,6.90527493710692],[79.86085549480184,6.90527493710692],[79.86085556151369,6.905275039708007],[79.86085562582718,6.9052751614261725],[79.86085568774237,6.90527530226141],[79.86085574725918,6.905275462213721],[79.86085580437764,6.905275641283101],[79.86085585909774,6.905275839469563],[79.86085591141949,6.905276056773098],[79.86085596134288,6.9052762931937055],[79.86085600886794,6.905276548731383],[79.86085605399462,6.905276823386131],[79.860856096723,6.905277117157965],[79.860856137053,6.905277430046861],[79.860856137053,6.905277430046861],[79.86085617275894,6.905277743712575],[79.86085620161515,6.9052780398148315],[79.86085622362162,6.905278318353629],[79.86085623877835,6.905278579328977],[79.86085624708534,6.905278822740867],[79.86085624854258,6.905279048589303],[79.86085624315007,6.905279256874285],[79.86085623090784,6.905279447595809],[79.86085621181587,6.905279620753881],[79.86085618587414,6.905279776348503],[79.8608561530827,6.90527991437966],[79.86085611344147,6.905280034847365],[79.86085611344147,6.905280034847365],[79.86085606672408,6.905280140051218],[79.86085601731075,6.905280236925984],[79.86085596520158,6.905280325471658],[79.86085591039648,6.905280405688246],[79.86085585289548,6.905280477575747],[79.8608557926986,6.90528054113416],[79.86085572980583,6.905280596363486],[79.86085566421717,6.905280643263726],[79.86085559593258,6.905280681834875],[79.86085552495213,6.905280712076938],[79.86085545127577,6.9052807339899225],[79.86085537490352,6.905280747573802],[79.86085537490352,6.905280747573802],[79.86085529766213,6.905280752607212],[79.86085522137836,6.905280748868737],[79.86085514605222,6.905280736358398],[79.86085507168366,6.905280715076172],[79.86085499827276,6.905280685022065],[79.86085492581947,6.90528064619609],[79.8608548543238,6.905280598598226],[79.86085478378571,6.905280542228496],[79.8608547142053,6.905280477086884],[79.86085464558249,6.9052804031733945],[79.86085457791725,6.905280320488033],[79.8608545112097,6.905280229030787],[79.8608545112097,6.905280229030787],[79.86085444581238,6.905280121293282],[79.8608543826991,6.9052799948853565],[79.86085432186988,6.905279849806992],[79.86085426332467,6.905279686058203],[79.86085420706355,6.905279503638981],[79.86085415308646,6.905279302549336],[79.8608541013934,6.905279082789258],[79.86085405198439,6.90527884435875],[79.86085400485942,6.905278587257816],[79.86085396001847,6.905278311486449],[79.8608539174616,6.905278017044657],[79.86085387718875,6.905277703932431]]],[[[79.86084286105407,6.905275473719328],[79.86084583888496,6.905275082973117],[79.86084617590045,6.905277647940905],[79.86084392436979,6.905277943383163],[79.86084403871432,6.905278813640092],[79.86084629024502,6.905278518197835],[79.86084675364134,6.905282045028536],[79.86084758888657,6.9052819354289845],[79.86084655978564,6.90527410311664],[79.86084274670951,6.905274603462403],[79.86084286105407,6.905275473719328]]],[[[79.86083450763535,6.905283208078242],[79.86083542570445,6.90528310320232],[79.860835681594,6.9052805972301705],[79.86083736472072,6.90528040495764],[79.8608381799118,6.905282788574543],[79.86083909798093,6.905282683698616],[79.86083627251458,6.905274922011767],[79.860835507457,6.9052750094083715],[79.86083450763535,6.905283208078242]],[[79.86083577260626,6.905279698945242],[79.8608360627901,6.905276815207844],[79.86083613929588,6.905276806468186],[79.86083707320417,6.905279550371016],[79.86083577260626,6.905279698945242]]],[[[79.86082941499322,6.905283320251083],[79.86083027019413,6.905283236532873],[79.86083123031652,6.905279819062323],[79.86083215678416,6.905279728367596],[79.86083247946318,6.905283020260833],[79.86083329903076,6.905282940030884],[79.86083255338052,6.905275333088403],[79.86083077171199,6.905275507501345],[79.86083077171199,6.905275507501345],[79.86083063175886,6.905275524840473],[79.86083049696649,6.905275548951797],[79.86083036733486,6.9052755798353145],[79.86083024286395,6.905275617491023],[79.86083012355377,6.90527566191892],[79.86083000940437,6.9052757131190114],[79.86082990041565,6.905275771091301],[79.86082979658772,6.905275835835779],[79.86082969792052,6.905275907352445],[79.86082960441402,6.905275985641307],[79.86082951606832,6.905276070702365],[79.86082943288334,6.90527616253561],[79.86082943288334,6.90527616253561],[79.86082935619237,6.9052762594510835],[79.86082928781333,6.905276364701602],[79.86082922774611,6.905276478287181],[79.86082917599082,6.905276600207797],[79.86082913254734,6.905276730463459],[79.86082909741582,6.905276869054179],[79.8608290705961,6.905277015979937],[79.86082905208829,6.905277171240745],[79.86082904189234,6.9052773348366],[79.86082904000827,6.905277506767503],[79.86082904643608,6.905277687033455],[79.86082906117576,6.9052778756344555],[79.86082906117576,6.9052778756344555],[79.86082907791284,6.905278020895375],[79.86082909905396,6.905278160111192],[79.86082912459908,6.905278293281895],[79.86082915454824,6.905278420407483],[79.86082918890139,6.905278541487964],[79.86082922765853,6.905278656523333],[79.86082927081974,6.905278765513595],[79.86082931838492,6.905278868458737],[79.86082937035412,6.905278965358777],[79.86082942672734,6.905279056213703],[79.86082948750459,6.9052791410235175],[79.86082955268581,6.90527921978822],[79.86082955268581,6.90527921978822],[79.86082962056918,6.9052792929863065],[79.86082968945279,6.9052793610962615],[79.86082975933658,6.9052794241181],[79.86082983022058,6.905279482051807],[79.86082990210484,6.905279534897383],[79.8608299749893,6.905279582654834],[79.86083004887399,6.905279625324162],[79.86083012375892,6.905279662905357],[79.86083019964404,6.9052796953984314],[79.86083027652937,6.905279722803377],[79.86083035441496,6.905279745120194],[79.86083043330073,6.90527976234889],[79.86082941499322,6.905283320251083]],[[79.86082988074331,6.905277795404506],[79.86082988074331,6.905277795404506],[79.86082987289504,6.905277693249675],[79.86082986969932,6.905277594382042],[79.86082987115623,6.905277498801615],[79.86082987726567,6.905277406508393],[79.86082988802774,6.905277317502376],[79.86082990344237,6.905277231783565],[79.86082992350956,6.905277149351956],[79.86082994822934,6.9052770702075525],[79.8608299776017,6.905276994350345],[79.86083001162663,6.905276921780352],[79.86083005030416,6.905276852497558],[79.86083009363425,6.905276786501969],[79.86083009363425,6.905276786501969],[79.86083014019276,6.905276724556779],[79.86083019251481,6.905276667037588],[79.86083025060039,6.905276613944401],[79.86083031444944,6.905276565277221],[79.86083038406204,6.905276521036037],[79.86083045943818,6.905276481220862],[79.86083054057782,6.905276445831684],[79.860830627481,6.905276414868521],[79.86083072014769,6.905276388331351],[79.8608308185779,6.90527636622019],[79.8608309227716,6.905276348535035],[79.86083103272885,6.90527633527588],[79.86083181666302,6.905276258534188],[79.86083207393415,6.905278883151769],[79.86083107619974,6.90527898082301],[79.86083107619974,6.90527898082301],[79.86083100548359,6.905278985770339],[79.86083093586855,6.905278986659286],[79.86083086735472,6.905278983489851],[79.86083079994204,6.905278976262039],[79.86083073363051,6.9052789649758495],[79.86083066842015,6.905278949631268],[79.86083060431095,6.905278930228315],[79.86083054130287,6.9052789067669815],[79.86083047939597,6.90527887924727],[79.86083041859027,6.905278847669167],[79.86083035888569,6.905278812032692],[79.86083030028225,6.905278772337836],[79.86083030028225,6.905278772337836],[79.86083024393162,6.90527872504109],[79.8608301914699,6.905278671541737],[79.86083014289714,6.9052786118397655],[79.86083009821323,6.905278545935184],[79.8608300574183,6.905278473827993],[79.86083002051225,6.905278395518189],[79.86082998749517,6.905278311005772],[79.86082995836692,6.905278220290745],[79.86082993312765,6.905278123373101],[79.86082991177729,6.905278020252847],[79.86082989431584,6.905277910929982],[79.86082988074331,6.905277795404506]]],[[[79.86082403716136,6.905284034657441],[79.86082818118604,6.905283566397712],[79.86082731145872,6.905275879601324],[79.86082337057259,6.9052763249071445],[79.86082346720896,6.905277178995635],[79.8608264736582,6.9052768392777955],[79.86082674322276,6.905279221735155],[79.86082398053972,6.905279533908305],[79.86082407717605,6.905280387996795],[79.86082683985914,6.905280075823644],[79.86082715011275,6.905282817897204],[79.86082394052504,6.905283180568953],[79.86082403716136,6.905284034657441]]],[[[79.86081894800219,6.905284481441038],[79.86081980005345,6.905284374963919],[79.86081999650871,6.90528191076648],[79.86082155860267,6.905281715558432],[79.86082235620718,6.905284055532566],[79.86082320825842,6.905283949055449],[79.86082045203072,6.905276330112185],[79.86081974198802,6.905276418843112],[79.86081894800219,6.905284481441038]],[[79.86082006626623,6.905281027458654],[79.86082028835601,6.905278191809133],[79.86082035936029,6.905278182936041],[79.86082127333884,6.90528087661607],[79.86082006626623,6.905281027458654]]]]}},{"type":"Feature","properties":{"Type":21,"ImageName":null,"MCode":null,"SCode":null,"ID":null,"Type(Strin":null,"Type(Strin_2":null},"geometry":{"type":"Polygon","coordinates":[[[79.86084798640915,6.905275004576206],[79.86085084375428,6.905274654554595],[79.86085114964501,6.905277148350693],[79.86084898921334,6.905277413001184],[79.8608490929977,6.90527825911057],[79.86085125342939,6.905277994460086],[79.86085167402915,6.905281423429724],[79.86085247547959,6.905281325252929],[79.86085154142039,6.905273710268409],[79.86084788262481,6.905274158466809],[79.86084798640915,6.905275004576206]]]}},{"type":"Feature","properties":{"Type":21,"ImageName":null,"MCode":null,"SCode":null,"ID":null,"Type(Strin":null,"Type(Strin_2":null},"geometry":{"type":"MultiPolygon","coordinates":[[[[79.85934564125564,6.905643209547689],[79.85934564125564,6.905643209547689],[79.85934573604086,6.90564337392846],[79.8593458339023,6.905643528959875],[79.85934593483995,6.905643674641936],[79.85934603885381,6.905643810974634],[79.85934614594396,6.905643937957977],[79.85934625611027,6.905644055591961],[79.85934636935288,6.905644163876597],[79.85934648567168,6.905644262811872],[79.85934660506673,6.905644352397792],[79.859346727538,6.905644432634352],[79.8593468530855,6.905644503521555],[79.85934698170921,6.9056445650594025],[79.85934698170921,6.9056445650594025],[79.85934711208515,6.905644616446687],[79.85934724288921,6.905644656882206],[79.85934737412138,6.905644686365951],[79.85934750578171,6.905644704897933],[79.85934763787017,6.90564471247814],[79.85934777038679,6.905644709106579],[79.85934790333152,6.9056446947832555],[79.85934803670439,6.905644669508164],[79.85934817050541,6.905644633281294],[79.85934830473455,6.9056445861026665],[79.85934843939187,6.905644527972262],[79.8593485744773,6.905644458890098],[79.85934951616179,6.905643939966045],[79.85935107805038,6.905646771644815],[79.85935182490363,6.90564636008435],[79.85934783859092,6.905639132963906],[79.8593461500532,6.905640063448408],[79.8593461500532,6.905640063448408],[79.85934601950063,6.9056401407485515],[79.85934589844189,6.905640223532872],[79.85934578687696,6.905640311801369],[79.85934568480585,6.905640405554045],[79.85934559222855,6.905640504790899],[79.85934550914511,6.905640609511935],[79.8593454355555,6.905640719717142],[79.85934537145967,6.9056408354065315],[79.8593453168577,6.905640956580098],[79.85934527174953,6.905641083237839],[79.85934523613523,6.90564121537976],[79.85934521001472,6.905641353005861],[79.85934521001472,6.905641353005861],[79.859345193417,6.905641494569352],[79.85934518637099,6.905641638523449],[79.8593451888767,6.905641784868147],[79.85934520093414,6.9056419336034525],[79.85934522254331,6.905642084729368],[79.85934525370418,6.905642238245884],[79.85934529441678,6.9056423941530065],[79.85934534468112,6.9056425524507326],[79.85934540449719,6.905642713139063],[79.85934547386495,6.905642876218004],[79.85934555278443,6.905643041687543],[79.85934564125564,6.905643209547689]],[[79.85934638810889,6.905642797987236],[79.85934638810889,6.905642797987236],[79.85934631826042,6.905642666555291],[79.8593462563562,6.90564253993058],[79.85934620239634,6.9056424181131],[79.8593461563807,6.905642301102866],[79.85934611830936,6.905642188899859],[79.85934608818229,6.905642081504094],[79.8593460659995,6.905641978915552],[79.859346051761,6.905641881134262],[79.85934604546676,6.905641788160194],[79.85934604711683,6.905641699993367],[79.85934605671117,6.905641616633779],[79.85934607424977,6.90564153808142],[79.85934607424977,6.90564153808142],[79.85934609892323,6.905641462868804],[79.8593461299221,6.9056413895284345],[79.85934616724636,6.905641318060306],[79.85934621089604,6.9056412484644225],[79.85934626087113,6.90564118074079],[79.85934631717163,6.9056411148893995],[79.85934637979751,6.90564105091025],[79.85934644874882,6.905640988803349],[79.85934652402554,6.905640928568698],[79.85934660562765,6.905640870206289],[79.85934669355518,6.905640813716118],[79.85934678780812,6.9056407590981985],[79.85934753466134,6.905640347537742],[79.85934907323814,6.905643136952659],[79.85934832638493,6.905643548513114],[79.85934832638493,6.905643548513114],[79.85934822986557,6.905643599022049],[79.8593481351388,6.905643643185253],[79.85934804220453,6.905643681002734],[79.85934795106289,6.905643712474478],[79.85934786171379,6.905643737600505],[79.85934777415726,6.9056437563808],[79.85934768839323,6.905643768815361],[79.85934760442184,6.905643774904196],[79.85934752224298,6.905643774647303],[79.85934744185671,6.905643768044688],[79.85934736326298,6.905643755096343],[79.85934728646181,6.905643735802262],[79.85934728646181,6.905643735802262],[79.85934721064378,6.905643708694963],[79.85934713499941,6.905643672306948],[79.85934705952874,6.905643626638206],[79.85934698423178,6.905643571688752],[79.85934690910852,6.905643507458582],[79.85934683415891,6.905643433947689],[79.859346759383,6.905643351156076],[79.85934668478082,6.905643259083745],[79.8593466103523,6.905643157730697],[79.85934653609748,6.905643047096926],[79.85934646201633,6.905642927182443],[79.85934638810889,6.905642797987236]]],[[[79.85934500571986,6.905650237736769],[79.85934627827693,6.905649531988843],[79.85934240096766,6.905642547446453],[79.8593411284106,6.905643253194373],[79.85934500571986,6.905650237736769]]],[[[79.85933729584195,6.905650744203363],[79.85933729584195,6.905650744203363],[79.85933744686544,6.905650998171331],[79.85933759746976,6.905651235719993],[79.85933774765489,6.905651456849371],[79.85933789742086,6.905651661559448],[79.85933804676766,6.905651849850229],[79.8593381956953,6.905652021721718],[79.85933834420376,6.905652177173905],[79.85933849229306,6.905652316206804],[79.85933863996318,6.9056524388204075],[79.85933878721416,6.905652545014709],[79.85933893404595,6.905652634789716],[79.85933908045857,6.905652708145427],[79.85933908045857,6.905652708145427],[79.85933922552289,6.905652767861586],[79.85933936830969,6.90565281671793],[79.859339508819,6.905652854714463],[79.85933964705083,6.90565288185118],[79.85933978300517,6.905652898128081],[79.85933991668199,6.905652903545178],[79.85934004808134,6.905652898102453],[79.85934017720318,6.905652881799922],[79.85934030404755,6.905652854637572],[79.85934042861443,6.90565281661541],[79.85934055090381,6.905652767733438],[79.8593406709157,6.905652707991645],[79.8593406709157,6.905652707991645],[79.85934080203371,6.905652628791227],[79.8593409236778,6.905652540153837],[79.85934103584792,6.905652442079468],[79.85934113854408,6.905652334568142],[79.85934123176625,6.90565221761984],[79.85934131551447,6.905652091234564],[79.85934138978874,6.9056519554123215],[79.85934145458904,6.905651810153112],[79.85934150991538,6.905651655456932],[79.85934155576774,6.905651491323774],[79.85934159214617,6.9056513177536525],[79.85934161905061,6.9056511347465594],[79.85934161905061,6.9056511347465594],[79.85934163220708,6.905650940105044],[79.85934162989544,6.9056507362857165],[79.8593416121157,6.905650523288564],[79.85934157886786,6.905650301113594],[79.85934153015191,6.905650069760807],[79.85934146596786,6.905649829230205],[79.85934138631575,6.905649579521779],[79.85934129119549,6.905649320635541],[79.85934118060716,6.905649052571482],[79.85934105455067,6.905648775329597],[79.85934091302614,6.905648488909904],[79.85934075603349,6.905648193312387],[79.85934075603349,6.905648193312387],[79.85934057596184,6.905647874294767],[79.85934039584718,6.905647573463403],[79.85934021568946,6.905647290818289],[79.85934003548876,6.905647026359418],[79.85933985524497,6.905646780086805],[79.85933967495815,6.905646552000442],[79.85933949462836,6.905646342100325],[79.85933931425545,6.905646150386464],[79.85933913383955,6.905645976858846],[79.85933895338063,6.9056458215174885],[79.85933877287867,6.905645684362377],[79.85933859233367,6.905645565393512],[79.85933859233367,6.905645565393512],[79.85933841135017,6.905645464449333],[79.85933823330642,6.905645379299317],[79.85933805820243,6.905645309943475],[79.85933788603819,6.905645256381804],[79.85933771681371,6.905645218614297],[79.85933755052899,6.90564519664096],[79.85933738718406,6.905645190461796],[79.85933722677888,6.9056452000768],[79.85933706931344,6.905645225485974],[79.85933691478778,6.905645266689314],[79.85933676320185,6.905645323686823],[79.85933661455573,6.905645396478504],[79.85933661455573,6.905645396478504],[79.85933649449053,6.905645468610214],[79.85933638336246,6.905645548455132],[79.85933628117155,6.9056456360132605],[79.85933618791778,6.905645731284587],[79.85933610360114,6.905645834269129],[79.85933602822163,6.905645944966876],[79.85933596177931,6.905646063377834],[79.8593359042741,6.905646189501991],[79.85933585570601,6.9056463233393615],[79.85933581607509,6.905646464889936],[79.85933578538132,6.905646614153719],[79.85933576362464,6.90564677113071],[79.85933576362464,6.90564677113071],[79.85933574904932,6.905646932621249],[79.8593357462272,6.905647098010782],[79.85933575515824,6.905647267299309],[79.85933577584248,6.9056474404868275],[79.85933580827985,6.905647617573341],[79.85933585247044,6.905647798558855],[79.8593359084142,6.905647983443355],[79.85933597611113,6.905648172226855],[79.85933605556123,6.905648364909353],[79.85933614676453,6.9056485614908425],[79.85933624972097,6.905648761971324],[79.85933636443062,6.905648966350807],[79.85933711163324,6.90564855670016],[79.85933711163324,6.90564855670016],[79.85933703076128,6.905648405410904],[79.85933695670298,6.9056482587106505],[79.8593368894583,6.905648116599394],[79.85933682902727,6.905647979077136],[79.85933677540994,6.905647846143873],[79.85933672860621,6.905647717799613],[79.85933668861614,6.905647594044352],[79.8593366554397,6.905647474878081],[79.85933662907696,6.905647360300814],[79.85933660952783,6.905647250312542],[79.85933659679235,6.905647144913268],[79.8593365908705,6.905647044103001],[79.8593365908705,6.905647044103001],[79.8593365917623,6.905646947881723],[79.85933659946777,6.90564685624945],[79.85933661398688,6.905646769206171],[79.85933663531966,6.905646686751889],[79.85933666346604,6.905646608886607],[79.85933669842609,6.905646535610322],[79.85933674019981,6.90564646692304],[79.85933678878716,6.905646402824748],[79.85933684418814,6.905646343315459],[79.85933690640279,6.90564628839517],[79.85933697543109,6.905646238063875],[79.859337051273,6.905646192321579],[79.859337051273,6.905646192321579],[79.85933714300957,6.905646148333883],[79.8593372370792,6.9056461156800495],[79.85933733348192,6.905646094360066],[79.85933743221766,6.905646084373944],[79.8593375332865,6.905646085721673],[79.85933763668845,6.905646098403258],[79.85933774242349,6.90564612241871],[79.85933785049156,6.905646157768013],[79.85933796089274,6.905646204451176],[79.859338073627,6.905646262468187],[79.85933818869432,6.905646331819065],[79.85933830609473,6.9056464125037955],[79.85933830609473,6.9056464125037955],[79.8593384229145,6.905646505363021],[79.85933854256763,6.9056466138224994],[79.85933866505411,6.905646737882228],[79.85933879037395,6.90564687754221],[79.85933891852714,6.905647032802439],[79.85933904951366,6.905647203662916],[79.85933918333356,6.905647390123648],[79.85933931998677,6.9056475921846285],[79.85933945947333,6.905647809845858],[79.85933960179327,6.90564804310734],[79.85933974694653,6.9056482919690705],[79.85933989493316,6.905648556431049],[79.85933989493316,6.905648556431049],[79.8593400272373,6.905648802751402],[79.85934014832837,6.905649039074703],[79.8593402582063,6.905649265400962],[79.85934035687113,6.905649481730183],[79.85934044432284,6.905649688062366],[79.85934052056145,6.905649884397501],[79.85934058558692,6.905650070735594],[79.85934063939926,6.905650247076649],[79.85934068199855,6.9056504134206635],[79.85934071338467,6.905650569767629],[79.85934073355769,6.905650716117562],[79.85934074251759,6.905650852470445],[79.85934074251759,6.905650852470445],[79.85934073916133,6.905650979052649],[79.85934072871349,6.905651098675633],[79.85934071117404,6.905651211339406],[79.85934068654308,6.905651317043952],[79.85934065482049,6.905651415789291],[79.85934061600635,6.905651507575411],[79.8593405701006,6.905651592402311],[79.85934051710333,6.905651670269997],[79.85934045701445,6.905651741178463],[79.85934038983399,6.905651805127715],[79.85934031556198,6.905651862117747],[79.85934023419838,6.90565191214857],[79.85934023419838,6.90565191214857],[79.85934017075382,6.905651943021761],[79.8593401049539,6.905651967366234],[79.85934003679863,6.905651985181989],[79.85933996628803,6.905651996469016],[79.85933989342205,6.905652001227325],[79.85933981820074,6.905651999456918],[79.85933974062405,6.905651991157785],[79.859339660692,6.905651976329933],[79.85933957840466,6.905651954973362],[79.8593394937619,6.905651927088066],[79.85933940676384,6.905651892674047],[79.85933931741037,6.905651851731309],[79.85933931741037,6.905651851731309],[79.85933922463906,6.905651798409758],[79.85933912994132,6.905651731513351],[79.85933903331708,6.905651651042089],[79.8593389347664,6.905651556995971],[79.85933883428925,6.905651449374998],[79.85933873188563,6.905651328179173],[79.85933862755559,6.905651193408486],[79.85933852129904,6.905651045062943],[79.85933841311608,6.905650883142551],[79.85933830300662,6.905650707647303],[79.85933819097067,6.905650518577191],[79.85933807700832,6.905650315932233],[79.85933729584195,6.905650744203363]]],[[[79.85933429130138,6.905656098846005],[79.85933514626636,6.905655601032522],[79.85933465584485,6.90565128423015],[79.8593356768488,6.9056518267912015],[79.85933718502905,6.905654413938828],[79.85933794134426,6.905653973565361],[79.8593339116751,6.905647061030297],[79.85933315535993,6.905647501403765],[79.85933489919336,6.905650492793212],[79.85933128101361,6.905648592764085],[79.85933039316532,6.9056491097242345],[79.85933371485477,6.905650803370782],[79.85933429130138,6.905656098846005]]],[[[79.859325495173,6.905658076163083],[79.859325495173,6.905658076163083],[79.85932558508911,6.905658229246767],[79.8593256782114,6.905658373347147],[79.85932577453994,6.905658508464211],[79.85932587407468,6.905658634597965],[79.85932597681563,6.905658751748407],[79.85932608276279,6.905658859915537],[79.85932619191617,6.9056589590993545],[79.85932630427575,6.905659049299862],[79.85932641984157,6.9056591305170585],[79.85932653861357,6.905659202750937],[79.85932666059178,6.905659266001508],[79.85932678577622,6.905659320268768],[79.85932678577622,6.905659320268768],[79.85932691206796,6.905659365290221],[79.85932704132975,6.905659398585295],[79.85932717356162,6.905659420153987],[79.85932730876353,6.905659429996316],[79.8593274469355,6.9056594281122585],[79.8593275880775,6.90565941450183],[79.8593277321896,6.905659389165021],[79.85932787927173,6.905659352101841],[79.85932802932392,6.90565930331228],[79.85932818234619,6.905659242796346],[79.85932833833854,6.905659170554035],[79.8593284973009,6.905659086585341],[79.8593284973009,6.905659086585341],[79.8593286520528,6.90565899491054],[79.85932879541377,6.905658899549853],[79.85932892738373,6.905658800503308],[79.8593290479627,6.905658697770892],[79.85932915715073,6.905658591352603],[79.85932925494777,6.905658481248457],[79.85932934135386,6.905658367458429],[79.85932941636892,6.905658249982538],[79.85932947999304,6.905658128820777],[79.8593295322262,6.905658003973152],[79.85932957306835,6.905657875439659],[79.85932960251955,6.905657743220294],[79.85932960251955,6.905657743220294],[79.85932961970744,6.905657609241107],[79.85932962772132,6.905657473210079],[79.85932962656119,6.905657335127214],[79.85932961622713,6.9056571949925045],[79.85932959671904,6.905657052805966],[79.85932956803697,6.905656908567574],[79.85932953018093,6.905656762277355],[79.85932948315084,6.905656613935286],[79.85932942694684,6.905656463541384],[79.85932936156878,6.905656311095637],[79.85932928701676,6.905656156598051],[79.85932920329077,6.905656000048627],[79.8593265318225,6.905651233394442],[79.85932571175802,6.905651692535135],[79.85932838322626,6.905656459189327],[79.85932838322626,6.905656459189327],[79.85932844242058,6.905656569452119],[79.85932849489345,6.905656677008748],[79.8593285406449,6.90565678185922],[79.85932857967485,6.905656884003541],[79.85932861198341,6.905656983441692],[79.8593286375705,6.905657080173687],[79.85932865643615,6.905657174199534],[79.85932866858033,6.905657265519211],[79.85932867400312,6.905657354132732],[79.8593286727044,6.905657440040089],[79.85932866468426,6.905657523241301],[79.85932864994271,6.905657603736344],[79.85932864994271,6.905657603736344],[79.8593286293758,6.905657681382916],[79.85932860387972,6.905657756038683],[79.85932857345448,6.905657827703655],[79.85932853810003,6.905657896377826],[79.85932849781643,6.905657962061202],[79.85932845260363,6.905658024753773],[79.85932840246166,6.905658084455552],[79.8593283473905,6.905658141166525],[79.8593282873902,6.905658194886708],[79.85932822246069,6.905658245616087],[79.85932815260202,6.905658293354669],[79.85932807781414,6.905658338102452],[79.85932807781414,6.905658338102452],[79.85932800057313,6.905658378473149],[79.85932792335502,6.905658413080451],[79.85932784615983,6.905658441924368],[79.85932776898751,6.905658465004898],[79.85932769183815,6.905658482322038],[79.85932761471166,6.90565849387579],[79.85932753760804,6.90565849966616],[79.85932746052735,6.905658499693139],[79.85932738346955,6.9056584939567305],[79.85932730643466,6.905658482456935],[79.85932722942268,6.905658465193751],[79.85932715243358,6.90565844216718],[79.85932715243358,6.90565844216718],[79.8593270760569,6.905658412687768],[79.85932700088209,6.905658376066051],[79.85932692690915,6.905658332302038],[79.8593268541381,6.905658281395726],[79.85932678256896,6.905658223347106],[79.85932671220165,6.905658158156196],[79.85932664303627,6.905658085822978],[79.85932657507273,6.905658006347456],[79.85932650831113,6.90565791972964],[79.85932644275137,6.905657825969521],[79.85932637839349,6.9056577250671],[79.8593263152375,6.9056576170223885],[79.85932364376929,6.905652850368185],[79.85932282370477,6.905653309508874],[79.859325495173,6.905658076163083]]],[[[79.85931979471087,6.905657827515257],[79.85931979471087,6.905657827515257],[79.85931988593235,6.905657978584288],[79.85931997987132,6.90565812088487],[79.85932007652782,6.905658254417002],[79.85932017590191,6.9056583791806805],[79.85932027799352,6.905658495175906],[79.85932038280266,6.905658602402688],[79.85932049032935,6.90565870086101],[79.8593206005736,6.905658790550895],[79.85932071353535,6.905658871472319],[79.85932082921467,6.905658943625297],[79.85932094761151,6.905659007009824],[79.85932106872588,6.9056590616259035],[79.85932106872588,6.9056590616259035],[79.85932119130831,6.905659106755147],[79.85932131410921,6.905659141679174],[79.85932143712859,6.9056591663979825],[79.8593215603665,6.905659180911581],[79.85932168382287,6.905659185219959],[79.85932180749774,6.905659179323126],[79.85932193139114,6.905659163221075],[79.85932205550301,6.905659136913805],[79.85932217983338,6.9056591004013255],[79.85932230438225,6.905659053683621],[79.85932242914961,6.905658996760712],[79.85932255413549,6.905658929632578],[79.85932342479744,6.905658426906626],[79.85932492999733,6.9056610307486475],[79.8593256205223,6.905660632034963],[79.85932177889272,6.905653986408316],[79.8593202177058,6.9056548878479385],[79.8593202177058,6.9056548878479385],[79.85932009708827,6.905654962532826],[79.85931998542587,6.9056550421260114],[79.85931988271865,6.905655126627484],[79.85931978896656,6.905655216037255],[79.8593197041696,6.905655310355323],[79.85931962832778,6.9056554095816844],[79.85931956144114,6.905655513716342],[79.85931950350961,6.90565562275929],[79.85931945453322,6.905655736710538],[79.85931941451202,6.9056558555700835],[79.85931938344592,6.905655979337916],[79.85931936133498,6.905656108014049],[79.85931936133498,6.905656108014049],[79.8593193481806,6.90565624015779],[79.85931934398427,6.905656374328438],[79.85931934874591,6.905656510526004],[79.85931936246557,6.905656648750485],[79.8593193851432,6.905656789001881],[79.85931941677886,6.905656931280191],[79.85931945737252,6.905657075585409],[79.8593195069242,6.905657221917555],[79.85931956543388,6.905657370276609],[79.85931963290153,6.905657520662575],[79.8593197093272,6.905657673075461],[79.85931979471087,6.905657827515257]],[[79.85932048523587,6.9056574288015815],[79.85932048523587,6.9056574288015815],[79.85932041784314,6.905657307889565],[79.85932035794754,6.905657191287853],[79.8593203055491,6.905657078996434],[79.85932026064779,6.905656971015307],[79.8593202232436,6.905656867344487],[79.8593201933365,6.905656767983961],[79.85932017092658,6.905656672933729],[79.85932015601377,6.905656582193797],[79.85932014859809,6.905656495764159],[79.85932014867957,6.905656413644817],[79.85932015625816,6.905656335835769],[79.85932017133388,6.905656262337023],[79.85932017133388,6.905656262337023],[79.85932019312666,6.905656191799151],[79.8593202208565,6.90565612287274],[79.85932025452333,6.905656055557776],[79.85932029412716,6.905655989854276],[79.85932033966803,6.905655925762225],[79.8593203911459,6.905655863281635],[79.8593204485608,6.905655802412491],[79.85932051191273,6.905655743154808],[79.85932058120163,6.905655685508585],[79.85932065642757,6.905655629473819],[79.85932073759054,6.905655575050498],[79.85932082469047,6.905655522238644],[79.85932151521547,6.905655123524959],[79.85932299794969,6.9056576885036645],[79.8593223074247,6.905658087217348],[79.8593223074247,6.905658087217348],[79.85932221814056,6.905658136250831],[79.85932213042514,6.905658179339015],[79.85932204427837,6.905658216481895],[79.85932195970031,6.905658247679477],[79.85932187669096,6.905658272931762],[79.85932179525028,6.905658292238746],[79.85932171537829,6.905658305600426],[79.859321637075,6.90565831301681],[79.85932156034039,6.905658314487895],[79.85932148517448,6.905658310013675],[79.85932141157723,6.905658299594159],[79.85932133954873,6.905658283229343],[79.85932133954873,6.905658283229343],[79.85932126830882,6.905658259569807],[79.85932119707748,6.905658227266127],[79.85932112585475,6.905658186318306],[79.85932105464057,6.905658136726345],[79.85932098343498,6.905658078490249],[79.85932091223793,6.905658011610002],[79.8593208410495,6.9056579360856185],[79.85932076986963,6.905657851917098],[79.85932069869833,6.905657759104425],[79.8593206275356,6.905657657647624],[79.85932055638143,6.905657547546673],[79.85932048523587,6.9056574288015815]]],[[[79.85931455721028,6.905666651958552],[79.85931531692164,6.905666232612497],[79.85931460815576,6.905663903063993],[79.85931600095994,6.905663134262887],[79.85931759605573,6.90566497457432],[79.85931835576709,6.905664555228257],[79.85931301295902,6.905658623339746],[79.85931237986622,6.90565897279479],[79.85931455721028,6.905666651958552]],[[79.85931435347263,6.9056630682724975],[79.85931353413972,6.90566038907208],[79.85931359744899,6.905660354126572],[79.8593154297304,6.90566247419892],[79.85931435347263,6.9056630682724975]]],[[[79.85931013554551,6.905669072820843],[79.8593109716794,6.905668599825357],[79.8593100599582,6.9056627009289535],[79.85931009340356,6.905662682009133],[79.85931284461923,6.905667540315459],[79.85931361386238,6.905667105159602],[79.85930981984723,6.9056604053984625],[79.85930898371338,6.905660878393955],[79.85930989543456,6.905666777290355],[79.85930986198919,6.90566679621018],[79.85930711077354,6.905661937903836],[79.8593063415304,6.905662373059682],[79.85931013554551,6.905669072820843]]],[[[79.85930356346555,6.905668438486166],[79.85930356346555,6.905668438486166],[79.85930373540168,6.9056687278500455],[79.85930390890675,6.905668997376194],[79.85930408398077,6.9056692470646],[79.85930426062365,6.905669476915283],[79.85930443883548,6.905669686928215],[79.85930461861619,6.905669877103423],[79.85930479996583,6.905670047440884],[79.85930498288437,6.90567019794062],[79.85930516737184,6.9056703286026115],[79.85930535342821,6.905670439426872],[79.85930554105352,6.905670530413396],[79.85930573024768,6.905670601562181],[79.85930573024768,6.905670601562181],[79.85930591739124,6.905670654581254],[79.85930610530446,6.905670693254222],[79.85930629398737,6.905670717581092],[79.85930648343997,6.905670727561846],[79.85930667366229,6.90567072319651],[79.85930686465426,6.905670704485066],[79.85930705641594,6.905670671427517],[79.85930724894732,6.9056706240238706],[79.85930744224837,6.90567056227411],[79.85930763631916,6.9056704861782565],[79.85930783115961,6.905670395736298],[79.85930802676975,6.905670290948233],[79.85930923837518,6.905669598824968],[79.8593054209479,6.905662923518411],[79.8593042093425,6.905663615641669],[79.8593042093425,6.905663615641669],[79.85930399755799,6.905663743815432],[79.85930380170838,6.905663877272421],[79.8593036217937,6.90566401601263],[79.8593034578139,6.905664160036056],[79.85930330976902,6.905664309342701],[79.85930317765906,6.905664463932564],[79.85930306148398,6.905664623805649],[79.85930296124383,6.905664788961958],[79.85930287693854,6.905664959401483],[79.85930280856823,6.905665135124225],[79.85930275613278,6.905665316130189],[79.85930271963224,6.9056655024193745],[79.85930271963224,6.9056655024193745],[79.8593026975221,6.905665697031964],[79.85930269221734,6.905665900746308],[79.85930270371797,6.905666113562402],[79.85930273202395,6.905666335480254],[79.85930277713534,6.905666566499854],[79.85930283905208,6.9056668066212135],[79.85930291777422,6.905667055844319],[79.8593030133017,6.9056673141691824],[79.8593031256346,6.905667581595797],[79.85930325477287,6.905667858124162],[79.8593034007165,6.9056681437542835],[79.85930356346555,6.905668438486166]],[[79.85930441871642,6.9056679499285725],[79.85930441871642,6.9056679499285725],[79.85930428743117,6.9056677134687305],[79.85930416890642,6.905667485544064],[79.85930406314216,6.905667266154568],[79.85930397013846,6.905667055300249],[79.85930388989522,6.905666852981108],[79.85930382241249,6.905666659197135],[79.85930376769029,6.905666473948339],[79.85930372572857,6.905666297234722],[79.85930369652736,6.905666129056275],[79.85930368008667,6.905665969413006],[79.85930367640648,6.905665818304909],[79.8593036854868,6.905665675731988],[79.8593036854868,6.905665675731988],[79.85930370624241,6.90566553979662],[79.85930373758814,6.905665408601164],[79.85930377952397,6.905665282145639],[79.8593038320499,6.905665160430033],[79.85930389516594,6.905665043454348],[79.85930396887207,6.905664931218588],[79.8593040531683,6.905664823722752],[79.85930414805466,6.905664720966834],[79.8593042535311,6.905664622950839],[79.85930436959765,6.905664529674773],[79.85930449625432,6.9056644411386205],[79.85930463350108,6.905664357342395],[79.85930502549108,6.905664133420168],[79.85930799460114,6.905669325325276],[79.85930760261117,6.905669549247501],[79.85930760261117,6.905669549247501],[79.8593074608169,6.905669625091778],[79.8593073205177,6.90566968977205],[79.8593071817136,6.905669743288338],[79.8593070444046,6.905669785640632],[79.85930690859064,6.905669816828929],[79.8593067742718,6.905669836853241],[79.85930664144804,6.905669845713558],[79.85930651011938,6.905669843409888],[79.85930638028579,6.905669829942222],[79.85930625194732,6.905669805310564],[79.85930612510388,6.9056697695149145],[79.85930599975555,6.905669722555275],[79.85930599975555,6.905669722555275],[79.85930587342183,6.905669660094208],[79.85930574610275,6.905669582131721],[79.85930561779831,6.90566948866781],[79.85930548850847,6.905669379702474],[79.85930535823329,6.905669255235721],[79.85930522697271,6.905669115267538],[79.85930509472678,6.905668959797934],[79.85930496149545,6.905668788826911],[79.85930482727873,6.905668602354464],[79.85930469207666,6.905668400380584],[79.85930455588924,6.905668182905291],[79.85930441871642,6.9056679499285725]]],[[[79.85929615107146,6.905672513398225],[79.85929615107146,6.905672513398225],[79.85929631883535,6.9056728096815085],[79.8592964889771,6.9056730857400455],[79.85929666149674,6.905673341573824],[79.85929683639428,6.905673577182844],[79.85929701366967,6.9056737925671134],[79.85929719332299,6.905673987726632],[79.85929737535417,6.905674162661394],[79.85929755976325,6.905674317371401],[79.8592977465502,6.905674451856652],[79.85929793571503,6.905674566117155],[79.85929812725776,6.905674660152891],[79.85929832117839,6.9056747339638855],[79.85929832117839,6.9056747339638855],[79.85929851365121,6.905674789268672],[79.8592987074645,6.905674829945093],[79.85929890261818,6.9056748559931345],[79.85929909911232,6.905674867412818],[79.8592992969469,6.905674864204117],[79.85929949612189,6.905674846367051],[79.85929969663734,6.905674813901614],[79.8592998984932,6.905674766807808],[79.85930010168948,6.9056747050856275],[79.85930030622622,6.905674628735081],[79.8593005121034,6.905674537756164],[79.85930071932098,6.9056744321488726],[79.85930200444568,6.9056737340888406],[79.85929828910051,6.905666900133373],[79.85929700397583,6.9056675981934],[79.85929700397583,6.9056675981934],[79.85929677906935,6.905667727548947],[79.85929657052259,6.905667862397729],[79.85929637833556,6.905668002739753],[79.85929620250823,6.905668148575013],[79.85929604304063,6.905668299903519],[79.85929589993273,6.905668456725261],[79.85929577318456,6.905668619040238],[79.85929566279609,6.905668786848458],[79.85929556876737,6.905668960149913],[79.85929549109837,6.9056691389446145],[79.85929542978906,6.90566932323255],[79.85929538483948,6.905669513013729],[79.85929538483948,6.905669513013729],[79.85929535453009,6.905669711379109],[79.85929534134105,6.905669919138433],[79.8592953452724,6.905670136291693],[79.85929536632412,6.905670362838892],[79.85929540449621,6.905670598780027],[79.85929545978871,6.905670844115098],[79.85929553220153,6.9056710988441115],[79.85929562173477,6.90567136296706],[79.85929572838837,6.905671636483947],[79.85929585216236,6.905671919394765],[79.85929599305672,6.905672211699524],[79.85929615107146,6.905672513398225]],[[79.85929705821832,6.9056720206499715],[79.85929705821832,6.9056720206499715],[79.85929693070338,6.905671778596067],[79.85929681612691,6.905671545331713],[79.85929671448896,6.905671320856924],[79.85929662578947,6.9056711051716935],[79.85929655002849,6.90567089827602],[79.859296487206,6.905670700169899],[79.85929643732196,6.905670510853347],[79.85929640037644,6.905670330326353],[79.8592963763694,6.905670158588911],[79.85929636530082,6.90566999564103],[79.85929636717076,6.905669841482707],[79.85929638197916,6.905669696113943],[79.85929638197916,6.905669696113943],[79.85929640866989,6.9056695575920095],[79.85929644618673,6.905669423974187],[79.8592964945297,6.9056692952604655],[79.8592965536988,6.905669171450857],[79.85929662369402,6.90566905254535],[79.85929670451534,6.905668938543955],[79.85929679616281,6.905668829446665],[79.85929689863639,6.905668725253467],[79.85929701193609,6.90566862596439],[79.85929713606194,6.905668531579423],[79.85929727101389,6.905668442098547],[79.85929741679195,6.905668357521782],[79.85929783256759,6.905668131678837],[79.8593007222805,6.905673446977537],[79.85930030650486,6.90567367282049],[79.85930030650486,6.90567367282049],[79.85930015630089,6.905673749256306],[79.85930000807123,6.905673814314332],[79.85929986181587,6.905673867994566],[79.85929971753485,6.905673910297015],[79.85929957522812,6.905673941221674],[79.8592994348957,6.905673960768546],[79.85929929653763,6.905673968937624],[79.85929916015387,6.90567396572892],[79.85929902574438,6.90567395114242],[79.85929889330926,6.9056739251781325],[79.85929876284841,6.905673887836062],[79.85929863436192,6.9056738391161945],[79.85929863436192,6.9056738391161945],[79.85929850543558,6.905673774578024],[79.85929837606945,6.905673694221549],[79.85929824626348,6.9056735980467705],[79.85929811601774,6.905673486053679],[79.85929798533213,6.905673358242285],[79.85929785420676,6.905673214612588],[79.85929772264156,6.905673055164582],[79.85929759063653,6.905672879898273],[79.8592974581917,6.905672688813654],[79.85929732530705,6.90567248191073],[79.85929719198256,6.905672259189503],[79.85929705821832,6.9056720206499715]]],[[[79.85929338424364,6.9056786068038996],[79.8592941849618,6.905678151305665],[79.85929365495092,6.905674428273575],[79.85929452239559,6.905673934817148],[79.85929625348369,6.905676974601879],[79.8592970208386,6.905676538082732],[79.8592930206215,6.90566951371532],[79.8592913524587,6.90567046266998],[79.8592913524587,6.90567046266998],[79.85929122298614,6.905670540728246],[79.85929110147455,6.905670623070322],[79.85929098792391,6.905670709696184],[79.85929088233422,6.905670800605855],[79.85929078470548,6.905670895799319],[79.8592906950377,6.90567099527659],[79.85929061333087,6.905671099037653],[79.85929053958499,6.905671207082514],[79.85929047380007,6.9056713194111685],[79.85929041597609,6.90567143602363],[79.85929036611304,6.9056715569198905],[79.859290324211,6.905671682099947],[79.859290324211,6.905671682099947],[79.85929029084774,6.905671809346684],[79.85929026920046,6.905671941007214],[79.85929025926907,6.905672077081547],[79.85929026105366,6.905672217569673],[79.85929027455414,6.905672362471599],[79.85929029977059,6.905672511787325],[79.85929033670297,6.905672665516848],[79.85929038535129,6.905672823660172],[79.85929044571553,6.9056729862172865],[79.85929051779571,6.905673153188207],[79.85929060159181,6.905673324572922],[79.85929069710387,6.905673500371435],[79.85929069710387,6.905673500371435],[79.85929077593565,6.905673633413297],[79.85929085647706,6.905673758684406],[79.85929093872814,6.905673876184751],[79.85929102268884,6.905673985914344],[79.85929110835922,6.905674087873181],[79.85929119573923,6.905674182061258],[79.8592912848289,6.90567426847858],[79.85929137562819,6.905674347125146],[79.85929146813717,6.905674418000955],[79.85929156235579,6.905674481106009],[79.85929165828405,6.905674536440305],[79.859291755922,6.905674584003841],[79.859291755922,6.905674584003841],[79.85929185381019,6.905674625004484],[79.85929195048928,6.905674660650091],[79.85929204595931,6.905674690940655],[79.8592921402202,6.905674715876189],[79.85929223327201,6.9056747354566825],[79.85929232511472,6.905674749682141],[79.85929241574836,6.9056747585525615],[79.85929250517289,6.905674762067943],[79.85929259338835,6.905674760228291],[79.85929268039465,6.905674753033601],[79.85929276619188,6.905674740483871],[79.85929285078002,6.905674722579109],[79.85929338424364,6.9056786068038996]],[[79.85929146445876,6.905673063852296],[79.85929146445876,6.905673063852296],[79.85929141285759,6.905672968572559],[79.85929136722181,6.90567287443148],[79.85929132755138,6.905672781429062],[79.8592912938463,6.905672689565307],[79.85929126610664,6.905672598840213],[79.85929124433231,6.9056725092537725],[79.85929122852336,6.905672420806002],[79.85929121867977,6.90567233349689],[79.85929121480159,6.905672247326432],[79.85929121688875,6.905672162294641],[79.85929122494129,6.9056720784015075],[79.85929123895919,6.905671995647038],[79.85929123895919,6.905671995647038],[79.85929125787723,6.905671915392549],[79.85929128433722,6.90567183689059],[79.85929131833913,6.905671760141155],[79.859291359883,6.905671685144236],[79.85929140896879,6.905671611899845],[79.8592914655965,6.90567154040798],[79.85929152976618,6.905671470668638],[79.85929160147778,6.905671402681815],[79.8592916807313,6.905671336447524],[79.8592917675268,6.905671271965748],[79.8592918618642,6.905671209236501],[79.85929196374354,6.905671148259782],[79.85929269773517,6.905670730719733],[79.85929407792702,6.905673154331883],[79.85929314375585,6.905673685746494],[79.85929314375585,6.905673685746494],[79.85929307669554,6.905673721502603],[79.85929300896765,6.905673752854559],[79.85929294057215,6.9056737798023615],[79.85929287150907,6.905673802346011],[79.85929280177841,6.905673820485506],[79.85929273138015,6.90567383422085],[79.85929266031431,6.905673843552045],[79.8592925885809,6.905673848479077],[79.85929251617986,6.905673849001963],[79.85929244311126,6.905673845120693],[79.85929236937505,6.905673836835264],[79.85929229497127,6.905673824145693],[79.85929229497127,6.905673824145693],[79.85929221950305,6.905673803123253],[79.85929214517283,6.905673774403478],[79.85929207198056,6.905673737986371],[79.85929199992626,6.905673693871915],[79.85929192900991,6.9056736420601394],[79.85929185923155,6.90567358255102],[79.85929179059116,6.905673515344577],[79.85929172308876,6.905673440440789],[79.85929165672431,6.905673357839664],[79.85929159149782,6.905673267541209],[79.85929152740931,6.905673169545422],[79.85929146445876,6.905673063852296]]],[[[79.85928676384067,6.905677745532456],[79.85928676384067,6.905677745532456],[79.85928693681228,6.905678035990835],[79.85928710806729,6.905678308762247],[79.8592872776058,6.905678563846699],[79.85928744542778,6.905678801244181],[79.85928761153319,6.9056790209547],[79.85928777592207,6.90567922297825],[79.85928793859436,6.905679407314851],[79.85928809955016,6.90567957396447],[79.85928825878939,6.905679722927134],[79.8592884163121,6.905679854202829],[79.85928857211825,6.905679967791559],[79.85928872620784,6.9056800636933255],[79.85928872620784,6.9056800636933255],[79.85928887587283,6.905680142769631],[79.85928902436153,6.905680208102399],[79.85928917167391,6.905680259691632],[79.85928931780995,6.905680297537337],[79.85928946276974,6.905680321639502],[79.8592896065532,6.905680331998134],[79.85928974916037,6.90568032861324],[79.85928989059124,6.905680311484802],[79.85929003084578,6.9056802806128355],[79.85929016992402,6.905680235997339],[79.85929030782596,6.9056801776383],[79.8592904445516,6.905680105535732],[79.8592904445516,6.905680105535732],[79.85929057515577,6.905680022558359],[79.85929069469331,6.905679931574911],[79.85929080316421,6.905679832585365],[79.85929090056848,6.905679725589746],[79.85929098690609,6.905679610588042],[79.85929106217709,6.905679487580255],[79.85929112638145,6.905679356566392],[79.85929117951918,6.9056792175464405],[79.85929122159027,6.90567907052041],[79.85929125259472,6.905678915488298],[79.85929127253253,6.905678752450106],[79.85929128140373,6.905678581405831],[79.85929128140373,6.905678581405831],[79.85929127617811,6.905678399146973],[79.85929125629127,6.905678206710475],[79.8592912217432,6.905678004096317],[79.8592911725339,6.9056777913045],[79.85929110866334,6.90567756833504],[79.85929103013157,6.905677335187925],[79.85929093693849,6.905677091863157],[79.85929082908423,6.905676838360742],[79.85929070656871,6.9056765746806645],[79.85929056939196,6.905676300822939],[79.85929041755395,6.9056760167875595],[79.85929025105472,6.905675722574528],[79.85929025105472,6.905675722574528],[79.85929007811312,6.905675432335227],[79.8592899069481,6.905675160221057],[79.85928973755968,6.905674906232004],[79.8592895699478,6.905674670368078],[79.85928940411252,6.905674452629273],[79.8592892400538,6.9056742530155955],[79.85928907777166,6.905674071527042],[79.85928891726607,6.905673908163609],[79.85928875853705,6.905673762925302],[79.85928860158464,6.905673635812114],[79.85928844640874,6.90567352682405],[79.85928829300946,6.905673435961112],[79.85928829300946,6.905673435961112],[79.85928814118068,6.905673360859676],[79.85928799071635,6.905673299156139],[79.8592878416165,6.905673250850495],[79.85928769388111,6.905673215942746],[79.85928754751015,6.905673194432882],[79.85928740250368,6.9056731863209135],[79.85928725886168,6.90567319160683],[79.85928711658414,6.9056732102906535],[79.85928697567101,6.905673242372361],[79.8592868361224,6.905673287851972],[79.85928669793822,6.90567334672946],[79.8592865611185,6.905673419004846],[79.8592865611185,6.905673419004846],[79.8592864306084,6.9056735018093995],[79.85928631135312,6.905673592274392],[79.8592862033526,6.90567369039983],[79.85928610660687,6.905673796185706],[79.85928602111595,6.905673909632027],[79.85928594687984,6.905674030738786],[79.85928588389848,6.905674159505985],[79.8592858321719,6.905674295933627],[79.85928579170015,6.905674440021707],[79.8592857624832,6.905674591770231],[79.859285744521,6.905674751179196],[79.85928573781361,6.905674918248603],[79.85928573781361,6.905674918248603],[79.8592857423489,6.905675095468622],[79.85928576160542,6.90567528330446],[79.85928579558325,6.9056754817561],[79.85928584428234,6.9056756908235615],[79.8592859077027,6.905675910506832],[79.85928598584431,6.905676140805918],[79.85928607870723,6.905676381720809],[79.85928618629138,6.905676633251513],[79.8592863085968,6.905676895398032],[79.8592864456235,6.905677168160363],[79.85928659737144,6.905677451538503],[79.85928676384067,6.905677745532456]],[[79.8592875178329,6.905677308136152],[79.8592875178329,6.905677308136152],[79.85928736892811,6.9056770472306805],[79.85928723288846,6.905676799436733],[79.85928710971388,6.905676564754322],[79.85928699940445,6.905676343183437],[79.85928690196008,6.905676134724084],[79.85928681738082,6.905675939376259],[79.85928674566662,6.905675757139962],[79.85928668681763,6.9056755880151925],[79.85928664083366,6.905675432001949],[79.85928660771482,6.905675289100231],[79.85928658746107,6.905675159310051],[79.85928658007244,6.905675042631398],[79.85928658007244,6.905675042631398],[79.85928658199241,6.90567493545166],[79.8592865896644,6.905674834158238],[79.85928660308849,6.905674738751124],[79.85928662226465,6.905674649230321],[79.85928664719287,6.905674565595828],[79.85928667787317,6.905674487847646],[79.85928671430553,6.905674415985774],[79.85928675648996,6.905674350010206],[79.85928680442646,6.9056742899209524],[79.85928685811504,6.905674235718012],[79.85928691755568,6.905674187401383],[79.85928698274837,6.90567414497106],[79.85928698274837,6.90567414497106],[79.85928705209325,6.905674109355165],[79.85928712399037,6.905674081481812],[79.85928719843977,6.905674061351006],[79.8592872754414,6.90567404896275],[79.8592873549953,6.905674044317034],[79.85928743710144,6.905674047413858],[79.85928752175987,6.905674058253236],[79.85928760897052,6.905674076835155],[79.85928769873345,6.905674103159614],[79.8592877910486,6.905674137226621],[79.85928788591603,6.90567417903617],[79.85928798333575,6.905674228588266],[79.85928798333575,6.905674228588266],[79.85928808271899,6.905674291900187],[79.8592881869678,6.905674372964216],[79.85928829608221,6.9056744717803635],[79.85928841006218,6.9056745883486235],[79.85928852890773,6.905674722668999],[79.8592886526188,6.905674874741491],[79.85928878119549,6.905675044566092],[79.85928891463777,6.905675232142815],[79.8592890529456,6.9056754374716505],[79.85928919611897,6.9056756605526015],[79.85928934415793,6.905675901385666],[79.8592894970625,6.905676159970839],[79.8592894970625,6.905676159970839],[79.85928964599728,6.9056764210953885],[79.859289782127,6.905676669546577],[79.85928990545162,6.905676905324388],[79.85929001597118,6.905677128428821],[79.85929011368566,6.90567733885989],[79.85929019859506,6.905677536617596],[79.85929027069938,6.905677721701926],[79.85929032999864,6.905677894112888],[79.85929037649282,6.905678053850481],[79.8592904101819,6.905678200914702],[79.85929043106593,6.905678335305551],[79.85929043914489,6.905678457023039],[79.85929043914489,6.905678457023039],[79.85929043506114,6.905678568177643],[79.85929042541348,6.9056786731002955],[79.85929041020191,6.905678771791001],[79.85929038942645,6.905678864249753],[79.85929036308703,6.905678950476559],[79.85929033118376,6.905679030471404],[79.85929029371651,6.905679104234303],[79.85929025068539,6.90567917176525],[79.85929020209036,6.9056792330642445],[79.85929014793138,6.905679288131287],[79.85929008820851,6.905679336966387],[79.85929002292174,6.90567937956953],[79.85929002292174,6.90567937956953],[79.85928995367094,6.905679415012602],[79.85928988205605,6.905679442367494],[79.85928980807705,6.905679461634194],[79.85928973173397,6.905679472812706],[79.85928965302676,6.90567947590304],[79.85928957195546,6.9056794709051905],[79.85928948852006,6.905679457819154],[79.85928940272058,6.905679436644925],[79.85928931455697,6.9056794073825145],[79.85928922402924,6.905679370031922],[79.85928913113747,6.905679324593144],[79.85928903588157,6.905679271066172],[79.85928903588157,6.905679271066172],[79.859288935808,6.905679202715432],[79.8592888309289,6.905679117050725],[79.85928872124425,6.90567901407207],[79.85928860675405,6.905678893779458],[79.85928848745831,6.905678756172887],[79.85928836335702,6.9056786012523625],[79.85928823445022,6.905678429017889],[79.85928810073786,6.90567823946945],[79.85928796221991,6.905678032607058],[79.85928781889645,6.905677808430711],[79.85928767076744,6.905677566940413],[79.8592875178329,6.905677308136152]]],[[[79.8592817590342,6.905678935803106],[79.8592817590342,6.905678935803106],[79.85928185416843,6.905679087518713],[79.85928195201039,6.9056792302344965],[79.85928205256015,6.905679363950453],[79.85928215581765,6.90567948866658],[79.85928226178292,6.905679604382892],[79.85928237045593,6.9056797110993715],[79.85928248183674,6.905679808816022],[79.8592825959253,6.90567989753285],[79.85928271272161,6.905679977249854],[79.85928283222567,6.905680047967034],[79.85928295443753,6.905680109684385],[79.85928307935714,6.905680162401912],[79.85928307935714,6.905680162401912],[79.85928320569424,6.905680205417893],[79.8592833321586,6.905680238030602],[79.8592834587502,6.905680260240043],[79.85928358546909,6.905680272046211],[79.8592837123152,6.905680273449116],[79.85928383928858,6.905680264448754],[79.85928396638921,6.905680245045112],[79.85928409361706,6.905680215238208],[79.8592842209722,6.905680175028031],[79.8592843484546,6.905680124414592],[79.85928447606425,6.905680063397875],[79.8592846038011,6.905679991977893],[79.85928549329269,6.905679458691424],[79.85928706411335,6.905682075301379],[79.85928776957219,6.905681652350043],[79.85928376046279,6.905674974136576],[79.85928216551237,6.905675930374367],[79.85928216551237,6.905675930374367],[79.85928204233423,6.905676009388159],[79.8592819284009,6.905676093186306],[79.8592818237124,6.9056761817688],[79.85928172826863,6.905676275135642],[79.85928164206963,6.905676373286839],[79.85928156511544,6.905676476222383],[79.85928149740603,6.905676583942285],[79.8592814389414,6.905676696446534],[79.85928138972156,6.9056768137351305],[79.85928134974651,6.9056769358080805],[79.85928131901622,6.905677062665375],[79.85928129753074,6.905677194307033],[79.85928129753074,6.905677194307033],[79.8592812852778,6.905677329265094],[79.85928128224514,6.9056774660716265],[79.85928128843275,6.905677604726643],[79.85928130384066,6.905677745230132],[79.85928132846887,6.905677887582088],[79.85928136231735,6.905678031782525],[79.85928140538608,6.905678177831437],[79.85928145767515,6.905678325728823],[79.85928151918449,6.9056784754746845],[79.8592815899141,6.905678627069015],[79.85928166986403,6.905678780511824],[79.8592817590342,6.905678935803106]],[[79.85928246449303,6.905678512851776],[79.85928246449303,6.905678512851776],[79.85928239412104,6.905678391286326],[79.85928233149058,6.9056782739312],[79.85928227660162,6.905678160786411],[79.85928222945421,6.905678051851951],[79.85928219004832,6.905677947127819],[79.85928215838398,6.905677846614022],[79.85928213446115,6.905677750310558],[79.85928211827985,6.905677658217425],[79.85928210984008,6.905677570334624],[79.85928210914184,6.90567748666215],[79.85928211618513,6.90567740720001],[79.85928213096997,6.905677331948205],[79.85928213096997,6.905677331948205],[79.85928215268227,6.905677259550688],[79.85928218050795,6.905677188651433],[79.85928221444702,6.905677119250432],[79.85928225449953,6.9056770513476815],[79.8592823006654,6.905676984943198],[79.85928235294466,6.905676920036965],[79.85928241133735,6.905676856628989],[79.85928247584343,6.905676794719271],[79.8592825464629,6.905676734307809],[79.85928262319578,6.905676675394604],[79.85928270604204,6.905676617979657],[79.85928279500173,6.905676562062958],[79.85928350046055,6.905676139111629],[79.85928504783611,6.905678716667707],[79.85928434237726,6.9056791396190444],[79.85928434237726,6.9056791396190444],[79.85928425113819,6.905679191738828],[79.85928416145377,6.905679237763063],[79.859284073324,6.9056792776917435],[79.85928398674885,6.90567931152487],[79.8592839017283,6.905679339262452],[79.85928381826241,6.905679360904466],[79.85928373635116,6.905679376450933],[79.85928365599455,6.905679385901848],[79.85928357719254,6.905679389257204],[79.85928349994518,6.905679386517013],[79.85928342425242,6.905679377681261],[79.85928335011432,6.905679362749964],[79.85928335011432,6.905679362749964],[79.85928327671681,6.905679340367077],[79.85928320324577,6.905679309176552],[79.85928312970125,6.905679269178399],[79.85928305608321,6.905679220372627],[79.85928298239169,6.90567916275922],[79.85928290862667,6.905679096338184],[79.85928283478815,6.905679021109525],[79.85928276087613,6.905678937073233],[79.8592826868906,6.9056788442293096],[79.85928261283158,6.905678742577762],[79.85928253869905,6.905678632118585],[79.85928246449303,6.905678512851776]]],[[[79.85927461699552,6.9056846021652865],[79.85927461699552,6.9056846021652865],[79.85927480383951,6.905684903210958],[79.85927498819672,6.905685185961716],[79.85927517006719,6.905685450417553],[79.85927534945088,6.905685696578477],[79.8592755263478,6.905685924444483],[79.85927570075793,6.905686134015572],[79.85927587268132,6.905686325291749],[79.85927604211793,6.905686498273011],[79.8592762090678,6.905686652959353],[79.85927637353088,6.905686789350779],[79.85927653550718,6.905686907447288],[79.85927669499672,6.9056870072488845],[79.85927669499672,6.9056870072488845],[79.85927684930536,6.905687089635035],[79.85927700184052,6.9056871578059065],[79.8592771526022,6.905687211761499],[79.85927730159041,6.905687251501814],[79.85927744880519,6.905687277026837],[79.85927759424645,6.905687288336586],[79.85927773791424,6.905687285431048],[79.8592778798086,6.9056872683102295],[79.85927801992946,6.905687236974135],[79.85927815827685,6.905687191422754],[79.85927829485078,6.905687131656092],[79.85927842965124,6.9056870576741485],[79.85927842965124,6.9056870576741485],[79.85927855781385,6.905686972422487],[79.8592786744742,6.905686878846664],[79.8592787796323,6.905686776946683],[79.85927887328816,6.905686666722548],[79.8592789554418,6.905686548174254],[79.85927902609318,6.905686421301799],[79.85927908524228,6.90568628610519],[79.85927913288918,6.905686142584416],[79.85927916903383,6.905685990739495],[79.85927919367622,6.905685830570402],[79.85927920681637,6.905685662077166],[79.85927920845427,6.905685485259768],[79.85927920845427,6.905685485259768],[79.85927919539708,6.905685296788097],[79.85927916711988,6.905685097731951],[79.85927912362267,6.905684888091335],[79.85927906490546,6.905684667866242],[79.85927899096819,6.905684437056673],[79.85927890181094,6.905684195662634],[79.85927879743365,6.905683943684117],[79.85927867783636,6.905683681121125],[79.85927854301903,6.905683407973658],[79.8592783929817,6.905683124241716],[79.85927822772436,6.905682829925302],[79.85927804724699,6.905682525024417],[79.85927804724699,6.905682525024417],[79.85927786044262,6.905682224205391],[79.85927767620427,6.905681942134568],[79.85927749453197,6.905681678811964],[79.85927731542567,6.905681434237567],[79.8592771388854,6.905681208411378],[79.85927696491116,6.905681001333399],[79.85927679350293,6.9056808130036265],[79.85927662466074,6.905680643422062],[79.85927645838456,6.9056804925887105],[79.85927629467442,6.905680360503561],[79.85927613353029,6.905680247166629],[79.85927597495218,6.9056801525778955],[79.85927597495218,6.9056801525778955],[79.8592758186313,6.905680074292616],[79.85927566425887,6.905680009866025],[79.85927551183488,6.905679959298106],[79.85927536135938,6.905679922588874],[79.85927521283229,6.905679899738332],[79.85927506625367,6.905679890746468],[79.85927492162348,6.9056798956132885],[79.85927477894174,6.905679914338798],[79.85927463820848,6.90567994692298],[79.85927449942363,6.905679993365857],[79.85927436258723,6.905680053667411],[79.85927422769927,6.905680127827655],[79.85927422769927,6.905680127827655],[79.85927409962417,6.905680212901021],[79.8592739832263,6.905680305941942],[79.8592738785056,6.9056804069504265],[79.85927378546218,6.905680515926475],[79.85927370409595,6.9056806328700775],[79.85927363440696,6.905680757781245],[79.8592735763952,6.905680890659968],[79.85927353006065,6.905681031506251],[79.85927349540331,6.905681180320102],[79.8592734724232,6.905681337101508],[79.85927346112031,6.905681501850474],[79.85927346149465,6.9056816745670035],[79.85927346149465,6.9056816745670035],[79.8592734736404,6.905681857825806],[79.8592735010854,6.905682052122371],[79.8592735438297,6.905682257456709],[79.85927360187327,6.905682473828817],[79.85927367521609,6.90568270123869],[79.85927376385818,6.905682939686325],[79.85927386779957,6.905683189171734],[79.85927398704021,6.905683449694914],[79.85927412158013,6.9056837212558575],[79.85927427141932,6.905684003854561],[79.85927443655778,6.905684297491044],[79.85927461699552,6.9056846021652865]],[[79.85927535867151,6.905684153053748],[79.85927535867151,6.905684153053748],[79.85927519736047,6.90568388266515],[79.85927504958346,6.905683625887077],[79.85927491534054,6.905683382719526],[79.85927479463163,6.905683153162506],[79.8592746874568,6.905682937216002],[79.85927459381604,6.905682734880028],[79.85927451370931,6.905682546154564],[79.85927444713667,6.90568237103964],[79.85927439409805,6.905682209535235],[79.8592743545935,6.905682061641352],[79.859274328623,6.905681927357999],[79.85927431618653,6.905681806685163],[79.85927431618653,6.905681806685163],[79.85927431354321,6.905681695872711],[79.85927431695208,6.905681591170485],[79.85927432641316,6.905681492578492],[79.8592743419264,6.9056814000967375],[79.85927436349182,6.905681313725206],[79.85927439110947,6.905681233463909],[79.85927442477929,6.905681159312842],[79.8592744645013,6.90568109127201],[79.85927451027547,6.905681029341408],[79.85927456210187,6.905680973521036],[79.85927461998044,6.9056809238108965],[79.8592746839112,6.9056808802109915],[79.8592746839112,6.9056808802109915],[79.8592747523204,6.905680843674288],[79.85927482363418,6.90568081515377],[79.85927489785269,6.905680794649438],[79.85927497497582,6.905680782161287],[79.85927505500356,6.905680777689322],[79.85927513793598,6.905680781233541],[79.85927522377304,6.905680792793943],[79.85927531251473,6.905680812370522],[79.85927540416108,6.905680839963291],[79.85927549871205,6.905680875572242],[79.85927559616769,6.905680919197372],[79.85927569652797,6.905680970838685],[79.85927569652797,6.905680970838685],[79.85927579945634,6.905681036715411],[79.85927590804988,6.905681120967529],[79.85927602230863,6.9056812235950575],[79.85927614223256,6.905681344597988],[79.85927626782168,6.905681483976319],[79.859276399076,6.905681641730061],[79.85927653599552,6.9056818178592],[79.8592766785802,6.905682012363747],[79.85927682683014,6.905682225243688],[79.85927698074522,6.9056824564990436],[79.85927714032552,6.905682706129798],[79.85927730557098,6.90568297413595],[79.85927730557098,6.90568297413595],[79.85927746692165,6.905683244751201],[79.85927761481756,6.905683502209211],[79.85927774925865,6.905683746509993],[79.85927787024491,6.905683977653542],[79.8592779777764,6.905684195639862],[79.85927807185307,6.9056844004689495],[79.85927815247496,6.905684592140801],[79.85927821964205,6.905684770655426],[79.85927827335432,6.905684936012817],[79.8592783136118,6.9056850882129845],[79.85927834041449,6.905685227255911],[79.85927835376236,6.905685353141611],[79.85927835376236,6.905685353141611],[79.85927835439345,6.90568546805494],[79.8592783491473,6.905685576501437],[79.85927833802396,6.905685678481103],[79.8592783210234,6.905685773993943],[79.85927829814563,6.905685863039954],[79.85927826939066,6.9056859456191395],[79.85927823475848,6.905686021731489],[79.85927819424906,6.905686091377016],[79.85927814786243,6.905686154555708],[79.8592780955986,6.905686211267571],[79.85927803745756,6.905686261512609],[79.85927797343932,6.905686305290814],[79.85927797343932,6.905686305290814],[79.85927790511764,6.905686341649214],[79.85927783406625,6.905686369634838],[79.85927776028521,6.9056863892476805],[79.85927768377454,6.905686400487737],[79.85927760453417,6.905686403355017],[79.85927752256413,6.905686397849513],[79.85927743786444,6.90568638397123],[79.85927735043506,6.905686361720162],[79.85927726027604,6.9056863310963115],[79.85927716738735,6.905686292099684],[79.85927707176897,6.905686244730281],[79.85927697342093,6.905686188988088],[79.85927697342093,6.905686188988088],[79.85927686958112,6.905686117898505],[79.8592767601554,6.90568602888681],[79.85927664514374,6.905685921953003],[79.85927652454613,6.905685797097087],[79.8592763983626,6.905685654319051],[79.85927626659313,6.905685493618917],[79.85927612923768,6.905685314996663],[79.85927598629632,6.905685118452304],[79.85927583776902,6.90568490398583],[79.85927568365581,6.905684671597248],[79.85927552395664,6.905684421286556],[79.85927535867151,6.905684153053748]]],[[[79.85926440535428,6.905686659226338],[79.85926695853355,6.905685078614551],[79.85926831900012,6.905687273013064],[79.8592663885475,6.905688468109784],[79.85926685013436,6.905689212637848],[79.85926878058702,6.905688017541126],[79.85927065122853,6.90569103483907],[79.85927136736417,6.905690591496736],[79.85926721308235,6.9056838907441565],[79.85926394376742,6.905685914698275],[79.85926440535428,6.905686659226338]]],[[[79.85925996995668,6.905697132334418],[79.85926076350815,6.905696659211707],[79.8592599675734,6.905694274530836],[79.85926142241773,6.905693407139187],[79.85926314416254,6.905695239843544],[79.859263937714,6.90569476672082],[79.85925817543875,6.905688869302173],[79.85925751414588,6.905689263571101],[79.85925996995668,6.905697132334418]],[[79.8592596816144,6.905693420017196],[79.8592587617954,6.905690677616208],[79.85925882792469,6.905690638189316],[79.85926080581228,6.905692749760015],[79.8592596816144,6.905693420017196]]],[[[79.8592553757255,6.9056993305717995],[79.85925612067508,6.905698902560248],[79.8592555921724,6.905695399044374],[79.85925639920107,6.905694935365191],[79.85925804512809,6.905697796863741],[79.85925875903807,6.9056973866860005],[79.85925495561216,6.905690774304225],[79.85925340363391,6.905691665994955],[79.85925340363391,6.905691665994955],[79.85925328321767,6.905691739348495],[79.85925317028546,6.905691816738598],[79.8592530648372,6.905691898165282],[79.85925296687303,6.90569198362852],[79.85925287639282,6.905692073128331],[79.85925279339662,6.905692166664709],[79.85925271788449,6.905692264237649],[79.85925264985636,6.90569236584716],[79.8592525893122,6.905692471493238],[79.85925253625209,6.905692581175887],[79.85925249067598,6.905692694895101],[79.85925245258389,6.905692812650874],[79.85925245258389,6.905692812650874],[79.85925242249685,6.905692932357475],[79.8592524034072,6.905693056225699],[79.85925239531494,6.9056931842555365],[79.85925239822011,6.905693316446996],[79.85925241212266,6.905693452800084],[79.85925243702265,6.905693593314776],[79.85925247292,6.9056937379911],[79.8592525198148,6.905693886829042],[79.859252577707,6.905694039828606],[79.8592526465966,6.905694196989776],[79.85925272648362,6.905694358312582],[79.85925281736802,6.905694523797002],[79.85925281736802,6.905694523797002],[79.85925289227426,6.905694649038072],[79.85925296871125,6.9056947669686055],[79.85925304667903,6.905694877588607],[79.85925312617758,6.905694980898079],[79.85925320720688,6.905695076897021],[79.85925328976698,6.90569516558543],[79.85925337385781,6.905695246963313],[79.85925345947943,6.90569532103066],[79.85925354663185,6.905695387787473],[79.85925363531499,6.905695447233759],[79.8592537255289,6.905695499369517],[79.85925381727361,6.905695544194742],[79.85925381727361,6.905695544194742],[79.85925390919466,6.905695582844888],[79.85925399993768,6.905695616455414],[79.85925408950264,6.905695645026321],[79.85925417788955,6.905695668557613],[79.85925426509843,6.905695687049281],[79.85925435112927,6.9056957005013295],[79.85925443598202,6.905695708913759],[79.85925451965676,6.905695712286563],[79.85925460215344,6.905695710619756],[79.85925468347207,6.905695703913319],[79.85925476361267,6.9056956921672645],[79.85925484257518,6.9056956753816],[79.8592553757255,6.9056993305717995]],[[79.85925353127801,6.905694113619269],[79.85925353127801,6.905694113619269],[79.85925348217427,6.905694023929709],[79.85925343866033,6.905693935315899],[79.85925340073614,6.905693847777829],[79.85925336840172,6.90569376131551],[79.85925334165708,6.905693675928928],[79.85925332050218,6.905693591618099],[79.85925330493704,6.905693508383012],[79.85925329496168,6.905693426223669],[79.85925329057609,6.905693345140073],[79.85925329178028,6.9056932651322205],[79.8592532985742,6.905693186200114],[79.85925331095791,6.905693108343764],[79.85925331095791,6.905693108343764],[79.859253327947,6.905693032843288],[79.85925335200588,6.905692958997318],[79.85925338313457,6.905692886805847],[79.8592534213331,6.905692816268865],[79.85925346660143,6.905692747386387],[79.85925351893957,6.905692680158409],[79.85925357834755,6.905692614584918],[79.85925364482533,6.9056925506659335],[79.85925371837294,6.905692488401445],[79.85925379899034,6.905692427791453],[79.85925388667756,6.905692368835961],[79.85925398143462,6.905692311534968],[79.85925466430506,6.9056919191910495],[79.85925597659818,6.905694200656107],[79.85925510749037,6.90569470000292],[79.85925510749037,6.90569470000292],[79.85925504507966,6.905694733598295],[79.85925498200575,6.905694763049163],[79.8592549182687,6.905694788355521],[79.85925485386842,6.905694809517385],[79.85925478880499,6.905694826534732],[79.85925472307838,6.9056948394075715],[79.85925465668858,6.905694848135912],[79.85925458963557,6.905694852719738],[79.85925452191945,6.905694853159064],[79.8592544535401,6.905694849453879],[79.85925438449759,6.905694841604191],[79.85925431479188,6.905694829609999],[79.85925431479188,6.905694829609999],[79.85925424401728,6.9056948097743405],[79.85925417423934,6.9056947826968305],[79.85925410545809,6.9056947483774485],[79.85925403767357,6.905694706816213],[79.8592539708857,6.905694658013105],[79.8592539050945,6.90569460196815],[79.85925384030006,6.905694538681324],[79.85925377650227,6.905694468152638],[79.85925371370116,6.905694390382084],[79.85925365189676,6.90569430536968],[79.85925359108901,6.905694213115407],[79.85925353127801,6.905694113619269]]],[[[79.8592507691911,6.905702194374278],[79.85925435327047,6.905700063440205],[79.85925040398175,6.905693429474497],[79.8592469955926,6.905695455950998],[79.85924743440242,6.905696193058306],[79.85925003461685,6.905694647086536],[79.8592512586654,6.905696703227956],[79.85924886927918,6.905698123850668],[79.85924930808902,6.905698860957968],[79.85925169747527,6.905697440335255],[79.85925310628588,6.905699806837646],[79.85925033038124,6.905701457266971],[79.8592507691911,6.905702194374278]]],[[[79.85924631520656,6.9057046949695815],[79.8592470479395,6.905704247552743],[79.85924621499883,6.905701925323132],[79.8592475583426,6.905701105058919],[79.8592492461384,6.905702905302199],[79.85924997887135,6.905702457885357],[79.8592443383122,6.905696661816883],[79.8592437277014,6.905697034664251],[79.85924631520656,6.9057046949695815]],[[79.85924591582142,6.905701093177467],[79.85924495369754,6.905698422533087],[79.85924501475864,6.9056983852483524],[79.85924695385977,6.905700459336935],[79.85924591582142,6.905701093177467]]]]}},{"type":"Feature","properties":{"Type":21,"ImageName":null,"MCode":null,"SCode":null,"ID":null,"Type(Strin":null,"Type(Strin_2":null},"geometry":{"type":"Polygon","coordinates":[[[79.85926891848344,6.905684005357576],[79.85927147874895,6.905682690122453],[79.85927262810209,6.905684924580673],[79.85927069229159,6.905685919026743],[79.8592710822507,6.905686677146492],[79.85927301806119,6.905685682700424],[79.85927459842179,6.9056887550804715],[79.85927531654504,6.905688386173058],[79.85927180691309,6.905681563095287],[79.85926852852435,6.905683247237813],[79.85926891848344,6.905684005357576]]]}},{"type":"Feature","properties":{"Type":6,"ImageName":null,"MCode":null,"SCode":null,"ID":null,"Type(Strin":null,"Type(Strin_2":null},"geometry":{"type":"Polygon","coordinates":[[[79.86077388142552,6.90528606760619],[79.86077914320602,6.905288257069304],[79.86078405293995,6.905285363996673],[79.86077879115946,6.90528317453361],[79.86077388142552,6.90528606760619]],[[79.86077539770534,6.905285962718291],[79.86077884363947,6.905283932193293],[79.86078253666014,6.9052854688846],[79.860779090726,6.905287499409622],[79.86077539770534,6.905285962718291]]]}},{"type":"Feature","properties":{"Type":6,"ImageName":null,"MCode":null,"SCode":null,"ID":null,"Type(Strin":null,"Type(Strin_2":null},"geometry":{"type":"Polygon","coordinates":[[[79.8607750566112,6.905315125423269],[79.86078042428174,6.9053176848511475],[79.86078569377817,6.905314929204567],[79.86078032610762,6.905312369776741],[79.8607750566112,6.905315125423269]],[[79.8607766423064,6.905315096172724],[79.86078034074254,6.905313162101245],[79.86078410808294,6.905314958455134],[79.8607804096468,6.905316892526645],[79.8607766423064,6.905315096172724]]]}},{"type":"Feature","properties":{"Type":6,"ImageName":null,"MCode":null,"SCode":null,"ID":null,"Type(Strin":null,"Type(Strin_2":null},"geometry":{"type":"Polygon","coordinates":[[[79.86077678306526,6.9053465251987785],[79.86078210885874,6.905348652989296],[79.86078700757727,6.905345671652558],[79.86078168178379,6.905343543862099],[79.86077678306526,6.9053465251987785]],[[79.86077830724551,6.905346397959639],[79.86078174544838,6.905344305485814],[79.86078548339702,6.905345798891735],[79.86078204519417,6.905347891365587],[79.86077830724551,6.905346397959639]]]}},{"type":"Feature","properties":{"Type":21,"ImageName":null,"MCode":null,"SCode":null,"ID":null,"Type(Strin":null,"Type(Strin_2":null},"geometry":{"type":"MultiPolygon","coordinates":[[[[79.86093479204912,6.90526928357499],[79.86093479204912,6.90526928357499],[79.86093481079877,6.90526947277648],[79.86093483620022,6.905269654708151],[79.86093486825357,6.905269829369989],[79.86093490695872,6.905269996762011],[79.86093495231574,6.905270156884214],[79.8609350043246,6.905270309736589],[79.86093506298533,6.905270455319149],[79.86093512829787,6.9052705936318794],[79.86093520026226,6.905270724674797],[79.8609352788785,6.905270848447889],[79.8609353641466,6.90527096495116],[79.86093545606654,6.905271074184604],[79.86093545606654,6.905271074184604],[79.86093555376115,6.905271174870601],[79.86093565635322,6.905271265731515],[79.86093576384279,6.90527134676735],[79.86093587622979,6.905271417978103],[79.86093599351429,6.905271479363771],[79.86093611569626,6.9052715309243675],[79.86093624277571,6.905271572659877],[79.86093637475261,6.905271604570303],[79.86093651162697,6.905271626655659],[79.86093665339885,6.905271638915923],[79.86093680006817,6.905271641351109],[79.86093695163498,6.905271633961212],[79.86093802358316,6.90527154833627],[79.86093828193023,6.905274778345955],[79.86093913209604,6.905274710436509],[79.86093847273254,6.905266466680458],[79.86093655061862,6.9052666202148405],[79.86093655061862,6.9052666202148405],[79.86093639980159,6.905266636978732],[79.86093625538155,6.905266662665517],[79.86093611735852,6.905266697275204],[79.86093598573245,6.905266740807802],[79.86093586050343,6.905266793263296],[79.86093574167138,6.905266854641696],[79.86093562923635,6.905266924942996],[79.8609355231983,6.905267004167194],[79.86093542355727,6.905267092314303],[79.86093533031323,6.905267189384304],[79.86093524346619,6.905267295377218],[79.86093516301615,6.905267410293026],[79.86093516301615,6.905267410293026],[79.86093508962605,6.90526753273108],[79.86093502395894,6.90526766129074],[79.86093496601474,6.905267795971989],[79.86093491579346,6.905267936774835],[79.86093487329516,6.905268083699271],[79.86093483851978,6.905268236745304],[79.86093481146732,6.9052683959129295],[79.86093479213783,6.905268561202153],[79.86093478053124,6.90526873261297],[79.86093477664758,6.905268910145385],[79.8609347804869,6.905269093799393],[79.86093479204912,6.90526928357499]],[[79.86093564221493,6.905269215665558],[79.86093564221493,6.905269215665558],[79.86093563263604,6.905269066836296],[79.86093562832028,6.905268925672816],[79.86093562926764,6.905268792175106],[79.86093563547813,6.9052686663431775],[79.86093564695176,6.905268548177025],[79.86093566368847,6.905268437676646],[79.86093568568833,6.905268334842049],[79.8609357129513,6.9052682396732274],[79.86093574547738,6.905268152170184],[79.86093578326658,6.905268072332911],[79.86093582631895,6.9052680001614215],[79.86093587463438,6.90526793565571],[79.86093587463438,6.90526793565571],[79.86093592807906,6.905267877141844],[79.86093598651912,6.905267822945904],[79.8609360499545,6.905267773067881],[79.86093611838523,6.905267727507789],[79.86093619181133,6.905267686265611],[79.86093627023274,6.905267649341356],[79.86093635364949,6.905267616735029],[79.86093644206163,6.905267588446628],[79.86093653546911,6.9052675644761425],[79.86093663387192,6.90526754482358],[79.8609367372701,6.905267529488946],[79.8609368456636,6.905267518472228],[79.86093769582938,6.905267450562792],[79.86093795032053,6.905270632363372],[79.86093710015474,6.905270700272809],[79.86093710015474,6.905270700272809],[79.86093699138635,6.905270706602533],[79.86093688686354,6.905270707876185],[79.86093678658632,6.9052707040937635],[79.86093669055467,6.905270695255276],[79.8609365987686,6.905270681360719],[79.86093651122815,6.905270662410093],[79.86093642793325,6.905270638403397],[79.86093634888395,6.905270609340633],[79.86093627408022,6.905270575221801],[79.86093620352209,6.905270536046903],[79.86093613720953,6.905270491815928],[79.86093607514258,6.905270442528893],[79.86093607514258,6.905270442528893],[79.86093601718727,6.905270386511857],[79.86093596320984,6.905270322090903],[79.86093591321017,6.9052702492660165],[79.86093586718837,6.905270168037215],[79.86093582514434,6.905270078404487],[79.86093578707815,6.905269980367835],[79.86093575298972,6.905269873927265],[79.86093572287915,6.9052697590827705],[79.86093569674635,6.9052696358343475],[79.86093567459143,6.905269504182008],[79.86093565641426,6.905269364125747],[79.86093564221493,6.905269215665558]]],[[[79.86093132062446,6.905275442910223],[79.86093277106427,6.905275323096288],[79.86093211122882,6.905267345817254],[79.86093066078905,6.905267465631198],[79.86093132062446,6.905275442910223]]],[[[79.86092408444019,6.9052727275488035],[79.86092408444019,6.9052727275488035],[79.86092411758366,6.905273021753388],[79.86092415710246,6.905273300790358],[79.86092420299649,6.9052735646597005],[79.86092425526583,6.905273813361431],[79.86092431391046,6.905274046895543],[79.86092437893036,6.905274265262038],[79.86092445032556,6.9052744684609095],[79.86092452809602,6.9052746564921685],[79.86092461224177,6.905274829355805],[79.86092470276283,6.905274987051822],[79.86092479965916,6.905275129580223],[79.86092490293075,6.905275256941006],[79.86092490293075,6.905275256941006],[79.86092501058667,6.905275371289633],[79.86092512063591,6.9052754747815674],[79.86092523307853,6.905275567416799],[79.86092534791445,6.905275649195334],[79.8609254651437,6.90527572011718],[79.86092558476628,6.905275780182318],[79.86092570678221,6.905275829390768],[79.86092583119147,6.905275867742517],[79.86092595799408,6.905275895237576],[79.86092608719,6.9052759118759335],[79.86092621877926,6.905275917657597],[79.86092635276187,6.905275912582558],[79.86092635276187,6.905275912582558],[79.8609265048764,6.905275894316406],[79.86092665223883,6.905275863525693],[79.86092679484914,6.905275820210405],[79.86092693270732,6.9052757643705585],[79.86092706581337,6.905275696006138],[79.86092719416732,6.905275615117153],[79.86092731776911,6.9052755217036],[79.86092743661882,6.905275415765483],[79.8609275507164,6.905275297302796],[79.86092766006188,6.905275166315542],[79.8609277646552,6.905275022803723],[79.86092786449642,6.905274866767339],[79.86092786449642,6.905274866767339],[79.86092795659397,6.905274694437304],[79.8609280383688,6.905274507347849],[79.86092810982095,6.905274305498976],[79.8609281709504,6.905274088890682],[79.86092822175723,6.9052738575229675],[79.86092826224132,6.905273611395831],[79.86092829240276,6.905273350509274],[79.86092831224151,6.905273074863305],[79.86092832175758,6.905272784457913],[79.86092832095096,6.9052724792930995],[79.86092830982167,6.905272159368864],[79.86092828836972,6.9052718246852125],[79.86092828836972,6.9052718246852125],[79.86092825551886,6.90527145909735],[79.86092821514418,6.905271110100183],[79.86092816724575,6.905270777693717],[79.8609281118235,6.905270461877955],[79.86092804887748,6.905270162652884],[79.86092797840766,6.90526988001852],[79.86092790041404,6.905269613974849],[79.86092781489666,6.905269364521881],[79.86092772185548,6.905269131659607],[79.8609276212905,6.905268915388037],[79.86092751320172,6.905268715707164],[79.86092739758915,6.905268532616984],[79.86092739758915,6.905268532616984],[79.8609272741588,6.905268365806895],[79.86092714690805,6.905268214632825],[79.86092701583692,6.90526807909478],[79.86092688094541,6.9052679591927575],[79.8609267422335,6.905267854926764],[79.8609265997012,6.905267766296796],[79.86092645334854,6.9052676933028465],[79.86092630317549,6.905267635944926],[79.86092614918202,6.905267594223031],[79.86092599136818,6.905267568137155],[79.86092582973394,6.905267557687312],[79.86092566427934,6.9052675628734885],[79.86092566427934,6.9052675628734885],[79.86092552514906,6.905267579241537],[79.86092539099097,6.9052676063385965],[79.8609252618051,6.9052676441646685],[79.86092513759141,6.905267692719753],[79.86092501834993,6.905267752003844],[79.86092490408066,6.905267822016947],[79.86092479478359,6.905267902759062],[79.86092469045872,6.90526799423019],[79.86092459110603,6.905268096430327],[79.86092449672556,6.905268209359476],[79.86092440731727,6.905268333017635],[79.86092432288117,6.905268467404802],[79.86092432288117,6.905268467404802],[79.86092424313365,6.905268608874958],[79.86092417249498,6.9052687587519435],[79.86092411096516,6.905268917035753],[79.86092405854424,6.905269083726403],[79.8609240152322,6.90526925882388],[79.86092398102906,6.905269442328181],[79.86092395593477,6.905269634239316],[79.86092393994936,6.905269834557277],[79.86092393307281,6.905270043282075],[79.86092393530517,6.905270260413697],[79.8609239466464,6.905270485952149],[79.86092396709645,6.905270719897435],[79.86092481679474,6.9052706538761655],[79.86092481679474,6.9052706538761655],[79.86092480533979,6.905270482367147],[79.86092479820715,6.9052703178584185],[79.86092479539683,6.905270160349974],[79.86092479690882,6.905270009841819],[79.86092480274313,6.90526986633395],[79.86092481289978,6.905269729826374],[79.86092482737875,6.90526960031908],[79.86092484618001,6.905269477812075],[79.8609248693036,6.9052693623053605],[79.8609248967495,6.90526925379893],[79.86092492851773,6.905269152292791],[79.86092496460827,6.905269057786938],[79.86092496460827,6.905269057786938],[79.86092500502114,6.905268970281375],[79.8609250497563,6.905268889776099],[79.86092509881381,6.905268816271103],[79.86092515219362,6.9052687497664005],[79.86092520989573,6.905268690261992],[79.86092527192018,6.905268637757865],[79.86092533826698,6.905268592254027],[79.86092540893603,6.905268553750475],[79.86092548392743,6.905268522247207],[79.86092556324115,6.905268497744234],[79.86092564687722,6.9052684802415465],[79.86092573483555,6.905268469739151],[79.86092573483555,6.905268469739151],[79.8609258365604,6.905268467392839],[79.86092593574749,6.9052684763590575],[79.86092603239682,6.90526849663781],[79.86092612650837,6.90526852822909],[79.8609262180822,6.90526857113291],[79.86092630711825,6.905268625349262],[79.86092639361655,6.905268690878138],[79.86092647757708,6.905268767719557],[79.86092655899984,6.9052688558735005],[79.86092663788484,6.905268955339979],[79.86092671423211,6.9052690661189855],[79.86092678804162,6.905269188210525],[79.86092678804162,6.905269188210525],[79.86092685631142,6.905269321180928],[79.86092692074365,6.905269469566387],[79.86092698133834,6.905269633366893],[79.8609270380954,6.905269812582456],[79.86092709101489,6.905270007213068],[79.86092714009682,6.905270217258735],[79.86092718534117,6.905270442719463],[79.86092722674795,6.905270683595238],[79.8609272643171,6.905270939886063],[79.8609272980487,6.905271211591945],[79.86092732794272,6.905271498712881],[79.86092735399917,6.905271801248868],[79.86092735399917,6.905271801248868],[79.86092737322662,6.905272080750935],[79.86092738634714,6.9052723464998484],[79.86092739336074,6.90527259849563],[79.86092739426736,6.905272836738266],[79.86092738906709,6.905273061227761],[79.86092737775988,6.905273271964122],[79.86092736034574,6.905273468947342],[79.86092733682467,6.905273652177421],[79.86092730719665,6.905273821654357],[79.8609272714617,6.905273977378156],[79.86092722961983,6.905274119348814],[79.86092718167103,6.905274247566324],[79.86092718167103,6.905274247566324],[79.86092712651669,6.9052743617826],[79.8609270677621,6.905274466719417],[79.86092700540733,6.905274562376762],[79.86092693945236,6.9052746487546415],[79.8609268698972,6.905274725853059],[79.86092679674188,6.905274793672002],[79.86092671998632,6.9052748522114875],[79.86092663963058,6.905274901471496],[79.86092655567465,6.905274941452048],[79.86092646811852,6.905274972153133],[79.86092637696218,6.905274993574749],[79.86092628220565,6.905275005716895],[79.86092628220565,6.905275005716895],[79.8609262116674,6.905275007751931],[79.86092614166905,6.905275002853506],[79.86092607221063,6.905274991021617],[79.86092600329208,6.905274972256258],[79.86092593491341,6.905274946557428],[79.86092586707467,6.905274913925137],[79.86092579977581,6.905274874359377],[79.86092573301687,6.905274827860151],[79.86092566679781,6.90527477442746],[79.86092560111862,6.905274714061302],[79.86092553597938,6.905274646761675],[79.86092547138,6.905274572528589],[79.86092547138,6.905274572528589],[79.86092540875963,6.90527448558139],[79.86092534996995,6.905274385442738],[79.86092529501093,6.905274272112637],[79.86092524388265,6.905274145591091],[79.86092519658503,6.905274005878096],[79.86092515311812,6.905273852973651],[79.86092511348188,6.905273686877757],[79.86092507767633,6.905273507590421],[79.86092504570149,6.905273315111633],[79.86092501755734,6.905273109441395],[79.86092499324388,6.90527289057971],[79.86092497276113,6.905272658526574],[79.86092408444019,6.9052727275488035]]],[[[79.86091914267678,6.905276384763967],[79.86092012688844,6.905276282661635],[79.86092145643187,6.905272138165642],[79.86092216382808,6.905273054638397],[79.86092247385473,6.905276039186844],[79.8609233445035,6.905275948865552],[79.86092251615106,6.905267974525164],[79.86092164550232,6.90526806484646],[79.8609220039706,6.905271515730602],[79.86091948780751,6.905268288686182],[79.86091846574159,6.905268394715526],[79.8609207965783,6.905271311033012],[79.86091914267678,6.905276384763967]]],[[[79.86091031064264,6.905274561736224],[79.86091031064264,6.905274561736224],[79.8609103296032,6.905274738613104],[79.86091035518346,6.905274908608044],[79.86091038738337,6.90527507172105],[79.860910426203,6.905275227952114],[79.86091047164233,6.90527537730123],[79.86091052370129,6.905275519768414],[79.86091058237997,6.905275655353659],[79.86091064767831,6.90527578405696],[79.86091071959635,6.905275905878315],[79.8609107981341,6.905276020817743],[79.86091088329148,6.905276128875221],[79.86091097506858,6.905276230050754],[79.86091097506858,6.905276230050754],[79.86091107166014,6.905276323239202],[79.86091117578503,6.905276406943265],[79.86091128744326,6.90527648116292],[79.86091140663478,6.90527654589819],[79.86091153335968,6.9052766011490725],[79.8609116676179,6.9052766469155555],[79.86091180940942,6.905276683197649],[79.8609119587343,6.905276709995348],[79.8609121155925,6.9052767273086575],[79.86091227998403,6.905276735137573],[79.8609124519089,6.9052767334820935],[79.8609126313671,6.905276722342226],[79.8609126313671,6.905276722342226],[79.86091281015874,6.905276702428734],[79.86091298008395,6.9052766744523915],[79.86091314114276,6.905276638413199],[79.86091329333512,6.9052765943111645],[79.86091343666105,6.905276542146275],[79.86091357112058,6.905276481918531],[79.86091369671364,6.905276413627951],[79.86091381344032,6.9052763372745085],[79.86091392130054,6.90527625285822],[79.86091402029437,6.905276160379084],[79.86091411042176,6.905276059837099],[79.86091419168272,6.90527595123226],[79.86091419168272,6.90527595123226],[79.8609142624894,6.90527583596384],[79.86091432577808,6.905275715038945],[79.8609143815487,6.905275588457578],[79.86091442980126,6.905275456219739],[79.86091447053582,6.905275318325425],[79.86091450375233,6.905275174774645],[79.86091452945081,6.905275025567389],[79.86091454763124,6.905274870703661],[79.86091455829363,6.905274710183462],[79.86091456143798,6.905274544006786],[79.86091455706432,6.905274372173638],[79.86091454517263,6.905274194684021],[79.86091407173805,6.905268740068951],[79.86091313525547,6.905268821243961],[79.86091360869003,6.905274275859033],[79.86091360869003,6.905274275859033],[79.8609136172694,6.905274400962788],[79.86091362083557,6.905274520823759],[79.86091361938861,6.905274635441952],[79.8609136129285,6.905274744817357],[79.86091360145525,6.905274848949977],[79.8609135849688,6.905274947839811],[79.86091356346923,6.905275041486868],[79.8609135369565,6.905275129891146],[79.8609135054306,6.905275213052631],[79.86091346889155,6.905275290971337],[79.86091342733934,6.905275363647264],[79.860913380774,6.905275431080402],[79.860913380774,6.905275431080402],[79.86091333007091,6.905275493510285],[79.86091327610558,6.905275551176428],[79.8609132188779,6.9052756040788354],[79.86091315838797,6.905275652217512],[79.86091309463573,6.90527569559245],[79.86091302762121,6.905275734203652],[79.86091295734444,6.90527576805112],[79.86091288380534,6.905275797134851],[79.86091280700396,6.905275821454844],[79.8609127269403,6.905275841011107],[79.86091264361436,6.9052758558036285],[79.86091255702614,6.905275865832423],[79.86091255702614,6.905275865832423],[79.86091247000316,6.905275870852378],[79.86091238537298,6.905275870618417],[79.8609123031356,6.905275865130528],[79.86091222329104,6.9052758543887185],[79.86091214583927,6.905275838392988],[79.86091207078032,6.905275817143331],[79.86091199811416,6.905275790639756],[79.8609119278408,6.905275758882251],[79.86091185996023,6.9052757218708285],[79.86091179447247,6.9052756796054835],[79.8609117313775,6.905275632086213],[79.86091167067535,6.9052755793130185],[79.86091167067535,6.9052755793130185],[79.86091161318707,6.905275520899329],[79.86091155973382,6.905275456458548],[79.86091151031552,6.90527538599069],[79.86091146493222,6.905275309495746],[79.8609114235839,6.905275226973719],[79.86091138627054,6.905275138424608],[79.86091135299219,6.905275043848417],[79.86091132374884,6.9052749432451455],[79.86091129854044,6.905274836614789],[79.86091127736705,6.905274723957347],[79.86091126022865,6.905274605272825],[79.86091124712522,6.905274480561222],[79.8609107736907,6.905269025946149],[79.86090983720814,6.905269107121156],[79.86091031064264,6.905274561736224]]],[[[79.86090521629237,6.905271980233976],[79.86090521629237,6.905271980233976],[79.86090523727196,6.90527215580921],[79.86090526433736,6.905272324497236],[79.86090529748856,6.9052724862980535],[79.86090533672557,6.905272641211659],[79.8609053820484,6.905272789238052],[79.86090543345705,6.90527293037723],[79.86090549095151,6.905273064629207],[79.86090555453174,6.905273191993969],[79.86090562419785,6.905273312471521],[79.86090569994974,6.905273426061859],[79.86090578178745,6.905273532764994],[79.86090586971095,6.905273632580916],[79.86090586971095,6.905273632580916],[79.86090596287696,6.905273724338357],[79.86090606044208,6.90527380686607],[79.86090616240631,6.905273880164039],[79.86090626876968,6.905273944232273],[79.86090637953221,6.905273999070769],[79.86090649469385,6.905274044679522],[79.86090661425466,6.905274081058546],[79.86090673821455,6.905274108207826],[79.86090686657359,6.905274126127365],[79.86090699933177,6.90527413481718],[79.86090713648909,6.90527413427724],[79.86090727804553,6.905274124507568],[79.86090827858735,6.905274024391183],[79.86090857902661,6.905277022956764],[79.86090937255976,6.905276943554108],[79.86090860576694,6.905269290498666],[79.860906811692,6.905269470017715],[79.860906811692,6.905269470017715],[79.86090667100748,6.9052694884896875],[79.86090653646595,6.905269515136534],[79.86090640806738,6.905269549958255],[79.8609062858118,6.905269592954845],[79.86090616969918,6.9052696441262995],[79.86090605972954,6.90526970347264],[79.86090595590287,6.905269770993845],[79.86090585821918,6.905269846689922],[79.86090576667846,6.905269930560871],[79.86090568128073,6.9052700226066825],[79.86090560202595,6.905270122827383],[79.86090552891417,6.905270231222941],[79.86090552891417,6.905270231222941],[79.86090546253955,6.905270346478268],[79.8609054034964,6.905270467278248],[79.86090535178465,6.905270593622878],[79.86090530740427,6.905270725512163],[79.86090527035533,6.905270862946105],[79.8609052406378,6.905271005924697],[79.8609052182517,6.905271154447942],[79.86090520319704,6.905271308515843],[79.86090519547372,6.905271468128395],[79.86090519508187,6.905271633285602],[79.86090520202143,6.905271803987463],[79.86090521629237,6.905271980233976]],[[79.86090600982554,6.905271900831326],[79.86090600982554,6.905271900831326],[79.86090599815567,6.905271762621869],[79.86090599154588,6.905271631439997],[79.86090598999613,6.9052715072857],[79.8609059935064,6.905271390158987],[79.86090600207672,6.90527128005986],[79.86090601570707,6.905271176988311],[79.86090603439747,6.90527108094435],[79.86090605814793,6.905270991927959],[79.86090608695842,6.905270909939162],[79.86090612082894,6.905270834977941],[79.86090615975951,6.905270767044311],[79.86090620375012,6.90527070613826],[79.86090620375012,6.90527070613826],[79.86090625264507,6.9052706507058],[79.86090630628868,6.9052705991929635],[79.86090636468089,6.9052705515997435],[79.86090642782177,6.905270507926135],[79.86090649571128,6.90527046817215],[79.86090656834945,6.905270432337772],[79.86090664573624,6.905270400423013],[79.86090672787168,6.905270372427875],[79.86090681475577,6.905270348352348],[79.86090690638848,6.905270328196443],[79.86090700276984,6.90527031196015],[79.86090710389985,6.905270299643475],[79.86090789743297,6.905270220240815],[79.86090819338811,6.905273174051692],[79.86090739985495,6.905273253454346],[79.86090739985495,6.905273253454346],[79.860907298289,6.905273261419871],[79.86090720059974,6.905273264602703],[79.86090710678724,6.90527326300285],[79.86090701685143,6.9052732566203066],[79.86090693079234,6.90527324545508],[79.86090684860999,6.905273229507159],[79.86090677030434,6.90527320877655],[79.8609066958754,6.905273183263255],[79.8609066253232,6.90527315296727],[79.8609065586477,6.905273117888595],[79.86090649584892,6.905273078027234],[79.86090643692687,6.905273033383185],[79.86090643692687,6.905273033383185],[79.86090638172585,6.905272982402465],[79.86090633009013,6.905272923531087],[79.86090628201974,6.905272856769055],[79.86090623751467,6.905272782116371],[79.8609061965749,6.90527269957303],[79.86090615920045,6.905272609139038],[79.86090612539137,6.905272510814386],[79.86090609514756,6.905272404599088],[79.86090606846906,6.905272290493127],[79.8609060453559,6.905272168496508],[79.86090602580806,6.9052720386092465],[79.86090600982554,6.905271900831326]]],[[[79.86089681027494,6.905277878596737],[79.8608976753656,6.905277808878865],[79.86089798802341,6.905275389197594],[79.86089957402295,6.905275261381489],[79.86090027063763,6.905277599725239],[79.86090113572831,6.90527753000736],[79.86089870680945,6.90526990979701],[79.86089798590058,6.905269967895239],[79.86089681027494,6.905277878596737]],[[79.86089809942816,6.905274521819498],[79.86089845519896,6.905271737232179],[79.86089852728985,6.9052717314223555],[79.86089932497326,6.905274423052506],[79.86089809942816,6.905274521819498]]],[[[79.86089178326718,6.905278264849224],[79.8608927400996,6.905278177647209],[79.86089433672286,6.905272414605469],[79.86089437499615,6.905272411117384],[79.86089488340424,6.905277982314677],[79.86089576369004,6.90527790208882],[79.8608950625789,6.905270219228033],[79.8608941057465,6.905270306430061],[79.86089250912326,6.905276069471798],[79.86089247084995,6.905276072959877],[79.8608919624419,6.905270501762589],[79.8608910821561,6.905270581988442],[79.86089178326718,6.905278264849224]]],[[[79.86088605367415,6.905274976322085],[79.86088605367415,6.905274976322085],[79.86088609131319,6.90527531147448],[79.8608861385466,6.905275629157121],[79.86088619537439,6.905275929370008],[79.86088626179652,6.905276212113156],[79.86088633781301,6.9052764773865505],[79.86088642342388,6.905276725190193],[79.86088651862912,6.9052769555240925],[79.86088662342871,6.905277168388232],[79.86088673782265,6.905277363782633],[79.86088686181097,6.905277541707278],[79.86088699539366,6.905277702162181],[79.8608871385707,6.90527784514733],[79.8608871385707,6.90527784514733],[79.86088728733978,6.905277970730127],[79.86088744271458,6.905278083528825],[79.86088760469517,6.905278183543429],[79.8608877732815,6.905278270773932],[79.8608879484736,6.905278345220341],[79.86088813027146,6.90527840688265],[79.86088831867507,6.905278455760863],[79.86088851368443,6.905278491854977],[79.86088871529954,6.905278515164995],[79.8608889235204,6.905278525690913],[79.86088913834703,6.9052785234327345],[79.86088935977945,6.905278508390459],[79.86089074905199,6.905278375887365],[79.86089001653545,6.905270705706191],[79.86088862726294,6.905270838209282],[79.86088862726294,6.905270838209282],[79.86088838146254,6.905270867939307],[79.86088814801317,6.905270909064502],[79.8608879269148,6.90527096158489],[79.86088771816748,6.905271025500458],[79.86088752177116,6.90527110081121],[79.86088733772584,6.905271187517148],[79.86088716603156,6.9052712856182685],[79.86088700668827,6.90527139511457],[79.86088685969602,6.9052715160060645],[79.86088672505481,6.905271648292739],[79.8608866027646,6.905271791974599],[79.86088649282539,6.9052719470516415],[79.86088649282539,6.9052719470516415],[79.86088639257812,6.905272115663451],[79.86088630390383,6.9052722995166125],[79.8608862268025,6.905272498611113],[79.86088616127415,6.905272712946961],[79.86088610731876,6.90527294252415],[79.86088606493634,6.905273187342678],[79.86088603412689,6.9052734474025526],[79.86088601489041,6.905273722703774],[79.86088600722688,6.905274013246335],[79.86088601113634,6.905274319030247],[79.86088602661873,6.905274640055499],[79.86088605367415,6.905274976322085]],[[79.8608870343371,6.905274882790495],[79.8608870343371,6.905274882790495],[79.86088701198037,6.9052746127135896],[79.86088699774267,6.905274355692799],[79.86088699162407,6.905274111728141],[79.86088699362456,6.905273880819613],[79.86088700374411,6.905273662967212],[79.86088702198272,6.905273458170933],[79.86088704834043,6.905273266430786],[79.8608870828172,6.90527308774676],[79.86088712541307,6.905272922118865],[79.86088717612797,6.905272769547097],[79.86088723496198,6.905272630031458],[79.86088730191504,6.905272503571943],[79.86088730191504,6.905272503571943],[79.86088737677895,6.905272387988115],[79.86088745934546,6.905272281099517],[79.86088754961456,6.905272182906158],[79.86088764758628,6.905272093408039],[79.8608877532606,6.905272012605158],[79.86088786663753,6.905271940497513],[79.86088798771704,6.905271877085107],[79.86088811649917,6.905271822367942],[79.86088825298388,6.905271776346004],[79.86088839717118,6.90527173901931],[79.86088854906113,6.90527171038786],[79.86088870865363,6.905271690451638],[79.86088915812417,6.905271647582991],[79.86088972785923,6.905277613279458],[79.86088927838871,6.905277656148109],[79.86088927838871,6.905277656148109],[79.86088911792358,6.905277666947227],[79.86088896341582,6.905277668167375],[79.86088881486545,6.905277659808566],[79.86088867227244,6.905277641870787],[79.86088853563685,6.9052776143540475],[79.8608884049586,6.905277577258338],[79.86088828023775,6.905277530583667],[79.86088816147428,6.905277474330029],[79.8608880486682,6.905277408497427],[79.86088794181951,6.905277333085859],[79.86088784092819,6.905277248095329],[79.86088774599422,6.90527715352583],[79.86088774599422,6.90527715352583],[79.8608876565417,6.905277044393491],[79.86088757257058,6.9052769206983236],[79.86088749408088,6.9052767824403185],[79.86088742107258,6.905276629619468],[79.8608873535457,6.9052764622357765],[79.86088729150025,6.905276280289249],[79.86088723493619,6.9052760837798886],[79.86088718385354,6.905275872707685],[79.86088713825231,6.905275647072644],[79.8608870981325,6.905275406874767],[79.8608870634941,6.90527515211405],[79.8608870343371,6.905274882790495]]],[[[79.86087762019015,6.905275643549083],[79.86087762019015,6.905275643549083],[79.8608776511783,6.9052759833002275],[79.86087769265748,6.905276305561735],[79.86087774462774,6.905276610333623],[79.86087780708904,6.905276897615875],[79.86087788004141,6.905277167408491],[79.86087796348482,6.9052774197114735],[79.86087805741927,6.90527765452483],[79.86087816184481,6.905277871848553],[79.86087827676138,6.905278071682637],[79.860878402169,6.905278254027098],[79.8608785380677,6.905278418881924],[79.86087868445743,6.905278566247118],[79.86087868445743,6.905278566247118],[79.8608788371437,6.905278696114718],[79.86087899707213,6.905278813175778],[79.86087916424276,6.90527891743029],[79.86087933865554,6.905279008878253],[79.86087952031052,6.905279087519676],[79.86087970920767,6.905279153354543],[79.860879905347,6.9052792063828745],[79.86088010872851,6.905279246604648],[79.86088031935218,6.905279274019875],[79.86088053721804,6.905279288628563],[79.86088076232609,6.905279290430703],[79.8608809946763,6.905279279426293],[79.86088245340798,6.905279171815164],[79.86088187923563,6.905271398839986],[79.86088042050395,6.905271506451114],[79.86088042050395,6.905271506451114],[79.86088016225597,6.905271531849893],[79.86087991665985,6.905271569010811],[79.8608796837155,6.90527161793387],[79.86087946342299,6.905271678619077],[79.86087925578228,6.90527175106642],[79.86087906079338,6.905271835275902],[79.8608788784563,6.905271931247535],[79.86087870877104,6.905272038981307],[79.86087855173761,6.905272158477219],[79.86087840735601,6.90527228973528],[79.86087827562619,6.905272432755477],[79.86087815654821,6.905272587537821],[79.86087815654821,6.905272587537821],[79.8608780472825,6.905272756196095],[79.86087794975667,6.905272940492431],[79.86087786397066,6.905273140426823],[79.86087778992454,6.905273355999283],[79.86087772761826,6.905273587209802],[79.86087767705183,6.905273834058378],[79.86087763822523,6.905274096545007],[79.86087761113852,6.905274374669701],[79.86087759579162,6.905274668432458],[79.86087759218462,6.905274977833273],[79.86087760031747,6.905275302872143],[79.86087762019015,6.905275643549083]],[[79.86087864988309,6.90527556758829],[79.86087864988309,6.90527556758829],[79.86087863326537,6.905275293957234],[79.86087862482431,6.905275033688003],[79.86087862455982,6.9052747867806],[79.86087863247197,6.905274553235018],[79.86087864856074,6.905274333051272],[79.86087867282615,6.905274126229344],[79.86087870526814,6.905273932769247],[79.86087874588677,6.905273752670972],[79.86087879468202,6.905273585934527],[79.86087885165388,6.905273432559906],[79.86087891680236,6.905273292547112],[79.86087899012746,6.905273165896147],[79.86087899012746,6.905273165896147],[79.86087907146597,6.905273050397337],[79.86087916065463,6.905272943841024],[79.86087925769348,6.905272846227205],[79.86087936258251,6.905272757555879],[79.8608794753217,6.9052726778270435],[79.86087959591104,6.905272607040701],[79.86087972435058,6.905272545196856],[79.8608798606403,6.905272492295508],[79.86088000478021,6.905272448336644],[79.86088015677024,6.905272413320276],[79.86088031661049,6.905272387246405],[79.86088048430089,6.90527237011502],[79.86088095624349,6.905272335299661],[79.86088140282196,6.9052783809470215],[79.86088093087938,6.905278415762386],[79.86088093087938,6.905278415762386],[79.86088076250499,6.90527842363421],[79.8608806006128,6.905278421929415],[79.86088044520281,6.905278410648015],[79.86088029627504,6.905278389789986],[79.8608801538295,6.90527835935535],[79.86088001786615,6.905278319344098],[79.86087988838503,6.905278269756227],[79.86087976538607,6.905278210591743],[79.86087964886934,6.905278141850641],[79.86087953883484,6.905278063532925],[79.86087943528254,6.905277975638591],[79.86087933821244,6.90527787816764],[79.86087933821244,6.90527787816764],[79.86087924725148,6.905277766069414],[79.86087916239961,6.9052776393439075],[79.86087908365688,6.905277497991109],[79.86087901102329,6.905277342011036],[79.86087894449884,6.905277171403677],[79.8608788840835,6.905276986169042],[79.86087882977728,6.905276786307118],[79.86087878158018,6.9052765718179145],[79.86087873949222,6.9052763427014385],[79.86087870351336,6.905276098957669],[79.8608786736437,6.905275840586617],[79.86087864988309,6.90527556758829]]],[[[79.86087259045561,6.905280068230561],[79.86087350780413,6.9052799824050455],[79.8608745568937,6.905276363841268],[79.86087555068792,6.905276270863622],[79.86087587762111,6.905279760689129],[79.86087675674679,6.905279678439673],[79.86087600126599,6.905271614113161],[79.8608740901233,6.905271792916324],[79.8608740901233,6.905271792916324],[79.86087393997875,6.905271810817889],[79.86087379532798,6.90527183591408],[79.8608736561709,6.905271868204903],[79.86087352250757,6.905271907690347],[79.86087339433799,6.905271954370422],[79.86087327166213,6.905272008245125],[79.86087315448,6.905272069314448],[79.86087304279162,6.905272137578405],[79.86087293659699,6.905272213036993],[79.86087283589609,6.905272295690199],[79.86087274068893,6.905272385538036],[79.86087265097552,6.905272482580497],[79.86087265097552,6.905272482580497],[79.86087256819508,6.905272585031095],[79.86087249427766,6.9052726963432995],[79.8608724292233,6.905272816517126],[79.86087237303204,6.905272945552555],[79.86087232570382,6.90527308344961],[79.86087228723865,6.905273230208267],[79.86087225763656,6.905273385828548],[79.8608722368975,6.905273550310436],[79.86087222502152,6.905273723653939],[79.86087222200862,6.905273905859058],[79.86087222785875,6.90527409692579],[79.86087224257196,6.90527429685413],[79.86087224257196,6.90527429685413],[79.86087225967691,6.905274450857653],[79.86087228153836,6.905274598469527],[79.86087230815626,6.905274739689748],[79.86087233953066,6.905274874518315],[79.86087237566154,6.905275002955234],[79.86087241654889,6.905275125000498],[79.86087246219269,6.905275240654118],[79.86087251259302,6.905275349916085],[79.8608725677498,6.905275452786396],[79.86087262766304,6.905275549265057],[79.86087269233279,6.905275639352072],[79.86087276175898,6.90527572304743],[79.86087276175898,6.90527572304743],[79.8608728341143,6.905275800852476],[79.86087290757136,6.905275873268544],[79.86087298213013,6.905275940295628],[79.86087305779063,6.905276001933731],[79.86087313455286,6.9052760581828485],[79.86087321241682,6.905276109042991],[79.8608732913825,6.9052761545141506],[79.86087337144993,6.9052761945963335],[79.86087345261906,6.905276229289532],[79.86087353488993,6.905276258593751],[79.86087361826253,6.905276282508987],[79.86087370273688,6.905276301035241],[79.86087259045561,6.905280068230561]],[[79.8608731216976,6.905274214604682],[79.8608731216976,6.905274214604682],[79.86087311387344,6.905274106314911],[79.86087311101832,6.905274001524657],[79.86087311313227,6.905273900233946],[79.86087312021535,6.905273802442764],[79.86087313226744,6.905273708151113],[79.86087314928861,6.905273617358996],[79.86087317127884,6.905273530066408],[79.86087319823812,6.905273446273351],[79.86087323016649,6.9052733659798236],[79.86087326706394,6.905273289185833],[79.86087330893041,6.905273215891377],[79.860873355766,6.905273146096447],[79.860873355766,6.905273146096447],[79.86087340603936,6.905273080605054],[79.86087346246629,6.905273019823841],[79.86087352504674,6.905272963752826],[79.86087359378071,6.9052729123919985],[79.86087366866825,6.905272865741366],[79.8608737497093,6.9052728238009236],[79.86087383690389,6.9052727865706744],[79.86087393025201,6.905272754050613],[79.86087402975369,6.905272726240745],[79.86087413540886,6.905272703141064],[79.86087424721761,6.9052726847515835],[79.86087436517988,6.905272671072287],[79.86087520608267,6.9052725923988945],[79.86087546674563,6.9052753748273386],[79.86087439650571,6.905275474957109],[79.86087439650571,6.905275474957109],[79.86087432066199,6.905275479960578],[79.86087424602228,6.9052754806667265],[79.86087417258655,6.905275477075553],[79.86087410035485,6.905275469187068],[79.86087402932714,6.905275457001261],[79.86087395950341,6.9052754405181265],[79.86087389088368,6.905275419737685],[79.86087382346793,6.905275394659921],[79.8608737572562,6.905275365284842],[79.86087369224846,6.9052753316124384],[79.86087362844474,6.905275293642716],[79.86087356584497,6.905275251375679],[79.86087356584497,6.905275251375679],[79.86087350570439,6.905275201059834],[79.86087344976892,6.90527514418367],[79.8608733980386,6.905275080747194],[79.86087335051343,6.905275010750394],[79.86087330719344,6.905274934193291],[79.86087326807858,6.9052748510758635],[79.86087323316886,6.905274761398128],[79.8608732024643,6.905274665160071],[79.86087317596493,6.9052745623616945],[79.86087315367067,6.90527445300301],[79.86087313558154,6.905274337084009],[79.8608731216976,6.905274214604682]]],[[[79.86086691031872,6.905276553446629],[79.86086691031872,6.905276553446629],[79.86086694845118,6.905276890025481],[79.860866992298,6.9052772097440895],[79.86086704185921,6.905277512602461],[79.86086709713479,6.905277798600581],[79.86086715812473,6.905278067738467],[79.86086722482908,6.905278320016105],[79.86086729724781,6.905278555433497],[79.86086737538095,6.905278773990644],[79.86086745922842,6.905278975687545],[79.86086754879031,6.905279160524209],[79.86086764406654,6.9052793285006215],[79.86086774505719,6.905279479616794],[79.86086774505719,6.905279479616794],[79.86086784893914,6.905279613542881],[79.86086795740499,6.905279734432782],[79.86086807045476,6.905279842286494],[79.86086818808846,6.905279937104025],[79.86086831030605,6.905280018885368],[79.86086843710754,6.905280087630534],[79.86086856849296,6.905280143339502],[79.86086870446229,6.905280186012289],[79.8608688450155,6.905280215648891],[79.86086899015265,6.905280232249312],[79.86086913987369,6.905280235813548],[79.86086929417868,6.9052802263415884],[79.86086929417868,6.9052802263415884],[79.86086944737922,6.905280204414282],[79.86086959378694,6.905280170612469],[79.86086973340188,6.905280124936132],[79.86086986622405,6.905280067385282],[79.86086999225343,6.905279997959912],[79.86087011149002,6.905279916660036],[79.8608702239338,6.90527982348564],[79.86087032958478,6.9052797184367325],[79.86087042844301,6.905279601513307],[79.86087052050844,6.905279472715362],[79.86087060578107,6.905279332042904],[79.86087068426092,6.905279179495932],[79.86087068426092,6.905279179495932],[79.86087075450634,6.905279010894917],[79.86087081557605,6.905278826954081],[79.86087086747004,6.90527862767342],[79.86087091018832,6.905278413052936],[79.8608709437309,6.9052781830926335],[79.86087096809779,6.905277937792503],[79.8608709832889,6.905277677152547],[79.86087098930437,6.905277401172774],[79.8608709861441,6.905277109853179],[79.86087097380812,6.905276803193756],[79.86087095229642,6.90527648119451],[79.86087092160905,6.905276143855443],[79.86087092160905,6.905276143855443],[79.86087088341378,6.905275807489036],[79.86087083937856,6.90527548840777],[79.86087078950331,6.905275186611645],[79.86087073378812,6.905274902100648],[79.86087067223292,6.905274634874799],[79.86087060483771,6.905274384934088],[79.86087053160253,6.9052741522785075],[79.86087045252737,6.905273936908081],[79.86087036761221,6.905273738822792],[79.86087027685707,6.905273558022633],[79.86087018026193,6.9052733945076215],[79.8608700778268,6.905273248277747],[79.8608700778268,6.905273248277747],[79.86086997033661,6.905273117089496],[79.86086985857627,6.905272998699364],[79.86086974254577,6.905272893107339],[79.8608696222451,6.9052728003134325],[79.86086949767432,6.905272720317631],[79.86086936883338,6.905272653119944],[79.86086923572228,6.905272598720374],[79.86086909834103,6.905272557118916],[79.86086895668963,6.905272528315565],[79.8608688107681,6.90527251231033],[79.8608686605764,6.905272509103205],[79.86086850611456,6.905272518694199],[79.86086850611456,6.905272518694199],[79.86086835307093,6.905272540502462],[79.86086820713382,6.9052725739471725],[79.86086806830329,6.905272619028323],[79.86086793657925,6.905272675745923],[79.86086781196184,6.905272744099958],[79.86086769445095,6.905272824090436],[79.8608675840466,6.905272915717357],[79.86086748074882,6.905273018980723],[79.86086738455755,6.905273133880533],[79.86086729547286,6.9052732604167835],[79.86086721349471,6.905273398589476],[79.86086713862309,6.905273548398612],[79.86086713862309,6.905273548398612],[79.86086706982216,6.9052737121133285],[79.86086701007136,6.905273891592761],[79.86086695937064,6.9052740868369105],[79.86086691772002,6.905274297845791],[79.86086688511949,6.905274524619374],[79.86086686156906,6.905274767157687],[79.86086684706876,6.905275025460708],[79.86086684161855,6.9052752995284585],[79.86086684521845,6.905275589360922],[79.86086685786846,6.9052758949581055],[79.86086687956852,6.905276216320002],[79.86086691031872,6.905276553446629]],[[79.86086777762476,6.9052764648863745],[79.86086777762476,6.9052764648863745],[79.86086774926768,6.905276165219764],[79.86086772724167,6.9052758828317184],[79.86086771154663,6.905275617722259],[79.8608677021826,6.9052753698913625],[79.86086769914965,6.905275139339043],[79.86086770244768,6.90527492606529],[79.86086771207671,6.905274730070117],[79.8608677280368,6.905274551353512],[79.86086775032786,6.905274389915479],[79.86086777894997,6.905274245756016],[79.86086781390308,6.9052741188751305],[79.86086785518721,6.905274009272812],[79.86086785518721,6.905274009272812],[79.8608679010472,6.905273912183446],[79.86086794972795,6.905273822841414],[79.86086800122943,6.90527374124672],[79.86086805555163,6.905273667399354],[79.86086811269462,6.905273601299328],[79.8608681726583,6.905273542946633],[79.8608682354427,6.9052734923412755],[79.86086830104784,6.905273449483247],[79.86086836947374,6.905273414372555],[79.86086844072034,6.905273387009205],[79.86086851478771,6.905273367393173],[79.86086859167581,6.905273355524489],[79.86086859167581,6.905273355524489],[79.86086866954429,6.905273351591047],[79.86086874655281,6.905273355780777],[79.86086882270135,6.905273368093681],[79.86086889798993,6.905273388529743],[79.86086897241859,6.905273417088975],[79.86086904598724,6.905273453771375],[79.86086911869596,6.905273498576951],[79.8608691905447,6.905273551505694],[79.86086926153348,6.905273612557599],[79.8608693316623,6.905273681732676],[79.86086940093116,6.905273759030921],[79.86086946934007,6.905273844452335],[79.86086946934007,6.905273844452335],[79.86086953387597,6.905273943249414],[79.86086959554113,6.905274060264649],[79.86086965433559,6.905274195498042],[79.86086971025931,6.905274348949596],[79.86086976331231,6.905274520619309],[79.86086981349459,6.905274710507175],[79.86086986080615,6.905274918613199],[79.86086990524696,6.905275144937386],[79.86086994681705,6.905275389479727],[79.86086998551646,6.905275652240225],[79.86087002134511,6.905275933218887],[79.86087005430304,6.905276232415703],[79.86087005430304,6.905276232415703],[79.86087008259727,6.905276532294761],[79.8608701044349,6.905276815320139],[79.8608701198159,6.90527708149185],[79.86087012874029,6.905277330809873],[79.86087013120806,6.905277563274227],[79.86087012721916,6.905277778884893],[79.86087011677368,6.905277977641897],[79.86087009987155,6.905278159545215],[79.86087007651278,6.905278324594863],[79.86087004669743,6.905278472790833],[79.86087001042543,6.9052786041331204],[79.8608699676968,6.9052787186217355],[79.8608699676968,6.9052787186217355],[79.86086991822854,6.905278818448938],[79.86086986625332,6.9052789102907335],[79.86086981177112,6.905278994147117],[79.86086975478192,6.905279070018103],[79.86086969528577,6.90527913790367],[79.86086963328266,6.90527919780384],[79.86086956877256,6.9052792497186],[79.86086950175547,6.9052792936479594],[79.86086943223142,6.905279329591902],[79.8608693602004,6.905279357550441],[79.86086928566243,6.905279377523574],[79.86086920861744,6.905279389511302],[79.86086920861744,6.905279389511302],[79.86086913090584,6.905279393325703],[79.86086905436797,6.905279388778863],[79.86086897900381,6.905279375870786],[79.86086890481337,6.905279354601462],[79.86086883179668,6.905279324970901],[79.86086875995369,6.9052792869790975],[79.8608686892844,6.905279240626048],[79.86086861978887,6.9052791859117635],[79.86086855146706,6.905279122836241],[79.86086848431896,6.905279051399471],[79.86086841834458,6.905278971601459],[79.86086835354395,6.90527888344221],[79.86086835354395,6.90527888344221],[79.86086829045253,6.905278779758836],[79.86086823010625,6.905278658282198],[79.86086817250506,6.905278519012298],[79.860868117649,6.9052783619491365],[79.86086806553806,6.905278187092706],[79.86086801617222,6.905277994443023],[79.86086796955153,6.905277784000065],[79.86086792567593,6.90527755576385],[79.86086788454546,6.905277309734377],[79.8608678461601,6.905277045911634],[79.86086781051986,6.905276764295635],[79.86086777762476,6.9052764648863745]]],[[[79.86086185855497,6.905275578392368],[79.86086185855497,6.905275578392368],[79.86086188283511,6.90527575617141],[79.86086191328734,6.9052759268479],[79.86086194991172,6.905276090421856],[79.86086199270821,6.905276246893261],[79.86086204167684,6.905276396262133],[79.86086209681758,6.905276538528454],[79.8608621581304,6.905276673692234],[79.8608622256154,6.905276801753468],[79.86086229927251,6.905276922712162],[79.86086237910172,6.905277036568307],[79.86086246510308,6.905277143321915],[79.86086255727656,6.905277242972974],[79.86086255727656,6.905277242972974],[79.86086265473482,6.905277334348653],[79.86086275659056,6.905277416276094],[79.86086286284377,6.905277488755308],[79.86086297349445,6.905277551786291],[79.86086308854259,6.90527760536905],[79.86086320798822,6.905277649503575],[79.8608633318313,6.905277684189866],[79.86086346007187,6.905277709427932],[79.86086359270986,6.90527772521776],[79.86086372974536,6.905277731559366],[79.8608638711783,6.905277728452735],[79.86086401700872,6.905277715897884],[79.86086504729171,6.905277595636232],[79.8608654022923,6.905280632918934],[79.86086621941325,6.9052805375390065],[79.86086531336699,6.905272785668219],[79.86086346596306,6.905273001309804],[79.86086346596306,6.905273001309804],[79.86086332116291,6.905273022679327],[79.86086318282075,6.905273052229961],[79.86086305093659,6.905273089961697],[79.86086292551045,6.905273135874534],[79.8608628065423,6.905273189968484],[79.86086269403214,6.9052732522435365],[79.86086258798001,6.905273322699698],[79.86086248838588,6.905273401336961],[79.86086239524973,6.905273488155331],[79.8608623085716,6.905273583154805],[79.86086222835145,6.905273686335386],[79.86086215458936,6.905273797697068],[79.86086215458936,6.905273797697068],[79.86086208787819,6.905273915894231],[79.86086202881096,6.905274039581228],[79.86086197738767,6.905274168758063],[79.86086193360829,6.905274303424743],[79.86086189747287,6.905274443581257],[79.86086186898139,6.905274589227608],[79.86086184813381,6.905274740363807],[79.86086183493018,6.905274896989839],[79.86086182937048,6.905275059105714],[79.86086183145471,6.905275226711426],[79.86086184118287,6.905275399806979],[79.86086185855497,6.905275578392368]],[[79.86086267567593,6.905275483012443],[79.86086267567593,6.905275483012443],[79.86086266155928,6.905275342977811],[79.8608626527666,6.905275209980237],[79.86086264929786,6.905275084019727],[79.8608626511531,6.905274965096277],[79.86086265833227,6.905274853209881],[79.86086267083543,6.9052747483605526],[79.86086268866255,6.905274650548289],[79.86086271181361,6.905274559773078],[79.86086274028865,6.905274476034926],[79.86086277408765,6.905274399333833],[79.86086281321057,6.905274329669808],[79.86086285765752,6.905274267042842],[79.86086285765752,6.905274267042842],[79.86086290724441,6.905274209878887],[79.86086296178733,6.905274156603897],[79.86086302128624,6.905274107217874],[79.86086308574114,6.905274061720812],[79.86086315515209,6.90527402011272],[79.86086322951903,6.905273982393586],[79.86086330884199,6.9052739485634165],[79.86086339312095,6.905273918622214],[79.86086348235588,6.905273892569976],[79.86086357654688,6.905273870406706],[79.86086367569386,6.9052738521324],[79.86086377979687,6.90527383774706],[79.86086459691782,6.905273742367129],[79.86086494661988,6.905276734317257],[79.86086412949892,6.905276829697183],[79.86086412949892,6.905276829697183],[79.86086402488081,6.905276839675198],[79.86086392418842,6.9052768447275],[79.86086382742178,6.9052768448541],[79.86086373458086,6.905276840055001],[79.8608636456657,6.905276830330199],[79.86086356067631,6.905276815679692],[79.8608634796126,6.905276796103483],[79.86086340247468,6.905276771601569],[79.86086332926249,6.905276742173952],[79.86086325997603,6.905276707820628],[79.86086319461532,6.905276668541609],[79.86086313318036,6.9052766243368815],[79.86086313318036,6.9052766243368815],[79.86086307548716,6.905276573632409],[79.86086302135173,6.905276514854132],[79.86086297077408,6.905276448002053],[79.86086292375427,6.905276373076182],[79.8608628802922,6.90527629007651],[79.86086284038794,6.905276199003041],[79.86086280404147,6.905276099855776],[79.86086277125278,6.905275992634705],[79.86086274202188,6.905275877339835],[79.86086271634878,6.90527575397117],[79.86086269423346,6.905275622528704],[79.86086267567593,6.905275483012443]]],[[[79.86085301628809,6.90527780826979],[79.86085301628809,6.90527780826979],[79.86085306270859,6.905278160237313],[79.86085311439157,6.905278494471803],[79.86085317133707,6.905278810973264],[79.86085323354504,6.905279109741692],[79.86085330101551,6.905279390777086],[79.86085337374848,6.9052796540794485],[79.86085345174394,6.905279899648782],[79.8608535350019,6.905280127485088],[79.86085362352233,6.9052803375883505],[79.86085371730529,6.90528052995859],[79.86085381635071,6.905280704595797],[79.86085392065863,6.905280861499974],[79.86085392065863,6.905280861499974],[79.86085402741129,6.905281000363431],[79.86085413839763,6.905281125513661],[79.86085425361772,6.905281236950664],[79.86085437307152,6.905281334674431],[79.86085449675905,6.905281418684965],[79.86085462468027,6.905281488982275],[79.86085475683524,6.905281545566351],[79.8608548932239,6.905281588437194],[79.86085503384628,6.905281617594812],[79.8608551787024,6.905281633039199],[79.86085532779222,6.905281634770354],[79.86085548111576,6.905281622788282],[79.86085548111576,6.905281622788282],[79.86085563302667,6.905281597777287],[79.86085577787863,6.905281560421686],[79.86085591567164,6.9052815107214744],[79.86085604640566,6.905281448676659],[79.86085617008075,6.905281374287237],[79.86085628669684,6.905281287553205],[79.860856396254,6.905281188474561],[79.8608564987522,6.905281077051318],[79.86085659419142,6.905280953283465],[79.8608566825717,6.9052808171710005],[79.86085676389297,6.905280668713933],[79.86085683815534,6.905280507912255],[79.86085683815534,6.905280507912255],[79.86085690381883,6.905280330408293],[79.86085695996469,6.905280136962587],[79.86085700659294,6.905279927575139],[79.86085704370349,6.905279702245939],[79.86085707129648,6.905279460974994],[79.86085708937182,6.905279203762305],[79.86085709792955,6.90527893060787],[79.86085709696961,6.905278641511684],[79.86085708649205,6.905278336473757],[79.86085706649689,6.905278015494088],[79.86085703698409,6.905277678572665],[79.86085699795365,6.905277325709502],[79.86085699795365,6.905277325709502],[79.86085695147601,6.9052769739652975],[79.86085689962154,6.905276640400775],[79.86085684239028,6.9052763250159295],[79.86085677978221,6.9052760278107606],[79.86085671179737,6.905275748785268],[79.8608566384357,6.905275487939443],[79.86085655969724,6.905275245273303],[79.86085647558197,6.905275020786836],[79.86085638608988,6.905274814480044],[79.86085629122101,6.90527462635293],[79.86085619097535,6.905274456405496],[79.86085608535288,6.90527430463773],[79.86085608535288,6.90527430463773],[79.86085597507825,6.905274168689671],[79.8608558608762,6.9052740462013205],[79.86085574274666,6.905273937172686],[79.8608556206897,6.905273841603782],[79.86085549470525,6.9052737594945865],[79.86085536479331,6.905273690845109],[79.86085523095396,6.905273635655354],[79.86085509318715,6.905273593925307],[79.86085495149287,6.905273565654989],[79.86085480587113,6.905273550844381],[79.8608546563219,6.905273549493499],[79.86085450284523,6.9052735616023275],[79.86085450284523,6.9052735616023275],[79.86085435108747,6.905273586486567],[79.86085420669488,6.905273623461899],[79.86085406966754,6.905273672528327],[79.8608539400054,6.9052737336858465],[79.86085381770849,6.9052738069344635],[79.86085370277681,6.905273892274179],[79.86085359521033,6.905273989704987],[79.86085349500907,6.905274099226887],[79.860853402173,6.905274220839888],[79.86085331670222,6.905274354543982],[79.8608532385966,6.905274500339168],[79.86085316785622,6.905274658225453],[79.86085316785622,6.905274658225453],[79.86085310350725,6.905274830592999],[79.86085304856167,6.9052750193489345],[79.86085300301933,6.905275224493261],[79.86085296688034,6.905275446025987],[79.8608529401447,6.905275683947092],[79.86085292281238,6.9052759382565885],[79.86085291488337,6.905276208954484],[79.86085291635764,6.905276496040765],[79.86085292723529,6.905276799515435],[79.86085294751624,6.9052771193784945],[79.86085297720051,6.905277455629948],[79.86085301628809,6.90527780826979]],[[79.86085387718875,6.905277703932431],[79.86085387718875,6.905277703932431],[79.86085384142567,6.905277390490044],[79.86085381239796,6.9052770950577536],[79.86085379010575,6.905276817635569],[79.86085377454896,6.905276558223477],[79.86085376572754,6.905276316821485],[79.8608537636416,6.905276093429594],[79.86085376829114,6.905275888047799],[79.86085377967605,6.905275700676113],[79.8608537977964,6.90527553131452],[79.86085382265217,6.905275379963028],[79.86085385424342,6.90527524662163],[79.86085389257006,6.90527513129034],[79.86085389257006,6.90527513129034],[79.8608539357655,6.9052750290018805],[79.86085398196312,6.905274934789001],[79.86085403116286,6.905274848651699],[79.86085408336474,6.905274770589961],[79.8608541385688,6.905274700603804],[79.86085419677501,6.905274638693221],[79.86085425798339,6.905274584858214],[79.86085432219389,6.905274539098783],[79.86085438940657,6.905274501414929],[79.86085445962136,6.905274471806642],[79.86085453283833,6.905274450273936],[79.86085460905745,6.905274436816803],[79.86085460905745,6.905274436816803],[79.86085468645199,6.905274431656644],[79.86085476319515,6.905274435014846],[79.86085483928693,6.9052744468914105],[79.86085491472737,6.9052744672863415],[79.86085498951644,6.905274496199638],[79.86085506365414,6.905274533631295],[79.8608551371405,6.905274579581322],[79.8608552099755,6.905274634049711],[79.86085528215911,6.905274697036467],[79.86085535369139,6.905274768541584],[79.86085542457229,6.905274848565073],[79.86085549480184,6.90527493710692],[79.86085549480184,6.90527493710692],[79.86085556151369,6.905275039708007],[79.86085562582718,6.9052751614261725],[79.86085568774237,6.90527530226141],[79.86085574725918,6.905275462213721],[79.86085580437764,6.905275641283101],[79.86085585909774,6.905275839469563],[79.86085591141949,6.905276056773098],[79.86085596134288,6.9052762931937055],[79.86085600886794,6.905276548731383],[79.86085605399462,6.905276823386131],[79.860856096723,6.905277117157965],[79.860856137053,6.905277430046861],[79.860856137053,6.905277430046861],[79.86085617275894,6.905277743712575],[79.86085620161515,6.9052780398148315],[79.86085622362162,6.905278318353629],[79.86085623877835,6.905278579328977],[79.86085624708534,6.905278822740867],[79.86085624854258,6.905279048589303],[79.86085624315007,6.905279256874285],[79.86085623090784,6.905279447595809],[79.86085621181587,6.905279620753881],[79.86085618587414,6.905279776348503],[79.8608561530827,6.90527991437966],[79.86085611344147,6.905280034847365],[79.86085611344147,6.905280034847365],[79.86085606672408,6.905280140051218],[79.86085601731075,6.905280236925984],[79.86085596520158,6.905280325471658],[79.86085591039648,6.905280405688246],[79.86085585289548,6.905280477575747],[79.8608557926986,6.90528054113416],[79.86085572980583,6.905280596363486],[79.86085566421717,6.905280643263726],[79.86085559593258,6.905280681834875],[79.86085552495213,6.905280712076938],[79.86085545127577,6.9052807339899225],[79.86085537490352,6.905280747573802],[79.86085537490352,6.905280747573802],[79.86085529766213,6.905280752607212],[79.86085522137836,6.905280748868737],[79.86085514605222,6.905280736358398],[79.86085507168366,6.905280715076172],[79.86085499827276,6.905280685022065],[79.86085492581947,6.90528064619609],[79.8608548543238,6.905280598598226],[79.86085478378571,6.905280542228496],[79.8608547142053,6.905280477086884],[79.86085464558249,6.9052804031733945],[79.86085457791725,6.905280320488033],[79.8608545112097,6.905280229030787],[79.8608545112097,6.905280229030787],[79.86085444581238,6.905280121293282],[79.8608543826991,6.9052799948853565],[79.86085432186988,6.905279849806992],[79.86085426332467,6.905279686058203],[79.86085420706355,6.905279503638981],[79.86085415308646,6.905279302549336],[79.8608541013934,6.905279082789258],[79.86085405198439,6.90527884435875],[79.86085400485942,6.905278587257816],[79.86085396001847,6.905278311486449],[79.8608539174616,6.905278017044657],[79.86085387718875,6.905277703932431]]],[[[79.86084286105407,6.905275473719328],[79.86084583888496,6.905275082973117],[79.86084617590045,6.905277647940905],[79.86084392436979,6.905277943383163],[79.86084403871432,6.905278813640092],[79.86084629024502,6.905278518197835],[79.86084675364134,6.905282045028536],[79.86084758888657,6.9052819354289845],[79.86084655978564,6.90527410311664],[79.86084274670951,6.905274603462403],[79.86084286105407,6.905275473719328]]],[[[79.86083450763535,6.905283208078242],[79.86083542570445,6.90528310320232],[79.860835681594,6.9052805972301705],[79.86083736472072,6.90528040495764],[79.8608381799118,6.905282788574543],[79.86083909798093,6.905282683698616],[79.86083627251458,6.905274922011767],[79.860835507457,6.9052750094083715],[79.86083450763535,6.905283208078242]],[[79.86083577260626,6.905279698945242],[79.8608360627901,6.905276815207844],[79.86083613929588,6.905276806468186],[79.86083707320417,6.905279550371016],[79.86083577260626,6.905279698945242]]],[[[79.86082941499322,6.905283320251083],[79.86083027019413,6.905283236532873],[79.86083123031652,6.905279819062323],[79.86083215678416,6.905279728367596],[79.86083247946318,6.905283020260833],[79.86083329903076,6.905282940030884],[79.86083255338052,6.905275333088403],[79.86083077171199,6.905275507501345],[79.86083077171199,6.905275507501345],[79.86083063175886,6.905275524840473],[79.86083049696649,6.905275548951797],[79.86083036733486,6.9052755798353145],[79.86083024286395,6.905275617491023],[79.86083012355377,6.90527566191892],[79.86083000940437,6.9052757131190114],[79.86082990041565,6.905275771091301],[79.86082979658772,6.905275835835779],[79.86082969792052,6.905275907352445],[79.86082960441402,6.905275985641307],[79.86082951606832,6.905276070702365],[79.86082943288334,6.90527616253561],[79.86082943288334,6.90527616253561],[79.86082935619237,6.9052762594510835],[79.86082928781333,6.905276364701602],[79.86082922774611,6.905276478287181],[79.86082917599082,6.905276600207797],[79.86082913254734,6.905276730463459],[79.86082909741582,6.905276869054179],[79.8608290705961,6.905277015979937],[79.86082905208829,6.905277171240745],[79.86082904189234,6.9052773348366],[79.86082904000827,6.905277506767503],[79.86082904643608,6.905277687033455],[79.86082906117576,6.9052778756344555],[79.86082906117576,6.9052778756344555],[79.86082907791284,6.905278020895375],[79.86082909905396,6.905278160111192],[79.86082912459908,6.905278293281895],[79.86082915454824,6.905278420407483],[79.86082918890139,6.905278541487964],[79.86082922765853,6.905278656523333],[79.86082927081974,6.905278765513595],[79.86082931838492,6.905278868458737],[79.86082937035412,6.905278965358777],[79.86082942672734,6.905279056213703],[79.86082948750459,6.9052791410235175],[79.86082955268581,6.90527921978822],[79.86082955268581,6.90527921978822],[79.86082962056918,6.9052792929863065],[79.86082968945279,6.9052793610962615],[79.86082975933658,6.9052794241181],[79.86082983022058,6.905279482051807],[79.86082990210484,6.905279534897383],[79.8608299749893,6.905279582654834],[79.86083004887399,6.905279625324162],[79.86083012375892,6.905279662905357],[79.86083019964404,6.9052796953984314],[79.86083027652937,6.905279722803377],[79.86083035441496,6.905279745120194],[79.86083043330073,6.90527976234889],[79.86082941499322,6.905283320251083]],[[79.86082988074331,6.905277795404506],[79.86082988074331,6.905277795404506],[79.86082987289504,6.905277693249675],[79.86082986969932,6.905277594382042],[79.86082987115623,6.905277498801615],[79.86082987726567,6.905277406508393],[79.86082988802774,6.905277317502376],[79.86082990344237,6.905277231783565],[79.86082992350956,6.905277149351956],[79.86082994822934,6.9052770702075525],[79.8608299776017,6.905276994350345],[79.86083001162663,6.905276921780352],[79.86083005030416,6.905276852497558],[79.86083009363425,6.905276786501969],[79.86083009363425,6.905276786501969],[79.86083014019276,6.905276724556779],[79.86083019251481,6.905276667037588],[79.86083025060039,6.905276613944401],[79.86083031444944,6.905276565277221],[79.86083038406204,6.905276521036037],[79.86083045943818,6.905276481220862],[79.86083054057782,6.905276445831684],[79.860830627481,6.905276414868521],[79.86083072014769,6.905276388331351],[79.8608308185779,6.90527636622019],[79.8608309227716,6.905276348535035],[79.86083103272885,6.90527633527588],[79.86083181666302,6.905276258534188],[79.86083207393415,6.905278883151769],[79.86083107619974,6.90527898082301],[79.86083107619974,6.90527898082301],[79.86083100548359,6.905278985770339],[79.86083093586855,6.905278986659286],[79.86083086735472,6.905278983489851],[79.86083079994204,6.905278976262039],[79.86083073363051,6.9052789649758495],[79.86083066842015,6.905278949631268],[79.86083060431095,6.905278930228315],[79.86083054130287,6.9052789067669815],[79.86083047939597,6.90527887924727],[79.86083041859027,6.905278847669167],[79.86083035888569,6.905278812032692],[79.86083030028225,6.905278772337836],[79.86083030028225,6.905278772337836],[79.86083024393162,6.90527872504109],[79.8608301914699,6.905278671541737],[79.86083014289714,6.9052786118397655],[79.86083009821323,6.905278545935184],[79.8608300574183,6.905278473827993],[79.86083002051225,6.905278395518189],[79.86082998749517,6.905278311005772],[79.86082995836692,6.905278220290745],[79.86082993312765,6.905278123373101],[79.86082991177729,6.905278020252847],[79.86082989431584,6.905277910929982],[79.86082988074331,6.905277795404506]]],[[[79.86082403716136,6.905284034657441],[79.86082818118604,6.905283566397712],[79.86082731145872,6.905275879601324],[79.86082337057259,6.9052763249071445],[79.86082346720896,6.905277178995635],[79.8608264736582,6.9052768392777955],[79.86082674322276,6.905279221735155],[79.86082398053972,6.905279533908305],[79.86082407717605,6.905280387996795],[79.86082683985914,6.905280075823644],[79.86082715011275,6.905282817897204],[79.86082394052504,6.905283180568953],[79.86082403716136,6.905284034657441]]],[[[79.86081894800219,6.905284481441038],[79.86081980005345,6.905284374963919],[79.86081999650871,6.90528191076648],[79.86082155860267,6.905281715558432],[79.86082235620718,6.905284055532566],[79.86082320825842,6.905283949055449],[79.86082045203072,6.905276330112185],[79.86081974198802,6.905276418843112],[79.86081894800219,6.905284481441038]],[[79.86082006626623,6.905281027458654],[79.86082028835601,6.905278191809133],[79.86082035936029,6.905278182936041],[79.86082127333884,6.90528087661607],[79.86082006626623,6.905281027458654]]]]}},{"type":"Feature","properties":{"Type":21,"ImageName":null,"MCode":null,"SCode":null,"ID":null,"Type(Strin":null,"Type(Strin_2":null},"geometry":{"type":"Polygon","coordinates":[[[79.86084798640915,6.905275004576206],[79.86085084375428,6.905274654554595],[79.86085114964501,6.905277148350693],[79.86084898921334,6.905277413001184],[79.8608490929977,6.90527825911057],[79.86085125342939,6.905277994460086],[79.86085167402915,6.905281423429724],[79.86085247547959,6.905281325252929],[79.86085154142039,6.905273710268409],[79.86084788262481,6.905274158466809],[79.86084798640915,6.905275004576206]]]}},{"type":"Feature","properties":{"Type":21,"ImageName":null,"MCode":null,"SCode":null,"ID":null,"Type(Strin":null,"Type(Strin_2":null},"geometry":{"type":"MultiPolygon","coordinates":[[[[79.85934564125564,6.905643209547689],[79.85934564125564,6.905643209547689],[79.85934573604086,6.90564337392846],[79.8593458339023,6.905643528959875],[79.85934593483995,6.905643674641936],[79.85934603885381,6.905643810974634],[79.85934614594396,6.905643937957977],[79.85934625611027,6.905644055591961],[79.85934636935288,6.905644163876597],[79.85934648567168,6.905644262811872],[79.85934660506673,6.905644352397792],[79.859346727538,6.905644432634352],[79.8593468530855,6.905644503521555],[79.85934698170921,6.9056445650594025],[79.85934698170921,6.9056445650594025],[79.85934711208515,6.905644616446687],[79.85934724288921,6.905644656882206],[79.85934737412138,6.905644686365951],[79.85934750578171,6.905644704897933],[79.85934763787017,6.90564471247814],[79.85934777038679,6.905644709106579],[79.85934790333152,6.9056446947832555],[79.85934803670439,6.905644669508164],[79.85934817050541,6.905644633281294],[79.85934830473455,6.9056445861026665],[79.85934843939187,6.905644527972262],[79.8593485744773,6.905644458890098],[79.85934951616179,6.905643939966045],[79.85935107805038,6.905646771644815],[79.85935182490363,6.90564636008435],[79.85934783859092,6.905639132963906],[79.8593461500532,6.905640063448408],[79.8593461500532,6.905640063448408],[79.85934601950063,6.9056401407485515],[79.85934589844189,6.905640223532872],[79.85934578687696,6.905640311801369],[79.85934568480585,6.905640405554045],[79.85934559222855,6.905640504790899],[79.85934550914511,6.905640609511935],[79.8593454355555,6.905640719717142],[79.85934537145967,6.9056408354065315],[79.8593453168577,6.905640956580098],[79.85934527174953,6.905641083237839],[79.85934523613523,6.90564121537976],[79.85934521001472,6.905641353005861],[79.85934521001472,6.905641353005861],[79.859345193417,6.905641494569352],[79.85934518637099,6.905641638523449],[79.8593451888767,6.905641784868147],[79.85934520093414,6.9056419336034525],[79.85934522254331,6.905642084729368],[79.85934525370418,6.905642238245884],[79.85934529441678,6.9056423941530065],[79.85934534468112,6.9056425524507326],[79.85934540449719,6.905642713139063],[79.85934547386495,6.905642876218004],[79.85934555278443,6.905643041687543],[79.85934564125564,6.905643209547689]],[[79.85934638810889,6.905642797987236],[79.85934638810889,6.905642797987236],[79.85934631826042,6.905642666555291],[79.8593462563562,6.90564253993058],[79.85934620239634,6.9056424181131],[79.8593461563807,6.905642301102866],[79.85934611830936,6.905642188899859],[79.85934608818229,6.905642081504094],[79.8593460659995,6.905641978915552],[79.859346051761,6.905641881134262],[79.85934604546676,6.905641788160194],[79.85934604711683,6.905641699993367],[79.85934605671117,6.905641616633779],[79.85934607424977,6.90564153808142],[79.85934607424977,6.90564153808142],[79.85934609892323,6.905641462868804],[79.8593461299221,6.9056413895284345],[79.85934616724636,6.905641318060306],[79.85934621089604,6.9056412484644225],[79.85934626087113,6.90564118074079],[79.85934631717163,6.9056411148893995],[79.85934637979751,6.90564105091025],[79.85934644874882,6.905640988803349],[79.85934652402554,6.905640928568698],[79.85934660562765,6.905640870206289],[79.85934669355518,6.905640813716118],[79.85934678780812,6.9056407590981985],[79.85934753466134,6.905640347537742],[79.85934907323814,6.905643136952659],[79.85934832638493,6.905643548513114],[79.85934832638493,6.905643548513114],[79.85934822986557,6.905643599022049],[79.8593481351388,6.905643643185253],[79.85934804220453,6.905643681002734],[79.85934795106289,6.905643712474478],[79.85934786171379,6.905643737600505],[79.85934777415726,6.9056437563808],[79.85934768839323,6.905643768815361],[79.85934760442184,6.905643774904196],[79.85934752224298,6.905643774647303],[79.85934744185671,6.905643768044688],[79.85934736326298,6.905643755096343],[79.85934728646181,6.905643735802262],[79.85934728646181,6.905643735802262],[79.85934721064378,6.905643708694963],[79.85934713499941,6.905643672306948],[79.85934705952874,6.905643626638206],[79.85934698423178,6.905643571688752],[79.85934690910852,6.905643507458582],[79.85934683415891,6.905643433947689],[79.859346759383,6.905643351156076],[79.85934668478082,6.905643259083745],[79.8593466103523,6.905643157730697],[79.85934653609748,6.905643047096926],[79.85934646201633,6.905642927182443],[79.85934638810889,6.905642797987236]]],[[[79.85934500571986,6.905650237736769],[79.85934627827693,6.905649531988843],[79.85934240096766,6.905642547446453],[79.8593411284106,6.905643253194373],[79.85934500571986,6.905650237736769]]],[[[79.85933729584195,6.905650744203363],[79.85933729584195,6.905650744203363],[79.85933744686544,6.905650998171331],[79.85933759746976,6.905651235719993],[79.85933774765489,6.905651456849371],[79.85933789742086,6.905651661559448],[79.85933804676766,6.905651849850229],[79.8593381956953,6.905652021721718],[79.85933834420376,6.905652177173905],[79.85933849229306,6.905652316206804],[79.85933863996318,6.9056524388204075],[79.85933878721416,6.905652545014709],[79.85933893404595,6.905652634789716],[79.85933908045857,6.905652708145427],[79.85933908045857,6.905652708145427],[79.85933922552289,6.905652767861586],[79.85933936830969,6.90565281671793],[79.859339508819,6.905652854714463],[79.85933964705083,6.90565288185118],[79.85933978300517,6.905652898128081],[79.85933991668199,6.905652903545178],[79.85934004808134,6.905652898102453],[79.85934017720318,6.905652881799922],[79.85934030404755,6.905652854637572],[79.85934042861443,6.90565281661541],[79.85934055090381,6.905652767733438],[79.8593406709157,6.905652707991645],[79.8593406709157,6.905652707991645],[79.85934080203371,6.905652628791227],[79.8593409236778,6.905652540153837],[79.85934103584792,6.905652442079468],[79.85934113854408,6.905652334568142],[79.85934123176625,6.90565221761984],[79.85934131551447,6.905652091234564],[79.85934138978874,6.9056519554123215],[79.85934145458904,6.905651810153112],[79.85934150991538,6.905651655456932],[79.85934155576774,6.905651491323774],[79.85934159214617,6.9056513177536525],[79.85934161905061,6.9056511347465594],[79.85934161905061,6.9056511347465594],[79.85934163220708,6.905650940105044],[79.85934162989544,6.9056507362857165],[79.8593416121157,6.905650523288564],[79.85934157886786,6.905650301113594],[79.85934153015191,6.905650069760807],[79.85934146596786,6.905649829230205],[79.85934138631575,6.905649579521779],[79.85934129119549,6.905649320635541],[79.85934118060716,6.905649052571482],[79.85934105455067,6.905648775329597],[79.85934091302614,6.905648488909904],[79.85934075603349,6.905648193312387],[79.85934075603349,6.905648193312387],[79.85934057596184,6.905647874294767],[79.85934039584718,6.905647573463403],[79.85934021568946,6.905647290818289],[79.85934003548876,6.905647026359418],[79.85933985524497,6.905646780086805],[79.85933967495815,6.905646552000442],[79.85933949462836,6.905646342100325],[79.85933931425545,6.905646150386464],[79.85933913383955,6.905645976858846],[79.85933895338063,6.9056458215174885],[79.85933877287867,6.905645684362377],[79.85933859233367,6.905645565393512],[79.85933859233367,6.905645565393512],[79.85933841135017,6.905645464449333],[79.85933823330642,6.905645379299317],[79.85933805820243,6.905645309943475],[79.85933788603819,6.905645256381804],[79.85933771681371,6.905645218614297],[79.85933755052899,6.90564519664096],[79.85933738718406,6.905645190461796],[79.85933722677888,6.9056452000768],[79.85933706931344,6.905645225485974],[79.85933691478778,6.905645266689314],[79.85933676320185,6.905645323686823],[79.85933661455573,6.905645396478504],[79.85933661455573,6.905645396478504],[79.85933649449053,6.905645468610214],[79.85933638336246,6.905645548455132],[79.85933628117155,6.9056456360132605],[79.85933618791778,6.905645731284587],[79.85933610360114,6.905645834269129],[79.85933602822163,6.905645944966876],[79.85933596177931,6.905646063377834],[79.8593359042741,6.905646189501991],[79.85933585570601,6.9056463233393615],[79.85933581607509,6.905646464889936],[79.85933578538132,6.905646614153719],[79.85933576362464,6.90564677113071],[79.85933576362464,6.90564677113071],[79.85933574904932,6.905646932621249],[79.8593357462272,6.905647098010782],[79.85933575515824,6.905647267299309],[79.85933577584248,6.9056474404868275],[79.85933580827985,6.905647617573341],[79.85933585247044,6.905647798558855],[79.8593359084142,6.905647983443355],[79.85933597611113,6.905648172226855],[79.85933605556123,6.905648364909353],[79.85933614676453,6.9056485614908425],[79.85933624972097,6.905648761971324],[79.85933636443062,6.905648966350807],[79.85933711163324,6.90564855670016],[79.85933711163324,6.90564855670016],[79.85933703076128,6.905648405410904],[79.85933695670298,6.9056482587106505],[79.8593368894583,6.905648116599394],[79.85933682902727,6.905647979077136],[79.85933677540994,6.905647846143873],[79.85933672860621,6.905647717799613],[79.85933668861614,6.905647594044352],[79.8593366554397,6.905647474878081],[79.85933662907696,6.905647360300814],[79.85933660952783,6.905647250312542],[79.85933659679235,6.905647144913268],[79.8593365908705,6.905647044103001],[79.8593365908705,6.905647044103001],[79.8593365917623,6.905646947881723],[79.85933659946777,6.90564685624945],[79.85933661398688,6.905646769206171],[79.85933663531966,6.905646686751889],[79.85933666346604,6.905646608886607],[79.85933669842609,6.905646535610322],[79.85933674019981,6.90564646692304],[79.85933678878716,6.905646402824748],[79.85933684418814,6.905646343315459],[79.85933690640279,6.90564628839517],[79.85933697543109,6.905646238063875],[79.859337051273,6.905646192321579],[79.859337051273,6.905646192321579],[79.85933714300957,6.905646148333883],[79.8593372370792,6.9056461156800495],[79.85933733348192,6.905646094360066],[79.85933743221766,6.905646084373944],[79.8593375332865,6.905646085721673],[79.85933763668845,6.905646098403258],[79.85933774242349,6.90564612241871],[79.85933785049156,6.905646157768013],[79.85933796089274,6.905646204451176],[79.859338073627,6.905646262468187],[79.85933818869432,6.905646331819065],[79.85933830609473,6.9056464125037955],[79.85933830609473,6.9056464125037955],[79.8593384229145,6.905646505363021],[79.85933854256763,6.9056466138224994],[79.85933866505411,6.905646737882228],[79.85933879037395,6.90564687754221],[79.85933891852714,6.905647032802439],[79.85933904951366,6.905647203662916],[79.85933918333356,6.905647390123648],[79.85933931998677,6.9056475921846285],[79.85933945947333,6.905647809845858],[79.85933960179327,6.90564804310734],[79.85933974694653,6.9056482919690705],[79.85933989493316,6.905648556431049],[79.85933989493316,6.905648556431049],[79.8593400272373,6.905648802751402],[79.85934014832837,6.905649039074703],[79.8593402582063,6.905649265400962],[79.85934035687113,6.905649481730183],[79.85934044432284,6.905649688062366],[79.85934052056145,6.905649884397501],[79.85934058558692,6.905650070735594],[79.85934063939926,6.905650247076649],[79.85934068199855,6.9056504134206635],[79.85934071338467,6.905650569767629],[79.85934073355769,6.905650716117562],[79.85934074251759,6.905650852470445],[79.85934074251759,6.905650852470445],[79.85934073916133,6.905650979052649],[79.85934072871349,6.905651098675633],[79.85934071117404,6.905651211339406],[79.85934068654308,6.905651317043952],[79.85934065482049,6.905651415789291],[79.85934061600635,6.905651507575411],[79.8593405701006,6.905651592402311],[79.85934051710333,6.905651670269997],[79.85934045701445,6.905651741178463],[79.85934038983399,6.905651805127715],[79.85934031556198,6.905651862117747],[79.85934023419838,6.90565191214857],[79.85934023419838,6.90565191214857],[79.85934017075382,6.905651943021761],[79.8593401049539,6.905651967366234],[79.85934003679863,6.905651985181989],[79.85933996628803,6.905651996469016],[79.85933989342205,6.905652001227325],[79.85933981820074,6.905651999456918],[79.85933974062405,6.905651991157785],[79.859339660692,6.905651976329933],[79.85933957840466,6.905651954973362],[79.8593394937619,6.905651927088066],[79.85933940676384,6.905651892674047],[79.85933931741037,6.905651851731309],[79.85933931741037,6.905651851731309],[79.85933922463906,6.905651798409758],[79.85933912994132,6.905651731513351],[79.85933903331708,6.905651651042089],[79.8593389347664,6.905651556995971],[79.85933883428925,6.905651449374998],[79.85933873188563,6.905651328179173],[79.85933862755559,6.905651193408486],[79.85933852129904,6.905651045062943],[79.85933841311608,6.905650883142551],[79.85933830300662,6.905650707647303],[79.85933819097067,6.905650518577191],[79.85933807700832,6.905650315932233],[79.85933729584195,6.905650744203363]]],[[[79.85933429130138,6.905656098846005],[79.85933514626636,6.905655601032522],[79.85933465584485,6.90565128423015],[79.8593356768488,6.9056518267912015],[79.85933718502905,6.905654413938828],[79.85933794134426,6.905653973565361],[79.8593339116751,6.905647061030297],[79.85933315535993,6.905647501403765],[79.85933489919336,6.905650492793212],[79.85933128101361,6.905648592764085],[79.85933039316532,6.9056491097242345],[79.85933371485477,6.905650803370782],[79.85933429130138,6.905656098846005]]],[[[79.859325495173,6.905658076163083],[79.859325495173,6.905658076163083],[79.85932558508911,6.905658229246767],[79.8593256782114,6.905658373347147],[79.85932577453994,6.905658508464211],[79.85932587407468,6.905658634597965],[79.85932597681563,6.905658751748407],[79.85932608276279,6.905658859915537],[79.85932619191617,6.9056589590993545],[79.85932630427575,6.905659049299862],[79.85932641984157,6.9056591305170585],[79.85932653861357,6.905659202750937],[79.85932666059178,6.905659266001508],[79.85932678577622,6.905659320268768],[79.85932678577622,6.905659320268768],[79.85932691206796,6.905659365290221],[79.85932704132975,6.905659398585295],[79.85932717356162,6.905659420153987],[79.85932730876353,6.905659429996316],[79.8593274469355,6.9056594281122585],[79.8593275880775,6.90565941450183],[79.8593277321896,6.905659389165021],[79.85932787927173,6.905659352101841],[79.85932802932392,6.90565930331228],[79.85932818234619,6.905659242796346],[79.85932833833854,6.905659170554035],[79.8593284973009,6.905659086585341],[79.8593284973009,6.905659086585341],[79.8593286520528,6.90565899491054],[79.85932879541377,6.905658899549853],[79.85932892738373,6.905658800503308],[79.8593290479627,6.905658697770892],[79.85932915715073,6.905658591352603],[79.85932925494777,6.905658481248457],[79.85932934135386,6.905658367458429],[79.85932941636892,6.905658249982538],[79.85932947999304,6.905658128820777],[79.8593295322262,6.905658003973152],[79.85932957306835,6.905657875439659],[79.85932960251955,6.905657743220294],[79.85932960251955,6.905657743220294],[79.85932961970744,6.905657609241107],[79.85932962772132,6.905657473210079],[79.85932962656119,6.905657335127214],[79.85932961622713,6.9056571949925045],[79.85932959671904,6.905657052805966],[79.85932956803697,6.905656908567574],[79.85932953018093,6.905656762277355],[79.85932948315084,6.905656613935286],[79.85932942694684,6.905656463541384],[79.85932936156878,6.905656311095637],[79.85932928701676,6.905656156598051],[79.85932920329077,6.905656000048627],[79.8593265318225,6.905651233394442],[79.85932571175802,6.905651692535135],[79.85932838322626,6.905656459189327],[79.85932838322626,6.905656459189327],[79.85932844242058,6.905656569452119],[79.85932849489345,6.905656677008748],[79.8593285406449,6.90565678185922],[79.85932857967485,6.905656884003541],[79.85932861198341,6.905656983441692],[79.8593286375705,6.905657080173687],[79.85932865643615,6.905657174199534],[79.85932866858033,6.905657265519211],[79.85932867400312,6.905657354132732],[79.8593286727044,6.905657440040089],[79.85932866468426,6.905657523241301],[79.85932864994271,6.905657603736344],[79.85932864994271,6.905657603736344],[79.8593286293758,6.905657681382916],[79.85932860387972,6.905657756038683],[79.85932857345448,6.905657827703655],[79.85932853810003,6.905657896377826],[79.85932849781643,6.905657962061202],[79.85932845260363,6.905658024753773],[79.85932840246166,6.905658084455552],[79.8593283473905,6.905658141166525],[79.8593282873902,6.905658194886708],[79.85932822246069,6.905658245616087],[79.85932815260202,6.905658293354669],[79.85932807781414,6.905658338102452],[79.85932807781414,6.905658338102452],[79.85932800057313,6.905658378473149],[79.85932792335502,6.905658413080451],[79.85932784615983,6.905658441924368],[79.85932776898751,6.905658465004898],[79.85932769183815,6.905658482322038],[79.85932761471166,6.90565849387579],[79.85932753760804,6.90565849966616],[79.85932746052735,6.905658499693139],[79.85932738346955,6.9056584939567305],[79.85932730643466,6.905658482456935],[79.85932722942268,6.905658465193751],[79.85932715243358,6.90565844216718],[79.85932715243358,6.90565844216718],[79.8593270760569,6.905658412687768],[79.85932700088209,6.905658376066051],[79.85932692690915,6.905658332302038],[79.8593268541381,6.905658281395726],[79.85932678256896,6.905658223347106],[79.85932671220165,6.905658158156196],[79.85932664303627,6.905658085822978],[79.85932657507273,6.905658006347456],[79.85932650831113,6.90565791972964],[79.85932644275137,6.905657825969521],[79.85932637839349,6.9056577250671],[79.8593263152375,6.9056576170223885],[79.85932364376929,6.905652850368185],[79.85932282370477,6.905653309508874],[79.859325495173,6.905658076163083]]],[[[79.85931979471087,6.905657827515257],[79.85931979471087,6.905657827515257],[79.85931988593235,6.905657978584288],[79.85931997987132,6.90565812088487],[79.85932007652782,6.905658254417002],[79.85932017590191,6.9056583791806805],[79.85932027799352,6.905658495175906],[79.85932038280266,6.905658602402688],[79.85932049032935,6.90565870086101],[79.8593206005736,6.905658790550895],[79.85932071353535,6.905658871472319],[79.85932082921467,6.905658943625297],[79.85932094761151,6.905659007009824],[79.85932106872588,6.9056590616259035],[79.85932106872588,6.9056590616259035],[79.85932119130831,6.905659106755147],[79.85932131410921,6.905659141679174],[79.85932143712859,6.9056591663979825],[79.8593215603665,6.905659180911581],[79.85932168382287,6.905659185219959],[79.85932180749774,6.905659179323126],[79.85932193139114,6.905659163221075],[79.85932205550301,6.905659136913805],[79.85932217983338,6.9056591004013255],[79.85932230438225,6.905659053683621],[79.85932242914961,6.905658996760712],[79.85932255413549,6.905658929632578],[79.85932342479744,6.905658426906626],[79.85932492999733,6.9056610307486475],[79.8593256205223,6.905660632034963],[79.85932177889272,6.905653986408316],[79.8593202177058,6.9056548878479385],[79.8593202177058,6.9056548878479385],[79.85932009708827,6.905654962532826],[79.85931998542587,6.9056550421260114],[79.85931988271865,6.905655126627484],[79.85931978896656,6.905655216037255],[79.8593197041696,6.905655310355323],[79.85931962832778,6.9056554095816844],[79.85931956144114,6.905655513716342],[79.85931950350961,6.90565562275929],[79.85931945453322,6.905655736710538],[79.85931941451202,6.9056558555700835],[79.85931938344592,6.905655979337916],[79.85931936133498,6.905656108014049],[79.85931936133498,6.905656108014049],[79.8593193481806,6.90565624015779],[79.85931934398427,6.905656374328438],[79.85931934874591,6.905656510526004],[79.85931936246557,6.905656648750485],[79.8593193851432,6.905656789001881],[79.85931941677886,6.905656931280191],[79.85931945737252,6.905657075585409],[79.8593195069242,6.905657221917555],[79.85931956543388,6.905657370276609],[79.85931963290153,6.905657520662575],[79.8593197093272,6.905657673075461],[79.85931979471087,6.905657827515257]],[[79.85932048523587,6.9056574288015815],[79.85932048523587,6.9056574288015815],[79.85932041784314,6.905657307889565],[79.85932035794754,6.905657191287853],[79.8593203055491,6.905657078996434],[79.85932026064779,6.905656971015307],[79.8593202232436,6.905656867344487],[79.8593201933365,6.905656767983961],[79.85932017092658,6.905656672933729],[79.85932015601377,6.905656582193797],[79.85932014859809,6.905656495764159],[79.85932014867957,6.905656413644817],[79.85932015625816,6.905656335835769],[79.85932017133388,6.905656262337023],[79.85932017133388,6.905656262337023],[79.85932019312666,6.905656191799151],[79.8593202208565,6.90565612287274],[79.85932025452333,6.905656055557776],[79.85932029412716,6.905655989854276],[79.85932033966803,6.905655925762225],[79.8593203911459,6.905655863281635],[79.8593204485608,6.905655802412491],[79.85932051191273,6.905655743154808],[79.85932058120163,6.905655685508585],[79.85932065642757,6.905655629473819],[79.85932073759054,6.905655575050498],[79.85932082469047,6.905655522238644],[79.85932151521547,6.905655123524959],[79.85932299794969,6.9056576885036645],[79.8593223074247,6.905658087217348],[79.8593223074247,6.905658087217348],[79.85932221814056,6.905658136250831],[79.85932213042514,6.905658179339015],[79.85932204427837,6.905658216481895],[79.85932195970031,6.905658247679477],[79.85932187669096,6.905658272931762],[79.85932179525028,6.905658292238746],[79.85932171537829,6.905658305600426],[79.859321637075,6.90565831301681],[79.85932156034039,6.905658314487895],[79.85932148517448,6.905658310013675],[79.85932141157723,6.905658299594159],[79.85932133954873,6.905658283229343],[79.85932133954873,6.905658283229343],[79.85932126830882,6.905658259569807],[79.85932119707748,6.905658227266127],[79.85932112585475,6.905658186318306],[79.85932105464057,6.905658136726345],[79.85932098343498,6.905658078490249],[79.85932091223793,6.905658011610002],[79.8593208410495,6.9056579360856185],[79.85932076986963,6.905657851917098],[79.85932069869833,6.905657759104425],[79.8593206275356,6.905657657647624],[79.85932055638143,6.905657547546673],[79.85932048523587,6.9056574288015815]]],[[[79.85931455721028,6.905666651958552],[79.85931531692164,6.905666232612497],[79.85931460815576,6.905663903063993],[79.85931600095994,6.905663134262887],[79.85931759605573,6.90566497457432],[79.85931835576709,6.905664555228257],[79.85931301295902,6.905658623339746],[79.85931237986622,6.90565897279479],[79.85931455721028,6.905666651958552]],[[79.85931435347263,6.9056630682724975],[79.85931353413972,6.90566038907208],[79.85931359744899,6.905660354126572],[79.8593154297304,6.90566247419892],[79.85931435347263,6.9056630682724975]]],[[[79.85931013554551,6.905669072820843],[79.8593109716794,6.905668599825357],[79.8593100599582,6.9056627009289535],[79.85931009340356,6.905662682009133],[79.85931284461923,6.905667540315459],[79.85931361386238,6.905667105159602],[79.85930981984723,6.9056604053984625],[79.85930898371338,6.905660878393955],[79.85930989543456,6.905666777290355],[79.85930986198919,6.90566679621018],[79.85930711077354,6.905661937903836],[79.8593063415304,6.905662373059682],[79.85931013554551,6.905669072820843]]],[[[79.85930356346555,6.905668438486166],[79.85930356346555,6.905668438486166],[79.85930373540168,6.9056687278500455],[79.85930390890675,6.905668997376194],[79.85930408398077,6.9056692470646],[79.85930426062365,6.905669476915283],[79.85930443883548,6.905669686928215],[79.85930461861619,6.905669877103423],[79.85930479996583,6.905670047440884],[79.85930498288437,6.90567019794062],[79.85930516737184,6.9056703286026115],[79.85930535342821,6.905670439426872],[79.85930554105352,6.905670530413396],[79.85930573024768,6.905670601562181],[79.85930573024768,6.905670601562181],[79.85930591739124,6.905670654581254],[79.85930610530446,6.905670693254222],[79.85930629398737,6.905670717581092],[79.85930648343997,6.905670727561846],[79.85930667366229,6.90567072319651],[79.85930686465426,6.905670704485066],[79.85930705641594,6.905670671427517],[79.85930724894732,6.9056706240238706],[79.85930744224837,6.90567056227411],[79.85930763631916,6.9056704861782565],[79.85930783115961,6.905670395736298],[79.85930802676975,6.905670290948233],[79.85930923837518,6.905669598824968],[79.8593054209479,6.905662923518411],[79.8593042093425,6.905663615641669],[79.8593042093425,6.905663615641669],[79.85930399755799,6.905663743815432],[79.85930380170838,6.905663877272421],[79.8593036217937,6.90566401601263],[79.8593034578139,6.905664160036056],[79.85930330976902,6.905664309342701],[79.85930317765906,6.905664463932564],[79.85930306148398,6.905664623805649],[79.85930296124383,6.905664788961958],[79.85930287693854,6.905664959401483],[79.85930280856823,6.905665135124225],[79.85930275613278,6.905665316130189],[79.85930271963224,6.9056655024193745],[79.85930271963224,6.9056655024193745],[79.8593026975221,6.905665697031964],[79.85930269221734,6.905665900746308],[79.85930270371797,6.905666113562402],[79.85930273202395,6.905666335480254],[79.85930277713534,6.905666566499854],[79.85930283905208,6.9056668066212135],[79.85930291777422,6.905667055844319],[79.8593030133017,6.9056673141691824],[79.8593031256346,6.905667581595797],[79.85930325477287,6.905667858124162],[79.8593034007165,6.9056681437542835],[79.85930356346555,6.905668438486166]],[[79.85930441871642,6.9056679499285725],[79.85930441871642,6.9056679499285725],[79.85930428743117,6.9056677134687305],[79.85930416890642,6.905667485544064],[79.85930406314216,6.905667266154568],[79.85930397013846,6.905667055300249],[79.85930388989522,6.905666852981108],[79.85930382241249,6.905666659197135],[79.85930376769029,6.905666473948339],[79.85930372572857,6.905666297234722],[79.85930369652736,6.905666129056275],[79.85930368008667,6.905665969413006],[79.85930367640648,6.905665818304909],[79.8593036854868,6.905665675731988],[79.8593036854868,6.905665675731988],[79.85930370624241,6.90566553979662],[79.85930373758814,6.905665408601164],[79.85930377952397,6.905665282145639],[79.8593038320499,6.905665160430033],[79.85930389516594,6.905665043454348],[79.85930396887207,6.905664931218588],[79.8593040531683,6.905664823722752],[79.85930414805466,6.905664720966834],[79.8593042535311,6.905664622950839],[79.85930436959765,6.905664529674773],[79.85930449625432,6.9056644411386205],[79.85930463350108,6.905664357342395],[79.85930502549108,6.905664133420168],[79.85930799460114,6.905669325325276],[79.85930760261117,6.905669549247501],[79.85930760261117,6.905669549247501],[79.8593074608169,6.905669625091778],[79.8593073205177,6.90566968977205],[79.8593071817136,6.905669743288338],[79.8593070444046,6.905669785640632],[79.85930690859064,6.905669816828929],[79.8593067742718,6.905669836853241],[79.85930664144804,6.905669845713558],[79.85930651011938,6.905669843409888],[79.85930638028579,6.905669829942222],[79.85930625194732,6.905669805310564],[79.85930612510388,6.9056697695149145],[79.85930599975555,6.905669722555275],[79.85930599975555,6.905669722555275],[79.85930587342183,6.905669660094208],[79.85930574610275,6.905669582131721],[79.85930561779831,6.90566948866781],[79.85930548850847,6.905669379702474],[79.85930535823329,6.905669255235721],[79.85930522697271,6.905669115267538],[79.85930509472678,6.905668959797934],[79.85930496149545,6.905668788826911],[79.85930482727873,6.905668602354464],[79.85930469207666,6.905668400380584],[79.85930455588924,6.905668182905291],[79.85930441871642,6.9056679499285725]]],[[[79.85929615107146,6.905672513398225],[79.85929615107146,6.905672513398225],[79.85929631883535,6.9056728096815085],[79.8592964889771,6.9056730857400455],[79.85929666149674,6.905673341573824],[79.85929683639428,6.905673577182844],[79.85929701366967,6.9056737925671134],[79.85929719332299,6.905673987726632],[79.85929737535417,6.905674162661394],[79.85929755976325,6.905674317371401],[79.8592977465502,6.905674451856652],[79.85929793571503,6.905674566117155],[79.85929812725776,6.905674660152891],[79.85929832117839,6.9056747339638855],[79.85929832117839,6.9056747339638855],[79.85929851365121,6.905674789268672],[79.8592987074645,6.905674829945093],[79.85929890261818,6.9056748559931345],[79.85929909911232,6.905674867412818],[79.8592992969469,6.905674864204117],[79.85929949612189,6.905674846367051],[79.85929969663734,6.905674813901614],[79.8592998984932,6.905674766807808],[79.85930010168948,6.9056747050856275],[79.85930030622622,6.905674628735081],[79.8593005121034,6.905674537756164],[79.85930071932098,6.9056744321488726],[79.85930200444568,6.9056737340888406],[79.85929828910051,6.905666900133373],[79.85929700397583,6.9056675981934],[79.85929700397583,6.9056675981934],[79.85929677906935,6.905667727548947],[79.85929657052259,6.905667862397729],[79.85929637833556,6.905668002739753],[79.85929620250823,6.905668148575013],[79.85929604304063,6.905668299903519],[79.85929589993273,6.905668456725261],[79.85929577318456,6.905668619040238],[79.85929566279609,6.905668786848458],[79.85929556876737,6.905668960149913],[79.85929549109837,6.9056691389446145],[79.85929542978906,6.90566932323255],[79.85929538483948,6.905669513013729],[79.85929538483948,6.905669513013729],[79.85929535453009,6.905669711379109],[79.85929534134105,6.905669919138433],[79.8592953452724,6.905670136291693],[79.85929536632412,6.905670362838892],[79.85929540449621,6.905670598780027],[79.85929545978871,6.905670844115098],[79.85929553220153,6.9056710988441115],[79.85929562173477,6.90567136296706],[79.85929572838837,6.905671636483947],[79.85929585216236,6.905671919394765],[79.85929599305672,6.905672211699524],[79.85929615107146,6.905672513398225]],[[79.85929705821832,6.9056720206499715],[79.85929705821832,6.9056720206499715],[79.85929693070338,6.905671778596067],[79.85929681612691,6.905671545331713],[79.85929671448896,6.905671320856924],[79.85929662578947,6.9056711051716935],[79.85929655002849,6.90567089827602],[79.859296487206,6.905670700169899],[79.85929643732196,6.905670510853347],[79.85929640037644,6.905670330326353],[79.8592963763694,6.905670158588911],[79.85929636530082,6.90566999564103],[79.85929636717076,6.905669841482707],[79.85929638197916,6.905669696113943],[79.85929638197916,6.905669696113943],[79.85929640866989,6.9056695575920095],[79.85929644618673,6.905669423974187],[79.8592964945297,6.9056692952604655],[79.8592965536988,6.905669171450857],[79.85929662369402,6.90566905254535],[79.85929670451534,6.905668938543955],[79.85929679616281,6.905668829446665],[79.85929689863639,6.905668725253467],[79.85929701193609,6.90566862596439],[79.85929713606194,6.905668531579423],[79.85929727101389,6.905668442098547],[79.85929741679195,6.905668357521782],[79.85929783256759,6.905668131678837],[79.8593007222805,6.905673446977537],[79.85930030650486,6.90567367282049],[79.85930030650486,6.90567367282049],[79.85930015630089,6.905673749256306],[79.85930000807123,6.905673814314332],[79.85929986181587,6.905673867994566],[79.85929971753485,6.905673910297015],[79.85929957522812,6.905673941221674],[79.8592994348957,6.905673960768546],[79.85929929653763,6.905673968937624],[79.85929916015387,6.90567396572892],[79.85929902574438,6.90567395114242],[79.85929889330926,6.9056739251781325],[79.85929876284841,6.905673887836062],[79.85929863436192,6.9056738391161945],[79.85929863436192,6.9056738391161945],[79.85929850543558,6.905673774578024],[79.85929837606945,6.905673694221549],[79.85929824626348,6.9056735980467705],[79.85929811601774,6.905673486053679],[79.85929798533213,6.905673358242285],[79.85929785420676,6.905673214612588],[79.85929772264156,6.905673055164582],[79.85929759063653,6.905672879898273],[79.8592974581917,6.905672688813654],[79.85929732530705,6.90567248191073],[79.85929719198256,6.905672259189503],[79.85929705821832,6.9056720206499715]]],[[[79.85929338424364,6.9056786068038996],[79.8592941849618,6.905678151305665],[79.85929365495092,6.905674428273575],[79.85929452239559,6.905673934817148],[79.85929625348369,6.905676974601879],[79.8592970208386,6.905676538082732],[79.8592930206215,6.90566951371532],[79.8592913524587,6.90567046266998],[79.8592913524587,6.90567046266998],[79.85929122298614,6.905670540728246],[79.85929110147455,6.905670623070322],[79.85929098792391,6.905670709696184],[79.85929088233422,6.905670800605855],[79.85929078470548,6.905670895799319],[79.8592906950377,6.90567099527659],[79.85929061333087,6.905671099037653],[79.85929053958499,6.905671207082514],[79.85929047380007,6.9056713194111685],[79.85929041597609,6.90567143602363],[79.85929036611304,6.9056715569198905],[79.859290324211,6.905671682099947],[79.859290324211,6.905671682099947],[79.85929029084774,6.905671809346684],[79.85929026920046,6.905671941007214],[79.85929025926907,6.905672077081547],[79.85929026105366,6.905672217569673],[79.85929027455414,6.905672362471599],[79.85929029977059,6.905672511787325],[79.85929033670297,6.905672665516848],[79.85929038535129,6.905672823660172],[79.85929044571553,6.9056729862172865],[79.85929051779571,6.905673153188207],[79.85929060159181,6.905673324572922],[79.85929069710387,6.905673500371435],[79.85929069710387,6.905673500371435],[79.85929077593565,6.905673633413297],[79.85929085647706,6.905673758684406],[79.85929093872814,6.905673876184751],[79.85929102268884,6.905673985914344],[79.85929110835922,6.905674087873181],[79.85929119573923,6.905674182061258],[79.8592912848289,6.90567426847858],[79.85929137562819,6.905674347125146],[79.85929146813717,6.905674418000955],[79.85929156235579,6.905674481106009],[79.85929165828405,6.905674536440305],[79.859291755922,6.905674584003841],[79.859291755922,6.905674584003841],[79.85929185381019,6.905674625004484],[79.85929195048928,6.905674660650091],[79.85929204595931,6.905674690940655],[79.8592921402202,6.905674715876189],[79.85929223327201,6.9056747354566825],[79.85929232511472,6.905674749682141],[79.85929241574836,6.9056747585525615],[79.85929250517289,6.905674762067943],[79.85929259338835,6.905674760228291],[79.85929268039465,6.905674753033601],[79.85929276619188,6.905674740483871],[79.85929285078002,6.905674722579109],[79.85929338424364,6.9056786068038996]],[[79.85929146445876,6.905673063852296],[79.85929146445876,6.905673063852296],[79.85929141285759,6.905672968572559],[79.85929136722181,6.90567287443148],[79.85929132755138,6.905672781429062],[79.8592912938463,6.905672689565307],[79.85929126610664,6.905672598840213],[79.85929124433231,6.9056725092537725],[79.85929122852336,6.905672420806002],[79.85929121867977,6.90567233349689],[79.85929121480159,6.905672247326432],[79.85929121688875,6.905672162294641],[79.85929122494129,6.9056720784015075],[79.85929123895919,6.905671995647038],[79.85929123895919,6.905671995647038],[79.85929125787723,6.905671915392549],[79.85929128433722,6.90567183689059],[79.85929131833913,6.905671760141155],[79.859291359883,6.905671685144236],[79.85929140896879,6.905671611899845],[79.8592914655965,6.90567154040798],[79.85929152976618,6.905671470668638],[79.85929160147778,6.905671402681815],[79.8592916807313,6.905671336447524],[79.8592917675268,6.905671271965748],[79.8592918618642,6.905671209236501],[79.85929196374354,6.905671148259782],[79.85929269773517,6.905670730719733],[79.85929407792702,6.905673154331883],[79.85929314375585,6.905673685746494],[79.85929314375585,6.905673685746494],[79.85929307669554,6.905673721502603],[79.85929300896765,6.905673752854559],[79.85929294057215,6.9056737798023615],[79.85929287150907,6.905673802346011],[79.85929280177841,6.905673820485506],[79.85929273138015,6.90567383422085],[79.85929266031431,6.905673843552045],[79.8592925885809,6.905673848479077],[79.85929251617986,6.905673849001963],[79.85929244311126,6.905673845120693],[79.85929236937505,6.905673836835264],[79.85929229497127,6.905673824145693],[79.85929229497127,6.905673824145693],[79.85929221950305,6.905673803123253],[79.85929214517283,6.905673774403478],[79.85929207198056,6.905673737986371],[79.85929199992626,6.905673693871915],[79.85929192900991,6.9056736420601394],[79.85929185923155,6.90567358255102],[79.85929179059116,6.905673515344577],[79.85929172308876,6.905673440440789],[79.85929165672431,6.905673357839664],[79.85929159149782,6.905673267541209],[79.85929152740931,6.905673169545422],[79.85929146445876,6.905673063852296]]],[[[79.85928676384067,6.905677745532456],[79.85928676384067,6.905677745532456],[79.85928693681228,6.905678035990835],[79.85928710806729,6.905678308762247],[79.8592872776058,6.905678563846699],[79.85928744542778,6.905678801244181],[79.85928761153319,6.9056790209547],[79.85928777592207,6.90567922297825],[79.85928793859436,6.905679407314851],[79.85928809955016,6.90567957396447],[79.85928825878939,6.905679722927134],[79.8592884163121,6.905679854202829],[79.85928857211825,6.905679967791559],[79.85928872620784,6.9056800636933255],[79.85928872620784,6.9056800636933255],[79.85928887587283,6.905680142769631],[79.85928902436153,6.905680208102399],[79.85928917167391,6.905680259691632],[79.85928931780995,6.905680297537337],[79.85928946276974,6.905680321639502],[79.8592896065532,6.905680331998134],[79.85928974916037,6.90568032861324],[79.85928989059124,6.905680311484802],[79.85929003084578,6.9056802806128355],[79.85929016992402,6.905680235997339],[79.85929030782596,6.9056801776383],[79.8592904445516,6.905680105535732],[79.8592904445516,6.905680105535732],[79.85929057515577,6.905680022558359],[79.85929069469331,6.905679931574911],[79.85929080316421,6.905679832585365],[79.85929090056848,6.905679725589746],[79.85929098690609,6.905679610588042],[79.85929106217709,6.905679487580255],[79.85929112638145,6.905679356566392],[79.85929117951918,6.9056792175464405],[79.85929122159027,6.90567907052041],[79.85929125259472,6.905678915488298],[79.85929127253253,6.905678752450106],[79.85929128140373,6.905678581405831],[79.85929128140373,6.905678581405831],[79.85929127617811,6.905678399146973],[79.85929125629127,6.905678206710475],[79.8592912217432,6.905678004096317],[79.8592911725339,6.9056777913045],[79.85929110866334,6.90567756833504],[79.85929103013157,6.905677335187925],[79.85929093693849,6.905677091863157],[79.85929082908423,6.905676838360742],[79.85929070656871,6.9056765746806645],[79.85929056939196,6.905676300822939],[79.85929041755395,6.9056760167875595],[79.85929025105472,6.905675722574528],[79.85929025105472,6.905675722574528],[79.85929007811312,6.905675432335227],[79.8592899069481,6.905675160221057],[79.85928973755968,6.905674906232004],[79.8592895699478,6.905674670368078],[79.85928940411252,6.905674452629273],[79.8592892400538,6.9056742530155955],[79.85928907777166,6.905674071527042],[79.85928891726607,6.905673908163609],[79.85928875853705,6.905673762925302],[79.85928860158464,6.905673635812114],[79.85928844640874,6.90567352682405],[79.85928829300946,6.905673435961112],[79.85928829300946,6.905673435961112],[79.85928814118068,6.905673360859676],[79.85928799071635,6.905673299156139],[79.8592878416165,6.905673250850495],[79.85928769388111,6.905673215942746],[79.85928754751015,6.905673194432882],[79.85928740250368,6.9056731863209135],[79.85928725886168,6.90567319160683],[79.85928711658414,6.9056732102906535],[79.85928697567101,6.905673242372361],[79.8592868361224,6.905673287851972],[79.85928669793822,6.90567334672946],[79.8592865611185,6.905673419004846],[79.8592865611185,6.905673419004846],[79.8592864306084,6.9056735018093995],[79.85928631135312,6.905673592274392],[79.8592862033526,6.90567369039983],[79.85928610660687,6.905673796185706],[79.85928602111595,6.905673909632027],[79.85928594687984,6.905674030738786],[79.85928588389848,6.905674159505985],[79.8592858321719,6.905674295933627],[79.85928579170015,6.905674440021707],[79.8592857624832,6.905674591770231],[79.859285744521,6.905674751179196],[79.85928573781361,6.905674918248603],[79.85928573781361,6.905674918248603],[79.8592857423489,6.905675095468622],[79.85928576160542,6.90567528330446],[79.85928579558325,6.9056754817561],[79.85928584428234,6.9056756908235615],[79.8592859077027,6.905675910506832],[79.85928598584431,6.905676140805918],[79.85928607870723,6.905676381720809],[79.85928618629138,6.905676633251513],[79.8592863085968,6.905676895398032],[79.8592864456235,6.905677168160363],[79.85928659737144,6.905677451538503],[79.85928676384067,6.905677745532456]],[[79.8592875178329,6.905677308136152],[79.8592875178329,6.905677308136152],[79.85928736892811,6.9056770472306805],[79.85928723288846,6.905676799436733],[79.85928710971388,6.905676564754322],[79.85928699940445,6.905676343183437],[79.85928690196008,6.905676134724084],[79.85928681738082,6.905675939376259],[79.85928674566662,6.905675757139962],[79.85928668681763,6.9056755880151925],[79.85928664083366,6.905675432001949],[79.85928660771482,6.905675289100231],[79.85928658746107,6.905675159310051],[79.85928658007244,6.905675042631398],[79.85928658007244,6.905675042631398],[79.85928658199241,6.90567493545166],[79.8592865896644,6.905674834158238],[79.85928660308849,6.905674738751124],[79.85928662226465,6.905674649230321],[79.85928664719287,6.905674565595828],[79.85928667787317,6.905674487847646],[79.85928671430553,6.905674415985774],[79.85928675648996,6.905674350010206],[79.85928680442646,6.9056742899209524],[79.85928685811504,6.905674235718012],[79.85928691755568,6.905674187401383],[79.85928698274837,6.90567414497106],[79.85928698274837,6.90567414497106],[79.85928705209325,6.905674109355165],[79.85928712399037,6.905674081481812],[79.85928719843977,6.905674061351006],[79.8592872754414,6.90567404896275],[79.8592873549953,6.905674044317034],[79.85928743710144,6.905674047413858],[79.85928752175987,6.905674058253236],[79.85928760897052,6.905674076835155],[79.85928769873345,6.905674103159614],[79.8592877910486,6.905674137226621],[79.85928788591603,6.90567417903617],[79.85928798333575,6.905674228588266],[79.85928798333575,6.905674228588266],[79.85928808271899,6.905674291900187],[79.8592881869678,6.905674372964216],[79.85928829608221,6.9056744717803635],[79.85928841006218,6.9056745883486235],[79.85928852890773,6.905674722668999],[79.8592886526188,6.905674874741491],[79.85928878119549,6.905675044566092],[79.85928891463777,6.905675232142815],[79.8592890529456,6.9056754374716505],[79.85928919611897,6.9056756605526015],[79.85928934415793,6.905675901385666],[79.8592894970625,6.905676159970839],[79.8592894970625,6.905676159970839],[79.85928964599728,6.9056764210953885],[79.859289782127,6.905676669546577],[79.85928990545162,6.905676905324388],[79.85929001597118,6.905677128428821],[79.85929011368566,6.90567733885989],[79.85929019859506,6.905677536617596],[79.85929027069938,6.905677721701926],[79.85929032999864,6.905677894112888],[79.85929037649282,6.905678053850481],[79.8592904101819,6.905678200914702],[79.85929043106593,6.905678335305551],[79.85929043914489,6.905678457023039],[79.85929043914489,6.905678457023039],[79.85929043506114,6.905678568177643],[79.85929042541348,6.9056786731002955],[79.85929041020191,6.905678771791001],[79.85929038942645,6.905678864249753],[79.85929036308703,6.905678950476559],[79.85929033118376,6.905679030471404],[79.85929029371651,6.905679104234303],[79.85929025068539,6.90567917176525],[79.85929020209036,6.9056792330642445],[79.85929014793138,6.905679288131287],[79.85929008820851,6.905679336966387],[79.85929002292174,6.90567937956953],[79.85929002292174,6.90567937956953],[79.85928995367094,6.905679415012602],[79.85928988205605,6.905679442367494],[79.85928980807705,6.905679461634194],[79.85928973173397,6.905679472812706],[79.85928965302676,6.90567947590304],[79.85928957195546,6.9056794709051905],[79.85928948852006,6.905679457819154],[79.85928940272058,6.905679436644925],[79.85928931455697,6.9056794073825145],[79.85928922402924,6.905679370031922],[79.85928913113747,6.905679324593144],[79.85928903588157,6.905679271066172],[79.85928903588157,6.905679271066172],[79.859288935808,6.905679202715432],[79.8592888309289,6.905679117050725],[79.85928872124425,6.90567901407207],[79.85928860675405,6.905678893779458],[79.85928848745831,6.905678756172887],[79.85928836335702,6.9056786012523625],[79.85928823445022,6.905678429017889],[79.85928810073786,6.90567823946945],[79.85928796221991,6.905678032607058],[79.85928781889645,6.905677808430711],[79.85928767076744,6.905677566940413],[79.8592875178329,6.905677308136152]]],[[[79.8592817590342,6.905678935803106],[79.8592817590342,6.905678935803106],[79.85928185416843,6.905679087518713],[79.85928195201039,6.9056792302344965],[79.85928205256015,6.905679363950453],[79.85928215581765,6.90567948866658],[79.85928226178292,6.905679604382892],[79.85928237045593,6.9056797110993715],[79.85928248183674,6.905679808816022],[79.8592825959253,6.90567989753285],[79.85928271272161,6.905679977249854],[79.85928283222567,6.905680047967034],[79.85928295443753,6.905680109684385],[79.85928307935714,6.905680162401912],[79.85928307935714,6.905680162401912],[79.85928320569424,6.905680205417893],[79.8592833321586,6.905680238030602],[79.8592834587502,6.905680260240043],[79.85928358546909,6.905680272046211],[79.8592837123152,6.905680273449116],[79.85928383928858,6.905680264448754],[79.85928396638921,6.905680245045112],[79.85928409361706,6.905680215238208],[79.8592842209722,6.905680175028031],[79.8592843484546,6.905680124414592],[79.85928447606425,6.905680063397875],[79.8592846038011,6.905679991977893],[79.85928549329269,6.905679458691424],[79.85928706411335,6.905682075301379],[79.85928776957219,6.905681652350043],[79.85928376046279,6.905674974136576],[79.85928216551237,6.905675930374367],[79.85928216551237,6.905675930374367],[79.85928204233423,6.905676009388159],[79.8592819284009,6.905676093186306],[79.8592818237124,6.9056761817688],[79.85928172826863,6.905676275135642],[79.85928164206963,6.905676373286839],[79.85928156511544,6.905676476222383],[79.85928149740603,6.905676583942285],[79.8592814389414,6.905676696446534],[79.85928138972156,6.9056768137351305],[79.85928134974651,6.9056769358080805],[79.85928131901622,6.905677062665375],[79.85928129753074,6.905677194307033],[79.85928129753074,6.905677194307033],[79.8592812852778,6.905677329265094],[79.85928128224514,6.9056774660716265],[79.85928128843275,6.905677604726643],[79.85928130384066,6.905677745230132],[79.85928132846887,6.905677887582088],[79.85928136231735,6.905678031782525],[79.85928140538608,6.905678177831437],[79.85928145767515,6.905678325728823],[79.85928151918449,6.9056784754746845],[79.8592815899141,6.905678627069015],[79.85928166986403,6.905678780511824],[79.8592817590342,6.905678935803106]],[[79.85928246449303,6.905678512851776],[79.85928246449303,6.905678512851776],[79.85928239412104,6.905678391286326],[79.85928233149058,6.9056782739312],[79.85928227660162,6.905678160786411],[79.85928222945421,6.905678051851951],[79.85928219004832,6.905677947127819],[79.85928215838398,6.905677846614022],[79.85928213446115,6.905677750310558],[79.85928211827985,6.905677658217425],[79.85928210984008,6.905677570334624],[79.85928210914184,6.90567748666215],[79.85928211618513,6.90567740720001],[79.85928213096997,6.905677331948205],[79.85928213096997,6.905677331948205],[79.85928215268227,6.905677259550688],[79.85928218050795,6.905677188651433],[79.85928221444702,6.905677119250432],[79.85928225449953,6.9056770513476815],[79.8592823006654,6.905676984943198],[79.85928235294466,6.905676920036965],[79.85928241133735,6.905676856628989],[79.85928247584343,6.905676794719271],[79.8592825464629,6.905676734307809],[79.85928262319578,6.905676675394604],[79.85928270604204,6.905676617979657],[79.85928279500173,6.905676562062958],[79.85928350046055,6.905676139111629],[79.85928504783611,6.905678716667707],[79.85928434237726,6.9056791396190444],[79.85928434237726,6.9056791396190444],[79.85928425113819,6.905679191738828],[79.85928416145377,6.905679237763063],[79.859284073324,6.9056792776917435],[79.85928398674885,6.90567931152487],[79.8592839017283,6.905679339262452],[79.85928381826241,6.905679360904466],[79.85928373635116,6.905679376450933],[79.85928365599455,6.905679385901848],[79.85928357719254,6.905679389257204],[79.85928349994518,6.905679386517013],[79.85928342425242,6.905679377681261],[79.85928335011432,6.905679362749964],[79.85928335011432,6.905679362749964],[79.85928327671681,6.905679340367077],[79.85928320324577,6.905679309176552],[79.85928312970125,6.905679269178399],[79.85928305608321,6.905679220372627],[79.85928298239169,6.90567916275922],[79.85928290862667,6.905679096338184],[79.85928283478815,6.905679021109525],[79.85928276087613,6.905678937073233],[79.8592826868906,6.9056788442293096],[79.85928261283158,6.905678742577762],[79.85928253869905,6.905678632118585],[79.85928246449303,6.905678512851776]]],[[[79.85927461699552,6.9056846021652865],[79.85927461699552,6.9056846021652865],[79.85927480383951,6.905684903210958],[79.85927498819672,6.905685185961716],[79.85927517006719,6.905685450417553],[79.85927534945088,6.905685696578477],[79.8592755263478,6.905685924444483],[79.85927570075793,6.905686134015572],[79.85927587268132,6.905686325291749],[79.85927604211793,6.905686498273011],[79.8592762090678,6.905686652959353],[79.85927637353088,6.905686789350779],[79.85927653550718,6.905686907447288],[79.85927669499672,6.9056870072488845],[79.85927669499672,6.9056870072488845],[79.85927684930536,6.905687089635035],[79.85927700184052,6.9056871578059065],[79.8592771526022,6.905687211761499],[79.85927730159041,6.905687251501814],[79.85927744880519,6.905687277026837],[79.85927759424645,6.905687288336586],[79.85927773791424,6.905687285431048],[79.8592778798086,6.9056872683102295],[79.85927801992946,6.905687236974135],[79.85927815827685,6.905687191422754],[79.85927829485078,6.905687131656092],[79.85927842965124,6.9056870576741485],[79.85927842965124,6.9056870576741485],[79.85927855781385,6.905686972422487],[79.8592786744742,6.905686878846664],[79.8592787796323,6.905686776946683],[79.85927887328816,6.905686666722548],[79.8592789554418,6.905686548174254],[79.85927902609318,6.905686421301799],[79.85927908524228,6.90568628610519],[79.85927913288918,6.905686142584416],[79.85927916903383,6.905685990739495],[79.85927919367622,6.905685830570402],[79.85927920681637,6.905685662077166],[79.85927920845427,6.905685485259768],[79.85927920845427,6.905685485259768],[79.85927919539708,6.905685296788097],[79.85927916711988,6.905685097731951],[79.85927912362267,6.905684888091335],[79.85927906490546,6.905684667866242],[79.85927899096819,6.905684437056673],[79.85927890181094,6.905684195662634],[79.85927879743365,6.905683943684117],[79.85927867783636,6.905683681121125],[79.85927854301903,6.905683407973658],[79.8592783929817,6.905683124241716],[79.85927822772436,6.905682829925302],[79.85927804724699,6.905682525024417],[79.85927804724699,6.905682525024417],[79.85927786044262,6.905682224205391],[79.85927767620427,6.905681942134568],[79.85927749453197,6.905681678811964],[79.85927731542567,6.905681434237567],[79.8592771388854,6.905681208411378],[79.85927696491116,6.905681001333399],[79.85927679350293,6.9056808130036265],[79.85927662466074,6.905680643422062],[79.85927645838456,6.9056804925887105],[79.85927629467442,6.905680360503561],[79.85927613353029,6.905680247166629],[79.85927597495218,6.9056801525778955],[79.85927597495218,6.9056801525778955],[79.8592758186313,6.905680074292616],[79.85927566425887,6.905680009866025],[79.85927551183488,6.905679959298106],[79.85927536135938,6.905679922588874],[79.85927521283229,6.905679899738332],[79.85927506625367,6.905679890746468],[79.85927492162348,6.9056798956132885],[79.85927477894174,6.905679914338798],[79.85927463820848,6.90567994692298],[79.85927449942363,6.905679993365857],[79.85927436258723,6.905680053667411],[79.85927422769927,6.905680127827655],[79.85927422769927,6.905680127827655],[79.85927409962417,6.905680212901021],[79.8592739832263,6.905680305941942],[79.8592738785056,6.9056804069504265],[79.85927378546218,6.905680515926475],[79.85927370409595,6.9056806328700775],[79.85927363440696,6.905680757781245],[79.8592735763952,6.905680890659968],[79.85927353006065,6.905681031506251],[79.85927349540331,6.905681180320102],[79.8592734724232,6.905681337101508],[79.85927346112031,6.905681501850474],[79.85927346149465,6.9056816745670035],[79.85927346149465,6.9056816745670035],[79.8592734736404,6.905681857825806],[79.8592735010854,6.905682052122371],[79.8592735438297,6.905682257456709],[79.85927360187327,6.905682473828817],[79.85927367521609,6.90568270123869],[79.85927376385818,6.905682939686325],[79.85927386779957,6.905683189171734],[79.85927398704021,6.905683449694914],[79.85927412158013,6.9056837212558575],[79.85927427141932,6.905684003854561],[79.85927443655778,6.905684297491044],[79.85927461699552,6.9056846021652865]],[[79.85927535867151,6.905684153053748],[79.85927535867151,6.905684153053748],[79.85927519736047,6.90568388266515],[79.85927504958346,6.905683625887077],[79.85927491534054,6.905683382719526],[79.85927479463163,6.905683153162506],[79.8592746874568,6.905682937216002],[79.85927459381604,6.905682734880028],[79.85927451370931,6.905682546154564],[79.85927444713667,6.90568237103964],[79.85927439409805,6.905682209535235],[79.8592743545935,6.905682061641352],[79.859274328623,6.905681927357999],[79.85927431618653,6.905681806685163],[79.85927431618653,6.905681806685163],[79.85927431354321,6.905681695872711],[79.85927431695208,6.905681591170485],[79.85927432641316,6.905681492578492],[79.8592743419264,6.9056814000967375],[79.85927436349182,6.905681313725206],[79.85927439110947,6.905681233463909],[79.85927442477929,6.905681159312842],[79.8592744645013,6.90568109127201],[79.85927451027547,6.905681029341408],[79.85927456210187,6.905680973521036],[79.85927461998044,6.9056809238108965],[79.8592746839112,6.9056808802109915],[79.8592746839112,6.9056808802109915],[79.8592747523204,6.905680843674288],[79.85927482363418,6.90568081515377],[79.85927489785269,6.905680794649438],[79.85927497497582,6.905680782161287],[79.85927505500356,6.905680777689322],[79.85927513793598,6.905680781233541],[79.85927522377304,6.905680792793943],[79.85927531251473,6.905680812370522],[79.85927540416108,6.905680839963291],[79.85927549871205,6.905680875572242],[79.85927559616769,6.905680919197372],[79.85927569652797,6.905680970838685],[79.85927569652797,6.905680970838685],[79.85927579945634,6.905681036715411],[79.85927590804988,6.905681120967529],[79.85927602230863,6.9056812235950575],[79.85927614223256,6.905681344597988],[79.85927626782168,6.905681483976319],[79.859276399076,6.905681641730061],[79.85927653599552,6.9056818178592],[79.8592766785802,6.905682012363747],[79.85927682683014,6.905682225243688],[79.85927698074522,6.9056824564990436],[79.85927714032552,6.905682706129798],[79.85927730557098,6.90568297413595],[79.85927730557098,6.90568297413595],[79.85927746692165,6.905683244751201],[79.85927761481756,6.905683502209211],[79.85927774925865,6.905683746509993],[79.85927787024491,6.905683977653542],[79.8592779777764,6.905684195639862],[79.85927807185307,6.9056844004689495],[79.85927815247496,6.905684592140801],[79.85927821964205,6.905684770655426],[79.85927827335432,6.905684936012817],[79.8592783136118,6.9056850882129845],[79.85927834041449,6.905685227255911],[79.85927835376236,6.905685353141611],[79.85927835376236,6.905685353141611],[79.85927835439345,6.90568546805494],[79.8592783491473,6.905685576501437],[79.85927833802396,6.905685678481103],[79.8592783210234,6.905685773993943],[79.85927829814563,6.905685863039954],[79.85927826939066,6.9056859456191395],[79.85927823475848,6.905686021731489],[79.85927819424906,6.905686091377016],[79.85927814786243,6.905686154555708],[79.8592780955986,6.905686211267571],[79.85927803745756,6.905686261512609],[79.85927797343932,6.905686305290814],[79.85927797343932,6.905686305290814],[79.85927790511764,6.905686341649214],[79.85927783406625,6.905686369634838],[79.85927776028521,6.9056863892476805],[79.85927768377454,6.905686400487737],[79.85927760453417,6.905686403355017],[79.85927752256413,6.905686397849513],[79.85927743786444,6.90568638397123],[79.85927735043506,6.905686361720162],[79.85927726027604,6.9056863310963115],[79.85927716738735,6.905686292099684],[79.85927707176897,6.905686244730281],[79.85927697342093,6.905686188988088],[79.85927697342093,6.905686188988088],[79.85927686958112,6.905686117898505],[79.8592767601554,6.90568602888681],[79.85927664514374,6.905685921953003],[79.85927652454613,6.905685797097087],[79.8592763983626,6.905685654319051],[79.85927626659313,6.905685493618917],[79.85927612923768,6.905685314996663],[79.85927598629632,6.905685118452304],[79.85927583776902,6.90568490398583],[79.85927568365581,6.905684671597248],[79.85927552395664,6.905684421286556],[79.85927535867151,6.905684153053748]]],[[[79.85926440535428,6.905686659226338],[79.85926695853355,6.905685078614551],[79.85926831900012,6.905687273013064],[79.8592663885475,6.905688468109784],[79.85926685013436,6.905689212637848],[79.85926878058702,6.905688017541126],[79.85927065122853,6.90569103483907],[79.85927136736417,6.905690591496736],[79.85926721308235,6.9056838907441565],[79.85926394376742,6.905685914698275],[79.85926440535428,6.905686659226338]]],[[[79.85925996995668,6.905697132334418],[79.85926076350815,6.905696659211707],[79.8592599675734,6.905694274530836],[79.85926142241773,6.905693407139187],[79.85926314416254,6.905695239843544],[79.859263937714,6.90569476672082],[79.85925817543875,6.905688869302173],[79.85925751414588,6.905689263571101],[79.85925996995668,6.905697132334418]],[[79.8592596816144,6.905693420017196],[79.8592587617954,6.905690677616208],[79.85925882792469,6.905690638189316],[79.85926080581228,6.905692749760015],[79.8592596816144,6.905693420017196]]],[[[79.8592553757255,6.9056993305717995],[79.85925612067508,6.905698902560248],[79.8592555921724,6.905695399044374],[79.85925639920107,6.905694935365191],[79.85925804512809,6.905697796863741],[79.85925875903807,6.9056973866860005],[79.85925495561216,6.905690774304225],[79.85925340363391,6.905691665994955],[79.85925340363391,6.905691665994955],[79.85925328321767,6.905691739348495],[79.85925317028546,6.905691816738598],[79.8592530648372,6.905691898165282],[79.85925296687303,6.90569198362852],[79.85925287639282,6.905692073128331],[79.85925279339662,6.905692166664709],[79.85925271788449,6.905692264237649],[79.85925264985636,6.90569236584716],[79.8592525893122,6.905692471493238],[79.85925253625209,6.905692581175887],[79.85925249067598,6.905692694895101],[79.85925245258389,6.905692812650874],[79.85925245258389,6.905692812650874],[79.85925242249685,6.905692932357475],[79.8592524034072,6.905693056225699],[79.85925239531494,6.9056931842555365],[79.85925239822011,6.905693316446996],[79.85925241212266,6.905693452800084],[79.85925243702265,6.905693593314776],[79.85925247292,6.9056937379911],[79.8592525198148,6.905693886829042],[79.859252577707,6.905694039828606],[79.8592526465966,6.905694196989776],[79.85925272648362,6.905694358312582],[79.85925281736802,6.905694523797002],[79.85925281736802,6.905694523797002],[79.85925289227426,6.905694649038072],[79.85925296871125,6.9056947669686055],[79.85925304667903,6.905694877588607],[79.85925312617758,6.905694980898079],[79.85925320720688,6.905695076897021],[79.85925328976698,6.90569516558543],[79.85925337385781,6.905695246963313],[79.85925345947943,6.90569532103066],[79.85925354663185,6.905695387787473],[79.85925363531499,6.905695447233759],[79.8592537255289,6.905695499369517],[79.85925381727361,6.905695544194742],[79.85925381727361,6.905695544194742],[79.85925390919466,6.905695582844888],[79.85925399993768,6.905695616455414],[79.85925408950264,6.905695645026321],[79.85925417788955,6.905695668557613],[79.85925426509843,6.905695687049281],[79.85925435112927,6.9056957005013295],[79.85925443598202,6.905695708913759],[79.85925451965676,6.905695712286563],[79.85925460215344,6.905695710619756],[79.85925468347207,6.905695703913319],[79.85925476361267,6.9056956921672645],[79.85925484257518,6.9056956753816],[79.8592553757255,6.9056993305717995]],[[79.85925353127801,6.905694113619269],[79.85925353127801,6.905694113619269],[79.85925348217427,6.905694023929709],[79.85925343866033,6.905693935315899],[79.85925340073614,6.905693847777829],[79.85925336840172,6.90569376131551],[79.85925334165708,6.905693675928928],[79.85925332050218,6.905693591618099],[79.85925330493704,6.905693508383012],[79.85925329496168,6.905693426223669],[79.85925329057609,6.905693345140073],[79.85925329178028,6.9056932651322205],[79.8592532985742,6.905693186200114],[79.85925331095791,6.905693108343764],[79.85925331095791,6.905693108343764],[79.859253327947,6.905693032843288],[79.85925335200588,6.905692958997318],[79.85925338313457,6.905692886805847],[79.8592534213331,6.905692816268865],[79.85925346660143,6.905692747386387],[79.85925351893957,6.905692680158409],[79.85925357834755,6.905692614584918],[79.85925364482533,6.9056925506659335],[79.85925371837294,6.905692488401445],[79.85925379899034,6.905692427791453],[79.85925388667756,6.905692368835961],[79.85925398143462,6.905692311534968],[79.85925466430506,6.9056919191910495],[79.85925597659818,6.905694200656107],[79.85925510749037,6.90569470000292],[79.85925510749037,6.90569470000292],[79.85925504507966,6.905694733598295],[79.85925498200575,6.905694763049163],[79.8592549182687,6.905694788355521],[79.85925485386842,6.905694809517385],[79.85925478880499,6.905694826534732],[79.85925472307838,6.9056948394075715],[79.85925465668858,6.905694848135912],[79.85925458963557,6.905694852719738],[79.85925452191945,6.905694853159064],[79.8592544535401,6.905694849453879],[79.85925438449759,6.905694841604191],[79.85925431479188,6.905694829609999],[79.85925431479188,6.905694829609999],[79.85925424401728,6.9056948097743405],[79.85925417423934,6.9056947826968305],[79.85925410545809,6.9056947483774485],[79.85925403767357,6.905694706816213],[79.8592539708857,6.905694658013105],[79.8592539050945,6.90569460196815],[79.85925384030006,6.905694538681324],[79.85925377650227,6.905694468152638],[79.85925371370116,6.905694390382084],[79.85925365189676,6.90569430536968],[79.85925359108901,6.905694213115407],[79.85925353127801,6.905694113619269]]],[[[79.8592507691911,6.905702194374278],[79.85925435327047,6.905700063440205],[79.85925040398175,6.905693429474497],[79.8592469955926,6.905695455950998],[79.85924743440242,6.905696193058306],[79.85925003461685,6.905694647086536],[79.8592512586654,6.905696703227956],[79.85924886927918,6.905698123850668],[79.85924930808902,6.905698860957968],[79.85925169747527,6.905697440335255],[79.85925310628588,6.905699806837646],[79.85925033038124,6.905701457266971],[79.8592507691911,6.905702194374278]]],[[[79.85924631520656,6.9057046949695815],[79.8592470479395,6.905704247552743],[79.85924621499883,6.905701925323132],[79.8592475583426,6.905701105058919],[79.8592492461384,6.905702905302199],[79.85924997887135,6.905702457885357],[79.8592443383122,6.905696661816883],[79.8592437277014,6.905697034664251],[79.85924631520656,6.9057046949695815]],[[79.85924591582142,6.905701093177467],[79.85924495369754,6.905698422533087],[79.85924501475864,6.9056983852483524],[79.85924695385977,6.905700459336935],[79.85924591582142,6.905701093177467]]]]}},{"type":"Feature","properties":{"Type":21,"ImageName":null,"MCode":null,"SCode":null,"ID":null,"Type(Strin":null,"Type(Strin_2":null},"geometry":{"type":"Polygon","coordinates":[[[79.85926891848344,6.905684005357576],[79.85927147874895,6.905682690122453],[79.85927262810209,6.905684924580673],[79.85927069229159,6.905685919026743],[79.8592710822507,6.905686677146492],[79.85927301806119,6.905685682700424],[79.85927459842179,6.9056887550804715],[79.85927531654504,6.905688386173058],[79.85927180691309,6.905681563095287],[79.85926852852435,6.905683247237813],[79.85926891848344,6.905684005357576]]]}},{"type":"Feature","properties":{"Type":6,"ImageName":null,"MCode":null,"SCode":null,"ID":null,"Type(Strin":null,"Type(Strin_2":null},"geometry":{"type":"Polygon","coordinates":[[[79.8624289009438,6.911729791354294],[79.8624325292648,6.91172269967336],[79.86242902872343,6.9117155441433],[79.86242540040243,6.911722635824209],[79.8624289009438,6.911729791354294]],[[79.86242891999207,6.911727667505492],[79.86242646311048,6.9117226453422855],[79.86242900967518,6.911717667992106],[79.86243146655676,6.9117226901552975],[79.86242891999207,6.911727667505492]]]}},{"type":"Feature","properties":{"Type":6,"ImageName":null,"MCode":null,"SCode":null,"ID":null,"Type(Strin":null,"Type(Strin_2":null},"geometry":{"type":"Polygon","coordinates":[[[79.86242882493765,6.9117014516571],[79.8624323801302,6.911694257045553],[79.86242875150643,6.91168709914302],[79.86242519631391,6.911694293754544],[79.86242882493765,6.9117014516571]],[[79.86242881399117,6.911699312110635],[79.86242626721399,6.9116942882822965],[79.86242876245291,6.911689238689482],[79.86243130923009,6.911694262517815],[79.86242881399117,6.911699312110635]]]}},{"type":"Feature","properties":{"Type":6,"ImageName":null,"MCode":null,"SCode":null,"ID":null,"Type(Strin":null,"Type(Strin_2":null},"geometry":{"type":"Polygon","coordinates":[[[79.862429065549,6.911675399336648],[79.86243299269523,6.911667589164949],[79.86242909559637,6.911659763980256],[79.86242516845017,6.911667574151924],[79.862429065549,6.911675399336648]],[[79.86242907002821,6.911673068555345],[79.86242633481974,6.911667576389944],[79.86242909111718,6.911662094761559],[79.86243182632563,6.911667586926949],[79.86242907002821,6.911673068555345]]]}},{"type":"Feature","properties":{"Type":21,"ImageName":null,"MCode":null,"SCode":null,"ID":null,"Type(Strin":null,"Type(Strin_2":null},"geometry":{"type":"MultiPolygon","coordinates":[[[[79.86285288116545,6.911662175782703],[79.86285288116545,6.911662175782703],[79.86285324022977,6.911662163857775],[79.86285358002603,6.911662141100168],[79.86285390055426,6.911662107509889],[79.86285420181444,6.911662063086928],[79.8628544838066,6.911662007831295],[79.8628547465307,6.9116619417429845],[79.86285498998679,6.9116618648219985],[79.86285521417481,6.911661777068333],[79.8628554190948,6.911661678481993],[79.86285560474676,6.911661569062977],[79.86285577113067,6.9116614488112855],[79.86285591824654,6.911661317726914],[79.86285591824654,6.911661317726914],[79.86285604984573,6.911661178187699],[79.8628561696796,6.9116610325714705],[79.86285627774816,6.911660880878222],[79.8628563740514,6.911660723107962],[79.86285645858933,6.911660559260686],[79.86285653136196,6.911660389336392],[79.86285659236924,6.911660213335086],[79.86285664161123,6.911660031256765],[79.8628566790879,6.911659843101428],[79.86285670479924,6.9116596488690725],[79.86285671874528,6.911659448559702],[79.862856720926,6.911659242173322],[79.86285667650272,6.911656729074618],[79.86284363221017,6.911656959344001],[79.8628436784103,6.91165957296664],[79.8628436784103,6.91165957296664],[79.8628436889207,6.911659777848767],[79.86284371304801,6.91165997364538],[79.86284375079221,6.911660160356468],[79.86284380215332,6.9116603379820365],[79.86284386713136,6.9116605065220815],[79.8628439457263,6.9116606659766076],[79.86284403793813,6.911660816345612],[79.86284414376689,6.9116609576290955],[79.86284426321257,6.9116610898270565],[79.86284439627514,6.911661212939499],[79.86284454295462,6.911661326966418],[79.86284470325101,6.9116614319078185],[79.86284470325101,6.9116614319078185],[79.86284487297577,6.9116615306308375],[79.86284504784159,6.911661620417962],[79.86284522784852,6.911661701269187],[79.86284541299653,6.9116617731845125],[79.86284560328563,6.911661836163939],[79.86284579871581,6.9116618902074665],[79.86284599928707,6.911661935315098],[79.86284620499943,6.911661971486831],[79.86284641585287,6.911661998722663],[79.8628466318474,6.911662017022597],[79.86284685298301,6.91166202638663],[79.86284707925971,6.911662026814769],[79.86284707925971,6.911662026814769],[79.86284730310925,6.911662019837211],[79.86284751696337,6.911662006984161],[79.8628477208221,6.9116619882556165],[79.86284791468542,6.911661963651582],[79.86284809855334,6.911661933172054],[79.86284827242584,6.911661896817029],[79.86284843630294,6.911661854586515],[79.86284859018464,6.911661806480507],[79.86284873407094,6.911661752499012],[79.86284886796182,6.9116616926420145],[79.86284899185728,6.91166162690953],[79.86284910575738,6.911661555301554],[79.86284910575738,6.911661555301554],[79.86284920764179,6.911661483440155],[79.86284930386745,6.911661411213111],[79.86284939443432,6.9116613386204255],[79.86284947934244,6.911661265662108],[79.86284955859175,6.911661192338146],[79.86284963218232,6.911661118648546],[79.86284970011408,6.911661044593301],[79.86284976238709,6.911660970172421],[79.86284981900131,6.911660895385898],[79.86284986995675,6.911660820233734],[79.86284991525342,6.911660744715932],[79.86284995489133,6.9116606688324875],[79.86284995489133,6.9116606688324875],[79.8628499983246,6.911660767690013],[79.86285004878816,6.911660864561299],[79.862850106282,6.911660959446342],[79.86285017080613,6.911661052345148],[79.86285024236051,6.911661143257713],[79.8628503209452,6.911661232184039],[79.86285040656016,6.911661319124124],[79.86285049920538,6.911661404077968],[79.86285059888091,6.9116614870455715],[79.86285070558671,6.911661568026934],[79.86285081932279,6.91166164702206],[79.86285094008915,6.9116617240309415],[79.86285094008915,6.9116617240309415],[79.86285106365405,6.911661799477439],[79.86285119416284,6.911661868051112],[79.86285133161554,6.911661929751966],[79.86285147601215,6.91166198458],[79.86285162735265,6.911662032535214],[79.86285178563706,6.911662073617603],[79.86285195086538,6.91166210782717],[79.86285212303758,6.911662135163921],[79.8628523021537,6.911662155627849],[79.8628524882137,6.911662169218952],[79.86285268121763,6.911662175937239],[79.86285288116545,6.911662175782703]],[[79.86284705882503,6.91166087078937],[79.86284705882503,6.91166087078937],[79.86284689720733,6.911660870965566],[79.86284674291139,6.911660865658874],[79.86284659593717,6.911660854869295],[79.8628464562847,6.911660838596822],[79.86284632395397,6.9116608168414615],[79.86284619894498,6.911660789603216],[79.86284608125774,6.9116607568820765],[79.86284597089224,6.911660718678049],[79.86284586784846,6.911660674991134],[79.86284577212643,6.911660625821325],[79.86284568372615,6.911660571168627],[79.86284560264761,6.911660511033043],[79.86284560264761,6.911660511033043],[79.86284552843512,6.9116604496124205],[79.86284546053425,6.911660385519941],[79.86284539894496,6.911660318755606],[79.86284534366733,6.911660249319416],[79.86284529470132,6.911660177211373],[79.86284525204694,6.911660102431473],[79.86284521570416,6.9116600249797235],[79.862845185673,6.911659944856118],[79.86284516195347,6.911659862060654],[79.86284514454557,6.911659776593341],[79.86284513344928,6.9116596884541694],[79.86284512866463,6.911659597643148],[79.8628451020107,6.911658089783929],[79.86284914497855,6.911658018413914],[79.86284917074403,6.91165947601116],[79.86284917074403,6.91165947601116],[79.86284916899938,6.911659567170212],[79.86284916050766,6.911659656353468],[79.86284914526888,6.911659743560927],[79.86284912328308,6.911659828792586],[79.86284909455023,6.911659912048449],[79.8628490590703,6.911659993328516],[79.86284901684337,6.911660072632784],[79.86284896786937,6.911660149961252],[79.86284891214832,6.911660225313925],[79.86284884968025,6.911660298690798],[79.8628487804651,6.911660370091876],[79.86284870450292,6.911660439517155],[79.86284870450292,6.911660439517155],[79.86284861646546,6.911660505314943],[79.8628485195003,6.911660565683928],[79.86284841360742,6.911660620624101],[79.86284829878684,6.911660670135471],[79.86284817503858,6.911660714218032],[79.86284804236259,6.911660752871786],[79.86284790075892,6.911660786096736],[79.86284775022754,6.911660813892877],[79.86284759076845,6.911660836260208],[79.86284742238168,6.911660853198738],[79.8628472450672,6.911660864708459],[79.86284705882503,6.91166087078937]],[[79.86285285984228,6.91166096949533],[79.86285285984228,6.91166096949533],[79.86285266147752,6.911660969272769],[79.86285247322274,6.911660961423198],[79.86285229507796,6.911660945946609],[79.86285212704317,6.911660922843013],[79.8628519691184,6.911660892112406],[79.8628518213036,6.911660853754781],[79.8628516835988,6.911660807770146],[79.86285155600399,6.911660754158498],[79.8628514385192,6.911660692919836],[79.86285133114438,6.9116606240541625],[79.86285123387958,6.9116605475614765],[79.86285114672476,6.911660463441779],[79.86285114672476,6.911660463441779],[79.86285106395154,6.911660377382601],[79.86285098820858,6.911660289337176],[79.86285091949591,6.9116601993055164],[79.86285085781353,6.911660107287614],[79.86285080316141,6.911660013283472],[79.86285075553958,6.911659917293087],[79.86285071494802,6.9116598193164664],[79.86285068138677,6.911659719353604],[79.86285065485576,6.911659617404501],[79.86285063535506,6.91165951346916],[79.86285062288464,6.911659407547575],[79.8628506174445,6.9116592996397515],[79.86285059434441,6.911657992828429],[79.86285524757159,6.911657910685526],[79.86285526800629,6.911659066710927],[79.86285526800629,6.911659066710927],[79.86285526691003,6.911659214537286],[79.8628552582905,6.911659356444506],[79.86285524214766,6.911659492432598],[79.86285521848154,6.911659622501556],[79.86285518729213,6.911659746651382],[79.86285514857943,6.911659864882073],[79.86285510234343,6.911659977193638],[79.86285504858415,6.9116600835860655],[79.86285498730159,6.911660184059361],[79.86285491849571,6.911660278613526],[79.86285484216656,6.911660367248554],[79.86285475831411,6.9116604499644545],[79.86285475831411,6.9116604499644545],[79.86285466486261,6.9116605292419155],[79.86285455963755,6.9116606019769735],[79.86285444263898,6.911660668169627],[79.86285431386685,6.91166072781988],[79.86285417332118,6.911660780927725],[79.86285402100197,6.911660827493164],[79.86285385690921,6.911660867516204],[79.8628536810429,6.911660900996838],[79.86285349340307,6.911660927935066],[79.86285329398967,6.91166094833089],[79.86285308280276,6.911660962184312],[79.86285285984228,6.91166096949533]]],[[[79.86285271909117,6.911667437867126],[79.86285271909117,6.911667437867126],[79.86285301947693,6.911667435324037],[79.86285330927758,6.911667425330762],[79.86285358849308,6.911667407887306],[79.86285385712344,6.911667382993662],[79.86285411516864,6.911667350649836],[79.86285436262871,6.911667310855827],[79.86285459950363,6.911667263611636],[79.86285482579342,6.911667208917258],[79.86285504149805,6.911667146772699],[79.86285524661756,6.911667077177956],[79.86285544115191,6.911667000133029],[79.8628556251011,6.911666915637919],[79.8628556251011,6.911666915637919],[79.86285579633561,6.911666825439213],[79.86285595274396,6.9116667266040395],[79.86285609432618,6.911666619132407],[79.86285622108224,6.911666503024307],[79.86285633301215,6.911666378279743],[79.86285643011591,6.911666244898714],[79.86285651239353,6.9116661028812185],[79.862856579845,6.911665952227261],[79.86285663247034,6.911665792936838],[79.86285667026952,6.911665625009952],[79.86285669324255,6.911665448446601],[79.86285670138943,6.911665263246784],[79.86285670138943,6.911665263246784],[79.86285669467735,6.911665077892021],[79.8628566730734,6.911664900863826],[79.86285663657765,6.911664732162208],[79.86285658519007,6.911664571787156],[79.86285651891066,6.911664419738675],[79.86285643773942,6.911664276016766],[79.86285634167636,6.911664140621424],[79.86285623072148,6.911664013552656],[79.86285610487477,6.91166389481046],[79.8628559641362,6.911663784394831],[79.86285580850583,6.911663682305777],[79.86285563798363,6.911663588543289],[79.86285563798363,6.911663588543289],[79.86285545468557,6.911663504870377],[79.86285526074573,6.911663428370591],[79.86285505616416,6.911663359043924],[79.8628548409408,6.911663296890382],[79.86285461507569,6.911663241909965],[79.8628543785688,6.911663194102667],[79.86285413142016,6.911663153468489],[79.86285387362973,6.911663120007442],[79.86285360519756,6.911663093719509],[79.86285332612364,6.911663074604701],[79.86285303640791,6.91166306266302],[79.86285273605044,6.911663057894455],[79.86284348928021,6.911663022138852],[79.86284348552958,6.911663990786655],[79.86285273229983,6.911664026542261],[79.86285273229983,6.911664026542261],[79.86285294403672,6.911664029700769],[79.86285314620304,6.911664037501799],[79.8628533387988,6.911664049945352],[79.86285352182396,6.911664067031425],[79.86285369527859,6.911664088760016],[79.86285385916263,6.911664115131128],[79.86285401347611,6.911664146144761],[79.86285415821902,6.911664181800913],[79.86285429339136,6.911664222099591],[79.86285441899314,6.911664267040786],[79.86285453502437,6.911664316624498],[79.86285464148499,6.911664370850734],[79.86285464148499,6.911664370850734],[79.86285473890915,6.911664428844144],[79.86285482783094,6.9116644897293815],[79.86285490825033,6.911664553506446],[79.86285498016731,6.9116646201753404],[79.86285504358192,6.911664689736062],[79.86285509849414,6.911664762188609],[79.86285514490396,6.911664837532988],[79.8628551828114,6.911664915769192],[79.86285521221646,6.911664996897224],[79.86285523311909,6.911665080917086],[79.86285524551937,6.911665167828773],[79.86285524941724,6.911665257632291],[79.86285524941724,6.911665257632291],[79.86285524482406,6.911665347402972],[79.86285523175113,6.911665434216162],[79.86285521019846,6.911665518071857],[79.86285518016604,6.9116655989700595],[79.8628551416539,6.911665676910765],[79.862855094662,6.911665751893974],[79.86285503919036,6.911665823919689],[79.86285497523897,6.911665892987913],[79.86285490280787,6.911665959098642],[79.862854821897,6.911666022251872],[79.86285473250639,6.911666082447609],[79.86285463463605,6.911666139685852],[79.86285463463605,6.911666139685852],[79.86285452775869,6.91166619308715],[79.86285441134697,6.911666241772053],[79.86285428540094,6.9116662857405595],[79.86285414992058,6.911666324992674],[79.86285400490587,6.911666359528388],[79.86285385035684,6.91166638934771],[79.8628536862735,6.911666414450637],[79.8628535126558,6.911666434837163],[79.86285332950379,6.911666450507301],[79.86285313681744,6.911666461461037],[79.86285293459677,6.911666467698382],[79.86285272284177,6.911666469219329],[79.86284347607146,6.911666433463717],[79.86284347232083,6.911667402111515],[79.86285271909117,6.911667437867126]]],[[[79.86285287881822,6.911672867323555],[79.86285287881822,6.911672867323555],[79.86285314179345,6.9116728606426445],[79.86285339564735,6.911672844978626],[79.86285364037995,6.911672820331494],[79.8628538759912,6.911672786701249],[79.86285410248114,6.911672744087892],[79.86285431984976,6.91167269249142],[79.86285452809703,6.911672631911836],[79.86285472722298,6.911672562349141],[79.86285491722761,6.911672483803329],[79.86285509811093,6.911672396274409],[79.8628552698729,6.9116722997623725],[79.86285543251354,6.911672194267226],[79.86285543251354,6.911672194267226],[79.86285558024724,6.911672083541758],[79.86285571500251,6.911671966335037],[79.86285583677937,6.911671842647068],[79.8628559455778,6.911671712477844],[79.86285604139783,6.911671575827369],[79.86285612423944,6.911671432695646],[79.86285619410262,6.911671283082669],[79.86285625098742,6.911671126988442],[79.86285629489377,6.911670964412964],[79.86285632582171,6.911670795356228],[79.86285634377123,6.911670619818249],[79.86285634874234,6.911670437799013],[79.86285634874234,6.911670437799013],[79.86285634046673,6.911670255991111],[79.86285631867615,6.911670081087125],[79.86285628337056,6.911669913087056],[79.86285623454997,6.9116697519909005],[79.86285617221436,6.911669597798662],[79.86285609636379,6.911669450510337],[79.8628560069982,6.9116693101259274],[79.86285590411762,6.911669176645436],[79.86285578772204,6.911669050068861],[79.86285565781147,6.911668930396199],[79.86285551438588,6.9116688176274526],[79.86285535744531,6.911668711762623],[79.86285535744531,6.911668711762623],[79.86285519039,6.911668613700243],[79.86285501662019,6.911668524338852],[79.86285483613591,6.9116684436784475],[79.86285464893713,6.911668371719032],[79.86285445502388,6.9116683084606025],[79.86285425439613,6.911668253903158],[79.8628540470539,6.911668208046704],[79.86285383299719,6.911668170891232],[79.86285361222598,6.911668142436751],[79.86285338474028,6.911668122683257],[79.8628531505401,6.911668111630746],[79.86285290962545,6.911668109279226],[79.86285242108164,6.911668113277173],[79.86285242946153,6.911669135911598],[79.86285284821336,6.911669132484788],[79.86285284821336,6.911669132484788],[79.86285301932341,6.911669133863612],[79.86285318369366,6.911669140855755],[79.86285334132411,6.911669153461228],[79.8628534922148,6.911669171680019],[79.86285363636567,6.911669195512135],[79.86285377377679,6.911669224957572],[79.86285390444809,6.911669260016333],[79.86285402837963,6.911669300688416],[79.86285414557136,6.91166934697382],[79.86285425602331,6.911669398872552],[79.86285435973548,6.911669456384602],[79.86285445670785,6.911669519509977],[79.86285445670785,6.911669519509977],[79.86285454644059,6.911669586400041],[79.86285462843385,6.911669655206163],[79.8628547026876,6.911669725928346],[79.8628547692019,6.911669798566582],[79.8628548279767,6.911669873120878],[79.86285487901205,6.911669949591236],[79.86285492230787,6.911670027977648],[79.86285495786424,6.911670108280122],[79.86285498568111,6.911670190498647],[79.86285500575852,6.911670274633239],[79.86285501809643,6.91167036068388],[79.86285502269484,6.911670448650584],[79.86285502269484,6.911670448650584],[79.86285501960562,6.911670564573971],[79.86285500839476,6.911670675211513],[79.86285498906226,6.9116707805632025],[79.86285496160814,6.911670880629043],[79.86285492603238,6.9116709754090415],[79.862854882335,6.911671064903188],[79.86285483051597,6.911671149111484],[79.86285477057531,6.911671228033935],[79.86285470251305,6.9116713016705384],[79.86285462632914,6.911671370021295],[79.8628545420236,6.911671433086202],[79.86285444959643,6.91167149086526],[79.86285444959643,6.91167149086526],[79.86285434761638,6.911671546149267],[79.86285424236645,6.911671596725299],[79.86285413384661,6.911671642593355],[79.86285402205687,6.911671683753429],[79.86285390699722,6.9116717202055264],[79.86285378866765,6.91167175194965],[79.86285366706818,6.911671778985795],[79.86285354219882,6.911671801313962],[79.86285341405951,6.9116718189341535],[79.86285328265035,6.911671831846366],[79.86285314797126,6.9116718400506025],[79.86285301002226,6.91167184354686],[79.86285301002226,6.91167184354686],[79.86285289448732,6.911671841713243],[79.86285278052239,6.91167183430861],[79.86285266812746,6.911671821332962],[79.86285255730255,6.911671802786295],[79.86285244804763,6.911671778668611],[79.86285234036276,6.911671748979915],[79.86285223424787,6.911671713720196],[79.862852129703,6.911671672889464],[79.86285202672816,6.911671626487715],[79.86285192532331,6.911671574514949],[79.86285182548848,6.911671516971166],[79.86285172722366,6.911671453856369],[79.86285172722366,6.911671453856369],[79.86285162665405,6.91167138551105],[79.86285152765953,6.911671312212247],[79.86285143024007,6.911671233959964],[79.86285133439567,6.911671150754194],[79.86285124012635,6.911671062594939],[79.8628511474321,6.9116709694822065],[79.86285105631293,6.911670871415982],[79.86285096676883,6.911670768396277],[79.8628508787998,6.911670660423091],[79.86285079240585,6.911670547496416],[79.86285070758697,6.9116704296162625],[79.86285062434315,6.911670306782628],[79.86285062434315,6.911670306782628],[79.86285051726223,6.911670133914679],[79.8628504083101,6.911669969296372],[79.86285029748677,6.911669812927698],[79.86285018479226,6.911669664808665],[79.86285007022654,6.9116695249392635],[79.86284995378965,6.9116693933195],[79.86284983548155,6.911669269949375],[79.86284971530226,6.911669154828885],[79.86284959325177,6.911669047958032],[79.86284946933007,6.911668949336814],[79.8628493435372,6.911668858965232],[79.86284921587313,6.9116687768432845],[79.86284921587313,6.9116687768432845],[79.86284908538117,6.911668704522742],[79.8628489510642,6.911668638615102],[79.86284881292215,6.911668579120361],[79.86284867095506,6.911668526038524],[79.86284852516295,6.9116684793695935],[79.86284837554578,6.911668439113562],[79.8628482221036,6.911668405270435],[79.86284806483636,6.911668377840208],[79.86284790374405,6.911668356822883],[79.86284773882673,6.911668342218462],[79.86284757008436,6.911668334026943],[79.86284739751694,6.911668332248328],[79.86284739751694,6.911668332248328],[79.86284715715864,6.911668338641221],[79.86284692462753,6.911668353821957],[79.86284669992361,6.911668377790541],[79.8628464830469,6.911668410546968],[79.86284627399736,6.9116684520912415],[79.86284607277504,6.911668502423355],[79.86284587937988,6.91166856154332],[79.86284569381195,6.911668629451124],[79.8628455160712,6.911668706146777],[79.86284534615764,6.911668791630274],[79.86284518407128,6.911668885901614],[79.86284502981212,6.911668988960799],[79.86284502981212,6.911668988960799],[79.86284488580095,6.911669100479237],[79.86284475441809,6.911669215188058],[79.86284463566356,6.911669333087267],[79.86284452953736,6.91166945417686],[79.86284443603947,6.911669578456844],[79.86284435516987,6.911669705927214],[79.86284428692859,6.911669836587972],[79.86284423131563,6.9116699704391165],[79.86284418833101,6.911670107480651],[79.8628441579747,6.911670247712568],[79.8628441402467,6.911670391134874],[79.862844135147,6.911670537747567],[79.862844135147,6.911670537747567],[79.86284414428184,6.9116707258271095],[79.86284416852865,6.911670904725228],[79.86284420788746,6.911671074441925],[79.86284426235828,6.911671234977196],[79.86284433194109,6.911671386331047],[79.8628444166359,6.911671528503472],[79.8628445164427,6.911671661494476],[79.86284463136153,6.911671785304056],[79.86284476139231,6.911671899932213],[79.86284490653512,6.911672005378949],[79.86284506678992,6.911672101644257],[79.86284524215674,6.911672188728144],[79.86284524215674,6.911672188728144],[79.86284542248536,6.911672270110327],[79.86284560533986,6.911672344266812],[79.86284579072017,6.91167241119759],[79.86284597862637,6.911672470902664],[79.86284616905841,6.911672523382036],[79.8628463620163,6.911672568635704],[79.86284655750003,6.91167260666367],[79.86284675550964,6.911672637465932],[79.86284695604508,6.911672661042492],[79.86284715910637,6.911672677393347],[79.86284736469351,6.9116726865185],[79.86284757280652,6.911672688417948],[79.86284756442662,6.911671665783527],[79.86284756442662,6.911671665783527],[79.86284743748449,6.911671671762937],[79.86284731244054,6.91167167278622],[79.86284718929477,6.911671668853373],[79.86284706804719,6.9116716599644],[79.86284694869778,6.911671646119298],[79.86284683124656,6.911671627318068],[79.86284671569352,6.911671603560713],[79.86284660203867,6.911671574847225],[79.862846490282,6.911671541177616],[79.86284638042352,6.911671502551875],[79.86284627246322,6.911671458970007],[79.86284616640108,6.91167141043201],[79.86284616640108,6.91167141043201],[79.86284606563488,6.911671357527656],[79.8628459735623,6.911671300846715],[79.86284589018337,6.9116712403891825],[79.86284581549808,6.911671176155061],[79.86284574950639,6.911671108144352],[79.86284569220837,6.911671036357052],[79.86284564360396,6.911670960793164],[79.86284560369319,6.911670881452688],[79.86284557247608,6.9116707983356225],[79.86284554995257,6.911670711441965],[79.86284553612272,6.911670620771727],[79.86284553098649,6.91167052632489],[79.86284553098649,6.91167052632489],[79.86284553350154,6.91167043891755],[79.86284554250415,6.9116703545449925],[79.86284555799428,6.911670273207215],[79.8628455799719,6.911670194904214],[79.86284560843707,6.911670119635997],[79.86284564338975,6.911670047402569],[79.86284568482995,6.911669978203913],[79.86284573275768,6.911669912040043],[79.86284578717292,6.911669848910956],[79.86284584807568,6.911669788816647],[79.86284591546597,6.91166973175712],[79.8628459893438,6.911669677732375],[79.8628459893438,6.911669677732375],[79.8628460648675,6.911669627399606],[79.86284614495021,6.911669581352551],[79.8628462295919,6.911669539591207],[79.86284631879255,6.911669502115575],[79.86284641255217,6.9116694689256555],[79.86284651087078,6.911669440021447],[79.86284661374837,6.911669415402952],[79.86284672118492,6.911669395070168],[79.86284683318046,6.911669379023099],[79.86284694973496,6.911669367261739],[79.86284707084846,6.91166935978609],[79.86284719652092,6.911669356596153],[79.86284719652092,6.911669356596153],[79.86284730009149,6.9116693573954615],[79.86284740142726,6.911669361506787],[79.86284750052825,6.91166936893013],[79.86284759739445,6.911669379665491],[79.86284769202587,6.911669393712868],[79.86284778442248,6.911669411072265],[79.86284787458433,6.911669431743678],[79.86284796251135,6.911669455727103],[79.86284804820362,6.911669483022554],[79.8628481316611,6.91166951363002],[79.86284821288378,6.9116695475495025],[79.86284829187166,6.911669584781004],[79.86284829187166,6.911669584781004],[79.86284836722137,6.911669631511749],[79.86284844524367,6.911669688925245],[79.86284852593857,6.9116697570214916],[79.86284860930608,6.911669835800486],[79.86284869534619,6.911669925262232],[79.86284878405891,6.9116700254067265],[79.86284887544421,6.911670136233971],[79.86284896950212,6.911670257743965],[79.86284906623263,6.9116703899367105],[79.86284916563574,6.911670532812203],[79.86284926771145,6.9116706863704485],[79.86284937245975,6.91167085061144],[79.86284937245975,6.91167085061144],[79.86284948023545,6.911671009681206],[79.86284959151475,6.911671162546564],[79.86284970629768,6.911671309207502],[79.86284982458423,6.911671449664028],[79.8628499463744,6.911671583916136],[79.86285007166818,6.91167171196383],[79.86285020046559,6.911671833807115],[79.86285033276661,6.911671949445982],[79.86285046857124,6.911672058880437],[79.86285060787948,6.911672162110473],[79.86285075069136,6.9116722591361],[79.86285089700685,6.911672349957313],[79.86285089700685,6.911672349957313],[79.86285104294356,6.911672433988306],[79.86285119237377,6.911672510579819],[79.86285134529747,6.911672579731852],[79.86285150171469,6.911672641444406],[79.86285166162538,6.91167269571748],[79.8628518250296,6.9116727425510724],[79.86285199192729,6.911672781945183],[79.86285216231848,6.91167281389982],[79.86285233620316,6.911672838414972],[79.86285251358134,6.9116728554906475],[79.86285269445304,6.911672865126842],[79.86285287881822,6.911672867323555]]]]}},{"type":"Feature","properties":{"Type":21,"ImageName":null,"MCode":null,"SCode":null,"ID":null,"Type(Strin":null,"Type(Strin_2":null},"geometry":{"type":"MultiPolygon","coordinates":[[[[79.86285288116545,6.911662175782703],[79.86285288116545,6.911662175782703],[79.86285324022977,6.911662163857775],[79.86285358002603,6.911662141100168],[79.86285390055426,6.911662107509889],[79.86285420181444,6.911662063086928],[79.8628544838066,6.911662007831295],[79.8628547465307,6.9116619417429845],[79.86285498998679,6.9116618648219985],[79.86285521417481,6.911661777068333],[79.8628554190948,6.911661678481993],[79.86285560474676,6.911661569062977],[79.86285577113067,6.9116614488112855],[79.86285591824654,6.911661317726914],[79.86285591824654,6.911661317726914],[79.86285604984573,6.911661178187699],[79.8628561696796,6.9116610325714705],[79.86285627774816,6.911660880878222],[79.8628563740514,6.911660723107962],[79.86285645858933,6.911660559260686],[79.86285653136196,6.911660389336392],[79.86285659236924,6.911660213335086],[79.86285664161123,6.911660031256765],[79.8628566790879,6.911659843101428],[79.86285670479924,6.9116596488690725],[79.86285671874528,6.911659448559702],[79.862856720926,6.911659242173322],[79.86285667650272,6.911656729074618],[79.86284363221017,6.911656959344001],[79.8628436784103,6.91165957296664],[79.8628436784103,6.91165957296664],[79.8628436889207,6.911659777848767],[79.86284371304801,6.91165997364538],[79.86284375079221,6.911660160356468],[79.86284380215332,6.9116603379820365],[79.86284386713136,6.9116605065220815],[79.8628439457263,6.9116606659766076],[79.86284403793813,6.911660816345612],[79.86284414376689,6.9116609576290955],[79.86284426321257,6.9116610898270565],[79.86284439627514,6.911661212939499],[79.86284454295462,6.911661326966418],[79.86284470325101,6.9116614319078185],[79.86284470325101,6.9116614319078185],[79.86284487297577,6.9116615306308375],[79.86284504784159,6.911661620417962],[79.86284522784852,6.911661701269187],[79.86284541299653,6.9116617731845125],[79.86284560328563,6.911661836163939],[79.86284579871581,6.9116618902074665],[79.86284599928707,6.911661935315098],[79.86284620499943,6.911661971486831],[79.86284641585287,6.911661998722663],[79.8628466318474,6.911662017022597],[79.86284685298301,6.91166202638663],[79.86284707925971,6.911662026814769],[79.86284707925971,6.911662026814769],[79.86284730310925,6.911662019837211],[79.86284751696337,6.911662006984161],[79.8628477208221,6.9116619882556165],[79.86284791468542,6.911661963651582],[79.86284809855334,6.911661933172054],[79.86284827242584,6.911661896817029],[79.86284843630294,6.911661854586515],[79.86284859018464,6.911661806480507],[79.86284873407094,6.911661752499012],[79.86284886796182,6.9116616926420145],[79.86284899185728,6.91166162690953],[79.86284910575738,6.911661555301554],[79.86284910575738,6.911661555301554],[79.86284920764179,6.911661483440155],[79.86284930386745,6.911661411213111],[79.86284939443432,6.9116613386204255],[79.86284947934244,6.911661265662108],[79.86284955859175,6.911661192338146],[79.86284963218232,6.911661118648546],[79.86284970011408,6.911661044593301],[79.86284976238709,6.911660970172421],[79.86284981900131,6.911660895385898],[79.86284986995675,6.911660820233734],[79.86284991525342,6.911660744715932],[79.86284995489133,6.9116606688324875],[79.86284995489133,6.9116606688324875],[79.8628499983246,6.911660767690013],[79.86285004878816,6.911660864561299],[79.862850106282,6.911660959446342],[79.86285017080613,6.911661052345148],[79.86285024236051,6.911661143257713],[79.8628503209452,6.911661232184039],[79.86285040656016,6.911661319124124],[79.86285049920538,6.911661404077968],[79.86285059888091,6.9116614870455715],[79.86285070558671,6.911661568026934],[79.86285081932279,6.91166164702206],[79.86285094008915,6.9116617240309415],[79.86285094008915,6.9116617240309415],[79.86285106365405,6.911661799477439],[79.86285119416284,6.911661868051112],[79.86285133161554,6.911661929751966],[79.86285147601215,6.91166198458],[79.86285162735265,6.911662032535214],[79.86285178563706,6.911662073617603],[79.86285195086538,6.91166210782717],[79.86285212303758,6.911662135163921],[79.8628523021537,6.911662155627849],[79.8628524882137,6.911662169218952],[79.86285268121763,6.911662175937239],[79.86285288116545,6.911662175782703]],[[79.86284705882503,6.91166087078937],[79.86284705882503,6.91166087078937],[79.86284689720733,6.911660870965566],[79.86284674291139,6.911660865658874],[79.86284659593717,6.911660854869295],[79.8628464562847,6.911660838596822],[79.86284632395397,6.9116608168414615],[79.86284619894498,6.911660789603216],[79.86284608125774,6.9116607568820765],[79.86284597089224,6.911660718678049],[79.86284586784846,6.911660674991134],[79.86284577212643,6.911660625821325],[79.86284568372615,6.911660571168627],[79.86284560264761,6.911660511033043],[79.86284560264761,6.911660511033043],[79.86284552843512,6.9116604496124205],[79.86284546053425,6.911660385519941],[79.86284539894496,6.911660318755606],[79.86284534366733,6.911660249319416],[79.86284529470132,6.911660177211373],[79.86284525204694,6.911660102431473],[79.86284521570416,6.9116600249797235],[79.862845185673,6.911659944856118],[79.86284516195347,6.911659862060654],[79.86284514454557,6.911659776593341],[79.86284513344928,6.9116596884541694],[79.86284512866463,6.911659597643148],[79.8628451020107,6.911658089783929],[79.86284914497855,6.911658018413914],[79.86284917074403,6.91165947601116],[79.86284917074403,6.91165947601116],[79.86284916899938,6.911659567170212],[79.86284916050766,6.911659656353468],[79.86284914526888,6.911659743560927],[79.86284912328308,6.911659828792586],[79.86284909455023,6.911659912048449],[79.8628490590703,6.911659993328516],[79.86284901684337,6.911660072632784],[79.86284896786937,6.911660149961252],[79.86284891214832,6.911660225313925],[79.86284884968025,6.911660298690798],[79.8628487804651,6.911660370091876],[79.86284870450292,6.911660439517155],[79.86284870450292,6.911660439517155],[79.86284861646546,6.911660505314943],[79.8628485195003,6.911660565683928],[79.86284841360742,6.911660620624101],[79.86284829878684,6.911660670135471],[79.86284817503858,6.911660714218032],[79.86284804236259,6.911660752871786],[79.86284790075892,6.911660786096736],[79.86284775022754,6.911660813892877],[79.86284759076845,6.911660836260208],[79.86284742238168,6.911660853198738],[79.8628472450672,6.911660864708459],[79.86284705882503,6.91166087078937]],[[79.86285285984228,6.91166096949533],[79.86285285984228,6.91166096949533],[79.86285266147752,6.911660969272769],[79.86285247322274,6.911660961423198],[79.86285229507796,6.911660945946609],[79.86285212704317,6.911660922843013],[79.8628519691184,6.911660892112406],[79.8628518213036,6.911660853754781],[79.8628516835988,6.911660807770146],[79.86285155600399,6.911660754158498],[79.8628514385192,6.911660692919836],[79.86285133114438,6.9116606240541625],[79.86285123387958,6.9116605475614765],[79.86285114672476,6.911660463441779],[79.86285114672476,6.911660463441779],[79.86285106395154,6.911660377382601],[79.86285098820858,6.911660289337176],[79.86285091949591,6.9116601993055164],[79.86285085781353,6.911660107287614],[79.86285080316141,6.911660013283472],[79.86285075553958,6.911659917293087],[79.86285071494802,6.9116598193164664],[79.86285068138677,6.911659719353604],[79.86285065485576,6.911659617404501],[79.86285063535506,6.91165951346916],[79.86285062288464,6.911659407547575],[79.8628506174445,6.9116592996397515],[79.86285059434441,6.911657992828429],[79.86285524757159,6.911657910685526],[79.86285526800629,6.911659066710927],[79.86285526800629,6.911659066710927],[79.86285526691003,6.911659214537286],[79.8628552582905,6.911659356444506],[79.86285524214766,6.911659492432598],[79.86285521848154,6.911659622501556],[79.86285518729213,6.911659746651382],[79.86285514857943,6.911659864882073],[79.86285510234343,6.911659977193638],[79.86285504858415,6.9116600835860655],[79.86285498730159,6.911660184059361],[79.86285491849571,6.911660278613526],[79.86285484216656,6.911660367248554],[79.86285475831411,6.9116604499644545],[79.86285475831411,6.9116604499644545],[79.86285466486261,6.9116605292419155],[79.86285455963755,6.9116606019769735],[79.86285444263898,6.911660668169627],[79.86285431386685,6.91166072781988],[79.86285417332118,6.911660780927725],[79.86285402100197,6.911660827493164],[79.86285385690921,6.911660867516204],[79.8628536810429,6.911660900996838],[79.86285349340307,6.911660927935066],[79.86285329398967,6.91166094833089],[79.86285308280276,6.911660962184312],[79.86285285984228,6.91166096949533]]],[[[79.86285271909117,6.911667437867126],[79.86285271909117,6.911667437867126],[79.86285301947693,6.911667435324037],[79.86285330927758,6.911667425330762],[79.86285358849308,6.911667407887306],[79.86285385712344,6.911667382993662],[79.86285411516864,6.911667350649836],[79.86285436262871,6.911667310855827],[79.86285459950363,6.911667263611636],[79.86285482579342,6.911667208917258],[79.86285504149805,6.911667146772699],[79.86285524661756,6.911667077177956],[79.86285544115191,6.911667000133029],[79.8628556251011,6.911666915637919],[79.8628556251011,6.911666915637919],[79.86285579633561,6.911666825439213],[79.86285595274396,6.9116667266040395],[79.86285609432618,6.911666619132407],[79.86285622108224,6.911666503024307],[79.86285633301215,6.911666378279743],[79.86285643011591,6.911666244898714],[79.86285651239353,6.9116661028812185],[79.862856579845,6.911665952227261],[79.86285663247034,6.911665792936838],[79.86285667026952,6.911665625009952],[79.86285669324255,6.911665448446601],[79.86285670138943,6.911665263246784],[79.86285670138943,6.911665263246784],[79.86285669467735,6.911665077892021],[79.8628566730734,6.911664900863826],[79.86285663657765,6.911664732162208],[79.86285658519007,6.911664571787156],[79.86285651891066,6.911664419738675],[79.86285643773942,6.911664276016766],[79.86285634167636,6.911664140621424],[79.86285623072148,6.911664013552656],[79.86285610487477,6.91166389481046],[79.8628559641362,6.911663784394831],[79.86285580850583,6.911663682305777],[79.86285563798363,6.911663588543289],[79.86285563798363,6.911663588543289],[79.86285545468557,6.911663504870377],[79.86285526074573,6.911663428370591],[79.86285505616416,6.911663359043924],[79.8628548409408,6.911663296890382],[79.86285461507569,6.911663241909965],[79.8628543785688,6.911663194102667],[79.86285413142016,6.911663153468489],[79.86285387362973,6.911663120007442],[79.86285360519756,6.911663093719509],[79.86285332612364,6.911663074604701],[79.86285303640791,6.91166306266302],[79.86285273605044,6.911663057894455],[79.86284348928021,6.911663022138852],[79.86284348552958,6.911663990786655],[79.86285273229983,6.911664026542261],[79.86285273229983,6.911664026542261],[79.86285294403672,6.911664029700769],[79.86285314620304,6.911664037501799],[79.8628533387988,6.911664049945352],[79.86285352182396,6.911664067031425],[79.86285369527859,6.911664088760016],[79.86285385916263,6.911664115131128],[79.86285401347611,6.911664146144761],[79.86285415821902,6.911664181800913],[79.86285429339136,6.911664222099591],[79.86285441899314,6.911664267040786],[79.86285453502437,6.911664316624498],[79.86285464148499,6.911664370850734],[79.86285464148499,6.911664370850734],[79.86285473890915,6.911664428844144],[79.86285482783094,6.9116644897293815],[79.86285490825033,6.911664553506446],[79.86285498016731,6.9116646201753404],[79.86285504358192,6.911664689736062],[79.86285509849414,6.911664762188609],[79.86285514490396,6.911664837532988],[79.8628551828114,6.911664915769192],[79.86285521221646,6.911664996897224],[79.86285523311909,6.911665080917086],[79.86285524551937,6.911665167828773],[79.86285524941724,6.911665257632291],[79.86285524941724,6.911665257632291],[79.86285524482406,6.911665347402972],[79.86285523175113,6.911665434216162],[79.86285521019846,6.911665518071857],[79.86285518016604,6.9116655989700595],[79.8628551416539,6.911665676910765],[79.862855094662,6.911665751893974],[79.86285503919036,6.911665823919689],[79.86285497523897,6.911665892987913],[79.86285490280787,6.911665959098642],[79.862854821897,6.911666022251872],[79.86285473250639,6.911666082447609],[79.86285463463605,6.911666139685852],[79.86285463463605,6.911666139685852],[79.86285452775869,6.91166619308715],[79.86285441134697,6.911666241772053],[79.86285428540094,6.9116662857405595],[79.86285414992058,6.911666324992674],[79.86285400490587,6.911666359528388],[79.86285385035684,6.91166638934771],[79.8628536862735,6.911666414450637],[79.8628535126558,6.911666434837163],[79.86285332950379,6.911666450507301],[79.86285313681744,6.911666461461037],[79.86285293459677,6.911666467698382],[79.86285272284177,6.911666469219329],[79.86284347607146,6.911666433463717],[79.86284347232083,6.911667402111515],[79.86285271909117,6.911667437867126]]],[[[79.86285287881822,6.911672867323555],[79.86285287881822,6.911672867323555],[79.86285314179345,6.9116728606426445],[79.86285339564735,6.911672844978626],[79.86285364037995,6.911672820331494],[79.8628538759912,6.911672786701249],[79.86285410248114,6.911672744087892],[79.86285431984976,6.91167269249142],[79.86285452809703,6.911672631911836],[79.86285472722298,6.911672562349141],[79.86285491722761,6.911672483803329],[79.86285509811093,6.911672396274409],[79.8628552698729,6.9116722997623725],[79.86285543251354,6.911672194267226],[79.86285543251354,6.911672194267226],[79.86285558024724,6.911672083541758],[79.86285571500251,6.911671966335037],[79.86285583677937,6.911671842647068],[79.8628559455778,6.911671712477844],[79.86285604139783,6.911671575827369],[79.86285612423944,6.911671432695646],[79.86285619410262,6.911671283082669],[79.86285625098742,6.911671126988442],[79.86285629489377,6.911670964412964],[79.86285632582171,6.911670795356228],[79.86285634377123,6.911670619818249],[79.86285634874234,6.911670437799013],[79.86285634874234,6.911670437799013],[79.86285634046673,6.911670255991111],[79.86285631867615,6.911670081087125],[79.86285628337056,6.911669913087056],[79.86285623454997,6.9116697519909005],[79.86285617221436,6.911669597798662],[79.86285609636379,6.911669450510337],[79.8628560069982,6.9116693101259274],[79.86285590411762,6.911669176645436],[79.86285578772204,6.911669050068861],[79.86285565781147,6.911668930396199],[79.86285551438588,6.9116688176274526],[79.86285535744531,6.911668711762623],[79.86285535744531,6.911668711762623],[79.86285519039,6.911668613700243],[79.86285501662019,6.911668524338852],[79.86285483613591,6.9116684436784475],[79.86285464893713,6.911668371719032],[79.86285445502388,6.9116683084606025],[79.86285425439613,6.911668253903158],[79.8628540470539,6.911668208046704],[79.86285383299719,6.911668170891232],[79.86285361222598,6.911668142436751],[79.86285338474028,6.911668122683257],[79.8628531505401,6.911668111630746],[79.86285290962545,6.911668109279226],[79.86285242108164,6.911668113277173],[79.86285242946153,6.911669135911598],[79.86285284821336,6.911669132484788],[79.86285284821336,6.911669132484788],[79.86285301932341,6.911669133863612],[79.86285318369366,6.911669140855755],[79.86285334132411,6.911669153461228],[79.8628534922148,6.911669171680019],[79.86285363636567,6.911669195512135],[79.86285377377679,6.911669224957572],[79.86285390444809,6.911669260016333],[79.86285402837963,6.911669300688416],[79.86285414557136,6.91166934697382],[79.86285425602331,6.911669398872552],[79.86285435973548,6.911669456384602],[79.86285445670785,6.911669519509977],[79.86285445670785,6.911669519509977],[79.86285454644059,6.911669586400041],[79.86285462843385,6.911669655206163],[79.8628547026876,6.911669725928346],[79.8628547692019,6.911669798566582],[79.8628548279767,6.911669873120878],[79.86285487901205,6.911669949591236],[79.86285492230787,6.911670027977648],[79.86285495786424,6.911670108280122],[79.86285498568111,6.911670190498647],[79.86285500575852,6.911670274633239],[79.86285501809643,6.91167036068388],[79.86285502269484,6.911670448650584],[79.86285502269484,6.911670448650584],[79.86285501960562,6.911670564573971],[79.86285500839476,6.911670675211513],[79.86285498906226,6.9116707805632025],[79.86285496160814,6.911670880629043],[79.86285492603238,6.9116709754090415],[79.862854882335,6.911671064903188],[79.86285483051597,6.911671149111484],[79.86285477057531,6.911671228033935],[79.86285470251305,6.9116713016705384],[79.86285462632914,6.911671370021295],[79.8628545420236,6.911671433086202],[79.86285444959643,6.91167149086526],[79.86285444959643,6.91167149086526],[79.86285434761638,6.911671546149267],[79.86285424236645,6.911671596725299],[79.86285413384661,6.911671642593355],[79.86285402205687,6.911671683753429],[79.86285390699722,6.9116717202055264],[79.86285378866765,6.91167175194965],[79.86285366706818,6.911671778985795],[79.86285354219882,6.911671801313962],[79.86285341405951,6.9116718189341535],[79.86285328265035,6.911671831846366],[79.86285314797126,6.9116718400506025],[79.86285301002226,6.91167184354686],[79.86285301002226,6.91167184354686],[79.86285289448732,6.911671841713243],[79.86285278052239,6.91167183430861],[79.86285266812746,6.911671821332962],[79.86285255730255,6.911671802786295],[79.86285244804763,6.911671778668611],[79.86285234036276,6.911671748979915],[79.86285223424787,6.911671713720196],[79.862852129703,6.911671672889464],[79.86285202672816,6.911671626487715],[79.86285192532331,6.911671574514949],[79.86285182548848,6.911671516971166],[79.86285172722366,6.911671453856369],[79.86285172722366,6.911671453856369],[79.86285162665405,6.91167138551105],[79.86285152765953,6.911671312212247],[79.86285143024007,6.911671233959964],[79.86285133439567,6.911671150754194],[79.86285124012635,6.911671062594939],[79.8628511474321,6.9116709694822065],[79.86285105631293,6.911670871415982],[79.86285096676883,6.911670768396277],[79.8628508787998,6.911670660423091],[79.86285079240585,6.911670547496416],[79.86285070758697,6.9116704296162625],[79.86285062434315,6.911670306782628],[79.86285062434315,6.911670306782628],[79.86285051726223,6.911670133914679],[79.8628504083101,6.911669969296372],[79.86285029748677,6.911669812927698],[79.86285018479226,6.911669664808665],[79.86285007022654,6.9116695249392635],[79.86284995378965,6.9116693933195],[79.86284983548155,6.911669269949375],[79.86284971530226,6.911669154828885],[79.86284959325177,6.911669047958032],[79.86284946933007,6.911668949336814],[79.8628493435372,6.911668858965232],[79.86284921587313,6.9116687768432845],[79.86284921587313,6.9116687768432845],[79.86284908538117,6.911668704522742],[79.8628489510642,6.911668638615102],[79.86284881292215,6.911668579120361],[79.86284867095506,6.911668526038524],[79.86284852516295,6.9116684793695935],[79.86284837554578,6.911668439113562],[79.8628482221036,6.911668405270435],[79.86284806483636,6.911668377840208],[79.86284790374405,6.911668356822883],[79.86284773882673,6.911668342218462],[79.86284757008436,6.911668334026943],[79.86284739751694,6.911668332248328],[79.86284739751694,6.911668332248328],[79.86284715715864,6.911668338641221],[79.86284692462753,6.911668353821957],[79.86284669992361,6.911668377790541],[79.8628464830469,6.911668410546968],[79.86284627399736,6.9116684520912415],[79.86284607277504,6.911668502423355],[79.86284587937988,6.91166856154332],[79.86284569381195,6.911668629451124],[79.8628455160712,6.911668706146777],[79.86284534615764,6.911668791630274],[79.86284518407128,6.911668885901614],[79.86284502981212,6.911668988960799],[79.86284502981212,6.911668988960799],[79.86284488580095,6.911669100479237],[79.86284475441809,6.911669215188058],[79.86284463566356,6.911669333087267],[79.86284452953736,6.91166945417686],[79.86284443603947,6.911669578456844],[79.86284435516987,6.911669705927214],[79.86284428692859,6.911669836587972],[79.86284423131563,6.9116699704391165],[79.86284418833101,6.911670107480651],[79.8628441579747,6.911670247712568],[79.8628441402467,6.911670391134874],[79.862844135147,6.911670537747567],[79.862844135147,6.911670537747567],[79.86284414428184,6.9116707258271095],[79.86284416852865,6.911670904725228],[79.86284420788746,6.911671074441925],[79.86284426235828,6.911671234977196],[79.86284433194109,6.911671386331047],[79.8628444166359,6.911671528503472],[79.8628445164427,6.911671661494476],[79.86284463136153,6.911671785304056],[79.86284476139231,6.911671899932213],[79.86284490653512,6.911672005378949],[79.86284506678992,6.911672101644257],[79.86284524215674,6.911672188728144],[79.86284524215674,6.911672188728144],[79.86284542248536,6.911672270110327],[79.86284560533986,6.911672344266812],[79.86284579072017,6.91167241119759],[79.86284597862637,6.911672470902664],[79.86284616905841,6.911672523382036],[79.8628463620163,6.911672568635704],[79.86284655750003,6.91167260666367],[79.86284675550964,6.911672637465932],[79.86284695604508,6.911672661042492],[79.86284715910637,6.911672677393347],[79.86284736469351,6.9116726865185],[79.86284757280652,6.911672688417948],[79.86284756442662,6.911671665783527],[79.86284756442662,6.911671665783527],[79.86284743748449,6.911671671762937],[79.86284731244054,6.91167167278622],[79.86284718929477,6.911671668853373],[79.86284706804719,6.9116716599644],[79.86284694869778,6.911671646119298],[79.86284683124656,6.911671627318068],[79.86284671569352,6.911671603560713],[79.86284660203867,6.911671574847225],[79.862846490282,6.911671541177616],[79.86284638042352,6.911671502551875],[79.86284627246322,6.911671458970007],[79.86284616640108,6.91167141043201],[79.86284616640108,6.91167141043201],[79.86284606563488,6.911671357527656],[79.8628459735623,6.911671300846715],[79.86284589018337,6.9116712403891825],[79.86284581549808,6.911671176155061],[79.86284574950639,6.911671108144352],[79.86284569220837,6.911671036357052],[79.86284564360396,6.911670960793164],[79.86284560369319,6.911670881452688],[79.86284557247608,6.9116707983356225],[79.86284554995257,6.911670711441965],[79.86284553612272,6.911670620771727],[79.86284553098649,6.91167052632489],[79.86284553098649,6.91167052632489],[79.86284553350154,6.91167043891755],[79.86284554250415,6.9116703545449925],[79.86284555799428,6.911670273207215],[79.8628455799719,6.911670194904214],[79.86284560843707,6.911670119635997],[79.86284564338975,6.911670047402569],[79.86284568482995,6.911669978203913],[79.86284573275768,6.911669912040043],[79.86284578717292,6.911669848910956],[79.86284584807568,6.911669788816647],[79.86284591546597,6.91166973175712],[79.8628459893438,6.911669677732375],[79.8628459893438,6.911669677732375],[79.8628460648675,6.911669627399606],[79.86284614495021,6.911669581352551],[79.8628462295919,6.911669539591207],[79.86284631879255,6.911669502115575],[79.86284641255217,6.9116694689256555],[79.86284651087078,6.911669440021447],[79.86284661374837,6.911669415402952],[79.86284672118492,6.911669395070168],[79.86284683318046,6.911669379023099],[79.86284694973496,6.911669367261739],[79.86284707084846,6.91166935978609],[79.86284719652092,6.911669356596153],[79.86284719652092,6.911669356596153],[79.86284730009149,6.9116693573954615],[79.86284740142726,6.911669361506787],[79.86284750052825,6.91166936893013],[79.86284759739445,6.911669379665491],[79.86284769202587,6.911669393712868],[79.86284778442248,6.911669411072265],[79.86284787458433,6.911669431743678],[79.86284796251135,6.911669455727103],[79.86284804820362,6.911669483022554],[79.8628481316611,6.91166951363002],[79.86284821288378,6.9116695475495025],[79.86284829187166,6.911669584781004],[79.86284829187166,6.911669584781004],[79.86284836722137,6.911669631511749],[79.86284844524367,6.911669688925245],[79.86284852593857,6.9116697570214916],[79.86284860930608,6.911669835800486],[79.86284869534619,6.911669925262232],[79.86284878405891,6.9116700254067265],[79.86284887544421,6.911670136233971],[79.86284896950212,6.911670257743965],[79.86284906623263,6.9116703899367105],[79.86284916563574,6.911670532812203],[79.86284926771145,6.9116706863704485],[79.86284937245975,6.91167085061144],[79.86284937245975,6.91167085061144],[79.86284948023545,6.911671009681206],[79.86284959151475,6.911671162546564],[79.86284970629768,6.911671309207502],[79.86284982458423,6.911671449664028],[79.8628499463744,6.911671583916136],[79.86285007166818,6.91167171196383],[79.86285020046559,6.911671833807115],[79.86285033276661,6.911671949445982],[79.86285046857124,6.911672058880437],[79.86285060787948,6.911672162110473],[79.86285075069136,6.9116722591361],[79.86285089700685,6.911672349957313],[79.86285089700685,6.911672349957313],[79.86285104294356,6.911672433988306],[79.86285119237377,6.911672510579819],[79.86285134529747,6.911672579731852],[79.86285150171469,6.911672641444406],[79.86285166162538,6.91167269571748],[79.8628518250296,6.9116727425510724],[79.86285199192729,6.911672781945183],[79.86285216231848,6.91167281389982],[79.86285233620316,6.911672838414972],[79.86285251358134,6.9116728554906475],[79.86285269445304,6.911672865126842],[79.86285287881822,6.911672867323555]]],[[[79.86287529305122,6.911659729680023],[79.86287529305122,6.911659729680023],[79.86287554971733,6.911659731193249],[79.86287579775966,6.911659723741621],[79.86287603717822,6.911659707325136],[79.862876267973,6.911659681943797],[79.862876490144,6.911659647597601],[79.86287670369124,6.911659604286547],[79.86287690861471,6.911659552010636],[79.8628771049144,6.911659490769872],[79.86287729259033,6.911659420564249],[79.86287747164248,6.911659341393768],[79.86287764207084,6.911659253258435],[79.86287780387546,6.911659156158243],[79.86287780387546,6.911659156158243],[79.8628779513004,6.911659053547353],[79.8628780862643,6.911658944274379],[79.86287820876716,6.911658828339319],[79.862878318809,6.911658705742174],[79.86287841638979,6.911658576482943],[79.86287850150956,6.91165844056163],[79.86287857416828,6.911658297978227],[79.86287863436597,6.911658148732744],[79.8628786821026,6.911657992825177],[79.86287871737822,6.911657830255524],[79.8628787401928,6.911657661023783],[79.86287875054636,6.911657485129962],[79.86287875054636,6.911657485129962],[79.86287874797479,6.911657309038822],[79.86287873201401,6.911657139215128],[79.86287870266406,6.91165697565889],[79.86287865992492,6.911656818370101],[79.86287860379659,6.911656667348763],[79.86287853427905,6.911656522594882],[79.86287845137234,6.911656384108449],[79.86287835507643,6.9116562518894655],[79.86287824539133,6.911656125937933],[79.86287812231704,6.911656006253849],[79.86287798585356,6.911655892837221],[79.86287783600088,6.911655785688041],[79.86287783600088,6.911655785688041],[79.8628776760479,6.91165568577847],[79.8628775092835,6.911655594080659],[79.86287733570771,6.911655510594615],[79.86287715532048,6.911655435320333],[79.86287696812184,6.911655368257813],[79.8628767741118,6.911655309407058],[79.86287657329034,6.911655258768067],[79.86287636565744,6.911655216340835],[79.86287615121316,6.91165518212537],[79.86287592995745,6.9116551561216655],[79.86287570189033,6.911655138329728],[79.86287546701178,6.911655128749552],[79.86287499044329,6.911655117800961],[79.86287496768418,6.911656107122224],[79.86287537617146,6.911656116506727],[79.86287537617146,6.911656116506727],[79.86287554300316,6.911656123029277],[79.86287570309213,6.9116561347765115],[79.86287585643844,6.911656151748428],[79.86287600304202,6.911656173945025],[79.8628761429029,6.911656201366309],[79.86287627602111,6.91165623401227],[79.8628764023966,6.911656271882916],[79.8628765220294,6.9116563149782415],[79.8628766349195,6.911656363298251],[79.8628767410669,6.911656416842941],[79.86287684047163,6.9116564756123156],[79.86287693313363,6.911656539606372],[79.86287693313363,6.911656539606372],[79.86287701862139,6.911656607022],[79.86287709650333,6.91165667605609],[79.86287716677947,6.911656746708635],[79.86287722944981,6.911656818979652],[79.86287728451431,6.911656892869126],[79.86287733197304,6.911656968377064],[79.86287737182592,6.911657045503457],[79.86287740407302,6.911657124248315],[79.8628774287143,6.911657204611636],[79.86287744574977,6.911657286593419],[79.86287745517943,6.911657370193662],[79.86287745700331,6.9116574554123655],[79.86287745700331,6.9116574554123655],[79.86287745048422,6.911657567436963],[79.8628774362045,6.911657674102923],[79.8628774141641,6.911657775410252],[79.86287738436305,6.9116578713589405],[79.86287734680134,6.911657961948995],[79.86287730147897,6.911658047180414],[79.86287724839595,6.9116581270531965],[79.86287718755226,6.911658201567346],[79.8628771189479,6.91165827072286],[79.8628770425829,6.911658334519734],[79.86287695845724,6.9116583929579765],[79.86287686657089,6.911658446037583],[79.86287686657089,6.911658446037583],[79.86287676544369,6.911658496414342],[79.86287666126995,6.911658542138499],[79.86287655404968,6.911658583210054],[79.86287644378285,6.911658619629006],[79.86287633046949,6.911658651395351],[79.86287621410959,6.911658678509099],[79.86287609470314,6.911658700970245],[79.86287597225014,6.911658718778788],[79.86287584675061,6.911658731934723],[79.86287571820453,6.911658740438064],[79.86287558661192,6.911658744288798],[79.86287545197277,6.911658743486932],[79.86287545197277,6.911658743486932],[79.86287533935389,6.911658738209852],[79.86287522843467,6.911658727592236],[79.8628751192151,6.911658711634078],[79.86287501169515,6.91165869033538],[79.86287490587488,6.911658663696143],[79.86287480175423,6.911658631716362],[79.86287469933323,6.911658594396043],[79.86287459861188,6.911658551735182],[79.86287449959018,6.911658503733784],[79.86287440226812,6.911658450391845],[79.8628743066457,6.911658391709364],[79.86287421272293,6.911658327686341],[79.86287421272293,6.911658327686341],[79.86287411671063,6.911658258534596],[79.86287402238423,6.911658184639725],[79.86287392974374,6.9116581060017275],[79.86287383878917,6.911658022620611],[79.86287374952047,6.911657934496368],[79.8628736619377,6.911657841629],[79.86287357604083,6.911657744018511],[79.86287349182983,6.911657641664893],[79.86287340930475,6.911657534568153],[79.86287332846557,6.911657422728291],[79.8628732493123,6.911657306145303],[79.86287317184492,6.91165718481919],[79.86287317184492,6.91165718481919],[79.86287307264402,6.9116570143782425],[79.86287297136872,6.911656851859401],[79.86287286801904,6.911656697262661],[79.86287276259496,6.911656550588021],[79.86287265509648,6.911656411835486],[79.86287254552363,6.911656281005053],[79.86287243387638,6.91165615809672],[79.86287232015472,6.911656043110497],[79.8628722043587,6.911655936046372],[79.86287208648828,6.91165583690435],[79.86287196654347,6.911655745684429],[79.86287184452425,6.911655662386612],[79.86287184452425,6.911655662386612],[79.86287171945072,6.91165558848272],[79.8628715904529,6.91165552066523],[79.86287145753077,6.911655458934149],[79.86287132068432,6.9116554032894735],[79.86287117991358,6.911655353731207],[79.86287103521853,6.911655310259347],[79.86287088659917,6.911655272873894],[79.86287073405552,6.911655241574851],[79.86287057758754,6.911655216362214],[79.86287041719527,6.911655197235983],[79.86287025287871,6.911655184196156],[79.86287008463782,6.911655177242742],[79.86287008463782,6.911655177242742],[79.86286985003737,6.911655176136822],[79.86286962280451,6.911655183767654],[79.86286940293925,6.91165520013524],[79.86286919044156,6.911655225239576],[79.86286898531147,6.911655259080664],[79.86286878754898,6.911655301658512],[79.86286859715405,6.911655352973107],[79.86286841412672,6.911655413024457],[79.862868238467,6.911655481812558],[79.86286807017486,6.911655559337415],[79.8628679092503,6.911655645599024],[79.86286775569334,6.911655740597383],[79.86286775569334,6.911655740597383],[79.86286761187478,6.9116558440880995],[79.86286748027536,6.911655951047439],[79.86286736089507,6.911656061475405],[79.86286725373394,6.911656175371989],[79.86286715879193,6.911656292737201],[79.86286707606908,6.9116564135710385],[79.86286700556536,6.9116565378734975],[79.86286694728079,6.91165666564458],[79.86286690121537,6.911656796884289],[79.86286686736909,6.911656931592618],[79.86286684574195,6.911657069769577],[79.86286683633395,6.9116572114151555],[79.86286683633395,6.9116572114151555],[79.86286683955379,6.91165739359813],[79.86286685778913,6.911657567359333],[79.86286689104003,6.911657732698765],[79.86286693930644,6.911657889616428],[79.86286700258843,6.91165803811232],[79.86286708088593,6.9116581781864355],[79.86286717419898,6.911658309838782],[79.86286728252756,6.91165843306936],[79.8628674058717,6.911658547878166],[79.86286754423135,6.9116586542652],[79.86286769760656,6.911658752230463],[79.86286786599729,6.911658841773955],[79.86286786599729,6.911658841773955],[79.86286803939946,6.91165892595337],[79.8628682154835,6.911659003220855],[79.86286839424942,6.9116590735764145],[79.8628685756972,6.911659137020049],[79.86286875982684,6.911659193551754],[79.86286894663834,6.911659243171536],[79.86286913613172,6.911659285879389],[79.86286932830697,6.911659321675313],[79.86286952316408,6.911659350559311],[79.86286972070305,6.911659372531386],[79.8628699209239,6.911659387591531],[79.86287012382661,6.911659395739749],[79.86287014658572,6.911658406418494],[79.86287014658572,6.911658406418494],[79.86287002260579,6.911658408352056],[79.86286990062695,6.911658405549737],[79.86286978064919,6.911658398011537],[79.86286966267255,6.911658385737452],[79.86286954669698,6.911658368727482],[79.8628694327225,6.911658346981634],[79.86286932074913,6.911658320499898],[79.86286921077682,6.9116582892822835],[79.86286910280565,6.911658253328781],[79.86286899683553,6.911658212639397],[79.86286889286653,6.911658167214133],[79.8628687908986,6.911658117052984],[79.8628687908986,6.911658117052984],[79.86286869422754,6.911658062829401],[79.86286860614909,6.911658005216831],[79.86286852666323,6.911657944215272],[79.86286845577003,6.911657879824729],[79.86286839346941,6.911657812045198],[79.8628683397614,6.9116577408766835],[79.862868294646,6.911657666319182],[79.86286825812323,6.911657588372689],[79.86286823019304,6.911657507037212],[79.86286821085551,6.911657422312749],[79.86286820011057,6.911657334199301],[79.86286819795824,6.911657242696865],[79.86286819795824,6.911657242696865],[79.86286820305483,6.91165715823488],[79.86286821438654,6.911657076904802],[79.86286823195334,6.911656998706625],[79.86286825575523,6.9116569236403524],[79.86286828579223,6.911656851705982],[79.86286832206434,6.911656782903521],[79.86286836457154,6.911656717232956],[79.86286841331385,6.911656654694299],[79.86286846829123,6.911656595287549],[79.86286852950371,6.9116565390127],[79.86286859695132,6.911656485869753],[79.862868670634,6.91165643585871],[79.862868670634,6.91165643585871],[79.86286874581019,6.911656389468374],[79.86286882530284,6.911656347361324],[79.86286890911197,6.911656309537564],[79.86286899723756,6.911656275997094],[79.86286908967959,6.911656246739912],[79.86286918643812,6.9116562217660205],[79.8628692875131,6.9116562010754174],[79.86286939290457,6.911656184668103],[79.86286950261248,6.91165617254408],[79.86286961663687,6.911656164703346],[79.86286973497775,6.911656161145903],[79.86286985763506,6.911656161871747],[79.86286985763506,6.911656161871747],[79.86286995861705,6.911656165785639],[79.86287005731943,6.911656172835064],[79.86287015374216,6.911656183020021],[79.86287024788527,6.9116561963405125],[79.86287033974874,6.9116562127965295],[79.86287042933256,6.911656232388082],[79.86287051663676,6.911656255115168],[79.86287060166134,6.911656280977783],[79.86287068440627,6.911656309975931],[79.86287076487156,6.911656342109614],[79.86287084305722,6.911656377378828],[79.86287091896325,6.91165641578357],[79.86287091896325,6.91165641578357],[79.86287099103386,6.911656463265427],[79.86287106538776,6.9116565211604195],[79.862871142025,6.911656589468559],[79.86287122094551,6.911656668189844],[79.86287130214934,6.91165675732427],[79.8628713856365,6.9116568568718435],[79.86287147140695,6.911656966832553],[79.86287155946069,6.911657087206413],[79.86287164979775,6.9116572179934135],[79.86287174241811,6.91165735919356],[79.86287183732179,6.911657510806848],[79.86287193450877,6.911657672833279],[79.86287193450877,6.911657672833279],[79.8628720348046,6.911657829950035],[79.86287213870494,6.911657981172278],[79.86287224620983,6.911658126500011],[79.86287235731925,6.911658265933236],[79.8628724720332,6.911658399471951],[79.8628725903517,6.911658527116157],[79.86287271227471,6.911658648865854],[79.86287283780226,6.91165876472104],[79.86287296693435,6.911658874681714],[79.86287309967098,6.91165897874788],[79.86287323601213,6.911659076919538],[79.86287337595782,6.911659169196684],[79.86287337595782,6.911659169196684],[79.8628735157395,6.911659254895012],[79.86287365915318,6.911659333503995],[79.8628738061989,6.911659405023637],[79.86287395687664,6.911659469453937],[79.86287411118639,6.911659526794897],[79.86287426912817,6.911659577046512],[79.86287443070195,6.911659620208786],[79.86287459590777,6.911659656281717],[79.8628747647456,6.911659685265309],[79.86287493721545,6.911659707159556],[79.86287511331733,6.911659721964461],[79.86287529305122,6.911659729680023]]],[[[79.8628682006831,6.911665166951948],[79.86286822334613,6.911663359673361],[79.86287898939672,6.911663494496297],[79.86287900242793,6.911662455311108],[79.86286823637737,6.911662320488174],[79.86286825904038,6.911660513209591],[79.86286691328407,6.911660496356708],[79.86286685492675,6.911665150099063],[79.8628682006831,6.911665166951948]]],[[[79.86287288415777,6.91167046843309],[79.86287288415777,6.91167046843309],[79.86287340586273,6.911670453928447],[79.86287390246797,6.911670432405943],[79.86287437397347,6.911670403865583],[79.86287482037925,6.911670368307367],[79.86287524168526,6.911670325731298],[79.86287563789155,6.91167027613737],[79.86287600899813,6.911670219525581],[79.86287635500494,6.911670155895941],[79.86287667591202,6.911670085248445],[79.86287697171939,6.911670007583091],[79.86287724242699,6.911669922899879],[79.86287748803488,6.911669831198811],[79.86287748803488,6.911669831198811],[79.86287770765398,6.911669735323606],[79.86287790788863,6.911669633854049],[79.86287808873888,6.911669526790142],[79.86287825020469,6.911669414131883],[79.86287839228608,6.911669295879282],[79.86287851498305,6.91166917203233],[79.86287861829558,6.911669042591028],[79.8628787022237,6.911668907555377],[79.86287876676738,6.911668766925379],[79.86287881192665,6.911668620701031],[79.86287883770147,6.911668468882331],[79.86287884409191,6.911668311469286],[79.86287884409191,6.911668311469286],[79.86287883121783,6.911668154281496],[79.8628787991992,6.911668003138556],[79.86287874803601,6.911667858040472],[79.86287867772829,6.911667718987249],[79.86287858827602,6.911667585978875],[79.86287847967918,6.91166745901536],[79.86287835193781,6.911667338096698],[79.86287820505187,6.9116672232228895],[79.8628780390214,6.911667114393938],[79.86287785384636,6.911667011609842],[79.8628776495268,6.9116669148706],[79.86287742606265,6.9116668241762165],[79.86287742606265,6.9116668241762165],[79.86287717684431,6.911666740690146],[79.86287690284018,6.911666665419885],[79.86287660405027,6.911666598365431],[79.8628762804746,6.91166653952678],[79.86287593211313,6.9116664889039425],[79.86287555896587,6.9116664464969135],[79.86287516103285,6.911666412305689],[79.86287473831402,6.911666386330271],[79.86287429080943,6.911666368570664],[79.86287381851905,6.911666359026862],[79.86287332144289,6.911666357698868],[79.86287279958094,6.911666364586685],[79.86287279958094,6.911666364586685],[79.8628722781935,6.911666379170411],[79.86287178254082,6.911666400930165],[79.86287131262291,6.911666429865941],[79.86287086843977,6.911666465977738],[79.86287044999139,6.9116665092655625],[79.8628700572778,6.911666559729409],[79.86286969029896,6.911666617369278],[79.8628693490549,6.91166668218517],[79.8628690335456,6.9116667541770855],[79.86286874377109,6.911666833345027],[79.86286847973133,6.911666919688992],[79.86286824142634,6.911667013208977],[79.86286824142634,6.911667013208977],[79.86286802551955,6.911667112946238],[79.86286782867437,6.9116672179420116],[79.86286765089082,6.911667328196309],[79.86286749216887,6.911667443709125],[79.86286735250856,6.911667564480454],[79.86286723190983,6.911667690510308],[79.86286713037275,6.911667821798674],[79.86286704789727,6.9116679583455625],[79.8628669844834,6.911668100150967],[79.86286694013116,6.911668247214887],[79.86286691484051,6.911668399537332],[79.86286690861151,6.911668557118293],[79.86286690861151,6.911668557118293],[79.8628669213242,6.9116687141381705],[79.8628669528586,6.911668864777362],[79.86286700321475,6.911669009035865],[79.86286707239263,6.911669146913686],[79.86286716039227,6.9116692784108205],[79.86286726721366,6.911669403527274],[79.86286739285678,6.911669522263033],[79.86286753732163,6.911669634618114],[79.86286770060825,6.911669740592505],[79.8628678827166,6.911669840186212],[79.86286808364667,6.911669933399232],[79.86286830339851,6.9116700202315675],[79.86286830339851,6.9116700202315675],[79.86286854531396,6.911670101898718],[79.86286881265022,6.911670175508225],[79.8628691054073,6.911670241060093],[79.8628694235852,6.911670298554324],[79.86286976718391,6.911670347990912],[79.86287013620343,6.911670389369859],[79.86287053064378,6.911670422691164],[79.86287095050494,6.911670447954831],[79.86287139578693,6.911670465160859],[79.86287186648971,6.91167047430924],[79.86287236261332,6.911670475399988],[79.86287288415777,6.91167046843309]],[[79.86287286587087,6.911669581114946],[79.86287286587087,6.911669581114946],[79.86287240213932,6.911669588347494],[79.86287196578306,6.9116695903932035],[79.8628715568021,6.911669587252085],[79.86287117519646,6.911669578924138],[79.86287082096612,6.911669565409353],[79.86287049411108,6.911669546707741],[79.86287019463138,6.911669522819297],[79.86286992252694,6.91166949374402],[79.86286967779782,6.91166945948191],[79.86286946044403,6.9116694200329745],[79.86286927046552,6.911669375397205],[79.86286910786234,6.911669325574602],[79.86286910786234,6.911669325574602],[79.86286896508281,6.9116692720048745],[79.86286883457535,6.911669216127724],[79.86286871633993,6.911669157943145],[79.86286861037658,6.911669097451143],[79.86286851668528,6.911669034651715],[79.86286843526604,6.911668969544862],[79.86286836611883,6.911668902130588],[79.8628683092437,6.911668832408887],[79.86286826464061,6.911668760379763],[79.86286823230957,6.911668686043216],[79.86286821225059,6.911668609399242],[79.86286820446367,6.9116685304478445],[79.86286820446367,6.9116685304478445],[79.8628682089876,6.911668451071834],[79.8628682258612,6.911668373154024],[79.86286825508444,6.9116682966944145],[79.86286829665735,6.911668221693006],[79.86286835057993,6.911668148149799],[79.86286841685217,6.911668076064789],[79.86286849547406,6.911668005437985],[79.8628685864456,6.911667936269376],[79.86286868976683,6.911667868558971],[79.8628688054377,6.911667802306761],[79.86286893345823,6.911667737512755],[79.86286907382842,6.911667674176951],[79.86286907382842,6.911667674176951],[79.86286923420043,6.91166761573784],[79.86286942214177,6.911667561525957],[79.86286963765242,6.911667511541304],[79.86286988073242,6.911667465783883],[79.8628701513817,6.911667424253694],[79.86287044960034,6.911667386950734],[79.86287077538829,6.911667353875009],[79.86287112874554,6.911667325026512],[79.86287150967213,6.911667300405241],[79.86287191816804,6.911667280011208],[79.86287235423328,6.911667263844401],[79.86287281786784,6.911667251904829],[79.86287281786784,6.911667251904829],[79.8628732819169,6.911667244751362],[79.86287371922572,6.9116672429429],[79.86287412979425,6.911667246479438],[79.86287451362251,6.911667255360971],[79.8628748707105,6.911667269587505],[79.86287520105822,6.9116672891590385],[79.86287550466567,6.911667314075566],[79.86287578153285,6.911667344337095],[79.86287603165975,6.911667379943621],[79.8628762550464,6.9116674208951485],[79.86287645169276,6.9116674671916725],[79.86287662159886,6.911667518833196],[79.86287662159886,6.911667518833196],[79.86287676809067,6.9116675762649775],[79.86287690198763,6.911667635668355],[79.86287702328973,6.911667697043325],[79.86287713199695,6.911667760389886],[79.86287722810933,6.911667825708041],[79.86287731162683,6.911667892997793],[79.86287738254947,6.911667962259138],[79.86287744087726,6.911668033492074],[79.86287748661017,6.911668106696607],[79.86287751974821,6.911668181872732],[79.86287754029141,6.911668259020453],[79.86287754823974,6.911668338139763],[79.86287754823974,6.911668338139763],[79.8628775435544,6.911668417347861],[79.8628775261966,6.9116684947619245],[79.86287749616632,6.911668570381956],[79.86287745346358,6.911668644207958],[79.86287739808837,6.9116687162399275],[79.8628773300407,6.911668786477869],[79.86287724932055,6.911668854921777],[79.86287715592793,6.911668921571655],[79.86287704986285,6.9116689864275],[79.86287693112529,6.911669049489314],[79.86287679971528,6.9116691107570984],[79.86287665563277,6.91166917023085],[79.86287665563277,6.91166917023085],[79.86287648795788,6.911669226851042],[79.86287629334868,6.9116692794021715],[79.86287607180519,6.911669327884233],[79.86287582332741,6.911669372297229],[79.86287554791535,6.91166941264117],[79.86287524556901,6.911669448916043],[79.86287491628838,6.911669481121854],[79.86287456007345,6.911669509258598],[79.86287417692424,6.911669533326282],[79.86287376684074,6.911669553324902],[79.86287332982296,6.911669569254459],[79.86287286587087,6.911669581114946]]],[[[79.86287080469006,6.911675989824181],[79.86287080469006,6.911675989824181],[79.8628710750887,6.911675981400149],[79.8628713357995,6.911675965247644],[79.86287158682241,6.911675941366659],[79.86287182815747,6.911675909757198],[79.86287205980464,6.911675870419264],[79.86287228176397,6.911675823352847],[79.86287249403541,6.911675768557956],[79.86287269661901,6.911675706034589],[79.86287288951472,6.911675635782743],[79.86287307272258,6.911675557802418],[79.86287324624257,6.911675472093618],[79.86287341007468,6.9116753786563425],[79.86287341007468,6.9116753786563425],[79.86287356232154,6.911675278367269],[79.86287370108576,6.911675172103081],[79.86287382636733,6.911675059863771],[79.86287393816626,6.911674941649343],[79.86287403648254,6.911674817459803],[79.86287412131618,6.911674687295141],[79.86287419266718,6.9116745511553646],[79.86287425053553,6.911674409040474],[79.86287429492121,6.911674260950462],[79.86287432582428,6.9116741068853305],[79.8628743432447,6.9116739468450845],[79.86287434718247,6.911673780829721],[79.86287432766973,6.911672604569395],[79.862878937983,6.911672528192828],[79.86287892250738,6.911671595296702],[79.86286715588697,6.911671790227845],[79.86286719087528,6.911673899384297],[79.86286719087528,6.911673899384297],[79.86286720031735,6.911674065178004],[79.86286722303649,6.911674224553278],[79.86286725903267,6.911674377510124],[79.8628673083059,6.911674524048541],[79.86286737085616,6.911674664168526],[79.86286744668351,6.91167479787008],[79.86286753578788,6.9116749251532035],[79.8628676381693,6.9116750460178995],[79.8628677538278,6.911675160464164],[79.86286788276335,6.911675268491996],[79.86286802497592,6.911675370101402],[79.86286818046557,6.911675465292373],[79.86286818046557,6.911675465292373],[79.86286834730684,6.911675553251569],[79.86286852357429,6.911675633165632],[79.86286870926797,6.9116757050345665],[79.86286890438784,6.911675768858376],[79.8628691089339,6.9116758246370535],[79.86286932290618,6.911675872370601],[79.86286954630465,6.911675912059023],[79.86286977912933,6.91167594370231],[79.8628700213802,6.911675967300472],[79.8628702730573,6.911675982853505],[79.86287053416056,6.911675990361409],[79.86287080469006,6.911675989824181]],[[79.86287078921444,6.911675056928056],[79.86287078921444,6.911675056928056],[79.86287057700623,6.911675057907849],[79.86287037618236,6.911675053627566],[79.86287018674281,6.911675044087207],[79.86287000868761,6.911675029286765],[79.86286984201674,6.911675009226239],[79.86286968673019,6.911674983905642],[79.86286954282798,6.911674953324962],[79.86286941031013,6.911674917484205],[79.86286928917657,6.911674876383371],[79.86286917942736,6.911674830022456],[79.86286908106251,6.91167477840146],[79.86286899408198,6.911674721520385],[79.86286899408198,6.911674721520385],[79.86286891609653,6.911674659418816],[79.86286884471689,6.911674592136327],[79.86286877994306,6.911674519672925],[79.86286872177506,6.911674442028609],[79.86286867021286,6.911674359203375],[79.86286862525651,6.9116742711972226],[79.86286858690593,6.911674178010158],[79.86286855516121,6.911674079642174],[79.86286853002228,6.911673976093279],[79.8628685114892,6.911673867363465],[79.8628684995619,6.911673753452734],[79.86286849424043,6.91167363436109],[79.86286847876484,6.911672701464967],[79.86287302026747,6.91167262622841],[79.86287303574306,6.911673559124535],[79.86287303574306,6.911673559124535],[79.86287303437462,6.9116736783270065],[79.86287302623212,6.911673792570223],[79.8628730113156,6.9116739018541775],[79.86287298962507,6.911674006178872],[79.86287296116048,6.911674105544308],[79.86287292592188,6.911674199950485],[79.86287288390923,6.9116742893974035],[79.86287283512256,6.911674373885061],[79.86287277956185,6.911674453413458],[79.86287271722713,6.911674527982599],[79.86287264811837,6.911674597592481],[79.86287257223557,6.9116746622431],[79.86287257223557,6.9116746622431],[79.86287248718949,6.911674721974043],[79.86287239059085,6.911674776824892],[79.86287228243968,6.911674826795641],[79.86287216273595,6.911674871886293],[79.8628720314797,6.911674912096851],[79.86287188867087,6.911674947427313],[79.86287173430951,6.911674977877679],[79.86287156839559,6.911675003447947],[79.86287139092913,6.91167502413812],[79.86287120191011,6.911675039948195],[79.86287100133855,6.911675050878173],[79.86287078921444,6.911675056928056]]]]}},{"type":"Feature","properties":{"Type":21,"ImageName":null,"MCode":null,"SCode":null,"ID":null,"Type(Strin":null,"Type(Strin_2":null},"geometry":{"type":"MultiPolygon","coordinates":[[[[79.86285288116545,6.911662175782703],[79.86285288116545,6.911662175782703],[79.86285324022977,6.911662163857775],[79.86285358002603,6.911662141100168],[79.86285390055426,6.911662107509889],[79.86285420181444,6.911662063086928],[79.8628544838066,6.911662007831295],[79.8628547465307,6.9116619417429845],[79.86285498998679,6.9116618648219985],[79.86285521417481,6.911661777068333],[79.8628554190948,6.911661678481993],[79.86285560474676,6.911661569062977],[79.86285577113067,6.9116614488112855],[79.86285591824654,6.911661317726914],[79.86285591824654,6.911661317726914],[79.86285604984573,6.911661178187699],[79.8628561696796,6.9116610325714705],[79.86285627774816,6.911660880878222],[79.8628563740514,6.911660723107962],[79.86285645858933,6.911660559260686],[79.86285653136196,6.911660389336392],[79.86285659236924,6.911660213335086],[79.86285664161123,6.911660031256765],[79.8628566790879,6.911659843101428],[79.86285670479924,6.9116596488690725],[79.86285671874528,6.911659448559702],[79.862856720926,6.911659242173322],[79.86285667650272,6.911656729074618],[79.86284363221017,6.911656959344001],[79.8628436784103,6.91165957296664],[79.8628436784103,6.91165957296664],[79.8628436889207,6.911659777848767],[79.86284371304801,6.91165997364538],[79.86284375079221,6.911660160356468],[79.86284380215332,6.9116603379820365],[79.86284386713136,6.9116605065220815],[79.8628439457263,6.9116606659766076],[79.86284403793813,6.911660816345612],[79.86284414376689,6.9116609576290955],[79.86284426321257,6.9116610898270565],[79.86284439627514,6.911661212939499],[79.86284454295462,6.911661326966418],[79.86284470325101,6.9116614319078185],[79.86284470325101,6.9116614319078185],[79.86284487297577,6.9116615306308375],[79.86284504784159,6.911661620417962],[79.86284522784852,6.911661701269187],[79.86284541299653,6.9116617731845125],[79.86284560328563,6.911661836163939],[79.86284579871581,6.9116618902074665],[79.86284599928707,6.911661935315098],[79.86284620499943,6.911661971486831],[79.86284641585287,6.911661998722663],[79.8628466318474,6.911662017022597],[79.86284685298301,6.91166202638663],[79.86284707925971,6.911662026814769],[79.86284707925971,6.911662026814769],[79.86284730310925,6.911662019837211],[79.86284751696337,6.911662006984161],[79.8628477208221,6.9116619882556165],[79.86284791468542,6.911661963651582],[79.86284809855334,6.911661933172054],[79.86284827242584,6.911661896817029],[79.86284843630294,6.911661854586515],[79.86284859018464,6.911661806480507],[79.86284873407094,6.911661752499012],[79.86284886796182,6.9116616926420145],[79.86284899185728,6.91166162690953],[79.86284910575738,6.911661555301554],[79.86284910575738,6.911661555301554],[79.86284920764179,6.911661483440155],[79.86284930386745,6.911661411213111],[79.86284939443432,6.9116613386204255],[79.86284947934244,6.911661265662108],[79.86284955859175,6.911661192338146],[79.86284963218232,6.911661118648546],[79.86284970011408,6.911661044593301],[79.86284976238709,6.911660970172421],[79.86284981900131,6.911660895385898],[79.86284986995675,6.911660820233734],[79.86284991525342,6.911660744715932],[79.86284995489133,6.9116606688324875],[79.86284995489133,6.9116606688324875],[79.8628499983246,6.911660767690013],[79.86285004878816,6.911660864561299],[79.862850106282,6.911660959446342],[79.86285017080613,6.911661052345148],[79.86285024236051,6.911661143257713],[79.8628503209452,6.911661232184039],[79.86285040656016,6.911661319124124],[79.86285049920538,6.911661404077968],[79.86285059888091,6.9116614870455715],[79.86285070558671,6.911661568026934],[79.86285081932279,6.91166164702206],[79.86285094008915,6.9116617240309415],[79.86285094008915,6.9116617240309415],[79.86285106365405,6.911661799477439],[79.86285119416284,6.911661868051112],[79.86285133161554,6.911661929751966],[79.86285147601215,6.91166198458],[79.86285162735265,6.911662032535214],[79.86285178563706,6.911662073617603],[79.86285195086538,6.91166210782717],[79.86285212303758,6.911662135163921],[79.8628523021537,6.911662155627849],[79.8628524882137,6.911662169218952],[79.86285268121763,6.911662175937239],[79.86285288116545,6.911662175782703]],[[79.86284705882503,6.91166087078937],[79.86284705882503,6.91166087078937],[79.86284689720733,6.911660870965566],[79.86284674291139,6.911660865658874],[79.86284659593717,6.911660854869295],[79.8628464562847,6.911660838596822],[79.86284632395397,6.9116608168414615],[79.86284619894498,6.911660789603216],[79.86284608125774,6.9116607568820765],[79.86284597089224,6.911660718678049],[79.86284586784846,6.911660674991134],[79.86284577212643,6.911660625821325],[79.86284568372615,6.911660571168627],[79.86284560264761,6.911660511033043],[79.86284560264761,6.911660511033043],[79.86284552843512,6.9116604496124205],[79.86284546053425,6.911660385519941],[79.86284539894496,6.911660318755606],[79.86284534366733,6.911660249319416],[79.86284529470132,6.911660177211373],[79.86284525204694,6.911660102431473],[79.86284521570416,6.9116600249797235],[79.862845185673,6.911659944856118],[79.86284516195347,6.911659862060654],[79.86284514454557,6.911659776593341],[79.86284513344928,6.9116596884541694],[79.86284512866463,6.911659597643148],[79.8628451020107,6.911658089783929],[79.86284914497855,6.911658018413914],[79.86284917074403,6.91165947601116],[79.86284917074403,6.91165947601116],[79.86284916899938,6.911659567170212],[79.86284916050766,6.911659656353468],[79.86284914526888,6.911659743560927],[79.86284912328308,6.911659828792586],[79.86284909455023,6.911659912048449],[79.8628490590703,6.911659993328516],[79.86284901684337,6.911660072632784],[79.86284896786937,6.911660149961252],[79.86284891214832,6.911660225313925],[79.86284884968025,6.911660298690798],[79.8628487804651,6.911660370091876],[79.86284870450292,6.911660439517155],[79.86284870450292,6.911660439517155],[79.86284861646546,6.911660505314943],[79.8628485195003,6.911660565683928],[79.86284841360742,6.911660620624101],[79.86284829878684,6.911660670135471],[79.86284817503858,6.911660714218032],[79.86284804236259,6.911660752871786],[79.86284790075892,6.911660786096736],[79.86284775022754,6.911660813892877],[79.86284759076845,6.911660836260208],[79.86284742238168,6.911660853198738],[79.8628472450672,6.911660864708459],[79.86284705882503,6.91166087078937]],[[79.86285285984228,6.91166096949533],[79.86285285984228,6.91166096949533],[79.86285266147752,6.911660969272769],[79.86285247322274,6.911660961423198],[79.86285229507796,6.911660945946609],[79.86285212704317,6.911660922843013],[79.8628519691184,6.911660892112406],[79.8628518213036,6.911660853754781],[79.8628516835988,6.911660807770146],[79.86285155600399,6.911660754158498],[79.8628514385192,6.911660692919836],[79.86285133114438,6.9116606240541625],[79.86285123387958,6.9116605475614765],[79.86285114672476,6.911660463441779],[79.86285114672476,6.911660463441779],[79.86285106395154,6.911660377382601],[79.86285098820858,6.911660289337176],[79.86285091949591,6.9116601993055164],[79.86285085781353,6.911660107287614],[79.86285080316141,6.911660013283472],[79.86285075553958,6.911659917293087],[79.86285071494802,6.9116598193164664],[79.86285068138677,6.911659719353604],[79.86285065485576,6.911659617404501],[79.86285063535506,6.91165951346916],[79.86285062288464,6.911659407547575],[79.8628506174445,6.9116592996397515],[79.86285059434441,6.911657992828429],[79.86285524757159,6.911657910685526],[79.86285526800629,6.911659066710927],[79.86285526800629,6.911659066710927],[79.86285526691003,6.911659214537286],[79.8628552582905,6.911659356444506],[79.86285524214766,6.911659492432598],[79.86285521848154,6.911659622501556],[79.86285518729213,6.911659746651382],[79.86285514857943,6.911659864882073],[79.86285510234343,6.911659977193638],[79.86285504858415,6.9116600835860655],[79.86285498730159,6.911660184059361],[79.86285491849571,6.911660278613526],[79.86285484216656,6.911660367248554],[79.86285475831411,6.9116604499644545],[79.86285475831411,6.9116604499644545],[79.86285466486261,6.9116605292419155],[79.86285455963755,6.9116606019769735],[79.86285444263898,6.911660668169627],[79.86285431386685,6.91166072781988],[79.86285417332118,6.911660780927725],[79.86285402100197,6.911660827493164],[79.86285385690921,6.911660867516204],[79.8628536810429,6.911660900996838],[79.86285349340307,6.911660927935066],[79.86285329398967,6.91166094833089],[79.86285308280276,6.911660962184312],[79.86285285984228,6.91166096949533]]],[[[79.86285271909117,6.911667437867126],[79.86285271909117,6.911667437867126],[79.86285301947693,6.911667435324037],[79.86285330927758,6.911667425330762],[79.86285358849308,6.911667407887306],[79.86285385712344,6.911667382993662],[79.86285411516864,6.911667350649836],[79.86285436262871,6.911667310855827],[79.86285459950363,6.911667263611636],[79.86285482579342,6.911667208917258],[79.86285504149805,6.911667146772699],[79.86285524661756,6.911667077177956],[79.86285544115191,6.911667000133029],[79.8628556251011,6.911666915637919],[79.8628556251011,6.911666915637919],[79.86285579633561,6.911666825439213],[79.86285595274396,6.9116667266040395],[79.86285609432618,6.911666619132407],[79.86285622108224,6.911666503024307],[79.86285633301215,6.911666378279743],[79.86285643011591,6.911666244898714],[79.86285651239353,6.9116661028812185],[79.862856579845,6.911665952227261],[79.86285663247034,6.911665792936838],[79.86285667026952,6.911665625009952],[79.86285669324255,6.911665448446601],[79.86285670138943,6.911665263246784],[79.86285670138943,6.911665263246784],[79.86285669467735,6.911665077892021],[79.8628566730734,6.911664900863826],[79.86285663657765,6.911664732162208],[79.86285658519007,6.911664571787156],[79.86285651891066,6.911664419738675],[79.86285643773942,6.911664276016766],[79.86285634167636,6.911664140621424],[79.86285623072148,6.911664013552656],[79.86285610487477,6.91166389481046],[79.8628559641362,6.911663784394831],[79.86285580850583,6.911663682305777],[79.86285563798363,6.911663588543289],[79.86285563798363,6.911663588543289],[79.86285545468557,6.911663504870377],[79.86285526074573,6.911663428370591],[79.86285505616416,6.911663359043924],[79.8628548409408,6.911663296890382],[79.86285461507569,6.911663241909965],[79.8628543785688,6.911663194102667],[79.86285413142016,6.911663153468489],[79.86285387362973,6.911663120007442],[79.86285360519756,6.911663093719509],[79.86285332612364,6.911663074604701],[79.86285303640791,6.91166306266302],[79.86285273605044,6.911663057894455],[79.86284348928021,6.911663022138852],[79.86284348552958,6.911663990786655],[79.86285273229983,6.911664026542261],[79.86285273229983,6.911664026542261],[79.86285294403672,6.911664029700769],[79.86285314620304,6.911664037501799],[79.8628533387988,6.911664049945352],[79.86285352182396,6.911664067031425],[79.86285369527859,6.911664088760016],[79.86285385916263,6.911664115131128],[79.86285401347611,6.911664146144761],[79.86285415821902,6.911664181800913],[79.86285429339136,6.911664222099591],[79.86285441899314,6.911664267040786],[79.86285453502437,6.911664316624498],[79.86285464148499,6.911664370850734],[79.86285464148499,6.911664370850734],[79.86285473890915,6.911664428844144],[79.86285482783094,6.9116644897293815],[79.86285490825033,6.911664553506446],[79.86285498016731,6.9116646201753404],[79.86285504358192,6.911664689736062],[79.86285509849414,6.911664762188609],[79.86285514490396,6.911664837532988],[79.8628551828114,6.911664915769192],[79.86285521221646,6.911664996897224],[79.86285523311909,6.911665080917086],[79.86285524551937,6.911665167828773],[79.86285524941724,6.911665257632291],[79.86285524941724,6.911665257632291],[79.86285524482406,6.911665347402972],[79.86285523175113,6.911665434216162],[79.86285521019846,6.911665518071857],[79.86285518016604,6.9116655989700595],[79.8628551416539,6.911665676910765],[79.862855094662,6.911665751893974],[79.86285503919036,6.911665823919689],[79.86285497523897,6.911665892987913],[79.86285490280787,6.911665959098642],[79.862854821897,6.911666022251872],[79.86285473250639,6.911666082447609],[79.86285463463605,6.911666139685852],[79.86285463463605,6.911666139685852],[79.86285452775869,6.91166619308715],[79.86285441134697,6.911666241772053],[79.86285428540094,6.9116662857405595],[79.86285414992058,6.911666324992674],[79.86285400490587,6.911666359528388],[79.86285385035684,6.91166638934771],[79.8628536862735,6.911666414450637],[79.8628535126558,6.911666434837163],[79.86285332950379,6.911666450507301],[79.86285313681744,6.911666461461037],[79.86285293459677,6.911666467698382],[79.86285272284177,6.911666469219329],[79.86284347607146,6.911666433463717],[79.86284347232083,6.911667402111515],[79.86285271909117,6.911667437867126]]],[[[79.86285287881822,6.911672867323555],[79.86285287881822,6.911672867323555],[79.86285314179345,6.9116728606426445],[79.86285339564735,6.911672844978626],[79.86285364037995,6.911672820331494],[79.8628538759912,6.911672786701249],[79.86285410248114,6.911672744087892],[79.86285431984976,6.91167269249142],[79.86285452809703,6.911672631911836],[79.86285472722298,6.911672562349141],[79.86285491722761,6.911672483803329],[79.86285509811093,6.911672396274409],[79.8628552698729,6.9116722997623725],[79.86285543251354,6.911672194267226],[79.86285543251354,6.911672194267226],[79.86285558024724,6.911672083541758],[79.86285571500251,6.911671966335037],[79.86285583677937,6.911671842647068],[79.8628559455778,6.911671712477844],[79.86285604139783,6.911671575827369],[79.86285612423944,6.911671432695646],[79.86285619410262,6.911671283082669],[79.86285625098742,6.911671126988442],[79.86285629489377,6.911670964412964],[79.86285632582171,6.911670795356228],[79.86285634377123,6.911670619818249],[79.86285634874234,6.911670437799013],[79.86285634874234,6.911670437799013],[79.86285634046673,6.911670255991111],[79.86285631867615,6.911670081087125],[79.86285628337056,6.911669913087056],[79.86285623454997,6.9116697519909005],[79.86285617221436,6.911669597798662],[79.86285609636379,6.911669450510337],[79.8628560069982,6.9116693101259274],[79.86285590411762,6.911669176645436],[79.86285578772204,6.911669050068861],[79.86285565781147,6.911668930396199],[79.86285551438588,6.9116688176274526],[79.86285535744531,6.911668711762623],[79.86285535744531,6.911668711762623],[79.86285519039,6.911668613700243],[79.86285501662019,6.911668524338852],[79.86285483613591,6.9116684436784475],[79.86285464893713,6.911668371719032],[79.86285445502388,6.9116683084606025],[79.86285425439613,6.911668253903158],[79.8628540470539,6.911668208046704],[79.86285383299719,6.911668170891232],[79.86285361222598,6.911668142436751],[79.86285338474028,6.911668122683257],[79.8628531505401,6.911668111630746],[79.86285290962545,6.911668109279226],[79.86285242108164,6.911668113277173],[79.86285242946153,6.911669135911598],[79.86285284821336,6.911669132484788],[79.86285284821336,6.911669132484788],[79.86285301932341,6.911669133863612],[79.86285318369366,6.911669140855755],[79.86285334132411,6.911669153461228],[79.8628534922148,6.911669171680019],[79.86285363636567,6.911669195512135],[79.86285377377679,6.911669224957572],[79.86285390444809,6.911669260016333],[79.86285402837963,6.911669300688416],[79.86285414557136,6.91166934697382],[79.86285425602331,6.911669398872552],[79.86285435973548,6.911669456384602],[79.86285445670785,6.911669519509977],[79.86285445670785,6.911669519509977],[79.86285454644059,6.911669586400041],[79.86285462843385,6.911669655206163],[79.8628547026876,6.911669725928346],[79.8628547692019,6.911669798566582],[79.8628548279767,6.911669873120878],[79.86285487901205,6.911669949591236],[79.86285492230787,6.911670027977648],[79.86285495786424,6.911670108280122],[79.86285498568111,6.911670190498647],[79.86285500575852,6.911670274633239],[79.86285501809643,6.91167036068388],[79.86285502269484,6.911670448650584],[79.86285502269484,6.911670448650584],[79.86285501960562,6.911670564573971],[79.86285500839476,6.911670675211513],[79.86285498906226,6.9116707805632025],[79.86285496160814,6.911670880629043],[79.86285492603238,6.9116709754090415],[79.862854882335,6.911671064903188],[79.86285483051597,6.911671149111484],[79.86285477057531,6.911671228033935],[79.86285470251305,6.9116713016705384],[79.86285462632914,6.911671370021295],[79.8628545420236,6.911671433086202],[79.86285444959643,6.91167149086526],[79.86285444959643,6.91167149086526],[79.86285434761638,6.911671546149267],[79.86285424236645,6.911671596725299],[79.86285413384661,6.911671642593355],[79.86285402205687,6.911671683753429],[79.86285390699722,6.9116717202055264],[79.86285378866765,6.91167175194965],[79.86285366706818,6.911671778985795],[79.86285354219882,6.911671801313962],[79.86285341405951,6.9116718189341535],[79.86285328265035,6.911671831846366],[79.86285314797126,6.9116718400506025],[79.86285301002226,6.91167184354686],[79.86285301002226,6.91167184354686],[79.86285289448732,6.911671841713243],[79.86285278052239,6.91167183430861],[79.86285266812746,6.911671821332962],[79.86285255730255,6.911671802786295],[79.86285244804763,6.911671778668611],[79.86285234036276,6.911671748979915],[79.86285223424787,6.911671713720196],[79.862852129703,6.911671672889464],[79.86285202672816,6.911671626487715],[79.86285192532331,6.911671574514949],[79.86285182548848,6.911671516971166],[79.86285172722366,6.911671453856369],[79.86285172722366,6.911671453856369],[79.86285162665405,6.91167138551105],[79.86285152765953,6.911671312212247],[79.86285143024007,6.911671233959964],[79.86285133439567,6.911671150754194],[79.86285124012635,6.911671062594939],[79.8628511474321,6.9116709694822065],[79.86285105631293,6.911670871415982],[79.86285096676883,6.911670768396277],[79.8628508787998,6.911670660423091],[79.86285079240585,6.911670547496416],[79.86285070758697,6.9116704296162625],[79.86285062434315,6.911670306782628],[79.86285062434315,6.911670306782628],[79.86285051726223,6.911670133914679],[79.8628504083101,6.911669969296372],[79.86285029748677,6.911669812927698],[79.86285018479226,6.911669664808665],[79.86285007022654,6.9116695249392635],[79.86284995378965,6.9116693933195],[79.86284983548155,6.911669269949375],[79.86284971530226,6.911669154828885],[79.86284959325177,6.911669047958032],[79.86284946933007,6.911668949336814],[79.8628493435372,6.911668858965232],[79.86284921587313,6.9116687768432845],[79.86284921587313,6.9116687768432845],[79.86284908538117,6.911668704522742],[79.8628489510642,6.911668638615102],[79.86284881292215,6.911668579120361],[79.86284867095506,6.911668526038524],[79.86284852516295,6.9116684793695935],[79.86284837554578,6.911668439113562],[79.8628482221036,6.911668405270435],[79.86284806483636,6.911668377840208],[79.86284790374405,6.911668356822883],[79.86284773882673,6.911668342218462],[79.86284757008436,6.911668334026943],[79.86284739751694,6.911668332248328],[79.86284739751694,6.911668332248328],[79.86284715715864,6.911668338641221],[79.86284692462753,6.911668353821957],[79.86284669992361,6.911668377790541],[79.8628464830469,6.911668410546968],[79.86284627399736,6.9116684520912415],[79.86284607277504,6.911668502423355],[79.86284587937988,6.91166856154332],[79.86284569381195,6.911668629451124],[79.8628455160712,6.911668706146777],[79.86284534615764,6.911668791630274],[79.86284518407128,6.911668885901614],[79.86284502981212,6.911668988960799],[79.86284502981212,6.911668988960799],[79.86284488580095,6.911669100479237],[79.86284475441809,6.911669215188058],[79.86284463566356,6.911669333087267],[79.86284452953736,6.91166945417686],[79.86284443603947,6.911669578456844],[79.86284435516987,6.911669705927214],[79.86284428692859,6.911669836587972],[79.86284423131563,6.9116699704391165],[79.86284418833101,6.911670107480651],[79.8628441579747,6.911670247712568],[79.8628441402467,6.911670391134874],[79.862844135147,6.911670537747567],[79.862844135147,6.911670537747567],[79.86284414428184,6.9116707258271095],[79.86284416852865,6.911670904725228],[79.86284420788746,6.911671074441925],[79.86284426235828,6.911671234977196],[79.86284433194109,6.911671386331047],[79.8628444166359,6.911671528503472],[79.8628445164427,6.911671661494476],[79.86284463136153,6.911671785304056],[79.86284476139231,6.911671899932213],[79.86284490653512,6.911672005378949],[79.86284506678992,6.911672101644257],[79.86284524215674,6.911672188728144],[79.86284524215674,6.911672188728144],[79.86284542248536,6.911672270110327],[79.86284560533986,6.911672344266812],[79.86284579072017,6.91167241119759],[79.86284597862637,6.911672470902664],[79.86284616905841,6.911672523382036],[79.8628463620163,6.911672568635704],[79.86284655750003,6.91167260666367],[79.86284675550964,6.911672637465932],[79.86284695604508,6.911672661042492],[79.86284715910637,6.911672677393347],[79.86284736469351,6.9116726865185],[79.86284757280652,6.911672688417948],[79.86284756442662,6.911671665783527],[79.86284756442662,6.911671665783527],[79.86284743748449,6.911671671762937],[79.86284731244054,6.91167167278622],[79.86284718929477,6.911671668853373],[79.86284706804719,6.9116716599644],[79.86284694869778,6.911671646119298],[79.86284683124656,6.911671627318068],[79.86284671569352,6.911671603560713],[79.86284660203867,6.911671574847225],[79.862846490282,6.911671541177616],[79.86284638042352,6.911671502551875],[79.86284627246322,6.911671458970007],[79.86284616640108,6.91167141043201],[79.86284616640108,6.91167141043201],[79.86284606563488,6.911671357527656],[79.8628459735623,6.911671300846715],[79.86284589018337,6.9116712403891825],[79.86284581549808,6.911671176155061],[79.86284574950639,6.911671108144352],[79.86284569220837,6.911671036357052],[79.86284564360396,6.911670960793164],[79.86284560369319,6.911670881452688],[79.86284557247608,6.9116707983356225],[79.86284554995257,6.911670711441965],[79.86284553612272,6.911670620771727],[79.86284553098649,6.91167052632489],[79.86284553098649,6.91167052632489],[79.86284553350154,6.91167043891755],[79.86284554250415,6.9116703545449925],[79.86284555799428,6.911670273207215],[79.8628455799719,6.911670194904214],[79.86284560843707,6.911670119635997],[79.86284564338975,6.911670047402569],[79.86284568482995,6.911669978203913],[79.86284573275768,6.911669912040043],[79.86284578717292,6.911669848910956],[79.86284584807568,6.911669788816647],[79.86284591546597,6.91166973175712],[79.8628459893438,6.911669677732375],[79.8628459893438,6.911669677732375],[79.8628460648675,6.911669627399606],[79.86284614495021,6.911669581352551],[79.8628462295919,6.911669539591207],[79.86284631879255,6.911669502115575],[79.86284641255217,6.9116694689256555],[79.86284651087078,6.911669440021447],[79.86284661374837,6.911669415402952],[79.86284672118492,6.911669395070168],[79.86284683318046,6.911669379023099],[79.86284694973496,6.911669367261739],[79.86284707084846,6.91166935978609],[79.86284719652092,6.911669356596153],[79.86284719652092,6.911669356596153],[79.86284730009149,6.9116693573954615],[79.86284740142726,6.911669361506787],[79.86284750052825,6.91166936893013],[79.86284759739445,6.911669379665491],[79.86284769202587,6.911669393712868],[79.86284778442248,6.911669411072265],[79.86284787458433,6.911669431743678],[79.86284796251135,6.911669455727103],[79.86284804820362,6.911669483022554],[79.8628481316611,6.91166951363002],[79.86284821288378,6.9116695475495025],[79.86284829187166,6.911669584781004],[79.86284829187166,6.911669584781004],[79.86284836722137,6.911669631511749],[79.86284844524367,6.911669688925245],[79.86284852593857,6.9116697570214916],[79.86284860930608,6.911669835800486],[79.86284869534619,6.911669925262232],[79.86284878405891,6.9116700254067265],[79.86284887544421,6.911670136233971],[79.86284896950212,6.911670257743965],[79.86284906623263,6.9116703899367105],[79.86284916563574,6.911670532812203],[79.86284926771145,6.9116706863704485],[79.86284937245975,6.91167085061144],[79.86284937245975,6.91167085061144],[79.86284948023545,6.911671009681206],[79.86284959151475,6.911671162546564],[79.86284970629768,6.911671309207502],[79.86284982458423,6.911671449664028],[79.8628499463744,6.911671583916136],[79.86285007166818,6.91167171196383],[79.86285020046559,6.911671833807115],[79.86285033276661,6.911671949445982],[79.86285046857124,6.911672058880437],[79.86285060787948,6.911672162110473],[79.86285075069136,6.9116722591361],[79.86285089700685,6.911672349957313],[79.86285089700685,6.911672349957313],[79.86285104294356,6.911672433988306],[79.86285119237377,6.911672510579819],[79.86285134529747,6.911672579731852],[79.86285150171469,6.911672641444406],[79.86285166162538,6.91167269571748],[79.8628518250296,6.9116727425510724],[79.86285199192729,6.911672781945183],[79.86285216231848,6.91167281389982],[79.86285233620316,6.911672838414972],[79.86285251358134,6.9116728554906475],[79.86285269445304,6.911672865126842],[79.86285287881822,6.911672867323555]]],[[[79.86287529305122,6.911659729680023],[79.86287529305122,6.911659729680023],[79.86287554971733,6.911659731193249],[79.86287579775966,6.911659723741621],[79.86287603717822,6.911659707325136],[79.862876267973,6.911659681943797],[79.862876490144,6.911659647597601],[79.86287670369124,6.911659604286547],[79.86287690861471,6.911659552010636],[79.8628771049144,6.911659490769872],[79.86287729259033,6.911659420564249],[79.86287747164248,6.911659341393768],[79.86287764207084,6.911659253258435],[79.86287780387546,6.911659156158243],[79.86287780387546,6.911659156158243],[79.8628779513004,6.911659053547353],[79.8628780862643,6.911658944274379],[79.86287820876716,6.911658828339319],[79.862878318809,6.911658705742174],[79.86287841638979,6.911658576482943],[79.86287850150956,6.91165844056163],[79.86287857416828,6.911658297978227],[79.86287863436597,6.911658148732744],[79.8628786821026,6.911657992825177],[79.86287871737822,6.911657830255524],[79.8628787401928,6.911657661023783],[79.86287875054636,6.911657485129962],[79.86287875054636,6.911657485129962],[79.86287874797479,6.911657309038822],[79.86287873201401,6.911657139215128],[79.86287870266406,6.91165697565889],[79.86287865992492,6.911656818370101],[79.86287860379659,6.911656667348763],[79.86287853427905,6.911656522594882],[79.86287845137234,6.911656384108449],[79.86287835507643,6.9116562518894655],[79.86287824539133,6.911656125937933],[79.86287812231704,6.911656006253849],[79.86287798585356,6.911655892837221],[79.86287783600088,6.911655785688041],[79.86287783600088,6.911655785688041],[79.8628776760479,6.91165568577847],[79.8628775092835,6.911655594080659],[79.86287733570771,6.911655510594615],[79.86287715532048,6.911655435320333],[79.86287696812184,6.911655368257813],[79.8628767741118,6.911655309407058],[79.86287657329034,6.911655258768067],[79.86287636565744,6.911655216340835],[79.86287615121316,6.91165518212537],[79.86287592995745,6.9116551561216655],[79.86287570189033,6.911655138329728],[79.86287546701178,6.911655128749552],[79.86287499044329,6.911655117800961],[79.86287496768418,6.911656107122224],[79.86287537617146,6.911656116506727],[79.86287537617146,6.911656116506727],[79.86287554300316,6.911656123029277],[79.86287570309213,6.9116561347765115],[79.86287585643844,6.911656151748428],[79.86287600304202,6.911656173945025],[79.8628761429029,6.911656201366309],[79.86287627602111,6.91165623401227],[79.8628764023966,6.911656271882916],[79.8628765220294,6.9116563149782415],[79.8628766349195,6.911656363298251],[79.8628767410669,6.911656416842941],[79.86287684047163,6.9116564756123156],[79.86287693313363,6.911656539606372],[79.86287693313363,6.911656539606372],[79.86287701862139,6.911656607022],[79.86287709650333,6.91165667605609],[79.86287716677947,6.911656746708635],[79.86287722944981,6.911656818979652],[79.86287728451431,6.911656892869126],[79.86287733197304,6.911656968377064],[79.86287737182592,6.911657045503457],[79.86287740407302,6.911657124248315],[79.8628774287143,6.911657204611636],[79.86287744574977,6.911657286593419],[79.86287745517943,6.911657370193662],[79.86287745700331,6.9116574554123655],[79.86287745700331,6.9116574554123655],[79.86287745048422,6.911657567436963],[79.8628774362045,6.911657674102923],[79.8628774141641,6.911657775410252],[79.86287738436305,6.9116578713589405],[79.86287734680134,6.911657961948995],[79.86287730147897,6.911658047180414],[79.86287724839595,6.9116581270531965],[79.86287718755226,6.911658201567346],[79.8628771189479,6.91165827072286],[79.8628770425829,6.911658334519734],[79.86287695845724,6.9116583929579765],[79.86287686657089,6.911658446037583],[79.86287686657089,6.911658446037583],[79.86287676544369,6.911658496414342],[79.86287666126995,6.911658542138499],[79.86287655404968,6.911658583210054],[79.86287644378285,6.911658619629006],[79.86287633046949,6.911658651395351],[79.86287621410959,6.911658678509099],[79.86287609470314,6.911658700970245],[79.86287597225014,6.911658718778788],[79.86287584675061,6.911658731934723],[79.86287571820453,6.911658740438064],[79.86287558661192,6.911658744288798],[79.86287545197277,6.911658743486932],[79.86287545197277,6.911658743486932],[79.86287533935389,6.911658738209852],[79.86287522843467,6.911658727592236],[79.8628751192151,6.911658711634078],[79.86287501169515,6.91165869033538],[79.86287490587488,6.911658663696143],[79.86287480175423,6.911658631716362],[79.86287469933323,6.911658594396043],[79.86287459861188,6.911658551735182],[79.86287449959018,6.911658503733784],[79.86287440226812,6.911658450391845],[79.8628743066457,6.911658391709364],[79.86287421272293,6.911658327686341],[79.86287421272293,6.911658327686341],[79.86287411671063,6.911658258534596],[79.86287402238423,6.911658184639725],[79.86287392974374,6.9116581060017275],[79.86287383878917,6.911658022620611],[79.86287374952047,6.911657934496368],[79.8628736619377,6.911657841629],[79.86287357604083,6.911657744018511],[79.86287349182983,6.911657641664893],[79.86287340930475,6.911657534568153],[79.86287332846557,6.911657422728291],[79.8628732493123,6.911657306145303],[79.86287317184492,6.91165718481919],[79.86287317184492,6.91165718481919],[79.86287307264402,6.9116570143782425],[79.86287297136872,6.911656851859401],[79.86287286801904,6.911656697262661],[79.86287276259496,6.911656550588021],[79.86287265509648,6.911656411835486],[79.86287254552363,6.911656281005053],[79.86287243387638,6.91165615809672],[79.86287232015472,6.911656043110497],[79.8628722043587,6.911655936046372],[79.86287208648828,6.91165583690435],[79.86287196654347,6.911655745684429],[79.86287184452425,6.911655662386612],[79.86287184452425,6.911655662386612],[79.86287171945072,6.91165558848272],[79.8628715904529,6.91165552066523],[79.86287145753077,6.911655458934149],[79.86287132068432,6.9116554032894735],[79.86287117991358,6.911655353731207],[79.86287103521853,6.911655310259347],[79.86287088659917,6.911655272873894],[79.86287073405552,6.911655241574851],[79.86287057758754,6.911655216362214],[79.86287041719527,6.911655197235983],[79.86287025287871,6.911655184196156],[79.86287008463782,6.911655177242742],[79.86287008463782,6.911655177242742],[79.86286985003737,6.911655176136822],[79.86286962280451,6.911655183767654],[79.86286940293925,6.91165520013524],[79.86286919044156,6.911655225239576],[79.86286898531147,6.911655259080664],[79.86286878754898,6.911655301658512],[79.86286859715405,6.911655352973107],[79.86286841412672,6.911655413024457],[79.862868238467,6.911655481812558],[79.86286807017486,6.911655559337415],[79.8628679092503,6.911655645599024],[79.86286775569334,6.911655740597383],[79.86286775569334,6.911655740597383],[79.86286761187478,6.9116558440880995],[79.86286748027536,6.911655951047439],[79.86286736089507,6.911656061475405],[79.86286725373394,6.911656175371989],[79.86286715879193,6.911656292737201],[79.86286707606908,6.9116564135710385],[79.86286700556536,6.9116565378734975],[79.86286694728079,6.91165666564458],[79.86286690121537,6.911656796884289],[79.86286686736909,6.911656931592618],[79.86286684574195,6.911657069769577],[79.86286683633395,6.9116572114151555],[79.86286683633395,6.9116572114151555],[79.86286683955379,6.91165739359813],[79.86286685778913,6.911657567359333],[79.86286689104003,6.911657732698765],[79.86286693930644,6.911657889616428],[79.86286700258843,6.91165803811232],[79.86286708088593,6.9116581781864355],[79.86286717419898,6.911658309838782],[79.86286728252756,6.91165843306936],[79.8628674058717,6.911658547878166],[79.86286754423135,6.9116586542652],[79.86286769760656,6.911658752230463],[79.86286786599729,6.911658841773955],[79.86286786599729,6.911658841773955],[79.86286803939946,6.91165892595337],[79.8628682154835,6.911659003220855],[79.86286839424942,6.9116590735764145],[79.8628685756972,6.911659137020049],[79.86286875982684,6.911659193551754],[79.86286894663834,6.911659243171536],[79.86286913613172,6.911659285879389],[79.86286932830697,6.911659321675313],[79.86286952316408,6.911659350559311],[79.86286972070305,6.911659372531386],[79.8628699209239,6.911659387591531],[79.86287012382661,6.911659395739749],[79.86287014658572,6.911658406418494],[79.86287014658572,6.911658406418494],[79.86287002260579,6.911658408352056],[79.86286990062695,6.911658405549737],[79.86286978064919,6.911658398011537],[79.86286966267255,6.911658385737452],[79.86286954669698,6.911658368727482],[79.8628694327225,6.911658346981634],[79.86286932074913,6.911658320499898],[79.86286921077682,6.9116582892822835],[79.86286910280565,6.911658253328781],[79.86286899683553,6.911658212639397],[79.86286889286653,6.911658167214133],[79.8628687908986,6.911658117052984],[79.8628687908986,6.911658117052984],[79.86286869422754,6.911658062829401],[79.86286860614909,6.911658005216831],[79.86286852666323,6.911657944215272],[79.86286845577003,6.911657879824729],[79.86286839346941,6.911657812045198],[79.8628683397614,6.9116577408766835],[79.862868294646,6.911657666319182],[79.86286825812323,6.911657588372689],[79.86286823019304,6.911657507037212],[79.86286821085551,6.911657422312749],[79.86286820011057,6.911657334199301],[79.86286819795824,6.911657242696865],[79.86286819795824,6.911657242696865],[79.86286820305483,6.91165715823488],[79.86286821438654,6.911657076904802],[79.86286823195334,6.911656998706625],[79.86286825575523,6.9116569236403524],[79.86286828579223,6.911656851705982],[79.86286832206434,6.911656782903521],[79.86286836457154,6.911656717232956],[79.86286841331385,6.911656654694299],[79.86286846829123,6.911656595287549],[79.86286852950371,6.9116565390127],[79.86286859695132,6.911656485869753],[79.862868670634,6.91165643585871],[79.862868670634,6.91165643585871],[79.86286874581019,6.911656389468374],[79.86286882530284,6.911656347361324],[79.86286890911197,6.911656309537564],[79.86286899723756,6.911656275997094],[79.86286908967959,6.911656246739912],[79.86286918643812,6.9116562217660205],[79.8628692875131,6.9116562010754174],[79.86286939290457,6.911656184668103],[79.86286950261248,6.91165617254408],[79.86286961663687,6.911656164703346],[79.86286973497775,6.911656161145903],[79.86286985763506,6.911656161871747],[79.86286985763506,6.911656161871747],[79.86286995861705,6.911656165785639],[79.86287005731943,6.911656172835064],[79.86287015374216,6.911656183020021],[79.86287024788527,6.9116561963405125],[79.86287033974874,6.9116562127965295],[79.86287042933256,6.911656232388082],[79.86287051663676,6.911656255115168],[79.86287060166134,6.911656280977783],[79.86287068440627,6.911656309975931],[79.86287076487156,6.911656342109614],[79.86287084305722,6.911656377378828],[79.86287091896325,6.91165641578357],[79.86287091896325,6.91165641578357],[79.86287099103386,6.911656463265427],[79.86287106538776,6.9116565211604195],[79.862871142025,6.911656589468559],[79.86287122094551,6.911656668189844],[79.86287130214934,6.91165675732427],[79.8628713856365,6.9116568568718435],[79.86287147140695,6.911656966832553],[79.86287155946069,6.911657087206413],[79.86287164979775,6.9116572179934135],[79.86287174241811,6.91165735919356],[79.86287183732179,6.911657510806848],[79.86287193450877,6.911657672833279],[79.86287193450877,6.911657672833279],[79.8628720348046,6.911657829950035],[79.86287213870494,6.911657981172278],[79.86287224620983,6.911658126500011],[79.86287235731925,6.911658265933236],[79.8628724720332,6.911658399471951],[79.8628725903517,6.911658527116157],[79.86287271227471,6.911658648865854],[79.86287283780226,6.91165876472104],[79.86287296693435,6.911658874681714],[79.86287309967098,6.91165897874788],[79.86287323601213,6.911659076919538],[79.86287337595782,6.911659169196684],[79.86287337595782,6.911659169196684],[79.8628735157395,6.911659254895012],[79.86287365915318,6.911659333503995],[79.8628738061989,6.911659405023637],[79.86287395687664,6.911659469453937],[79.86287411118639,6.911659526794897],[79.86287426912817,6.911659577046512],[79.86287443070195,6.911659620208786],[79.86287459590777,6.911659656281717],[79.8628747647456,6.911659685265309],[79.86287493721545,6.911659707159556],[79.86287511331733,6.911659721964461],[79.86287529305122,6.911659729680023]]],[[[79.8628682006831,6.911665166951948],[79.86286822334613,6.911663359673361],[79.86287898939672,6.911663494496297],[79.86287900242793,6.911662455311108],[79.86286823637737,6.911662320488174],[79.86286825904038,6.911660513209591],[79.86286691328407,6.911660496356708],[79.86286685492675,6.911665150099063],[79.8628682006831,6.911665166951948]]],[[[79.86287288415777,6.91167046843309],[79.86287288415777,6.91167046843309],[79.86287340586273,6.911670453928447],[79.86287390246797,6.911670432405943],[79.86287437397347,6.911670403865583],[79.86287482037925,6.911670368307367],[79.86287524168526,6.911670325731298],[79.86287563789155,6.91167027613737],[79.86287600899813,6.911670219525581],[79.86287635500494,6.911670155895941],[79.86287667591202,6.911670085248445],[79.86287697171939,6.911670007583091],[79.86287724242699,6.911669922899879],[79.86287748803488,6.911669831198811],[79.86287748803488,6.911669831198811],[79.86287770765398,6.911669735323606],[79.86287790788863,6.911669633854049],[79.86287808873888,6.911669526790142],[79.86287825020469,6.911669414131883],[79.86287839228608,6.911669295879282],[79.86287851498305,6.91166917203233],[79.86287861829558,6.911669042591028],[79.8628787022237,6.911668907555377],[79.86287876676738,6.911668766925379],[79.86287881192665,6.911668620701031],[79.86287883770147,6.911668468882331],[79.86287884409191,6.911668311469286],[79.86287884409191,6.911668311469286],[79.86287883121783,6.911668154281496],[79.8628787991992,6.911668003138556],[79.86287874803601,6.911667858040472],[79.86287867772829,6.911667718987249],[79.86287858827602,6.911667585978875],[79.86287847967918,6.91166745901536],[79.86287835193781,6.911667338096698],[79.86287820505187,6.9116672232228895],[79.8628780390214,6.911667114393938],[79.86287785384636,6.911667011609842],[79.8628776495268,6.9116669148706],[79.86287742606265,6.9116668241762165],[79.86287742606265,6.9116668241762165],[79.86287717684431,6.911666740690146],[79.86287690284018,6.911666665419885],[79.86287660405027,6.911666598365431],[79.8628762804746,6.91166653952678],[79.86287593211313,6.9116664889039425],[79.86287555896587,6.9116664464969135],[79.86287516103285,6.911666412305689],[79.86287473831402,6.911666386330271],[79.86287429080943,6.911666368570664],[79.86287381851905,6.911666359026862],[79.86287332144289,6.911666357698868],[79.86287279958094,6.911666364586685],[79.86287279958094,6.911666364586685],[79.8628722781935,6.911666379170411],[79.86287178254082,6.911666400930165],[79.86287131262291,6.911666429865941],[79.86287086843977,6.911666465977738],[79.86287044999139,6.9116665092655625],[79.8628700572778,6.911666559729409],[79.86286969029896,6.911666617369278],[79.8628693490549,6.91166668218517],[79.8628690335456,6.9116667541770855],[79.86286874377109,6.911666833345027],[79.86286847973133,6.911666919688992],[79.86286824142634,6.911667013208977],[79.86286824142634,6.911667013208977],[79.86286802551955,6.911667112946238],[79.86286782867437,6.9116672179420116],[79.86286765089082,6.911667328196309],[79.86286749216887,6.911667443709125],[79.86286735250856,6.911667564480454],[79.86286723190983,6.911667690510308],[79.86286713037275,6.911667821798674],[79.86286704789727,6.9116679583455625],[79.8628669844834,6.911668100150967],[79.86286694013116,6.911668247214887],[79.86286691484051,6.911668399537332],[79.86286690861151,6.911668557118293],[79.86286690861151,6.911668557118293],[79.8628669213242,6.9116687141381705],[79.8628669528586,6.911668864777362],[79.86286700321475,6.911669009035865],[79.86286707239263,6.911669146913686],[79.86286716039227,6.9116692784108205],[79.86286726721366,6.911669403527274],[79.86286739285678,6.911669522263033],[79.86286753732163,6.911669634618114],[79.86286770060825,6.911669740592505],[79.8628678827166,6.911669840186212],[79.86286808364667,6.911669933399232],[79.86286830339851,6.9116700202315675],[79.86286830339851,6.9116700202315675],[79.86286854531396,6.911670101898718],[79.86286881265022,6.911670175508225],[79.8628691054073,6.911670241060093],[79.8628694235852,6.911670298554324],[79.86286976718391,6.911670347990912],[79.86287013620343,6.911670389369859],[79.86287053064378,6.911670422691164],[79.86287095050494,6.911670447954831],[79.86287139578693,6.911670465160859],[79.86287186648971,6.91167047430924],[79.86287236261332,6.911670475399988],[79.86287288415777,6.91167046843309]],[[79.86287286587087,6.911669581114946],[79.86287286587087,6.911669581114946],[79.86287240213932,6.911669588347494],[79.86287196578306,6.9116695903932035],[79.8628715568021,6.911669587252085],[79.86287117519646,6.911669578924138],[79.86287082096612,6.911669565409353],[79.86287049411108,6.911669546707741],[79.86287019463138,6.911669522819297],[79.86286992252694,6.91166949374402],[79.86286967779782,6.91166945948191],[79.86286946044403,6.9116694200329745],[79.86286927046552,6.911669375397205],[79.86286910786234,6.911669325574602],[79.86286910786234,6.911669325574602],[79.86286896508281,6.9116692720048745],[79.86286883457535,6.911669216127724],[79.86286871633993,6.911669157943145],[79.86286861037658,6.911669097451143],[79.86286851668528,6.911669034651715],[79.86286843526604,6.911668969544862],[79.86286836611883,6.911668902130588],[79.8628683092437,6.911668832408887],[79.86286826464061,6.911668760379763],[79.86286823230957,6.911668686043216],[79.86286821225059,6.911668609399242],[79.86286820446367,6.9116685304478445],[79.86286820446367,6.9116685304478445],[79.8628682089876,6.911668451071834],[79.8628682258612,6.911668373154024],[79.86286825508444,6.9116682966944145],[79.86286829665735,6.911668221693006],[79.86286835057993,6.911668148149799],[79.86286841685217,6.911668076064789],[79.86286849547406,6.911668005437985],[79.8628685864456,6.911667936269376],[79.86286868976683,6.911667868558971],[79.8628688054377,6.911667802306761],[79.86286893345823,6.911667737512755],[79.86286907382842,6.911667674176951],[79.86286907382842,6.911667674176951],[79.86286923420043,6.91166761573784],[79.86286942214177,6.911667561525957],[79.86286963765242,6.911667511541304],[79.86286988073242,6.911667465783883],[79.8628701513817,6.911667424253694],[79.86287044960034,6.911667386950734],[79.86287077538829,6.911667353875009],[79.86287112874554,6.911667325026512],[79.86287150967213,6.911667300405241],[79.86287191816804,6.911667280011208],[79.86287235423328,6.911667263844401],[79.86287281786784,6.911667251904829],[79.86287281786784,6.911667251904829],[79.8628732819169,6.911667244751362],[79.86287371922572,6.9116672429429],[79.86287412979425,6.911667246479438],[79.86287451362251,6.911667255360971],[79.8628748707105,6.911667269587505],[79.86287520105822,6.9116672891590385],[79.86287550466567,6.911667314075566],[79.86287578153285,6.911667344337095],[79.86287603165975,6.911667379943621],[79.8628762550464,6.9116674208951485],[79.86287645169276,6.9116674671916725],[79.86287662159886,6.911667518833196],[79.86287662159886,6.911667518833196],[79.86287676809067,6.9116675762649775],[79.86287690198763,6.911667635668355],[79.86287702328973,6.911667697043325],[79.86287713199695,6.911667760389886],[79.86287722810933,6.911667825708041],[79.86287731162683,6.911667892997793],[79.86287738254947,6.911667962259138],[79.86287744087726,6.911668033492074],[79.86287748661017,6.911668106696607],[79.86287751974821,6.911668181872732],[79.86287754029141,6.911668259020453],[79.86287754823974,6.911668338139763],[79.86287754823974,6.911668338139763],[79.8628775435544,6.911668417347861],[79.8628775261966,6.9116684947619245],[79.86287749616632,6.911668570381956],[79.86287745346358,6.911668644207958],[79.86287739808837,6.9116687162399275],[79.8628773300407,6.911668786477869],[79.86287724932055,6.911668854921777],[79.86287715592793,6.911668921571655],[79.86287704986285,6.9116689864275],[79.86287693112529,6.911669049489314],[79.86287679971528,6.9116691107570984],[79.86287665563277,6.91166917023085],[79.86287665563277,6.91166917023085],[79.86287648795788,6.911669226851042],[79.86287629334868,6.9116692794021715],[79.86287607180519,6.911669327884233],[79.86287582332741,6.911669372297229],[79.86287554791535,6.91166941264117],[79.86287524556901,6.911669448916043],[79.86287491628838,6.911669481121854],[79.86287456007345,6.911669509258598],[79.86287417692424,6.911669533326282],[79.86287376684074,6.911669553324902],[79.86287332982296,6.911669569254459],[79.86287286587087,6.911669581114946]]],[[[79.86287080469006,6.911675989824181],[79.86287080469006,6.911675989824181],[79.8628710750887,6.911675981400149],[79.8628713357995,6.911675965247644],[79.86287158682241,6.911675941366659],[79.86287182815747,6.911675909757198],[79.86287205980464,6.911675870419264],[79.86287228176397,6.911675823352847],[79.86287249403541,6.911675768557956],[79.86287269661901,6.911675706034589],[79.86287288951472,6.911675635782743],[79.86287307272258,6.911675557802418],[79.86287324624257,6.911675472093618],[79.86287341007468,6.9116753786563425],[79.86287341007468,6.9116753786563425],[79.86287356232154,6.911675278367269],[79.86287370108576,6.911675172103081],[79.86287382636733,6.911675059863771],[79.86287393816626,6.911674941649343],[79.86287403648254,6.911674817459803],[79.86287412131618,6.911674687295141],[79.86287419266718,6.9116745511553646],[79.86287425053553,6.911674409040474],[79.86287429492121,6.911674260950462],[79.86287432582428,6.9116741068853305],[79.8628743432447,6.9116739468450845],[79.86287434718247,6.911673780829721],[79.86287432766973,6.911672604569395],[79.862878937983,6.911672528192828],[79.86287892250738,6.911671595296702],[79.86286715588697,6.911671790227845],[79.86286719087528,6.911673899384297],[79.86286719087528,6.911673899384297],[79.86286720031735,6.911674065178004],[79.86286722303649,6.911674224553278],[79.86286725903267,6.911674377510124],[79.8628673083059,6.911674524048541],[79.86286737085616,6.911674664168526],[79.86286744668351,6.91167479787008],[79.86286753578788,6.9116749251532035],[79.8628676381693,6.9116750460178995],[79.8628677538278,6.911675160464164],[79.86286788276335,6.911675268491996],[79.86286802497592,6.911675370101402],[79.86286818046557,6.911675465292373],[79.86286818046557,6.911675465292373],[79.86286834730684,6.911675553251569],[79.86286852357429,6.911675633165632],[79.86286870926797,6.9116757050345665],[79.86286890438784,6.911675768858376],[79.8628691089339,6.9116758246370535],[79.86286932290618,6.911675872370601],[79.86286954630465,6.911675912059023],[79.86286977912933,6.91167594370231],[79.8628700213802,6.911675967300472],[79.8628702730573,6.911675982853505],[79.86287053416056,6.911675990361409],[79.86287080469006,6.911675989824181]],[[79.86287078921444,6.911675056928056],[79.86287078921444,6.911675056928056],[79.86287057700623,6.911675057907849],[79.86287037618236,6.911675053627566],[79.86287018674281,6.911675044087207],[79.86287000868761,6.911675029286765],[79.86286984201674,6.911675009226239],[79.86286968673019,6.911674983905642],[79.86286954282798,6.911674953324962],[79.86286941031013,6.911674917484205],[79.86286928917657,6.911674876383371],[79.86286917942736,6.911674830022456],[79.86286908106251,6.91167477840146],[79.86286899408198,6.911674721520385],[79.86286899408198,6.911674721520385],[79.86286891609653,6.911674659418816],[79.86286884471689,6.911674592136327],[79.86286877994306,6.911674519672925],[79.86286872177506,6.911674442028609],[79.86286867021286,6.911674359203375],[79.86286862525651,6.9116742711972226],[79.86286858690593,6.911674178010158],[79.86286855516121,6.911674079642174],[79.86286853002228,6.911673976093279],[79.8628685114892,6.911673867363465],[79.8628684995619,6.911673753452734],[79.86286849424043,6.91167363436109],[79.86286847876484,6.911672701464967],[79.86287302026747,6.91167262622841],[79.86287303574306,6.911673559124535],[79.86287303574306,6.911673559124535],[79.86287303437462,6.9116736783270065],[79.86287302623212,6.911673792570223],[79.8628730113156,6.9116739018541775],[79.86287298962507,6.911674006178872],[79.86287296116048,6.911674105544308],[79.86287292592188,6.911674199950485],[79.86287288390923,6.9116742893974035],[79.86287283512256,6.911674373885061],[79.86287277956185,6.911674453413458],[79.86287271722713,6.911674527982599],[79.86287264811837,6.911674597592481],[79.86287257223557,6.9116746622431],[79.86287257223557,6.9116746622431],[79.86287248718949,6.911674721974043],[79.86287239059085,6.911674776824892],[79.86287228243968,6.911674826795641],[79.86287216273595,6.911674871886293],[79.8628720314797,6.911674912096851],[79.86287188867087,6.911674947427313],[79.86287173430951,6.911674977877679],[79.86287156839559,6.911675003447947],[79.86287139092913,6.91167502413812],[79.86287120191011,6.911675039948195],[79.86287100133855,6.911675050878173],[79.86287078921444,6.911675056928056]]]]}},{"type":"Feature","properties":{"Type":21,"ImageName":null,"MCode":null,"SCode":null,"ID":null,"Type(Strin":null,"Type(Strin_2":null},"geometry":{"type":"MultiPolygon","coordinates":[[[[79.86394388263159,6.909248234958396],[79.86394388263159,6.909248234958396],[79.86394368972236,6.909248528775221],[79.86394351507332,6.909248812402859],[79.8639433586844,6.909249085841314],[79.86394322055561,6.909249349090584],[79.86394310068698,6.909249602150667],[79.86394299907852,6.909249845021572],[79.86394291573019,6.909250077703293],[79.86394285064203,6.909250300195821],[79.863942803814,6.909250512499173],[79.86394277524612,6.909250714613341],[79.86394276493839,6.909250906538321],[79.86394277289081,6.909251088274117],[79.86394277289081,6.909251088274117],[79.86394279536296,6.909251261673832],[79.86394282861447,6.90925142859055],[79.8639428726453,6.909251589024284],[79.86394292745547,6.909251742975026],[79.86394299304497,6.909251890442779],[79.8639430694138,6.909252031427544],[79.86394315656196,6.909252165929319],[79.86394325448947,6.909252293948105],[79.86394336319631,6.909252415483901],[79.8639434826825,6.909252530536707],[79.863943612948,6.909252639106527],[79.86394375399286,6.909252741193355],[79.86394551120702,6.909253927337359],[79.8639526592177,6.909243352057549],[79.86395083171497,6.909242118467816],[79.86395083171497,6.909242118467816],[79.86395068459815,6.909242027292333],[79.86395053611665,6.909241951456554],[79.8639503862705,6.909241890960472],[79.8639502350597,6.909241845804095],[79.86395008248424,6.909241815987416],[79.86394992854413,6.909241801510439],[79.86394977323937,6.909241802373163],[79.86394961656995,6.909241818575587],[79.86394945853588,6.9092418501177075],[79.86394929913716,6.909241896999534],[79.86394913837377,6.909241959221061],[79.86394897624575,6.909242036782285],[79.86394897624575,6.909242036782285],[79.86394881312289,6.909242124929511],[79.86394865327996,6.909242221544911],[79.86394849671696,6.909242326628484],[79.86394834343388,6.909242440180232],[79.86394819343073,6.909242562200153],[79.8639480467075,6.909242692688246],[79.86394790326422,6.909242831644513],[79.86394776310084,6.909242979068958],[79.86394762621741,6.909243134961572],[79.86394749261389,6.9092432993223625],[79.8639473622903,6.909243472151328],[79.86394723524666,6.909243653448464],[79.86394723524666,6.909243653448464],[79.86394711466745,6.909243836399063],[79.86394700373728,6.909244014188412],[79.86394690245609,6.9092441868165135],[79.86394681082395,6.909244354283364],[79.86394672884077,6.909244516588965],[79.86394665650664,6.909244673733322],[79.8639465938215,6.909244825716423],[79.86394654078535,6.909244972538273],[79.86394649739823,6.909245114198875],[79.86394646366011,6.909245250698233],[79.86394643957102,6.909245382036337],[79.86394642513092,6.9092455082131945],[79.86394642513092,6.9092455082131945],[79.86394641759605,6.909245624875041],[79.86394641348299,6.909245737175531],[79.8639464127917,6.909245845114654],[79.86394641552225,6.909245948692417],[79.86394642167457,6.90924604790882],[79.86394643124869,6.9092461427638625],[79.86394644424462,6.909246233257541],[79.86394646066235,6.909246319389858],[79.86394648050185,6.909246401160813],[79.86394650376317,6.909246478570408],[79.8639465304463,6.909246551618641],[79.86394656055118,6.909246620305513],[79.86394656055118,6.909246620305513],[79.8639464680776,6.909246607084072],[79.86394637303515,6.909246600467529],[79.86394627542384,6.909246600455885],[79.8639461752437,6.909246607049137],[79.86394607249473,6.909246620247283],[79.8639459671769,6.909246640050335],[79.86394585929023,6.9092466664582775],[79.86394574883471,6.90924669947112],[79.86394563581035,6.909246739088858],[79.86394552021716,6.9092467853114945],[79.8639454020551,6.909246838139031],[79.8639452813242,6.909246897571463],[79.8639452813242,6.909246897571463],[79.8639451601027,6.909246960008288],[79.86394503972917,6.9092470313564],[79.86394492020358,6.909247111615802],[79.86394480152596,6.909247200786491],[79.8639446836963,6.909247298868471],[79.86394456671461,6.909247405861737],[79.86394445058087,6.909247521766291],[79.86394433529509,6.909247646582136],[79.86394422085728,6.909247780309269],[79.86394410726743,6.909247922947689],[79.86394399452551,6.909248074497401],[79.86394388263159,6.909248234958396]],[[79.86394804356516,6.909244199074697],[79.86394804356516,6.909244199074697],[79.8639481339736,6.909244069349242],[79.86394822406024,6.909243948162418],[79.86394831382509,6.90924383551423],[79.86394840326815,6.909243731404671],[79.86394849238941,6.90924363583375],[79.8639485811889,6.909243548801459],[79.86394866966656,6.909243470307803],[79.86394875782247,6.909243400352778],[79.86394884565655,6.909243338936391],[79.86394893316884,6.909243286058634],[79.86394902035936,6.9092432417195075],[79.86394910722807,6.90924320591902],[79.86394910722807,6.90924320591902],[79.86394919113658,6.9092431762507855],[79.86394927335141,6.90924315294431],[79.86394935387256,6.909243135999585],[79.86394943270004,6.909243125416614],[79.86394950983383,6.909243121195399],[79.86394958527393,6.909243123335939],[79.86394965902036,6.909243131838235],[79.86394973107312,6.909243146702283],[79.86394980143218,6.909243167928091],[79.86394987009757,6.909243195515648],[79.86394993706928,6.909243229464961],[79.86395000234731,6.909243269776032],[79.8639510566758,6.909243981462419],[79.86394884121053,6.909247259180731],[79.8639478220263,6.909246571217214],[79.8639478220263,6.909246571217214],[79.86394776016577,6.909246525499517],[79.86394770344656,6.90924647533031],[79.86394765186863,6.909246420709603],[79.863947605432,6.909246361637387],[79.8639475641367,6.909246298113667],[79.86394752798269,6.909246230138439],[79.86394749696998,6.909246157711706],[79.8639474710986,6.909246080833471],[79.8639474503685,6.909245999503728],[79.86394743477972,6.909245913722483],[79.86394742433222,6.9092458234897265],[79.86394741902606,6.909245728805469],[79.86394741902606,6.909245728805469],[79.86394742298435,6.909245626198709],[79.86394743568566,6.909245519069992],[79.86394745712998,6.909245407419303],[79.86394748731735,6.909245291246651],[79.86394752624774,6.909245170552034],[79.86394757392115,6.909245045335452],[79.86394763033758,6.909244915596906],[79.86394769549705,6.909244781336396],[79.86394776939954,6.909244642553916],[79.86394785204506,6.909244499249477],[79.8639479434336,6.909244351423069],[79.86394804356516,6.909244199074697]],[[79.86394472609437,6.9092488043075235],[79.86394472609437,6.9092488043075235],[79.86394483736152,6.909248645299674],[79.86394494822301,6.909248498109424],[79.86394505867885,6.90924836273677],[79.86394516872906,6.9092482391817125],[79.86394527837363,6.909248127444248],[79.86394538761255,6.9092480275243835],[79.86394549644582,6.90924793942211],[79.86394560487346,6.909247863137435],[79.86394571289544,6.909247798670352],[79.8639458205118,6.909247746020868],[79.86394592772253,6.90924770518898],[79.86394603452759,6.909247676174688],[79.86394603452759,6.909247676174688],[79.86394614021525,6.909247651617937],[79.86394624333406,6.909247633666086],[79.86394634388402,6.909247622319132],[79.86394644186515,6.909247617577079],[79.86394653727744,6.90924761943992],[79.86394663012088,6.90924762790766],[79.86394672039546,6.909247642980295],[79.8639468081012,6.909247664657829],[79.86394689323811,6.909247692940261],[79.86394697580617,6.909247727827592],[79.86394705580538,6.909247769319819],[79.86394713323575,6.909247817416941],[79.86394804698712,6.9092484342118174],[79.86394549711193,6.909252206680037],[79.86394468879342,6.909251661053795],[79.86394468879342,6.909251661053795],[79.86394458750773,6.909251588306628],[79.8639444945164,6.909251512402407],[79.8639444098194,6.909251433341132],[79.86394433341673,6.909251351122803],[79.8639442653084,6.909251265747419],[79.86394420549443,6.909251177214982],[79.86394415397478,6.909251085525491],[79.86394411074946,6.90925099067894],[79.8639440758185,6.909250892675344],[79.86394404918188,6.9092507915146895],[79.86394403083959,6.909250687196982],[79.86394402079165,6.90925057972222],[79.86394402079165,6.90925057972222],[79.86394401849078,6.9092504662193255],[79.86394402729465,6.909250346453102],[79.86394404720326,6.90925022042354],[79.86394407821663,6.909250088130646],[79.86394412033475,6.9092499495744235],[79.86394417355761,6.909249804754864],[79.8639442378852,6.9092496536719725],[79.86394431331755,6.909249496325748],[79.86394439985465,6.9092493327161915],[79.86394449749648,6.909249162843298],[79.86394460624305,6.909248986707078],[79.86394472609437,6.9092488043075235]]],[[[79.86393996140833,6.909245526071388],[79.86393996140833,6.909245526071388],[79.8639398105892,6.909245752629029],[79.8639396712656,6.909245975401443],[79.86393954343754,6.909246194388636],[79.863939427105,6.909246409590603],[79.863939322268,6.90924662100735],[79.86393922892654,6.909246828638873],[79.86393914708061,6.909247032485166],[79.86393907673025,6.90924723254624],[79.8639390178754,6.909247428822092],[79.86393897051609,6.909247621312715],[79.86393893465232,6.909247810018118],[79.86393891028409,6.909247994938297],[79.86393891028409,6.909247994938297],[79.86393889706359,6.909248173504587],[79.8639388984699,6.909248345767539],[79.86393891450298,6.9092485117271485],[79.86393894516287,6.90924867138341],[79.86393899044954,6.909248824736336],[79.86393905036302,6.909248971785915],[79.86393912490327,6.909249112532155],[79.86393921407033,6.909249246975051],[79.86393931786417,6.9092493751146025],[79.86393943628478,6.909249496950814],[79.86393956933222,6.909249612483686],[79.86393971700643,6.909249721713211],[79.86393971700643,6.909249721713211],[79.86393987237128,6.909249819892086],[79.86394002849056,6.909249902272993],[79.86394018536429,6.909249968855936],[79.86394034299244,6.909250019640915],[79.86394050137505,6.909250054627923],[79.86394066051211,6.909250073816971],[79.86394082040361,6.909250077208055],[79.86394098104955,6.9092500648011725],[79.86394114244993,6.909250036596322],[79.86394130460477,6.909249992593507],[79.86394146751404,6.909249932792729],[79.86394163117777,6.909249857193983],[79.86394163117777,6.909249857193983],[79.86394179307356,6.909249766401531],[79.863941954506,6.909249663638835],[79.86394211547506,6.909249548905897],[79.86394227598072,6.9092494222027145],[79.86394243602301,6.909249283529287],[79.86394259560193,6.909249132885616],[79.86394275471743,6.909248970271706],[79.86394291336958,6.909248795687549],[79.86394307155834,6.9092486091331455],[79.86394322928369,6.909248410608501],[79.86394338654569,6.909248200113616],[79.86394354334429,6.9092479776484845],[79.86394827949333,6.909241067028297],[79.8639474873344,6.909240524852607],[79.86394275118538,6.909247435472781],[79.86394275118538,6.909247435472781],[79.86394264081676,6.909247592412569],[79.86394253151397,6.909247739594085],[79.86394242327707,6.909247877017323],[79.86394231610602,6.909248004682283],[79.86394221000084,6.909248122588968],[79.86394210496151,6.909248230737373],[79.86394200098805,6.909248329127503],[79.86394189808044,6.909248417759359],[79.8639417962387,6.909248496632935],[79.86394169546281,6.909248565748235],[79.8639415957528,6.909248625105259],[79.86394149710864,6.909248674704006],[79.86394149710864,6.909248674704006],[79.86394139997607,6.909248715432193],[79.86394130480078,6.90924874817753],[79.8639412115828,6.909248772940032],[79.86394112032211,6.909248789719684],[79.86394103101871,6.9092487985164945],[79.86394094367262,6.9092487993304585],[79.86394085828381,6.90924879216158],[79.86394077485232,6.909248777009856],[79.86394069337811,6.909248753875287],[79.8639406138612,6.9092487227578765],[79.8639405363016,6.90924868365762],[79.86394046069927,6.909248636574517],[79.86394046069927,6.909248636574517],[79.86394038944604,6.909248583145577],[79.86394032493368,6.9092485250078],[79.86394026716218,6.909248462161182],[79.86394021613154,6.909248394605734],[79.86394017184178,6.909248322341448],[79.86394013429286,6.909248245368325],[79.86394010348481,6.909248163686362],[79.86394007941763,6.909248077295568],[79.86394006209133,6.909247986195937],[79.86394005150588,6.909247890387466],[79.8639400476613,6.909247789870163],[79.86394005055759,6.909247684644024],[79.86394005055759,6.909247684644024],[79.86394006118408,6.90924757480353],[79.86394008053016,6.909247460443173],[79.86394010859578,6.9092473415629545],[79.86394014538101,6.909247218162869],[79.86394019088578,6.909247090242925],[79.86394024511014,6.90924695780311],[79.86394030805407,6.9092468208434346],[79.86394037971756,6.909246679363895],[79.86394046010062,6.909246533364492],[79.86394054920328,6.909246382845223],[79.86394064702549,6.909246227806092],[79.86394075356725,6.909246068247094],[79.8639454897163,6.909239157626939],[79.86394469755739,6.909238615451241],[79.86393996140833,6.909245526071388]]],[[[79.86393537845038,6.909242730147207],[79.86393537845038,6.909242730147207],[79.86393524113775,6.909242952066872],[79.86393511540274,6.909243170734823],[79.8639350012453,6.909243386151049],[79.86393489866543,6.909243598315559],[79.86393480766317,6.909243807228348],[79.86393472823849,6.909244012889424],[79.8639346603914,6.909244215298777],[79.8639346041219,6.9092444144564125],[79.86393455942996,6.90924461036233],[79.86393452631565,6.909244803016528],[79.8639345047789,6.909244992419008],[79.86393449481973,6.909245178569767],[79.86393449481973,6.909245178569767],[79.86393449679245,6.909245354846847],[79.86393451057894,6.909245523457565],[79.8639345361792,6.909245684401922],[79.86393457359321,6.909245837679916],[79.86393462282102,6.909245983291548],[79.86393468386261,6.909246121236821],[79.86393475671794,6.909246251515735],[79.86393484138705,6.909246374128285],[79.86393493786996,6.909246489074478],[79.86393504616662,6.909246596354306],[79.86393516627706,6.909246695967769],[79.86393529820128,6.909246787914877],[79.86393529820128,6.909246787914877],[79.86393543713484,6.9092468687437485],[79.8639355782734,6.909246935002507],[79.86393572161688,6.90924698669116],[79.86393586716535,6.9092470238097],[79.86393601491878,6.909247046358133],[79.86393616487716,6.909247054336453],[79.86393631704048,6.909247047744666],[79.86393647140879,6.9092470265827695],[79.86393662798206,6.909246990850762],[79.86393678676026,6.909246940548645],[79.86393694774347,6.909246875676418],[79.86393711093159,6.909246796234083],[79.86393711093159,6.909246796234083],[79.86393727382085,6.909246704615882],[79.86393743390738,6.909246603216067],[79.86393759119116,6.909246492034634],[79.8639377456722,6.909246371071586],[79.86393789735052,6.909246240326922],[79.86393804622612,6.909246099800641],[79.86393819229896,6.909245949492746],[79.86393833556909,6.9092457894032355],[79.86393847603645,6.909245619532107],[79.8639386137011,6.909245439879361],[79.863938748563,6.909245250444999],[79.86393888062217,6.909245051229022],[79.86393914193779,6.909244643015453],[79.86393838111013,6.909244156626594],[79.86393815712532,6.909244506523936],[79.86393815712532,6.909244506523936],[79.86393806354555,6.909244648157971],[79.86393796946022,6.909244781478957],[79.86393787486934,6.909244906486891],[79.8639377797729,6.909245023181771],[79.8639376841709,6.9092451315636065],[79.8639375880634,6.909245231632386],[79.86393749145032,6.909245323388118],[79.8639373943317,6.909245406830799],[79.8639372967075,6.909245481960425],[79.86393719857779,6.909245548777006],[79.86393709994252,6.909245607280535],[79.8639370008017,6.909245657471012],[79.8639370008017,6.909245657471012],[79.86393690279287,6.909245699824603],[79.86393680755361,6.909245734817479],[79.8639367150839,6.909245762449631],[79.86393662538374,6.909245782721067],[79.86393653845315,6.909245795631778],[79.8639364542921,6.90924580118177],[79.86393637290062,6.909245799371045],[79.86393629427869,6.909245790199602],[79.86393621842632,6.909245773667436],[79.8639361453435,6.909245749774553],[79.86393607503022,6.909245718520946],[79.86393600748653,6.909245679906625],[79.86393600748653,6.909245679906625],[79.86393592342587,6.909245621411686],[79.86393584766769,6.909245558712697],[79.86393578021197,6.909245491809666],[79.86393572105878,6.909245420702576],[79.86393567020804,6.909245345391443],[79.86393562765979,6.9092452658762555],[79.86393559341401,6.909245182157023],[79.86393556747073,6.9092450942337384],[79.86393554982992,6.909245002106405],[79.8639355404916,6.909244905775022],[79.86393553945575,6.9092448052395925],[79.8639355467224,6.909244700500109],[79.8639355467224,6.909244700500109],[79.86393556100178,6.909244589019946],[79.86393558053179,6.909244477091758],[79.86393560531243,6.909244364715546],[79.8639356353437,6.9092442518913115],[79.8639356706256,6.9092441386190515],[79.86393571115812,6.909244024898765],[79.86393575694126,6.909243910730452],[79.86393580797505,6.909243796114116],[79.86393586425945,6.909243681049755],[79.8639359257945,6.909243565537368],[79.86393599258014,6.90924344957696],[79.86393606461644,6.909243333168523],[79.86393606461644,6.909243333168523],[79.86393612846985,6.909243237971481],[79.86393619559404,6.90924314676777],[79.86393626598903,6.909243059557389],[79.8639363396548,6.909242976340337],[79.86393641659139,6.909242897116618],[79.86393649679876,6.909242821886229],[79.86393658027691,6.909242750649167],[79.86393666702587,6.909242683405441],[79.86393675704564,6.909242620155041],[79.86393685033617,6.909242560897972],[79.86393694689752,6.909242505634234],[79.86393704672965,6.909242454363828],[79.86393704672965,6.909242454363828],[79.8639371516768,6.909242403700103],[79.8639372594353,6.909242356735995],[79.86393737000516,6.909242313471505],[79.86393748338638,6.9092422739066315],[79.86393759957893,6.9092422380413785],[79.86393771858287,6.9092422058757395],[79.86393784039817,6.909242177409716],[79.86393796502479,6.909242152643312],[79.8639380924628,6.909242131576526],[79.86393822271215,6.909242114209357],[79.86393835577289,6.9092421005418085],[79.86393849164494,6.909242090573871],[79.86393849164494,6.909242090573871],[79.86393867741458,6.909242084920869],[79.86393885809534,6.909242073731793],[79.86393903368725,6.909242057006652],[79.86393920419029,6.9092420347454375],[79.86393936960448,6.909242006948156],[79.86393952992981,6.909241973614805],[79.86393968516629,6.909241934745386],[79.8639398353139,6.909241890339894],[79.86393998037263,6.909241840398331],[79.86394012034252,6.909241784920702],[79.86394025522355,6.9092417239070025],[79.86394038501572,6.909241657357233],[79.86394038501572,6.909241657357233],[79.86394050908892,6.909241583727165],[79.86394063048854,6.90924150382227],[79.86394074921458,6.9092414176425505],[79.86394086526703,6.909241325188006],[79.8639409786459,6.909241226458634],[79.8639410893512,6.90924112145444],[79.8639411973829,6.909241010175419],[79.86394130274103,6.909240892621573],[79.86394140542556,6.9092407687929],[79.86394150543651,6.9092406386894],[79.8639416027739,6.909240502311073],[79.8639416974377,6.90924035965793],[79.8639416974377,6.90924035965793],[79.86394182272895,6.909240156685988],[79.86394193728704,6.909239955983741],[79.86394204111203,6.909239757551189],[79.86394213420388,6.90923956138833],[79.8639422165626,6.90923936749516],[79.86394228818817,6.909239175871686],[79.86394234908065,6.909238986517904],[79.86394239923996,6.909238799433818],[79.86394243866617,6.909238614619422],[79.86394246735922,6.90923843207472],[79.86394248531917,6.90923825179971],[79.86394249254597,6.909238073794393],[79.86394249254597,6.909238073794393],[79.86394248797316,6.9092379002304956],[79.86394247420974,6.909237735629447],[79.8639424512557,6.909237579991247],[79.86394241911104,6.909237433315894],[79.86394237777576,6.909237295603393],[79.86394232724986,6.909237166853738],[79.86394226753337,6.909237047066932],[79.86394219862626,6.909236936242973],[79.86394212052853,6.9092368343818675],[79.86394203324018,6.909236741483608],[79.86394193676124,6.909236657548191],[79.86394183109165,6.9092365825756294],[79.86394183109165,6.9092365825756294],[79.86394168705507,6.909236499435634],[79.86394154163399,6.909236433292613],[79.8639413948284,6.909236384146555],[79.86394124663832,6.909236351997473],[79.86394109706374,6.909236336845357],[79.86394094610466,6.909236338690214],[79.8639407937611,6.9092363575320395],[79.86394064003304,6.909236393370838],[79.86394048492048,6.909236446206603],[79.86394032842341,6.90923651603934],[79.86394017054185,6.909236602869049],[79.8639400112758,6.909236706695727],[79.8639400112758,6.909236706695727],[79.86393985354243,6.909236817399504],[79.86393969978651,6.909236933689793],[79.86393955000808,6.909237055566595],[79.86393940420714,6.909237183029908],[79.86393926238367,6.9092373160797385],[79.86393912453767,6.909237454716077],[79.86393899066915,6.909237598938932],[79.86393886077809,6.9092377487482945],[79.86393873486453,6.909237904144175],[79.86393861292842,6.909238065126565],[79.8639384949698,6.9092382316954675],[79.86393838098867,6.909238403850887],[79.86393914181633,6.909238890239748],[79.86393914181633,6.909238890239748],[79.86393920606214,6.909238781786912],[79.8639392729465,6.909238677303677],[79.8639393424694,6.909238576790041],[79.8639394146308,6.909238480246006],[79.86393948943073,6.909238387671569],[79.86393956686922,6.909238299066733],[79.8639396469462,6.909238214431498],[79.86393972966174,6.909238133765862],[79.8639398150158,6.909238057069822],[79.86393990300839,6.909237984343383],[79.8639399936395,6.909237915586548],[79.86394008690914,6.909237850799308],[79.86394008690914,6.909237850799308],[79.8639401805432,6.909237792522774],[79.86394027226751,6.909237743298045],[79.8639403620821,6.909237703125126],[79.86394044998697,6.909237672004011],[79.8639405359821,6.909237649934702],[79.86394062006751,6.9092376369172],[79.86394070224318,6.909237632951503],[79.86394078250912,6.909237638037613],[79.86394086086534,6.9092376521755305],[79.86394093731184,6.909237675365256],[79.8639410118486,6.9092377076067875],[79.86394108447563,6.909237748900124],[79.86394108447563,6.909237748900124],[79.86394114775769,6.909237793160349],[79.863941205286,6.909237841351659],[79.86394125706057,6.909237893474056],[79.8639413030814,6.909237949527537],[79.86394134334851,6.9092380095121],[79.86394137786186,6.909238073427753],[79.86394140662148,6.909238141274491],[79.86394142962735,6.909238213052309],[79.86394144687948,6.909238288761217],[79.86394145837787,6.909238368401208],[79.8639414641225,6.909238451972285],[79.86394146411342,6.909238539474444],[79.86394146411342,6.909238539474444],[79.86394146048357,6.90923862656424],[79.86394145121807,6.909238715377801],[79.86394143631694,6.9092388059151215],[79.86394141578013,6.909238898176211],[79.86394138960769,6.909238992161062],[79.86394135779959,6.909239087869674],[79.86394132035585,6.909239185302053],[79.86394127727648,6.909239284458191],[79.86394122856143,6.909239385338096],[79.86394117421075,6.9092394879417665],[79.86394111422442,6.9092395922691985],[79.86394104860244,6.9092396983203965],[79.86394104860244,6.9092396983203965],[79.86394099198596,6.90923978406656],[79.86394093412896,6.909239866356374],[79.86394087503142,6.909239945189843],[79.86394081469335,6.909240020566964],[79.86394075311473,6.909240092487738],[79.86394069029558,6.909240160952162],[79.86394062623589,6.90924022596024],[79.86394056093566,6.909240287511973],[79.86394049439491,6.9092403456073574],[79.8639404266136,6.909240400246395],[79.86394035759176,6.9092404514290795],[79.8639402873294,6.909240499155424],[79.8639402873294,6.909240499155424],[79.86394021200987,6.909240539273365],[79.86394012734411,6.90924057646014],[79.86394003333216,6.90924061071575],[79.86393992997402,6.909240642040191],[79.8639398172697,6.909240670433468],[79.86393969521914,6.909240695895576],[79.86393956382243,6.909240718426517],[79.86393942307949,6.909240738026294],[79.86393927299038,6.909240754694903],[79.86393911355506,6.909240768432348],[79.86393894477355,6.909240779238624],[79.86393876664583,6.909240787113732],[79.86393876664583,6.909240787113732],[79.86393859070489,6.909240800001285],[79.8639384174572,6.909240818795777],[79.8639382469028,6.909240843497206],[79.86393807904166,6.9092408741055715],[79.86393791387378,6.909240910620878],[79.86393775139916,6.909240953043121],[79.8639375916178,6.909241001372306],[79.86393743452972,6.909241055608428],[79.8639372801349,6.909241115751488],[79.86393712843335,6.9092411818014865],[79.86393697942505,6.909241253758422],[79.86393683311003,6.909241331622299],[79.86393683311003,6.909241331622299],[79.86393669202161,6.909241412447037],[79.86393655454536,6.909241499766137],[79.86393642068124,6.909241593579601],[79.86393629042927,6.909241693887434],[79.86393616378942,6.90924180068963],[79.8639360407617,6.909241913986189],[79.86393592134614,6.909242033777113],[79.86393580554272,6.909242160062401],[79.86393569335142,6.909242292842056],[79.86393558477228,6.909242432116074],[79.86393547980526,6.909242577884461],[79.86393537845038,6.909242730147207]]],[[[79.86393253181812,6.909267414891193],[79.86393253181812,6.909267414891193],[79.8639323867173,6.909267629947822],[79.86393225377272,6.90926784260918],[79.86393213298436,6.909268052875261],[79.86393202435222,6.909268260746069],[79.86393192787637,6.909268466221599],[79.86393184355671,6.909268669301856],[79.86393177139331,6.909268869986837],[79.86393171138614,6.909269068276546],[79.86393166353521,6.90926926417098],[79.86393162784051,6.9092694576701374],[79.86393160430205,6.909269648774022],[79.86393159291984,6.90926983748263],[79.86393159291984,6.90926983748263],[79.86393159409876,6.909270017083012],[79.86393160770385,6.909270189812813],[79.86393163373512,6.909270355672036],[79.86393167219255,6.909270514660685],[79.86393172307616,6.909270666778756],[79.86393178638593,6.909270812026247],[79.86393186212189,6.909270950403163],[79.86393195028401,6.909271081909499],[79.8639320508723,6.90927120654526],[79.86393216388676,6.909271324310439],[79.8639322893274,6.909271435205045],[79.8639324271942,6.909271539229071],[79.8639324271942,6.909271539229071],[79.8639325724669,6.90927163248897],[79.86393272012512,6.9092717110912005],[79.86393287016892,6.909271775035754],[79.86393302259832,6.9092718243226345],[79.86393317741326,6.909271858951844],[79.86393333461378,6.909271878923381],[79.86393349419987,6.9092718842372385],[79.86393365617153,6.909271874893428],[79.86393382052873,6.909271850891947],[79.86393398727152,6.909271812232788],[79.86393415639989,6.909271758915957],[79.86393432791381,6.909271690941456],[79.86393432791381,6.909271690941456],[79.86393449917578,6.90927161054869],[79.86393466754826,6.909271519977073],[79.86393483303128,6.909271419226607],[79.8639349956248,6.9092713082972885],[79.86393515532885,6.909271187189118],[79.86393531214343,6.909271055902097],[79.86393546606851,6.909270914436228],[79.86393561710413,6.909270762791506],[79.86393576525026,6.909270600967934],[79.86393591050691,6.909270428965509],[79.86393605287407,6.909270246784237],[79.86393619235176,6.9092700544241135],[79.86393646841768,6.9092696595250125],[79.86393567309668,6.909269104275187],[79.86393543646875,6.909269442760127],[79.86393543646875,6.909269442760127],[79.86393533762971,6.909269579544336],[79.86393523830252,6.909269707826171],[79.86393513848718,6.909269827605636],[79.8639350381837,6.9092699388827254],[79.86393493739207,6.909270041657447],[79.86393483611228,6.9092701359297966],[79.86393473434437,6.909270221699769],[79.86393463208827,6.909270298967372],[79.86393452934405,6.909270367732605],[79.86393442611168,6.909270427995464],[79.86393432239116,6.909270479755954],[79.86393421818251,6.90927052301407],[79.86393421818251,6.90927052301407],[79.86393411520035,6.90927055838394],[79.86393401515942,6.909270586479678],[79.86393391805967,6.909270607301291],[79.8639338239011,6.909270620848778],[79.86393373268378,6.909270627122133],[79.86393364440762,6.9092706261213666],[79.86393355907269,6.909270617846469],[79.86393347667892,6.90927060229745],[79.86393339722638,6.909270579474302],[79.86393332071503,6.909270549377026],[79.8639332471449,6.909270512005622],[79.86393317651594,6.909270467360091],[79.86393317651594,6.909270467360091],[79.86393308866825,6.909270401171539],[79.86393300954747,6.909270331359468],[79.86393293915356,6.909270257923879],[79.86393287748653,6.90927018086477],[79.86393282454642,6.909270100182139],[79.86393278033319,6.909270015875989],[79.86393274484684,6.909269927946318],[79.86393271808737,6.909269836393132],[79.86393270005482,6.909269741216425],[79.86393269074912,6.9092696424162],[79.86393269017033,6.909269539992455],[79.86393269831845,6.909269433945188],[79.86393269831845,6.909269433945188],[79.86393271385386,6.9092693215902745],[79.86393273489713,6.9092692091942025],[79.86393276144831,6.90926909675696],[79.86393279350736,6.90926898427855],[79.86393283107427,6.909268871758976],[79.86393287414906,6.909268759198239],[79.86393292273172,6.909268646596335],[79.86393297682226,6.909268533953268],[79.86393303642068,6.909268421269033],[79.86393310152697,6.909268308543634],[79.86393317214112,6.909268195777067],[79.86393324826315,6.909268082969338],[79.86393324826315,6.909268082969338],[79.86393331569788,6.909267991107514],[79.86393338654207,6.909267903569238],[79.86393346079575,6.909267820354507],[79.86393353845891,6.909267741463316],[79.86393361953154,6.90926766689568],[79.86393370401366,6.909267596651584],[79.86393379190528,6.909267530731033],[79.86393388320634,6.909267469134028],[79.8639339779169,6.909267411860569],[79.86393407603695,6.909267358910656],[79.86393417756648,6.909267310284288],[79.86393428250547,6.9092672659814625],[79.86393428250547,6.9092672659814625],[79.86393439280482,6.909267222700415],[79.86393450603337,6.909267183407622],[79.86393462219117,6.909267148103073],[79.86393474127814,6.909267116786779],[79.86393486329435,6.90926708945873],[79.86393498823976,6.909267066118932],[79.8639351161144,6.909267046767384],[79.86393524691825,6.909267031404084],[79.86393538065131,6.909267020029034],[79.86393551731359,6.909267012642233],[79.86393565690507,6.9092670092436865],[79.86393579942578,6.909267009833385],[79.86393579942578,6.909267009833385],[79.86393599424542,6.909267018758501],[79.86393618375703,6.909267021645944],[79.86393636796058,6.909267018495721],[79.86393654685605,6.909267009307825],[79.8639367204435,6.909266994082259],[79.8639368887229,6.909266972819024],[79.86393705169425,6.909266945518118],[79.86393720935754,6.9092669121795405],[79.86393736171279,6.909266872803291],[79.86393750875996,6.909266827389375],[79.86393765049911,6.909266775937782],[79.8639377869302,6.9092667184485235],[79.8639377869302,6.9092667184485235],[79.8639379174003,6.9092666532998255],[79.86393804509868,6.909266581552284],[79.86393817002529,6.909266503205895],[79.86393829218015,6.9092664182606685],[79.86393841156325,6.9092663267166],[79.86393852817461,6.909266228573683],[79.86393864201422,6.909266123831924],[79.86393875308207,6.909266012491326],[79.86393886137817,6.909265894551883],[79.86393896690252,6.9092657700135955],[79.86393906965512,6.909265638876466],[79.86393916963594,6.909265501140494],[79.86393916963594,6.909265501140494],[79.86393930203599,6.909265304422111],[79.86393942317021,6.90926510916606],[79.86393953303862,6.909264915372341],[79.86393963164123,6.909264723040957],[79.86393971897799,6.909264532171904],[79.86393979504896,6.909264342765188],[79.86393985985411,6.909264154820804],[79.86393991339345,6.909263968338755],[79.86393995566696,6.9092637833190365],[79.86393998667467,6.909263599761654],[79.86394000641654,6.909263417666605],[79.86394001489262,6.909263237033888],[79.86394001489262,6.909263237033888],[79.86394001097364,6.909263059989976],[79.86393999737247,6.909262891343711],[79.86393997408915,6.909262731095093],[79.86393994112368,6.909262579244119],[79.86393989847602,6.90926243579079],[79.8639398461462,6.909262300735109],[79.86393978413419,6.90926217407707],[79.86393971244003,6.909262055816677],[79.86393963106372,6.909261945953931],[79.8639395400052,6.909261844488831],[79.86393943926454,6.909261751421372],[79.86393932884174,6.909261666751559],[79.86393932884174,6.909261666751559],[79.86393917822988,6.909261570735763],[79.86393902608053,6.9092614919129405],[79.86393887239367,6.909261430283093],[79.86393871716932,6.909261385846215],[79.86393856040745,6.909261358602315],[79.86393840210808,6.909261348551389],[79.86393824227119,6.909261355693439],[79.86393808089679,6.909261380028459],[79.86393791798488,6.909261421556458],[79.86393775353548,6.909261480277427],[79.86393758754855,6.909261556191372],[79.86393742002413,6.909261649298291],[79.86393742002413,6.909261649298291],[79.86393725407211,6.909261749526992],[79.86393709226252,6.909261855756894],[79.86393693459539,6.9092619679879865],[79.86393678107069,6.909262086220284],[79.86393663168842,6.909262210453775],[79.8639364864486,6.909262340688463],[79.86393634535122,6.90926247692435],[79.86393620839628,6.9092626191614315],[79.86393607558378,6.909262767399715],[79.86393594691373,6.909262921639194],[79.86393582238611,6.9092630818798675],[79.86393570200093,6.909263248121742],[79.86393649732192,6.909263803371566],[79.86393649732192,6.909263803371566],[79.86393656523502,6.909263698046775],[79.86393663589475,6.909263596971408],[79.8639367093011,6.90926350014547],[79.86393678545409,6.9092634075689565],[79.86393686435369,6.9092633192418695],[79.86393694599995,6.90926323516421],[79.86393703039282,6.909263155335979],[79.86393711753233,6.909263079757169],[79.86393720741846,6.9092630084277875],[79.86393730005123,6.909262941347833],[79.86393739543064,6.909262878517301],[79.86393749355668,6.909262819936198],[79.86393749355668,6.909262819936198],[79.86393759203196,6.909262768011579],[79.86393768845907,6.909262725150506],[79.86393778283804,6.909262691352978],[79.86393787516886,6.90926266661899],[79.86393796545154,6.909262650948552],[79.86393805368606,6.909262644341658],[79.86393813987243,6.909262646798304],[79.86393822401064,6.909262658318498],[79.86393830610072,6.909262678902235],[79.86393838614264,6.909262708549516],[79.86393846413641,6.909262747260341],[79.86393854008202,6.909262795034713],[79.86393854008202,6.909262795034713],[79.86393860621388,6.909262845090831],[79.86393866629273,6.909262898694006],[79.86393872031857,6.909262955844237],[79.86393876829143,6.909263016541518],[79.8639388102113,6.909263080785854],[79.86393884607817,6.909263148577246],[79.86393887589203,6.909263219915688],[79.86393889965291,6.90926329480119],[79.86393891736078,6.909263373233741],[79.86393892901566,6.909263455213351],[79.86393893461755,6.909263540740013],[79.86393893416643,6.90926362981373],[79.86393893416643,6.90926362981373],[79.86393892992079,6.909263718181554],[79.86393891975713,6.909263807858782],[79.86393890367545,6.909263898845411],[79.86393888167574,6.909263991141442],[79.86393885375797,6.90926408474688],[79.8639388199222,6.909264179661718],[79.8639387801684,6.90926427588596],[79.86393873449656,6.909264373419601],[79.86393868290668,6.909264472262645],[79.8639386253988,6.909264572415097],[79.86393856197286,6.909264673876947],[79.8639384926289,6.909264776648202],[79.8639384926289,6.909264776648202],[79.86393843283025,6.909264859461197],[79.86393837174828,6.909264938657714],[79.86393830938295,6.909265014237747],[79.86393824573429,6.909265086201302],[79.86393818080231,6.909265154548374],[79.86393811458696,6.909265219278966],[79.86393804708828,6.909265280393075],[79.86393797830628,6.909265337890705],[79.86393790824093,6.909265391771858],[79.86393783689226,6.909265442036527],[79.86393776426023,6.9092654886847145],[79.86393769034487,6.909265531716421],[79.86393769034487,6.909265531716421],[79.86393761116514,6.909265566603394],[79.8639375222001,6.9092655977679875],[79.86393742344981,6.909265625210201],[79.86393731491424,6.909265648930035],[79.86393719659337,6.909265668927485],[79.86393706848722,6.909265685202554],[79.86393693059581,6.909265697755246],[79.8639367829191,6.9092657065855585],[79.8639366254571,6.9092657116934895],[79.86393645820982,6.909265713079038],[79.86393628117727,6.909265710742204],[79.86393609435942,6.909265704682998],[79.86393609435942,6.909265704682998],[79.86393590980927,6.909265703899094],[79.86393572805336,6.909265709341091],[79.86393554909169,6.9092657210089925],[79.86393537292427,6.909265738902794],[79.86393519955111,6.909265763022496],[79.8639350289722,6.9092657933681],[79.8639348611875,6.909265829939605],[79.86393469619708,6.909265872737009],[79.86393453400089,6.909265921760315],[79.86393437459895,6.9092659770095235],[79.86393421799126,6.909266038484633],[79.86393406417783,6.909266106185644],[79.86393406417783,6.909266106185644],[79.86393391582989,6.909266177313727],[79.86393377123674,6.909266255338307],[79.86393363039838,6.909266340259378],[79.86393349331478,6.909266432076944],[79.86393335998598,6.909266530791],[79.86393323041194,6.909266636401549],[79.86393310459269,6.9092667489085935],[79.86393298252823,6.909266868312127],[79.86393286421853,6.909266994612157],[79.86393274966362,6.909267127808675],[79.86393263886349,6.909267267901687],[79.86393253181812,6.909267414891193]]],[[[79.863932175582,6.909258367966938],[79.86393357190835,6.909259345808191],[79.86392740123871,6.909268145556263],[79.86392820412638,6.909268707814995],[79.86393437479602,6.90925990806691],[79.86393577112239,6.90926088590816],[79.86393654245607,6.909259785939639],[79.86393294691568,6.90925726799842],[79.863932175582,6.909258367966938]]],[[[79.86392541289997,6.909259221182203],[79.86392541289997,6.909259221182203],[79.86392512212238,6.909259638348879],[79.8639248513438,6.909260039882354],[79.8639246005642,6.909260425782626],[79.86392436978365,6.909260796049702],[79.86392415900207,6.909261150683576],[79.86392396821952,6.909261489684253],[79.86392379743596,6.90926181305173],[79.86392364665141,6.909262120786007],[79.86392351586588,6.9092624128870845],[79.86392340507938,6.909262689354965],[79.86392331429185,6.9092629501896425],[79.86392324350334,6.909263195391123],[79.86392324350334,6.909263195391123],[79.86392319101377,6.909263422627361],[79.86392315410525,6.9092636378904855],[79.86392313277778,6.909263841180498],[79.86392312703138,6.909264032497395],[79.86392313686603,6.909264211841177],[79.86392316228174,6.9092643792118436],[79.8639232032785,6.909264534609397],[79.8639232598563,6.909264678033835],[79.86392333201518,6.909264809485161],[79.86392341975508,6.90926492896337],[79.86392352307607,6.909265036468464],[79.8639236419781,6.909265132000448],[79.8639236419781,6.909265132000448],[79.86392377185909,6.909265212306599],[79.863923908117,6.909265274134192],[79.86392405075179,6.909265317483241],[79.86392419976347,6.909265342353737],[79.86392435515207,6.909265348745681],[79.86392451691754,6.909265336659073],[79.8639246850599,6.909265306093914],[79.86392485957917,6.909265257050203],[79.86392504047532,6.909265189527944],[79.86392522774838,6.909265103527131],[79.86392542139832,6.90926499904777],[79.86392562142517,6.909264876089852],[79.86392562142517,6.909264876089852],[79.8639258307498,6.9092647288047635],[79.86392604802684,6.909264557372005],[79.86392627325628,6.909264361791577],[79.86392650643809,6.909264142063484],[79.86392674757231,6.909263898187721],[79.86392699665888,6.909263630164289],[79.86392725369787,6.909263337993188],[79.86392751868922,6.909263021674422],[79.86392779163296,6.909262681207985],[79.86392807252909,6.909262316593879],[79.86392836137762,6.909261927832107],[79.86392865817852,6.909261514922665],[79.86392865817852,6.909261514922665],[79.86392894871068,6.909261097959328],[79.86392921875293,6.909260697035864],[79.86392946830532,6.909260312152274],[79.86392969736778,6.909259943308564],[79.86392990594037,6.909259590504728],[79.86393009402305,6.9092592537407675],[79.86393026161585,6.909258933016681],[79.86393040871876,6.909258628332473],[79.86393053533178,6.90925833968814],[79.86393064145489,6.909258067083684],[79.86393072708813,6.909257810519101],[79.86393079223147,6.909257569994393],[79.86393079223147,6.909257569994393],[79.86393083956358,6.9092573434462645],[79.8639308717631,6.909257128811414],[79.86393088883004,6.90925692608984],[79.86393089076442,6.909256735281553],[79.86393087756619,6.909256556386535],[79.8639308492354,6.9092563894048],[79.86393080577204,6.909256234336343],[79.86393074717608,6.909256091181168],[79.86393067344756,6.909255959939271],[79.86393058458644,6.909255840610648],[79.86393048059277,6.90925573319531],[79.8639303614665,6.909255637693249],[79.8639303614665,6.909255637693249],[79.86393023180973,6.909255557357182],[79.86393009622455,6.909255495439831],[79.86392995471095,6.9092554519412],[79.86392980726892,6.909255426861281],[79.8639296538985,6.909255420200076],[79.86392949459963,6.90925543195759],[79.86392932937234,6.90925546213382],[79.86392915821665,6.9092555107287605],[79.86392898113253,6.909255577742423],[79.86392879812,6.909255663174793],[79.86392860917904,6.9092557670258845],[79.86392841430965,6.9092558892956895],[79.86392841430965,6.9092558892956895],[79.86392821063018,6.909256031904008],[79.86392799850742,6.909256199066667],[79.8639277779414,6.909256390783674],[79.8639275489321,6.9092566070550205],[79.86392731147953,6.909256847880719],[79.86392706558368,6.909257113260755],[79.86392681124458,6.909257403195134],[79.86392654846222,6.90925771768386],[79.86392627723654,6.90925805672693],[79.86392599756763,6.909258420324344],[79.86392570945543,6.9092588084761],[79.86392541289997,6.909259221182203]],[[79.86392611458182,6.90925971712609],[79.86392611458182,6.90925971712609],[79.8639263774559,6.90925934957131],[79.8639266285191,6.90925900645155],[79.8639268677714,6.909258687766808],[79.86392709521279,6.9092583935170815],[79.8639273108433,6.909258123702372],[79.86392751466289,6.9092578783226815],[79.8639277066716,6.909257657378011],[79.86392788686943,6.909257460868358],[79.86392805525634,6.909257288793722],[79.86392821183236,6.909257141154104],[79.86392835659748,6.909257017949502],[79.86392848955171,6.90925691917992],[79.86392848955171,6.90925691917992],[79.86392861394621,6.909256838099714],[79.8639287330322,6.909256767963239],[79.86392884680961,6.909256708770497],[79.8639289552785,6.909256660521484],[79.86392905843884,6.909256623216206],[79.86392915629065,6.909256596854659],[79.8639292488339,6.9092565814368445],[79.86392933606861,6.9092565769627585],[79.86392941799478,6.909256583432406],[79.86392949461244,6.90925660084579],[79.86392956592151,6.909256629202903],[79.86392963192205,6.90925666850375],[79.86392963192205,6.90925666850375],[79.86392969112516,6.909256717695978],[79.8639297420419,6.909256775727237],[79.86392978467228,6.909256842597526],[79.86392981901629,6.909256918306851],[79.86392984507395,6.909257002855205],[79.86392986284527,6.909257096242596],[79.86392987233022,6.909257198469011],[79.86392987352882,6.909257309534461],[79.86392986644104,6.909257429438944],[79.86392985106691,6.909257558182463],[79.86392982740644,6.909257695765009],[79.86392979545958,6.909257842186585],[79.86392979545958,6.909257842186585],[79.86392974811758,6.909258001466299],[79.86392968152015,6.909258179919278],[79.86392959566727,6.909258377545522],[79.86392949055896,6.909258594345036],[79.8639293661952,6.909258830317819],[79.863929222576,6.909259085463868],[79.86392905970139,6.909259359783182],[79.86392887757131,6.909259653275767],[79.86392867618581,6.909259965941623],[79.86392845554487,6.909260297780741],[79.8639282156485,6.90926064879313],[79.86392795649667,6.909261018978785],[79.86392795649667,6.909261018978785],[79.86392769337714,6.909261386736901],[79.86392744157763,6.909261730466675],[79.86392720109812,6.909262050168111],[79.86392697193861,6.909262345841201],[79.86392675409914,6.90926261748595],[79.86392654757967,6.90926286510236],[79.86392635238022,6.909263088690424],[79.86392616850077,6.909263288250147],[79.86392599594134,6.90926346378153],[79.86392583470193,6.90926361528457],[79.86392568478252,6.909263742759268],[79.86392554618313,6.909263846205625],[79.86392554618313,6.909263846205625],[79.86392541663116,6.90926392797394],[79.86392529283619,6.909263998738689],[79.86392517479825,6.909264058499872],[79.86392506251732,6.909264107257488],[79.86392495599343,6.909264145011535],[79.86392485522654,6.909264171762009],[79.86392476021666,6.9092641875089225],[79.86392467096381,6.909264192252267],[79.86392458746796,6.90926418599204],[79.86392450972916,6.909264168728245],[79.86392443774734,6.909264140460887],[79.86392437152256,6.909264101189958],[79.86392437152256,6.909264101189958],[79.8639243125437,6.909264051967815],[79.86392426229968,6.909263993846799],[79.86392422079048,6.909263926826917],[79.86392418801613,6.909263850908169],[79.86392416397659,6.909263766090551],[79.8639241486719,6.909263672374069],[79.86392414210204,6.909263569758717],[79.86392414426702,6.909263458244498],[79.86392415516683,6.909263337831409],[79.86392417480145,6.909263208519457],[79.86392420317092,6.909263070308634],[79.86392424027524,6.909262923198947],[79.86392424027524,6.909262923198947],[79.8639242932624,6.90926275924246],[79.86392436501413,6.909262576519383],[79.86392445553041,6.909262375029716],[79.86392456481123,6.9092621547734545],[79.86392469285661,6.909261915750607],[79.86392483966657,6.909261657961163],[79.86392500524106,6.909261381405131],[79.8639251895801,6.909261086082506],[79.8639253926837,6.909260771993288],[79.86392561455186,6.90926043913748],[79.86392585518456,6.909260087515082],[79.86392611458182,6.90925971712609]]],[[[79.86392183906081,6.9092538799621135],[79.86392183906081,6.9092538799621135],[79.86392169509232,6.909254101142507],[79.86392156335293,6.909254319314335],[79.86392144384266,6.909254534477592],[79.86392133656149,6.909254746632283],[79.86392124150944,6.909254955778404],[79.8639211586865,6.909255161915959],[79.86392108809267,6.909255365044943],[79.86392102972793,6.909255565165363],[79.86392098359234,6.90925576227721],[79.86392094968583,6.909255956380495],[79.86392092800847,6.909256147475207],[79.86392091856018,6.909256335561355],[79.86392091856018,6.909256335561355],[79.86392092163132,6.9092565185864165],[79.86392093751226,6.909256694497882],[79.86392096620295,6.909256863295749],[79.86392100770341,6.909257024980019],[79.86392106201362,6.9092571795506945],[79.86392112913359,6.909257327007767],[79.86392120906334,6.909257467351247],[79.86392130180283,6.9092576005811255],[79.86392140735211,6.909257726697408],[79.86392152571115,6.909257845700093],[79.86392165687994,6.909257957589181],[79.8639218008585,6.90925806236467],[79.86392284752725,6.909258766846754],[79.86392033363609,6.909262496815106],[79.86392116375269,6.909263055542284],[79.8639275798032,6.909253535772257],[79.86392570301784,6.909252272563021],[79.86392570301784,6.909252272563021],[79.86392555174358,6.909252178612482],[79.86392539868767,6.909252099198242],[79.86392524385013,6.9092520343203105],[79.86392508723092,6.909251983978676],[79.86392492883009,6.909251948173342],[79.8639247686476,6.909251926904314],[79.86392460668348,6.909251920171583],[79.86392444293772,6.909251927975156],[79.86392427741028,6.909251950315032],[79.86392411010122,6.909251987191209],[79.86392394101053,6.909252038603682],[79.86392377013817,6.909252104552463],[79.86392377013817,6.909252104552463],[79.86392359927832,6.909252183997216],[79.86392343022517,6.909252275897618],[79.8639232629787,6.909252380253658],[79.86392309753889,6.909252497065349],[79.86392293390576,6.9092526263326866],[79.8639227720793,6.909252768055664],[79.86392261205954,6.909252922234293],[79.86392245384644,6.9092530888685655],[79.86392229744001,6.9092532679584835],[79.86392214284027,6.909253459504045],[79.86392199004722,6.909253663505257],[79.86392183906081,6.9092538799621135]],[[79.8639226691774,6.909254438689283],[79.8639226691774,6.909254438689283],[79.86392278712218,6.90925426855479],[79.86392290332499,6.909254110735385],[79.86392301778585,6.9092539652310725],[79.86392313050476,6.909253832041846],[79.86392324148169,6.909253711167706],[79.86392335071668,6.90925360260866],[79.8639234582097,6.9092535063647],[79.86392356396078,6.90925342243583],[79.86392366796987,6.90925335082205],[79.86392377023704,6.909253291523357],[79.86392387076225,6.909253244539753],[79.86392396954548,6.909253209871242],[79.86392396954548,6.909253209871242],[79.86392406788957,6.909253185584788],[79.86392416709731,6.909253169747372],[79.8639242671687,6.909253162358992],[79.86392436810372,6.909253163419645],[79.86392446990243,6.9092531729293345],[79.86392457256478,6.909253190888058],[79.86392467609076,6.909253217295823],[79.86392478048042,6.9092532521526175],[79.86392488573372,6.90925329545845],[79.86392499185067,6.909253347213319],[79.86392509883126,6.909253407417222],[79.86392520667552,6.909253476070159],[79.86392603679211,6.909254034797324],[79.86392356042175,6.909257709094532],[79.86392273030516,6.909257150367362],[79.86392273030516,6.909257150367362],[79.86392262610875,6.909257076301948],[79.8639225300717,6.90925699986062],[79.86392244219402,6.909256921043377],[79.86392236247569,6.9092568398502205],[79.86392229091672,6.909256756281152],[79.86392222751708,6.909256670336166],[79.86392217227682,6.909256582015269],[79.8639221251959,6.909256491318455],[79.86392208627433,6.909256398245728],[79.86392205551213,6.909256302797089],[79.86392203290929,6.909256204972533],[79.8639220184658,6.909256104772065],[79.8639220184658,6.909256104772065],[79.86392201348447,6.909256000262652],[79.8639220192681,6.9092558895112735],[79.86392203581669,6.9092557725179296],[79.86392206313025,6.909255649282616],[79.86392210120879,6.9092555198053365],[79.86392215005225,6.909255384086088],[79.86392220966071,6.909255242124874],[79.86392228003412,6.909255093921692],[79.8639223611725,6.909254939476539],[79.86392245307583,6.909254778789423],[79.86392255574414,6.9092546118603355],[79.8639226691774,6.909254438689283]]]]}},{"type":"Feature","properties":{"Type":0,"ImageName":null,"MCode":null,"SCode":null,"ID":null,"Type(Strin":null,"Type(Strin_2":null},"geometry":{"type":"Polygon","coordinates":[[[79.85977490415428,6.906957730996565],[79.85977179708438,6.9069508409932],[79.85977083318618,6.906951652659286],[79.85976824624677,6.906948275369296],[79.85976535788765,6.9069446593869035],[79.8597627262858,6.906941171978797],[79.85976164511477,6.9069420761037845],[79.859764389296,6.906945441067568],[79.85976714965953,6.906949070812237],[79.85976975011809,6.906952469493307],[79.85976879280834,6.906953179754613],[79.85977490415428,6.906957730996565]]]}},{"type":"Feature","properties":{"Type":0,"ImageName":null,"MCode":null,"SCode":null,"ID":null,"Type(Strin":null,"Type(Strin_2":null},"geometry":{"type":"Polygon","coordinates":[[[79.86005798575663,6.907396263476001],[79.86005588649348,6.907389728180742],[79.86005489571293,6.907390425334363],[79.86005271299139,6.907386977315108],[79.86005044784612,6.907383249187506],[79.86004846799375,6.90737960854925],[79.86004732676557,6.907380282913934],[79.86004942058432,6.907383869406748],[79.86005158727218,6.907387636573914],[79.86005382786279,6.907391092445359],[79.86005286106725,6.907391668588335],[79.86005798575663,6.907396263476001]]]}},{"type":"Feature","properties":{"Type":0,"ImageName":null,"MCode":null,"SCode":null,"ID":null,"Type(Strin":null,"Type(Strin_2":null},"geometry":{"type":"Polygon","coordinates":[[[79.86053777032755,6.9083099140372415],[79.86053829920273,6.908303199029713],[79.86053712881255,6.908303504858713],[79.86053639969847,6.9082992492402875],[79.86053551503433,6.908294768365243],[79.86053482868476,6.908290599039265],[79.86053351989023,6.908290824156175],[79.86053435081219,6.908294989798878],[79.860535117958,6.9082994535989375],[79.86053591709943,6.908303697034287],[79.86053476566401,6.908303862461243],[79.86053777032755,6.9083099140372415]]]}},{"type":"Feature","properties":{"Type":3,"ImageName":null,"MCode":null,"SCode":null,"ID":null,"Type(Strin":null,"Type(Strin_2":null},"geometry":{"type":"Polygon","coordinates":[[[79.85890362433639,6.906175812983826],[79.85891437090218,6.906160535042036],[79.85891924470783,6.906160246225998],[79.85891686864929,6.906163823931431],[79.85892332930807,6.90615910453271],[79.85892568988623,6.906151435517024],[79.8589227121177,6.906155224765586],[79.85891594393509,6.906156057942028],[79.85890216834122,6.906174911574258],[79.85890362433639,6.906175812983826]]]}}]}