{"type":"FeatureCollection","features":[{"type":"Feature","properties":{"ID":107,"Elevation":7.342,"Name":"Na Tree","Scientific":"Mesua ferrea","Health":"Good","Height_m_":3.4,"Diameter_m":2.0,"Age_Years_":15},"geometry":{"type":"Point","coordinates":[79.86419832370854,6.9119251666759505]}},{"type":"Feature","properties":{"ID":108,"Elevation":7.217,"Name":"Na Tree","Scientific":"Mesua ferrea","Health":"Good","Height_m_":3.4,"Diameter_m":2.0,"Age_Years_":15},"geometry":{"type":"Point","coordinates":[79.8640516617363,6.91192507565939]}},{"type":"Feature","properties":{"ID":109,"Elevation":7.208,"Name":"Na Tree","Scientific":"Mesua ferrea","Health":"Good","Height_m_":2.5,"Diameter_m":2.5,"Age_Years_":15},"geometry":{"type":"Point","coordinates":[79.8638870029549,6.911920248231275]}},{"type":"Feature","properties":{"ID":1000,"Elevation":6.943,"Name":"Jack Tree","Scientific":"Artocarpus heterophyllus","Health":"Good","Height_m_":2.5,"Diameter_m":2.0,"Age_Years_":15},"geometry":{"type":"Point","coordinates":[79.8637840400414,6.907454558576617]}},{"type":"Feature","properties":{"ID":1007,"Elevation":6.988,"Name":"Mango Tree","Scientific":"Mangifera indica","Health":"Good","Height_m_":3.5,"Diameter_m":2.6,"Age_Years_":15},"geometry":{"type":"Point","coordinates":[79.86382021153061,6.907465478350288]}},{"type":"Feature","properties":{"ID":1008,"Elevation":7.108,"Name":"Mango Tree","Scientific":"Mangifera indica","Health":"Good","Height_m_":3.4,"Diameter_m":2.0,"Age_Years_":13},"geometry":{"type":"Point","coordinates":[79.86388259123267,6.9074927240714645]}},{"type":"Feature","properties":{"ID":1018,"Elevation":7.636,"Name":"Kottamba Tree","Scientific":"Terminalia catappa","Health":"Good","Height_m_":5.0,"Diameter_m":1.0,"Age_Years_":20},"geometry":{"type":"Point","coordinates":[79.86408797212101,6.907498542507207]}},{"type":"Feature","properties":{"ID":1020,"Elevation":7.029,"Name":"Mahogani Tree","Scientific":"Swietenia macrophylla","Health":"Good","Height_m_":8.0,"Diameter_m":1.2,"Age_Years_":50},"geometry":{"type":"Point","coordinates":[79.86402216902664,6.907369114579332]}},{"type":"Feature","properties":{"ID":1021,"Elevation":6.945,"Name":"Kottamba Tree","Scientific":"Terminalia catappa","Health":"Good","Height_m_":12.0,"Diameter_m":1.6,"Age_Years_":14},"geometry":{"type":"Point","coordinates":[79.86401414188684,6.907308517173533]}},{"type":"Feature","properties":{"ID":1022,"Elevation":7.117,"Name":"Kohomba Tree","Scientific":"Azadirachta indica","Health":"Good","Height_m_":15.0,"Diameter_m":2.0,"Age_Years_":25},"geometry":{"type":"Point","coordinates":[79.86398885235285,6.907284959313642]}},{"type":"Feature","properties":{"ID":1049,"Elevation":7.334,"Name":"Na Tree","Scientific":"Mesua ferrea","Health":"Good","Height_m_":15.0,"Diameter_m":1.5,"Age_Years_":15},"geometry":{"type":"Point","coordinates":[79.86303571039593,6.905594974902335]}},{"type":"Feature","properties":{"ID":1051,"Elevation":7.297,"Name":"Jack Tree","Scientific":"Artocarpus heterophyllus","Health":"Good","Height_m_":8.0,"Diameter_m":2.0,"Age_Years_":30},"geometry":{"type":"Point","coordinates":[79.86292364139575,6.905528752897965]}},{"type":"Feature","properties":{"ID":1052,"Elevation":7.374,"Name":"Na Tree","Scientific":"Mesua ferrea","Health":"Good","Height_m_":15.0,"Diameter_m":1.4,"Age_Years_":21},"geometry":{"type":"Point","coordinates":[79.86280063844772,6.9055022951282075]}},{"type":"Feature","properties":{"ID":1119,"Elevation":7.366,"Name":"Jack Tree","Scientific":"Artocarpus heterophyllus","Health":"Good","Height_m_":2.0,"Diameter_m":2.0,"Age_Years_":15},"geometry":{"type":"Point","coordinates":[79.86445140676254,6.907654762104072]}},{"type":"Feature","properties":{"ID":1121,"Elevation":7.375,"Name":"Jack Tree","Scientific":"Artocarpus heterophyllus","Health":"Good","Height_m_":3.0,"Diameter_m":2.0,"Age_Years_":16},"geometry":{"type":"Point","coordinates":[79.8644965536072,6.907703675809447]}},{"type":"Feature","properties":{"ID":1127,"Elevation":7.492,"Name":"Jack Tree","Scientific":"Artocarpus heterophyllus","Health":"Good","Height_m_":2.4,"Diameter_m":2.0,"Age_Years_":14},"geometry":{"type":"Point","coordinates":[79.86467734546288,6.907792634246941]}},{"type":"Feature","properties":{"ID":1142,"Elevation":7.567,"Name":"Palmyra Tree","Scientific":"Borassus flabellifer","Health":"Good","Height_m_":10.0,"Diameter_m":0.3,"Age_Years_":30},"geometry":{"type":"Point","coordinates":[79.86474335559642,6.908286459016098]}},{"type":"Feature","properties":{"ID":1149,"Elevation":7.298,"Name":"Mango Tree","Scientific":"Mangifera indica","Health":"Good","Height_m_":10.0,"Diameter_m":2.0,"Age_Years_":30},"geometry":{"type":"Point","coordinates":[79.86460201828166,6.908383843257887]}},{"type":"Feature","properties":{"ID":1150,"Elevation":7.191,"Name":"Jack Tree","Scientific":"Artocarpus heterophyllus","Health":"Good","Height_m_":2.4,"Diameter_m":1.5,"Age_Years_":35},"geometry":{"type":"Point","coordinates":[79.86453854476623,6.908455154368773]}},{"type":"Feature","properties":{"ID":1152,"Elevation":7.144,"Name":"Na Tree","Scientific":"Mesua ferrea","Health":"Good","Height_m_":16.5,"Diameter_m":2.0,"Age_Years_":20},"geometry":{"type":"Point","coordinates":[79.86444780912286,6.908587899551196]}},{"type":"Feature","properties":{"ID":1155,"Elevation":7.166,"Name":"Na Tree","Scientific":"Mesua ferrea","Health":"Good","Height_m_":16.5,"Diameter_m":2.0,"Age_Years_":18},"geometry":{"type":"Point","coordinates":[79.8643933836533,6.9086592279511025]}},{"type":"Feature","properties":{"ID":1157,"Elevation":7.099,"Name":"Kohomba Tree","Scientific":"Azadirachta indica","Health":"Good","Height_m_":15.0,"Diameter_m":2.0,"Age_Years_":25},"geometry":{"type":"Point","coordinates":[79.8642527672584,6.908852459656403]}},{"type":"Feature","properties":{"ID":1159,"Elevation":7.042,"Name":"Mango Tree","Scientific":"Mangifera indica","Health":"Good","Height_m_":4.0,"Diameter_m":1.5,"Age_Years_":20},"geometry":{"type":"Point","coordinates":[79.86417928178068,6.908954494662077]}},{"type":"Feature","properties":{"ID":1168,"Elevation":6.825,"Name":"Kottamba Tree","Scientific":"Azadirachta indica","Health":"Good","Height_m_":5.0,"Diameter_m":1.0,"Age_Years_":24},"geometry":{"type":"Point","coordinates":[79.86391436978333,6.9093229049052365]}},{"type":"Feature","properties":{"ID":1172,"Elevation":6.812,"Name":"Kottamba Tree","Scientific":"Azadirachta indica","Health":"Good","Height_m_":4.0,"Diameter_m":1.5,"Age_Years_":18},"geometry":{"type":"Point","coordinates":[79.86380094414025,6.9094917748392275]}},{"type":"Feature","properties":{"ID":1175,"Elevation":6.776,"Name":"Mango Tree","Scientific":"Mangifera indica","Health":"Good","Height_m_":3.5,"Diameter_m":2.0,"Age_Years_":2},"geometry":{"type":"Point","coordinates":[79.86372656925559,6.90958567015916]}},{"type":"Feature","properties":{"ID":1178,"Elevation":6.686,"Name":"Na Tree","Scientific":"Mesua ferrea","Health":"Good","Height_m_":16.5,"Diameter_m":2.0,"Age_Years_":15},"geometry":{"type":"Point","coordinates":[79.86366306942344,6.90967054420255]}},{"type":"Feature","properties":{"ID":1187,"Elevation":6.96,"Name":"Mango Tree","Scientific":"Mangifera indica","Health":"Good","Height_m_":3.5,"Diameter_m":2.0,"Age_Years_":15},"geometry":{"type":"Point","coordinates":[79.86388552433944,6.910209879110097]}},{"type":"Feature","properties":{"ID":1190,"Elevation":7.487,"Name":"Mango Tree","Scientific":"Mangifera indica","Health":"Good","Height_m_":3.7,"Diameter_m":2.5,"Age_Years_":15},"geometry":{"type":"Point","coordinates":[79.86415547905058,6.9105151146771675]}},{"type":"Feature","properties":{"ID":1191,"Elevation":7.102,"Name":"Kohomba Tree","Scientific":"Azadirachta indica","Health":"Good","Height_m_":4.0,"Diameter_m":2.0,"Age_Years_":15},"geometry":{"type":"Point","coordinates":[79.8642574767797,6.910643707723227]}},{"type":"Feature","properties":{"ID":1192,"Elevation":6.918,"Name":"Mango Tree","Scientific":"Mangifera indica","Health":"Good","Height_m_":4.0,"Diameter_m":2.0,"Age_Years_":15},"geometry":{"type":"Point","coordinates":[79.86433327483309,6.910751453775746]}},{"type":"Feature","properties":{"ID":1196,"Elevation":7.312,"Name":"Jack Tree","Scientific":"Artocarpus heterophyllus","Health":"Good","Height_m_":2.4,"Diameter_m":2.0,"Age_Years_":13},"geometry":{"type":"Point","coordinates":[79.86440092612703,6.910860992642874]}},{"type":"Feature","properties":{"ID":1207,"Elevation":7.649,"Name":"Jack Tree","Scientific":"Artocarpus heterophyllus","Health":"Good","Height_m_":2.6,"Diameter_m":2.0,"Age_Years_":20},"geometry":{"type":"Point","coordinates":[79.86442198471606,6.9112037283614445]}},{"type":"Feature","properties":{"ID":1209,"Elevation":7.382,"Name":"Na Tree","Scientific":"Mesua ferrea","Health":"Good","Height_m_":2.6,"Diameter_m":2.5,"Age_Years_":50},"geometry":{"type":"Point","coordinates":[79.86433812646248,6.91105256482566]}},{"type":"Feature","properties":{"ID":1212,"Elevation":7.311,"Name":"Mango Tree","Scientific":"Mangifera indica","Health":"Good","Height_m_":2.4,"Diameter_m":2.5,"Age_Years_":14},"geometry":{"type":"Point","coordinates":[79.86413422449091,6.910746551597572]}},{"type":"Feature","properties":{"ID":1213,"Elevation":7.385,"Name":"Kohomba Tree","Scientific":"Azadirachta indica","Health":"Good","Height_m_":2.4,"Diameter_m":2.0,"Age_Years_":25},"geometry":{"type":"Point","coordinates":[79.86408999092332,6.910693118533338]}},{"type":"Feature","properties":{"ID":1215,"Elevation":7.363,"Name":"Kohomba Tree","Scientific":"Azadirachta indica","Health":"Good","Height_m_":2.5,"Diameter_m":2.0,"Age_Years_":15},"geometry":{"type":"Point","coordinates":[79.86396903724341,6.9105409797062824]}},{"type":"Feature","properties":{"ID":1216,"Elevation":7.44,"Name":"Kohomba Tree","Scientific":"Azadirachta indica","Health":"Good","Height_m_":2.6,"Diameter_m":2.0,"Age_Years_":30},"geometry":{"type":"Point","coordinates":[79.8639202813811,6.910486633760024]}},{"type":"Feature","properties":{"ID":1218,"Elevation":7.301,"Name":"Kohomba Tree","Scientific":"Azadirachta indica","Health":"Good","Height_m_":2.5,"Diameter_m":2.0,"Age_Years_":21},"geometry":{"type":"Point","coordinates":[79.8638435283565,6.910405107901225]}},{"type":"Feature","properties":{"ID":1219,"Elevation":7.363,"Name":"Kohomba Tree","Scientific":"Azadirachta indica","Health":"Good","Height_m_":2.5,"Diameter_m":2.0,"Age_Years_":15},"geometry":{"type":"Point","coordinates":[79.86376406959191,6.910319055803145]}},{"type":"Feature","properties":{"ID":1221,"Elevation":7.181,"Name":"Jack Tree","Scientific":"Artocarpus heterophyllus","Health":"Good","Height_m_":2.5,"Diameter_m":2.0,"Age_Years_":16},"geometry":{"type":"Point","coordinates":[79.86361598214182,6.910161439676174]}},{"type":"Feature","properties":{"ID":1238,"Elevation":6.886,"Name":"Mango Tree","Scientific":"Mangifera indica","Health":"Good","Height_m_":8.0,"Diameter_m":2.3,"Age_Years_":14},"geometry":{"type":"Point","coordinates":[79.86398647398445,6.908997527571663]}},{"type":"Feature","properties":{"ID":1240,"Elevation":6.99,"Name":"Jack Tree","Scientific":"Artocarpus heterophyllus","Health":"Good","Height_m_":2.5,"Diameter_m":2.0,"Age_Years_":30},"geometry":{"type":"Point","coordinates":[79.86406630877985,6.908887366873007]}},{"type":"Feature","properties":{"ID":1252,"Elevation":6.94,"Name":"Kohomba Tree","Scientific":"Azadirachta indica","Health":"Good","Height_m_":2.5,"Diameter_m":2.0,"Age_Years_":30},"geometry":{"type":"Point","coordinates":[79.86337000678012,6.910091344237601]}},{"type":"Feature","properties":{"ID":2007,"Elevation":7.187,"Name":"Mango Tree","Scientific":"Mangifera indica","Health":"Good","Height_m_":2.4,"Diameter_m":2.1,"Age_Years_":35},"geometry":{"type":"Point","coordinates":[79.86402238746851,6.907727181975417]}},{"type":"Feature","properties":{"ID":2011,"Elevation":7.081,"Name":"Jack Tree","Scientific":"Artocarpus heterophyllus","Health":"Good","Height_m_":2.5,"Diameter_m":2.0,"Age_Years_":20},"geometry":{"type":"Point","coordinates":[79.86396814406395,6.907703568682737]}},{"type":"Feature","properties":{"ID":2012,"Elevation":7.144,"Name":"Kohomba Tree","Scientific":"Azadirachta indica","Health":"Good","Height_m_":12.0,"Diameter_m":1.0,"Age_Years_":18},"geometry":{"type":"Point","coordinates":[79.8639871294282,6.907711742915184]}},{"type":"Feature","properties":{"ID":2013,"Elevation":7.158,"Name":"Kohomba Tree","Scientific":"Azadirachta indica","Health":"Good","Height_m_":13.0,"Diameter_m":2.0,"Age_Years_":25},"geometry":{"type":"Point","coordinates":[79.86393921794864,6.907689045951182]}},{"type":"Feature","properties":{"ID":2015,"Elevation":6.896,"Name":"Mango Tree","Scientific":"Mangifera indica","Health":"Good","Height_m_":8.0,"Diameter_m":2.1,"Age_Years_":20},"geometry":{"type":"Point","coordinates":[79.86369970050559,6.9075547643263295]}},{"type":"Feature","properties":{"ID":2017,"Elevation":7.068,"Name":"Jack Tree","Scientific":"Artocarpus heterophyllus","Health":"Good","Height_m_":9.0,"Diameter_m":2.1,"Age_Years_":24},"geometry":{"type":"Point","coordinates":[79.86364270110295,6.90755284675004]}},{"type":"Feature","properties":{"ID":2021,"Elevation":6.792,"Name":"Mango Tree","Scientific":"Mangifera indica","Health":"Good","Height_m_":7.0,"Diameter_m":2.0,"Age_Years_":18},"geometry":{"type":"Point","coordinates":[79.86358303930163,6.90752379778486]}},{"type":"Feature","properties":{"ID":2026,"Elevation":6.81,"Name":"Kohomba Tree","Scientific":"Azadirachta indica","Health":"Good","Height_m_":12.0,"Diameter_m":1.2,"Age_Years_":2},"geometry":{"type":"Point","coordinates":[79.86352700714266,6.907489330508618]}},{"type":"Feature","properties":{"ID":2027,"Elevation":6.667,"Name":"Mango Tree","Scientific":"Mangifera indica","Health":"Good","Height_m_":8.0,"Diameter_m":1.7,"Age_Years_":15},"geometry":{"type":"Point","coordinates":[79.863497174515,6.907475710226637]}},{"type":"Feature","properties":{"ID":2028,"Elevation":6.991,"Name":"Kohomba Tree","Scientific":"Azadirachta indica","Health":"Good","Height_m_":12.0,"Diameter_m":1.3,"Age_Years_":15},"geometry":{"type":"Point","coordinates":[79.86345828167673,6.907468402054233]}},{"type":"Feature","properties":{"ID":2030,"Elevation":6.886,"Name":"Jack Tree","Scientific":"Artocarpus heterophyllus","Health":"Good","Height_m_":8.3,"Diameter_m":1.4,"Age_Years_":15},"geometry":{"type":"Point","coordinates":[79.86334074519617,6.90742206222208]}},{"type":"Feature","properties":{"ID":2035,"Elevation":6.759,"Name":"Araliya Tree","Scientific":"Plumeria spp","Health":"Good","Height_m_":8.0,"Diameter_m":0.3,"Age_Years_":15},"geometry":{"type":"Point","coordinates":[79.86326024858597,6.9074056322379045]}},{"type":"Feature","properties":{"ID":2036,"Elevation":7.16,"Name":"Mango Tree","Scientific":"Mangifera indica","Health":"Good","Height_m_":7.5,"Diameter_m":2.0,"Age_Years_":15},"geometry":{"type":"Point","coordinates":[79.86321866042039,6.907388372580353]}},{"type":"Feature","properties":{"ID":2040,"Elevation":6.925,"Name":"Jack Tree","Scientific":"Artocarpus heterophyllus","Health":"Good","Height_m_":9.0,"Diameter_m":1.4,"Age_Years_":13},"geometry":{"type":"Point","coordinates":[79.86309209673992,6.907331164884635]}},{"type":"Feature","properties":{"ID":2042,"Elevation":7.038,"Name":"Mango Tree","Scientific":"Mangifera indica","Health":"Good","Height_m_":10.0,"Diameter_m":2.0,"Age_Years_":20},"geometry":{"type":"Point","coordinates":[79.86299442270985,6.907307468268306]}},{"type":"Feature","properties":{"ID":2057,"Elevation":7.044,"Name":"Jack Tree","Scientific":"Artocarpus heterophyllus","Health":"Good","Height_m_":9.0,"Diameter_m":1.4,"Age_Years_":50},"geometry":{"type":"Point","coordinates":[79.86280995319224,6.90724924532022]}},{"type":"Feature","properties":{"ID":2058,"Elevation":6.962,"Name":"Mango Tree","Scientific":"Mangifera indica","Health":"Good","Height_m_":12.0,"Diameter_m":2.0,"Age_Years_":14},"geometry":{"type":"Point","coordinates":[79.86277740792073,6.90723471558883]}},{"type":"Feature","properties":{"ID":2066,"Elevation":6.77,"Name":"Jack Tree","Scientific":"Artocarpus heterophyllus","Health":"Good","Height_m_":8.0,"Diameter_m":1.2,"Age_Years_":25},"geometry":{"type":"Point","coordinates":[79.8624581657079,6.907153628926111]}},{"type":"Feature","properties":{"ID":2067,"Elevation":6.9,"Name":"Kohomba Tree","Scientific":"Azadirachta indica","Health":"Good","Height_m_":12.0,"Diameter_m":1.3,"Age_Years_":15},"geometry":{"type":"Point","coordinates":[79.86242831404148,6.907149954847988]}},{"type":"Feature","properties":{"ID":2074,"Elevation":6.992,"Name":"Jack Tree","Scientific":"Artocarpus heterophyllus","Health":"Good","Height_m_":8.0,"Diameter_m":2.0,"Age_Years_":30},"geometry":{"type":"Point","coordinates":[79.86229804970684,6.907135237694364]}},{"type":"Feature","properties":{"ID":2077,"Elevation":7.265,"Name":"Mango Tree","Scientific":"Mangifera indica","Health":"Old","Height_m_":8.0,"Diameter_m":2.1,"Age_Years_":21},"geometry":{"type":"Point","coordinates":[79.86215147803182,6.907131339735961]}},{"type":"Feature","properties":{"ID":2081,"Elevation":7.297,"Name":"Jack Tree","Scientific":"Artocarpus heterophyllus","Health":"Good","Height_m_":8.0,"Diameter_m":2.3,"Age_Years_":15},"geometry":{"type":"Point","coordinates":[79.86206373613959,6.907118512499958]}},{"type":"Feature","properties":{"ID":2083,"Elevation":7.01,"Name":"Jack Tree","Scientific":"Artocarpus heterophyllus","Health":"Good","Height_m_":2.6,"Diameter_m":2.5,"Age_Years_":16},"geometry":{"type":"Point","coordinates":[79.862027575155,6.907102167367147]}},{"type":"Feature","properties":{"ID":2084,"Elevation":6.988,"Name":"Jack Tree","Scientific":"Artocarpus heterophyllus","Health":"Good","Height_m_":2.7,"Diameter_m":2.5,"Age_Years_":14},"geometry":{"type":"Point","coordinates":[79.86202576206877,6.907103972307065]}},{"type":"Feature","properties":{"ID":2093,"Elevation":6.711,"Name":"Jack Tree","Scientific":"Artocarpus heterophyllus","Health":"Good","Height_m_":6.0,"Diameter_m":2.4,"Age_Years_":30},"geometry":{"type":"Point","coordinates":[79.8614920150869,6.9070568334164]}},{"type":"Feature","properties":{"ID":2104,"Elevation":6.51,"Name":"Mango Tree","Scientific":"Mangifera indica","Health":"Good","Height_m_":7.0,"Diameter_m":2.5,"Age_Years_":30},"geometry":{"type":"Point","coordinates":[79.8610848663319,6.907048818050112]}},{"type":"Feature","properties":{"ID":2109,"Elevation":6.375,"Name":"Kohomba Tree","Scientific":"Azadirachta indica","Health":"Good","Height_m_":8.0,"Diameter_m":3.0,"Age_Years_":35},"geometry":{"type":"Point","coordinates":[79.86096453932768,6.907042257503137]}},{"type":"Feature","properties":{"ID":2111,"Elevation":6.167,"Name":"Jack Tree","Scientific":"Artocarpus heterophyllus","Health":"Good","Height_m_":9.0,"Diameter_m":3.1,"Age_Years_":20},"geometry":{"type":"Point","coordinates":[79.86082432399576,6.907026616635506]}},{"type":"Feature","properties":{"ID":2112,"Elevation":5.968,"Name":"Jack Tree","Scientific":"Artocarpus heterophyllus","Health":"Good","Height_m_":10.0,"Diameter_m":2.3,"Age_Years_":18},"geometry":{"type":"Point","coordinates":[79.86069309933383,6.907040831888949]}},{"type":"Feature","properties":{"ID":2114,"Elevation":5.974,"Name":"Mango Tree","Scientific":"Mangifera indica","Health":"Good","Height_m_":11.0,"Diameter_m":2.4,"Age_Years_":25},"geometry":{"type":"Point","coordinates":[79.86054377855409,6.907055012334104]}},{"type":"Feature","properties":{"ID":2122,"Elevation":5.792,"Name":"Kohomba Tree","Scientific":"Azadirachta indica","Health":"Good","Height_m_":13.0,"Diameter_m":2.3,"Age_Years_":20},"geometry":{"type":"Point","coordinates":[79.86043515662978,6.907078313031632]}},{"type":"Feature","properties":{"ID":2126,"Elevation":5.732,"Name":"Jack Tree","Scientific":"Artocarpus heterophyllus","Health":"Good","Height_m_":8.0,"Diameter_m":3.1,"Age_Years_":24},"geometry":{"type":"Point","coordinates":[79.86030568936152,6.9071196578116165]}},{"type":"Feature","properties":{"ID":2130,"Elevation":5.834,"Name":"Mango Tree","Scientific":"Mangifera indica","Health":"Good","Height_m_":9.0,"Diameter_m":2.3,"Age_Years_":18},"geometry":{"type":"Point","coordinates":[79.86022866600688,6.907179187535342]}},{"type":"Feature","properties":{"ID":2133,"Elevation":5.966,"Name":"Mango Tree","Scientific":"Mangifera indica","Health":"Good","Height_m_":6.0,"Diameter_m":2.5,"Age_Years_":2},"geometry":{"type":"Point","coordinates":[79.86018038060574,6.907350894355165]}},{"type":"Feature","properties":{"ID":2135,"Elevation":7.398,"Name":"Na Tree","Scientific":"Mesua ferrea","Health":"Good","Height_m_":12.0,"Diameter_m":2.7,"Age_Years_":15},"geometry":{"type":"Point","coordinates":[79.86408524210057,6.907506675167488]}},{"type":"Feature","properties":{"ID":2153,"Elevation":6.978,"Name":"Mahogani Tree","Scientific":"Swietenia macrophylla","Health":"Good","Height_m_":13.0,"Diameter_m":2.5,"Age_Years_":15},"geometry":{"type":"Point","coordinates":[79.86365199886416,6.907422658395226]}},{"type":"Feature","properties":{"ID":2163,"Elevation":6.992,"Name":"Na Tree","Scientific":"Mesua ferrea","Health":"Good","Height_m_":14.0,"Diameter_m":2.4,"Age_Years_":15},"geometry":{"type":"Point","coordinates":[79.86322256587513,6.907239185519797]}},{"type":"Feature","properties":{"ID":2170,"Elevation":7.049,"Name":"Na Tree","Scientific":"Mesua ferrea","Health":"Good","Height_m_":13.0,"Diameter_m":3.5,"Age_Years_":15},"geometry":{"type":"Point","coordinates":[79.86295215012856,6.907175372698344]}},{"type":"Feature","properties":{"ID":2175,"Elevation":7.064,"Name":"Kohomba Tree","Scientific":"Azadirachta indica","Health":"Good","Height_m_":12.0,"Diameter_m":2.4,"Age_Years_":15},"geometry":{"type":"Point","coordinates":[79.86278937519552,6.907128041836429]}},{"type":"Feature","properties":{"ID":2195,"Elevation":7.029,"Name":"Na Tree","Scientific":"Mesua ferrea","Health":"Good","Height_m_":13.0,"Diameter_m":2.5,"Age_Years_":13},"geometry":{"type":"Point","coordinates":[79.86190835788108,6.906988912517133]}},{"type":"Feature","properties":{"ID":2196,"Elevation":7.096,"Name":"Jack Tree","Scientific":"Artocarpus heterophyllus","Health":"Poor","Height_m_":12.0,"Diameter_m":2.5,"Age_Years_":20},"geometry":{"type":"Point","coordinates":[79.86183779865297,6.9069806392552175]}},{"type":"Feature","properties":{"ID":2205,"Elevation":6.981,"Name":"Araliya Tree","Scientific":"Plumeria spp","Health":"Good","Height_m_":8.0,"Diameter_m":3.2,"Age_Years_":50},"geometry":{"type":"Point","coordinates":[79.86164329840112,6.906963086046972]}},{"type":"Feature","properties":{"ID":2208,"Elevation":7.034,"Name":"Jack Tree","Scientific":"Artocarpus heterophyllus","Health":"Good","Height_m_":8.0,"Diameter_m":3.6,"Age_Years_":14},"geometry":{"type":"Point","coordinates":[79.86147775022017,6.906946492544483]}},{"type":"Feature","properties":{"ID":2209,"Elevation":6.977,"Name":"Mahogani Tree","Scientific":"Swietenia macrophylla","Health":"Good","Height_m_":8.0,"Diameter_m":3.2,"Age_Years_":25},"geometry":{"type":"Point","coordinates":[79.86143975185443,6.906944611187264]}},{"type":"Feature","properties":{"ID":2228,"Elevation":6.788,"Name":"Kohomba Tree","Scientific":"Azadirachta indica","Health":"Good","Height_m_":15.0,"Diameter_m":1.6,"Age_Years_":15},"geometry":{"type":"Point","coordinates":[79.861059813442,6.906902288107772]}},{"type":"Feature","properties":{"ID":2242,"Elevation":5.991,"Name":"King Coconut","Scientific":"Cocos nucifera var. aurantiaca","Health":"Good","Height_m_":12.0,"Diameter_m":0.2,"Age_Years_":30},"geometry":{"type":"Point","coordinates":[79.8605458682582,6.906909438747313]}},{"type":"Feature","properties":{"ID":2243,"Elevation":5.845,"Name":"Araliya Tree","Scientific":"Plumeria spp","Health":"Good","Height_m_":5.0,"Diameter_m":3.0,"Age_Years_":21},"geometry":{"type":"Point","coordinates":[79.860524161626,6.906904875995205]}},{"type":"Feature","properties":{"ID":2246,"Elevation":5.729,"Name":"King Coconut","Scientific":"Cocos nucifera var. aurantiaca","Health":"Good","Height_m_":15.0,"Diameter_m":0.3,"Age_Years_":15},"geometry":{"type":"Point","coordinates":[79.86043366542407,6.906912839977361]}},{"type":"Feature","properties":{"ID":2247,"Elevation":5.638,"Name":"Mahogani Tree","Scientific":"Swietenia macrophylla","Health":"Good","Height_m_":12.0,"Diameter_m":1.5,"Age_Years_":16},"geometry":{"type":"Point","coordinates":[79.86035216507375,6.906947947490628]}},{"type":"Feature","properties":{"ID":2251,"Elevation":5.949,"Name":"Kohomba Tree","Scientific":"Azadirachta indica","Health":"Good","Height_m_":14.0,"Diameter_m":1.6,"Age_Years_":14},"geometry":{"type":"Point","coordinates":[79.86025447914817,6.9069305797777]}},{"type":"Feature","properties":{"ID":2254,"Elevation":5.648,"Name":"Kohomba Tree","Scientific":"Azadirachta indica","Health":"Good","Height_m_":12.0,"Diameter_m":1.5,"Age_Years_":30},"geometry":{"type":"Point","coordinates":[79.86009973479763,6.906942037036266]}},{"type":"Feature","properties":{"ID":2259,"Elevation":5.752,"Name":"Bo Tree","Scientific":"Ficus religiosa","Health":"Good","Height_m_":15.0,"Diameter_m":2.5,"Age_Years_":30},"geometry":{"type":"Point","coordinates":[79.85995592122501,6.9069155385005425]}},{"type":"Feature","properties":{"ID":2263,"Elevation":5.992,"Name":"Mahogani Tree","Scientific":"Swietenia macrophylla","Health":"Good","Height_m_":7.0,"Diameter_m":3.5,"Age_Years_":35},"geometry":{"type":"Point","coordinates":[79.85983576318662,6.9068212697715]}},{"type":"Feature","properties":{"ID":3018,"Elevation":7.243,"Name":"Kohomba Tree","Scientific":"Azadirachta indica","Health":"Good","Height_m_":9.0,"Diameter_m":2.5,"Age_Years_":20},"geometry":{"type":"Point","coordinates":[79.86023163957144,6.898963452847078]}},{"type":"Feature","properties":{"ID":3030,"Elevation":7.574,"Name":"Kohomba Tree","Scientific":"Azadirachta indica","Health":"Good","Height_m_":15.0,"Diameter_m":2.6,"Age_Years_":18},"geometry":{"type":"Point","coordinates":[79.8598704051178,6.899285787765867]}},{"type":"Feature","properties":{"ID":3033,"Elevation":7.624,"Name":"Mahogani Tree","Scientific":"Swietenia macrophylla","Health":"Good","Height_m_":15.0,"Diameter_m":2.3,"Age_Years_":25},"geometry":{"type":"Point","coordinates":[79.85976896404816,6.899438702584189]}},{"type":"Feature","properties":{"ID":3037,"Elevation":7.645,"Name":"Kohomba Tree","Scientific":"Azadirachta indica","Health":"Old","Height_m_":14.0,"Diameter_m":4.5,"Age_Years_":20},"geometry":{"type":"Point","coordinates":[79.85968900164067,6.899610999663573]}},{"type":"Feature","properties":{"ID":3054,"Elevation":7.489,"Name":"Nuga Tree","Scientific":"Ficus benghalensis","Health":"Old","Height_m_":12.0,"Diameter_m":2.5,"Age_Years_":24},"geometry":{"type":"Point","coordinates":[79.85960807948152,6.899835341131999]}},{"type":"Feature","properties":{"ID":3063,"Elevation":7.569,"Name":"Nuga Tree","Scientific":"Ficus benghalensis","Health":"Old","Height_m_":14.0,"Diameter_m":2.5,"Age_Years_":18},"geometry":{"type":"Point","coordinates":[79.8595782287987,6.899963084635636]}},{"type":"Feature","properties":{"ID":3068,"Elevation":7.673,"Name":"Mahogani Tree","Scientific":"Swietenia macrophylla","Health":"Old","Height_m_":15.0,"Diameter_m":4.5,"Age_Years_":2},"geometry":{"type":"Point","coordinates":[79.85951841656393,6.900120989212202]}},{"type":"Feature","properties":{"ID":3074,"Elevation":7.507,"Name":"Kohomba Tree","Scientific":"Azadirachta indica","Health":"Old","Height_m_":12.0,"Diameter_m":2.5,"Age_Years_":15},"geometry":{"type":"Point","coordinates":[79.85944154407282,6.900389527087057]}},{"type":"Feature","properties":{"ID":3081,"Elevation":7.422,"Name":"Kohomba Tree","Scientific":"Azadirachta indica","Health":"Old","Height_m_":13.0,"Diameter_m":2.4,"Age_Years_":15},"geometry":{"type":"Point","coordinates":[79.85935921592326,6.900653171721599]}},{"type":"Feature","properties":{"ID":3084,"Elevation":7.504,"Name":"Mahogani Tree","Scientific":"Swietenia macrophylla","Health":"Old","Height_m_":14.0,"Diameter_m":2.5,"Age_Years_":15},"geometry":{"type":"Point","coordinates":[79.85929633828792,6.9007818101614085]}},{"type":"Feature","properties":{"ID":3087,"Elevation":9.372,"Name":"Nuga Tree","Scientific":"Ficus benghalensis","Health":"Old","Height_m_":15.0,"Diameter_m":4.4,"Age_Years_":15},"geometry":{"type":"Point","coordinates":[79.85925767527351,6.900918660145255]}},{"type":"Feature","properties":{"ID":3092,"Elevation":7.221,"Name":"Nuga Tree","Scientific":"Ficus benghalensis","Health":"Old","Height_m_":16.0,"Diameter_m":2.3,"Age_Years_":15},"geometry":{"type":"Point","coordinates":[79.85922867404943,6.901065646792604]}},{"type":"Feature","properties":{"ID":3096,"Elevation":6.211,"Name":"Nuga Tree","Scientific":"Ficus benghalensis","Health":"Old","Height_m_":17.0,"Diameter_m":4.1,"Age_Years_":13},"geometry":{"type":"Point","coordinates":[79.85919814810359,6.901210342855633]}},{"type":"Feature","properties":{"ID":3104,"Elevation":10.886,"Name":"Nuga Tree","Scientific":"Ficus benghalensis","Health":"Old","Height_m_":18.0,"Diameter_m":4.3,"Age_Years_":20},"geometry":{"type":"Point","coordinates":[79.85914140309258,6.90133050252992]}},{"type":"Feature","properties":{"ID":3108,"Elevation":7.473,"Name":"Nuga Tree","Scientific":"Ficus benghalensis","Health":"Old","Height_m_":19.0,"Diameter_m":4.3,"Age_Years_":50},"geometry":{"type":"Point","coordinates":[79.85911279183804,6.9014534831724506]}},{"type":"Feature","properties":{"ID":3125,"Elevation":5.706,"Name":"Kohomba Tree","Scientific":"Azadirachta indica","Health":"Old","Height_m_":12.0,"Diameter_m":2.4,"Age_Years_":14},"geometry":{"type":"Point","coordinates":[79.85890149735374,6.902119008287047]}},{"type":"Feature","properties":{"ID":3134,"Elevation":8.361,"Name":"Nuga Tree","Scientific":"Ficus benghalensis","Health":"Old","Height_m_":17.0,"Diameter_m":3.0,"Age_Years_":25},"geometry":{"type":"Point","coordinates":[79.8586702024846,6.902711262889275]}},{"type":"Feature","properties":{"ID":3139,"Elevation":5.395,"Name":"Kohomba Tree","Scientific":"Azadirachta indica","Health":"Old","Height_m_":9.0,"Diameter_m":2.4,"Age_Years_":15},"geometry":{"type":"Point","coordinates":[79.8586433179511,6.902900606646811]}},{"type":"Feature","properties":{"ID":3154,"Elevation":5.152,"Name":"Kohomba Tree","Scientific":"Azadirachta indica","Health":"Old","Height_m_":10.0,"Diameter_m":4.3,"Age_Years_":30},"geometry":{"type":"Point","coordinates":[79.8585033610885,6.903206963395237]}},{"type":"Feature","properties":{"ID":3212,"Elevation":5.373,"Name":"Na Tree","Scientific":"Mesua ferrea","Health":"Old","Height_m_":8.0,"Diameter_m":4.3,"Age_Years_":21},"geometry":{"type":"Point","coordinates":[79.85840725298262,6.905220585886892]}},{"type":"Feature","properties":{"ID":3216,"Elevation":5.359,"Name":"Mango Tree","Scientific":"Mangifera indica","Health":"Good","Height_m_":14.0,"Diameter_m":3.5,"Age_Years_":15},"geometry":{"type":"Point","coordinates":[79.8584257615757,6.905490012287541]}},{"type":"Feature","properties":{"ID":3231,"Elevation":5.125,"Name":"Nuga Tree","Scientific":"Ficus benghalensis","Health":"Old","Height_m_":13.0,"Diameter_m":4.0,"Age_Years_":16},"geometry":{"type":"Point","coordinates":[79.85858370697147,6.9057703135210184]}},{"type":"Feature","properties":{"ID":3268,"Elevation":6.141,"Name":"Kohomba Tree","Scientific":"Azadirachta indica","Health":"Old","Height_m_":12.0,"Diameter_m":2.5,"Age_Years_":14},"geometry":{"type":"Point","coordinates":[79.85906208344781,6.906227678666158]}},{"type":"Feature","properties":{"ID":3296,"Elevation":6.243,"Name":"Kohomba Tree","Scientific":"Azadirachta indica","Health":"Good","Height_m_":15.0,"Diameter_m":1.5,"Age_Years_":30},"geometry":{"type":"Point","coordinates":[79.85978404372054,6.907089421859239]}},{"type":"Feature","properties":{"ID":3308,"Elevation":5.949,"Name":"Na Tree","Scientific":"Mesua ferrea","Health":"Good","Height_m_":9.0,"Diameter_m":2.5,"Age_Years_":30},"geometry":{"type":"Point","coordinates":[79.8599551668782,6.907269751711331]}},{"type":"Feature","properties":{"ID":3309,"Elevation":6.09,"Name":"Kohomba Tree","Scientific":"Azadirachta indica","Health":"Good","Height_m_":10.0,"Diameter_m":2.5,"Age_Years_":35},"geometry":{"type":"Point","coordinates":[79.86001508115277,6.907383688683887]}},{"type":"Feature","properties":{"ID":3319,"Elevation":6.129,"Name":"Kohomba Tree","Scientific":"Azadirachta indica","Health":"Good","Height_m_":9.0,"Diameter_m":1.5,"Age_Years_":20},"geometry":{"type":"Point","coordinates":[79.85974358567167,6.906706230905253]}},{"type":"Feature","properties":{"ID":3325,"Elevation":5.859,"Name":"Mahogani Tree","Scientific":"Swietenia macrophylla","Health":"Good","Height_m_":14.0,"Diameter_m":3.5,"Age_Years_":18},"geometry":{"type":"Point","coordinates":[79.85954025431043,6.9064540358644395]}},{"type":"Feature","properties":{"ID":3329,"Elevation":5.916,"Name":"Mahogani Tree","Scientific":"Swietenia macrophylla","Health":"Good","Height_m_":12.0,"Diameter_m":3.5,"Age_Years_":25},"geometry":{"type":"Point","coordinates":[79.85932102052182,6.906148163482409]}},{"type":"Feature","properties":{"ID":4027,"Elevation":7.156,"Name":"Kohomba Tree","Scientific":"Azadirachta indica","Health":"Good","Height_m_":9.0,"Diameter_m":1.5,"Age_Years_":20},"geometry":{"type":"Point","coordinates":[79.86054806002014,6.908591723209701]}},{"type":"Feature","properties":{"ID":4028,"Elevation":7.144,"Name":"Mango Tree","Scientific":"Mangifera indica","Health":"Good","Height_m_":8.0,"Diameter_m":2.5,"Age_Years_":24},"geometry":{"type":"Point","coordinates":[79.86055451895784,6.908634775954836]}},{"type":"Feature","properties":{"ID":4029,"Elevation":7.3,"Name":"Kohomba Tree","Scientific":"Azadirachta indica","Health":"Good","Height_m_":9.0,"Diameter_m":4.5,"Age_Years_":18},"geometry":{"type":"Point","coordinates":[79.86056350387933,6.908672317881859]}},{"type":"Feature","properties":{"ID":4031,"Elevation":7.431,"Name":"Kohomba Tree","Scientific":"Azadirachta indica","Health":"Good","Height_m_":10.0,"Diameter_m":1.5,"Age_Years_":2},"geometry":{"type":"Point","coordinates":[79.86057049474256,6.908706962508802]}},{"type":"Feature","properties":{"ID":4039,"Elevation":6.771,"Name":"Mango Tree","Scientific":"Mangifera indica","Health":"Good","Height_m_":9.0,"Diameter_m":3.5,"Age_Years_":15},"geometry":{"type":"Point","coordinates":[79.86064116293339,6.908945538144127]}},{"type":"Feature","properties":{"ID":4041,"Elevation":6.934,"Name":"Na Tree","Scientific":"Mesua ferrea","Health":"Good","Height_m_":13.0,"Diameter_m":2.5,"Age_Years_":15},"geometry":{"type":"Point","coordinates":[79.86065241145405,6.909057500793514]}},{"type":"Feature","properties":{"ID":4089,"Elevation":7.167,"Name":"Boo Tree","Scientific":"Ficus religiosa","Health":"Good","Height_m_":18.0,"Diameter_m":2.9,"Age_Years_":15},"geometry":{"type":"Point","coordinates":[79.85988505594993,6.909664467340761]}},{"type":"Feature","properties":{"ID":4126,"Elevation":6.661,"Name":"Araliya Tree","Scientific":"Plumeria spp","Health":"Good","Height_m_":18.0,"Diameter_m":2.8,"Age_Years_":15},"geometry":{"type":"Point","coordinates":[79.86160317546212,6.909370465304917]}},{"type":"Feature","properties":{"ID":4133,"Elevation":6.325,"Name":"Mahogani Tree","Scientific":"Swietenia macrophylla","Health":"Good","Height_m_":18.0,"Diameter_m":2.5,"Age_Years_":15},"geometry":{"type":"Point","coordinates":[79.86181667457616,6.909465003302378]}},{"type":"Feature","properties":{"ID":4135,"Elevation":6.966,"Name":"Kohomba Tree","Scientific":"Azadirachta indica","Health":"Good","Height_m_":18.0,"Diameter_m":2.4,"Age_Years_":13},"geometry":{"type":"Point","coordinates":[79.86188668867305,6.909474631881217]}},{"type":"Feature","properties":{"ID":4139,"Elevation":7.117,"Name":"Mahogani Tree","Scientific":"Swietenia macrophylla","Health":"Good","Height_m_":18.0,"Diameter_m":2.8,"Age_Years_":20},"geometry":{"type":"Point","coordinates":[79.86200104547464,6.909490132487227]}},{"type":"Feature","properties":{"ID":4141,"Elevation":8.201,"Name":"Kohomba Tree","Scientific":"Azadirachta indica","Health":"Good","Height_m_":18.0,"Diameter_m":2.8,"Age_Years_":50},"geometry":{"type":"Point","coordinates":[79.86208078832907,6.909479887110934]}},{"type":"Feature","properties":{"ID":4145,"Elevation":6.425,"Name":"Kohomba Tree","Scientific":"Azadirachta indica","Health":"Good","Height_m_":18.0,"Diameter_m":2.8,"Age_Years_":14},"geometry":{"type":"Point","coordinates":[79.86220204905369,6.909504714270668]}},{"type":"Feature","properties":{"ID":4151,"Elevation":6.637,"Name":"Mahogani Tree","Scientific":"Swietenia macrophylla","Health":"Good","Height_m_":18.0,"Diameter_m":2.8,"Age_Years_":25},"geometry":{"type":"Point","coordinates":[79.86242614990127,6.9095772096576]}},{"type":"Feature","properties":{"ID":4153,"Elevation":7.184,"Name":"Mango Tree","Scientific":"Mangifera indica","Health":"Good","Height_m_":18.0,"Diameter_m":2.8,"Age_Years_":15},"geometry":{"type":"Point","coordinates":[79.86042580822097,6.907770376377204]}},{"type":"Feature","properties":{"ID":4161,"Elevation":6.976,"Name":"Kohomba Tree","Scientific":"Azadirachta indica","Health":"Good","Height_m_":18.0,"Diameter_m":2.3,"Age_Years_":30},"geometry":{"type":"Point","coordinates":[79.86060563469354,6.908106635484839]}},{"type":"Feature","properties":{"ID":4201,"Elevation":6.708,"Name":"Mango Tree","Scientific":"Mangifera indica","Health":"Good","Height_m_":18.0,"Diameter_m":2.8,"Age_Years_":21},"geometry":{"type":"Point","coordinates":[79.86150883404322,6.909185102195497]}},{"type":"Feature","properties":{"ID":4209,"Elevation":6.38,"Name":"Kohomba Tree","Scientific":"Azadirachta indica","Health":"Good","Height_m_":18.0,"Diameter_m":2.8,"Age_Years_":15},"geometry":{"type":"Point","coordinates":[79.86160831428396,6.909201297688604]}},{"type":"Feature","properties":{"ID":4216,"Elevation":6.539,"Name":"Kohomba Tree","Scientific":"Azadirachta indica","Health":"Good","Height_m_":18.0,"Diameter_m":3.4,"Age_Years_":16},"geometry":{"type":"Point","coordinates":[79.8620135489358,6.909245839215722]}},{"type":"Feature","properties":{"ID":4223,"Elevation":6.506,"Name":"Kohomba Tree","Scientific":"Azadirachta indica","Health":"Good","Height_m_":18.0,"Diameter_m":3.8,"Age_Years_":14},"geometry":{"type":"Point","coordinates":[79.86216029445596,6.909272614121887]}},{"type":"Feature","properties":{"ID":4228,"Elevation":6.475,"Name":"Kohomba Tree","Scientific":"Azadirachta indica","Health":"Good","Height_m_":18.0,"Diameter_m":2.8,"Age_Years_":30},"geometry":{"type":"Point","coordinates":[79.8624424229313,6.909339343462966]}},{"type":"Feature","properties":{"ID":4241,"Elevation":6.713,"Name":"Mango Tree","Scientific":"Mangifera indica","Health":"Good","Height_m_":18.0,"Diameter_m":2.4,"Age_Years_":30},"geometry":{"type":"Point","coordinates":[79.8625328116539,6.909373460841104]}},{"type":"Feature","properties":{"ID":4278,"Elevation":6.821,"Name":"Mahogani Tree","Scientific":"Albert Cresent","Health":"Good","Height_m_":18.0,"Diameter_m":2.4,"Age_Years_":35},"geometry":{"type":"Point","coordinates":[79.8625321856462,6.909624034067118]}},{"type":"Feature","properties":{"ID":4280,"Elevation":7.007,"Name":"Kohomba Tree","Scientific":"Azadirachta indica","Health":"Good","Height_m_":18.0,"Diameter_m":2.3,"Age_Years_":20},"geometry":{"type":"Point","coordinates":[79.86257712523897,6.90964420274403]}},{"type":"Feature","properties":{"ID":4290,"Elevation":6.479,"Name":"Jack Tree","Scientific":"Artocarpus heterophyllus","Health":"Good","Height_m_":6.0,"Diameter_m":3.7,"Age_Years_":18},"geometry":{"type":"Point","coordinates":[79.86291292569754,6.909777919131697]}},{"type":"Feature","properties":{"ID":4295,"Elevation":7.066,"Name":"Kohomba Tree","Scientific":"Azadirachta indica","Health":"Good","Height_m_":12.0,"Diameter_m":5.7,"Age_Years_":25},"geometry":{"type":"Point","coordinates":[79.8630848414096,6.909744458408116]}},{"type":"Feature","properties":{"ID":4297,"Elevation":7.296,"Name":"Kohomba Tree","Scientific":"Azadirachta indica","Health":"Good","Height_m_":13.0,"Diameter_m":2.7,"Age_Years_":20},"geometry":{"type":"Point","coordinates":[79.8631986473003,6.909806642007702]}},{"type":"Feature","properties":{"ID":4302,"Elevation":7.081,"Name":"Mahogani Tree","Scientific":"Albert Cresent","Health":"Good","Height_m_":13.0,"Diameter_m":2.7,"Age_Years_":24},"geometry":{"type":"Point","coordinates":[79.86359305045241,6.9101491979572]}},{"type":"Feature","properties":{"ID":4304,"Elevation":7.335,"Name":"Mango Tree","Scientific":"Mangifera indica","Health":"Good","Height_m_":9.0,"Diameter_m":2.7,"Age_Years_":18},"geometry":{"type":"Point","coordinates":[79.86376272852041,6.910310635044891]}},{"type":"Feature","properties":{"ID":4305,"Elevation":7.345,"Name":"Kohomba Tree","Scientific":"Azadirachta indica","Health":"Good","Height_m_":9.5,"Diameter_m":2.7,"Age_Years_":26},"geometry":{"type":"Point","coordinates":[79.86384073637439,6.910398357151192]}},{"type":"Feature","properties":{"ID":4307,"Elevation":7.359,"Name":"Mango Tree","Scientific":"Albert Cresent","Health":"Good","Height_m_":9.5,"Diameter_m":2.7,"Age_Years_":15},"geometry":{"type":"Point","coordinates":[79.86392892326116,6.910490891054156]}},{"type":"Feature","properties":{"ID":4308,"Elevation":7.348,"Name":"Mahogani Tree","Scientific":"Albert Cresent","Health":"Good","Height_m_":9.5,"Diameter_m":2.7,"Age_Years_":15},"geometry":{"type":"Point","coordinates":[79.86397360606463,6.910541241635302]}},{"type":"Feature","properties":{"ID":4312,"Elevation":7.336,"Name":"Mahogani Tree","Scientific":"Swietenia macrophylla","Health":"Good","Height_m_":7.5,"Diameter_m":2.7,"Age_Years_":15},"geometry":{"type":"Point","coordinates":[79.86403783468434,6.910614262008326]}},{"type":"Feature","properties":{"ID":4314,"Elevation":7.546,"Name":"Mango Tree","Scientific":"Mangifera indica","Health":"Good","Height_m_":6.0,"Diameter_m":3.7,"Age_Years_":15},"geometry":{"type":"Point","coordinates":[79.86409335034773,6.910691786736761]}},{"type":"Feature","properties":{"ID":4315,"Elevation":7.379,"Name":"Kohomba Tree","Scientific":"Azadirachta indica","Health":"Good","Height_m_":6.5,"Diameter_m":2.7,"Age_Years_":15},"geometry":{"type":"Point","coordinates":[79.86413379177297,6.910750438869564]}},{"type":"Feature","properties":{"ID":4316,"Elevation":7.488,"Name":"Kohomba Tree","Scientific":"Azadirachta indica","Health":"Good","Height_m_":7.5,"Diameter_m":2.5,"Age_Years_":13},"geometry":{"type":"Point","coordinates":[79.86417698341246,6.910799882372051]}},{"type":"Feature","properties":{"ID":4318,"Elevation":7.499,"Name":"Kohomba Tree","Scientific":"Azadirachta indica","Health":"Good","Height_m_":8.5,"Diameter_m":2.7,"Age_Years_":20},"geometry":{"type":"Point","coordinates":[79.86427927442413,6.910954869856814]}},{"type":"Feature","properties":{"ID":4319,"Elevation":7.662,"Name":"Mango Tree","Scientific":"Mangifera indica","Health":"Good","Height_m_":7.5,"Diameter_m":2.3,"Age_Years_":50},"geometry":{"type":"Point","coordinates":[79.86433214985351,6.911045636180176]}},{"type":"Feature","properties":{"ID":4321,"Elevation":7.59,"Name":"Mahogani Tree","Scientific":"Swietenia macrophylla","Health":"Good","Height_m_":8.0,"Diameter_m":3.7,"Age_Years_":14},"geometry":{"type":"Point","coordinates":[79.86442509010199,6.911207477733964]}},{"type":"Feature","properties":{"ID":4349,"Elevation":7.57,"Name":"Kohomba Tree","Scientific":"Azadirachta indica","Health":"Good","Height_m_":9.0,"Diameter_m":3.7,"Age_Years_":25},"geometry":{"type":"Point","coordinates":[79.86440045668111,6.910860440176362]}},{"type":"Feature","properties":{"ID":4350,"Elevation":7.079,"Name":"Kohomba Tree","Scientific":"Azadirachta indica","Health":"Good","Height_m_":12.0,"Diameter_m":2.7,"Age_Years_":15},"geometry":{"type":"Point","coordinates":[79.864376886211,6.910813231484061]}},{"type":"Feature","properties":{"ID":4351,"Elevation":6.944,"Name":"Kohomba Tree","Scientific":"Azadirachta indica","Health":"Good","Height_m_":14.0,"Diameter_m":4.7,"Age_Years_":30},"geometry":{"type":"Point","coordinates":[79.864332227416,6.910750321508553]}},{"type":"Feature","properties":{"ID":4356,"Elevation":7.12,"Name":"Mango Tree","Scientific":"Mangifera indica","Health":"Good","Height_m_":16.0,"Diameter_m":3.7,"Age_Years_":21},"geometry":{"type":"Point","coordinates":[79.86432667067146,6.911364458994121]}},{"type":"Feature","properties":{"ID":4360,"Elevation":7.054,"Name":"Kohomba Tree","Scientific":"Azadirachta indica","Health":"Good","Height_m_":17.0,"Diameter_m":2.7,"Age_Years_":15},"geometry":{"type":"Point","coordinates":[79.86429965970235,6.9112900722146104]}},{"type":"Feature","properties":{"ID":4362,"Elevation":6.991,"Name":"Kohomba Tree","Scientific":"Azadirachta indica","Health":"Good","Height_m_":15.0,"Diameter_m":2.7,"Age_Years_":16},"geometry":{"type":"Point","coordinates":[79.86429963202463,6.911224281880511]}},{"type":"Feature","properties":{"ID":4365,"Elevation":7.305,"Name":"Mango Tree","Scientific":"Mangifera indica","Health":"Good","Height_m_":6.0,"Diameter_m":2.7,"Age_Years_":14},"geometry":{"type":"Point","coordinates":[79.86422679203918,6.9111121470223384]}},{"type":"Feature","properties":{"ID":4381,"Elevation":7.001,"Name":"Mahogani Tree","Scientific":"Swietenia macrophylla","Health":"Good","Height_m_":6.0,"Diameter_m":2.7,"Age_Years_":30},"geometry":{"type":"Point","coordinates":[79.86337232687164,6.910103528382859]}},{"type":"Feature","properties":{"ID":4388,"Elevation":7.057,"Name":"Mahogani Tree","Scientific":"Swietenia macrophylla","Health":"Good","Height_m_":6.0,"Diameter_m":2.7,"Age_Years_":30},"geometry":{"type":"Point","coordinates":[79.86416323722963,6.910527236897555]}},{"type":"Feature","properties":{"ID":5001,"Elevation":5.665,"Name":"Kohomba Tree","Scientific":"Azadirachta indica","Health":"Good","Height_m_":6.0,"Diameter_m":2.5,"Age_Years_":35},"geometry":{"type":"Point","coordinates":[79.8592319722989,6.905874261146967]}},{"type":"Feature","properties":{"ID":5003,"Elevation":5.051,"Name":"Mahogani Tree","Scientific":"Swietenia macrophylla","Health":"Good","Height_m_":6.0,"Diameter_m":2.7,"Age_Years_":20},"geometry":{"type":"Point","coordinates":[79.85928975012999,6.905800724525707]}},{"type":"Feature","properties":{"ID":5004,"Elevation":5.111,"Name":"Coconut Tree","Scientific":"Cocos nucifera","Health":"Good","Height_m_":15.0,"Diameter_m":2.7,"Age_Years_":18},"geometry":{"type":"Point","coordinates":[79.8593553630411,6.905788526384551]}},{"type":"Feature","properties":{"ID":5006,"Elevation":4.914,"Name":"Mahogani Tree","Scientific":"Swietenia macrophylla","Health":"Good","Height_m_":14.0,"Diameter_m":2.7,"Age_Years_":25},"geometry":{"type":"Point","coordinates":[79.85940856648699,6.905727025002316]}},{"type":"Feature","properties":{"ID":5022,"Elevation":6.584,"Name":"Mahogani Tree","Scientific":"Swietenia macrophylla","Health":"Good","Height_m_":14.0,"Diameter_m":2.7,"Age_Years_":20},"geometry":{"type":"Point","coordinates":[79.85987357962702,6.905526488683974]}},{"type":"Feature","properties":{"ID":5025,"Elevation":3.781,"Name":"Mango Tree","Scientific":"Mangifera indica","Health":"Good","Height_m_":16.0,"Diameter_m":2.5,"Age_Years_":24},"geometry":{"type":"Point","coordinates":[79.86022568423827,6.905475110173628]}},{"type":"Feature","properties":{"ID":5048,"Elevation":7.594,"Name":"Mahogani Tree","Scientific":"Swietenia macrophylla","Health":"Good","Height_m_":14.0,"Diameter_m":2.6,"Age_Years_":18},"geometry":{"type":"Point","coordinates":[79.86105481799179,6.905373342702594]}},{"type":"Feature","properties":{"ID":5051,"Elevation":7.864,"Name":"Mahogani Tree","Scientific":"Swietenia macrophylla","Health":"Good","Height_m_":12.0,"Diameter_m":2.7,"Age_Years_":26},"geometry":{"type":"Point","coordinates":[79.86126531605879,6.905328898040214]}},{"type":"Feature","properties":{"ID":5064,"Elevation":7.513,"Name":"Na Tree","Scientific":"Mesua ferrea","Health":"Good","Height_m_":15.0,"Diameter_m":2.7,"Age_Years_":15},"geometry":{"type":"Point","coordinates":[79.86171795909826,6.90536409045224]}},{"type":"Feature","properties":{"ID":5067,"Elevation":7.363,"Name":"Kohomba Tree","Scientific":"Azadirachta indica","Health":"Good","Height_m_":13.0,"Diameter_m":2.7,"Age_Years_":15},"geometry":{"type":"Point","coordinates":[79.8621624189115,6.905424873954077]}},{"type":"Feature","properties":{"ID":5068,"Elevation":7.585,"Name":"Mahogani Tree","Scientific":"Swietenia macrophylla","Health":"Good","Height_m_":15.0,"Diameter_m":3.2,"Age_Years_":15},"geometry":{"type":"Point","coordinates":[79.86223422584924,6.90539110380497]}},{"type":"Feature","properties":{"ID":5093,"Elevation":7.638,"Name":"Mahogani Tree","Scientific":"Swietenia macrophylla","Health":"Good","Height_m_":15.0,"Diameter_m":2.7,"Age_Years_":15},"geometry":{"type":"Point","coordinates":[79.86250854474795,6.905169700610849]}},{"type":"Feature","properties":{"ID":5099,"Elevation":7.47,"Name":"Mango Tree","Scientific":"Mangifera indica","Health":"Good","Height_m_":8.0,"Diameter_m":2.7,"Age_Years_":15},"geometry":{"type":"Point","coordinates":[79.86233926511811,6.9052825469214705]}},{"type":"Feature","properties":{"ID":5103,"Elevation":7.351,"Name":"Mahogani Tree","Scientific":"Swietenia macrophylla","Health":"Good","Height_m_":12.0,"Diameter_m":2.7,"Age_Years_":13},"geometry":{"type":"Point","coordinates":[79.86217434390471,6.905260131827098]}},{"type":"Feature","properties":{"ID":5105,"Elevation":7.441,"Name":"Kohomba Tree","Scientific":"Azadirachta indica","Health":"Good","Height_m_":15.0,"Diameter_m":2.7,"Age_Years_":20},"geometry":{"type":"Point","coordinates":[79.86209455128173,6.905263686069153]}},{"type":"Feature","properties":{"ID":5109,"Elevation":7.64,"Name":"Kottamba Tree","Scientific":"Terminalia catappa","Health":"Good","Height_m_":12.0,"Diameter_m":2.6,"Age_Years_":50},"geometry":{"type":"Point","coordinates":[79.86202949912499,6.905252493791176]}},{"type":"Feature","properties":{"ID":5110,"Elevation":7.338,"Name":"Mango Tree","Scientific":"Mangifera indica","Health":"Good","Height_m_":13.0,"Diameter_m":2.7,"Age_Years_":14},"geometry":{"type":"Point","coordinates":[79.86197112415651,6.9052508718020285]}},{"type":"Feature","properties":{"ID":5111,"Elevation":7.432,"Name":"Kottamba Tree","Scientific":"Terminalia catappa","Health":"Good","Height_m_":13.0,"Diameter_m":2.7,"Age_Years_":25},"geometry":{"type":"Point","coordinates":[79.86189967729204,6.9052479226709655]}},{"type":"Feature","properties":{"ID":5124,"Elevation":7.037,"Name":"Kottamba Tree","Scientific":"Terminalia catappa","Health":"Good","Height_m_":12.0,"Diameter_m":2.7,"Age_Years_":15},"geometry":{"type":"Point","coordinates":[79.86155906213122,6.905224880981753]}},{"type":"Feature","properties":{"ID":5125,"Elevation":7.107,"Name":"Na Tree","Scientific":"Mesua ferrea","Health":"Good","Height_m_":15.0,"Diameter_m":2.7,"Age_Years_":30},"geometry":{"type":"Point","coordinates":[79.86132848409763,6.9052329018745855]}},{"type":"Feature","properties":{"ID":5129,"Elevation":7.484,"Name":"Kottamba Tree","Scientific":"Terminalia catappa","Health":"Good","Height_m_":12.0,"Diameter_m":2.7,"Age_Years_":21},"geometry":{"type":"Point","coordinates":[79.8612260559933,6.905235029085451]}},{"type":"Feature","properties":{"ID":5137,"Elevation":7.554,"Name":"Kohomba Tree","Scientific":"Azadirachta indica","Health":"Good","Height_m_":15.0,"Diameter_m":2.7,"Age_Years_":15},"geometry":{"type":"Point","coordinates":[79.86077264683514,6.905236048318964]}},{"type":"Feature","properties":{"ID":5144,"Elevation":6.148,"Name":"Kottamba Tree","Scientific":"Terminalia catappa","Health":"Good","Height_m_":12.0,"Diameter_m":2.7,"Age_Years_":16},"geometry":{"type":"Point","coordinates":[79.86047163141204,6.9052855180741375]}},{"type":"Feature","properties":{"ID":5150,"Elevation":4.699,"Name":"Nuga Tree","Scientific":"Ficus benghalensis","Health":"Good","Height_m_":15.0,"Diameter_m":2.7,"Age_Years_":14},"geometry":{"type":"Point","coordinates":[79.86021834753097,6.905347494144589]}},{"type":"Feature","properties":{"ID":5153,"Elevation":6.681,"Name":"Kottamba Tree","Scientific":"Terminalia catappa","Health":"Good","Height_m_":16.0,"Diameter_m":2.7,"Age_Years_":30},"geometry":{"type":"Point","coordinates":[79.8600453202884,6.905362243805748]}},{"type":"Feature","properties":{"ID":5167,"Elevation":5.065,"Name":"Mango Tree","Scientific":"Mangifera indica","Health":"Good","Height_m_":8.0,"Diameter_m":2.7,"Age_Years_":30},"geometry":{"type":"Point","coordinates":[79.85944308822741,6.905546747021081]}},{"type":"Feature","properties":{"ID":5174,"Elevation":4.841,"Name":"Kottamba Tree","Scientific":"Terminalia catappa","Health":"Good","Height_m_":12.0,"Diameter_m":2.3,"Age_Years_":35},"geometry":{"type":"Point","coordinates":[79.85933306212927,6.9056133925593315]}},{"type":"Feature","properties":{"ID":5219,"Elevation":5.161,"Name":"Mahogani Tree","Scientific":"Swietenia macrophylla","Health":"Good","Height_m_":13.0,"Diameter_m":2.3,"Age_Years_":20},"geometry":{"type":"Point","coordinates":[79.85855445369812,6.905235716394937]}},{"type":"Feature","properties":{"ID":5220,"Elevation":5.263,"Name":"Kottamba Tree","Scientific":"Terminalia catappa","Health":"Good","Height_m_":15.0,"Diameter_m":2.4,"Age_Years_":18},"geometry":{"type":"Point","coordinates":[79.85854995044527,6.905163922629728]}},{"type":"Feature","properties":{"ID":5231,"Elevation":5.294,"Name":"Kottamba Tree","Scientific":"Terminalia catappa","Health":"Good","Height_m_":15.0,"Diameter_m":2.7,"Age_Years_":25},"geometry":{"type":"Point","coordinates":[79.85850794237545,6.904702894457011]}},{"type":"Feature","properties":{"ID":5265,"Elevation":5.213,"Name":"Mango Tree","Scientific":"Mangifera indica","Health":"Good","Height_m_":8.0,"Diameter_m":2.7,"Age_Years_":20},"geometry":{"type":"Point","coordinates":[79.85870968521914,6.90307428811697]}},{"type":"Feature","properties":{"ID":5278,"Elevation":5.546,"Name":"Kohomba Tree","Scientific":"Azadirachta indica","Health":"Good","Height_m_":14.0,"Diameter_m":2.4,"Age_Years_":24},"geometry":{"type":"Point","coordinates":[79.85890503913389,6.902488022580025]}},{"type":"Feature","properties":{"ID":5283,"Elevation":5.845,"Name":"Mahogani Tree","Scientific":"Swietenia macrophylla","Health":"Good","Height_m_":15.0,"Diameter_m":2.7,"Age_Years_":18},"geometry":{"type":"Point","coordinates":[79.85899499128722,6.90222183387149]}},{"type":"Feature","properties":{"ID":5285,"Elevation":6.002,"Name":"Kottamba Tree","Scientific":"Terminalia catappa","Health":"Good","Height_m_":14.0,"Diameter_m":2.5,"Age_Years_":26},"geometry":{"type":"Point","coordinates":[79.85903938965733,6.902090356927037]}},{"type":"Feature","properties":{"ID":5296,"Elevation":9.166,"Name":"Mahogani Tree","Scientific":"Swietenia macrophylla","Health":"Good","Height_m_":14.0,"Diameter_m":2.7,"Age_Years_":15},"geometry":{"type":"Point","coordinates":[79.859241744934,6.901443423149573]}},{"type":"Feature","properties":{"ID":5309,"Elevation":7.398,"Name":"Kottamba Tree","Scientific":"Terminalia catappa","Health":"Good","Height_m_":12.0,"Diameter_m":2.7,"Age_Years_":15},"geometry":{"type":"Point","coordinates":[79.8593217500463,6.9011928218344325]}},{"type":"Feature","properties":{"ID":5312,"Elevation":7.56,"Name":"Kottamba Tree","Scientific":"Terminalia catappa","Health":"Good","Height_m_":15.0,"Diameter_m":2.3,"Age_Years_":15},"geometry":{"type":"Point","coordinates":[79.85935600918519,6.901049986562572]}},{"type":"Feature","properties":{"ID":5318,"Elevation":11.965,"Name":"Nuga Tree","Scientific":"Ficus benghalensis","Health":"Good","Height_m_":14.0,"Diameter_m":2.7,"Age_Years_":15},"geometry":{"type":"Point","coordinates":[79.8594204367761,6.900774200180944]}},{"type":"Feature","properties":{"ID":5320,"Elevation":6.935,"Name":"Na Tree","Scientific":"Mesua ferrea","Health":"Good","Height_m_":14.0,"Diameter_m":2.7,"Age_Years_":15},"geometry":{"type":"Point","coordinates":[79.85950384457264,6.900654778896361]}},{"type":"Feature","properties":{"ID":5323,"Elevation":7.598,"Name":"Mahogani Tree","Scientific":"Swietenia macrophylla","Health":"Good","Height_m_":12.0,"Diameter_m":3.7,"Age_Years_":13},"geometry":{"type":"Point","coordinates":[79.85953767965103,6.9005206683951785]}},{"type":"Feature","properties":{"ID":5329,"Elevation":7.72,"Name":"Mango Tree","Scientific":"Mangifera indica","Health":"Good","Height_m_":15.0,"Diameter_m":2.7,"Age_Years_":20},"geometry":{"type":"Point","coordinates":[79.85961297882899,6.900265690609653]}},{"type":"Feature","properties":{"ID":5336,"Elevation":7.895,"Name":"Kohomba Tree","Scientific":"Azadirachta indica","Health":"Good","Height_m_":12.0,"Diameter_m":2.5,"Age_Years_":50},"geometry":{"type":"Point","coordinates":[79.85971707961568,6.900004935990245]}},{"type":"Feature","properties":{"ID":5338,"Elevation":7.855,"Name":"Kohomba Tree","Scientific":"Azadirachta indica","Health":"Good","Height_m_":12.0,"Diameter_m":2.7,"Age_Years_":14},"geometry":{"type":"Point","coordinates":[79.85974430524519,6.89988717893735]}},{"type":"Feature","properties":{"ID":5346,"Elevation":7.6,"Name":"Kottamba Tree","Scientific":"Terminalia catappa","Health":"Good","Height_m_":14.0,"Diameter_m":2.7,"Age_Years_":25},"geometry":{"type":"Point","coordinates":[79.85978749868126,6.899732732637549]}},{"type":"Feature","properties":{"ID":5347,"Elevation":7.754,"Name":"Kohomba Tree","Scientific":"Azadirachta indica","Health":"Good","Height_m_":13.0,"Diameter_m":2.6,"Age_Years_":15},"geometry":{"type":"Point","coordinates":[79.8598197598745,6.899621812024792]}},{"type":"Feature","properties":{"ID":5352,"Elevation":8.174,"Name":"Kottamba Tree","Scientific":"Terminalia catappa","Health":"Good","Height_m_":13.0,"Diameter_m":2.7,"Age_Years_":30},"geometry":{"type":"Point","coordinates":[79.85989457159559,6.899483675075883]}},{"type":"Feature","properties":{"ID":5356,"Elevation":7.591,"Name":"Kohomba Tree","Scientific":"Azadirachta indica","Health":"Good","Height_m_":12.0,"Diameter_m":2.8,"Age_Years_":21},"geometry":{"type":"Point","coordinates":[79.85997066119265,6.899367937816344]}},{"type":"Feature","properties":{"ID":6000,"Elevation":6.798000259,"Name":"Na Tree","Scientific":"Mesua ferrea","Health":"Good","Height_m_":12.1,"Diameter_m":2.8,"Age_Years_":0},"geometry":{"type":"Point","coordinates":[79.86257743484717,6.903699607322352]}},{"type":"Feature","properties":{"ID":6001,"Elevation":7.260000153,"Name":"Na Tree","Scientific":"Mesua ferrea","Health":"Good","Height_m_":11.1,"Diameter_m":2.8,"Age_Years_":23},"geometry":{"type":"Point","coordinates":[79.8625825475324,6.903628590572645]}},{"type":"Feature","properties":{"ID":6002,"Elevation":7.269999428,"Name":"Na Tree","Scientific":"Mesua ferrea","Health":"Good","Height_m_":11.5,"Diameter_m":2.9,"Age_Years_":23},"geometry":{"type":"Point","coordinates":[79.86258537189751,6.903660879874931]}},{"type":"Feature","properties":{"ID":6003,"Elevation":7.222000044,"Name":"Jack Tree","Scientific":"Artocarpus heterophyllus","Health":"Good","Height_m_":11.7,"Diameter_m":2.9,"Age_Years_":23},"geometry":{"type":"Point","coordinates":[79.86258011677688,6.903589217544484]}},{"type":"Feature","properties":{"ID":6004,"Elevation":7.20199962,"Name":"Mango Tree","Scientific":"Mangifera indica","Health":"Good","Height_m_":10.0,"Diameter_m":2.9,"Age_Years_":24},"geometry":{"type":"Point","coordinates":[79.86259729236336,6.903540797495743]}},{"type":"Feature","properties":{"ID":6005,"Elevation":7.225999822,"Name":"Mango Tree","Scientific":"Mangifera indica","Health":"Good","Height_m_":8.3,"Diameter_m":2.9,"Age_Years_":24},"geometry":{"type":"Point","coordinates":[79.86268875456089,6.903387421723494]}},{"type":"Feature","properties":{"ID":6006,"Elevation":7.215000117,"Name":"Kottamba Tree","Scientific":"Terminalia catappa","Health":"Good","Height_m_":12.0,"Diameter_m":2.9,"Age_Years_":24},"geometry":{"type":"Point","coordinates":[79.86274369907522,6.903295255138834]}},{"type":"Feature","properties":{"ID":6007,"Elevation":7.321999439,"Name":"Mahogani Tree","Scientific":"Swietenia macrophylla","Health":"Good","Height_m_":6.2,"Diameter_m":2.9,"Age_Years_":24},"geometry":{"type":"Point","coordinates":[79.86261419131216,6.903499799570269]}},{"type":"Feature","properties":{"ID":6008,"Elevation":7.253000186,"Name":"Kottamba Tree","Scientific":"Terminalia catappa","Health":"Good","Height_m_":8.9,"Diameter_m":3.0,"Age_Years_":24},"geometry":{"type":"Point","coordinates":[79.86263251766223,6.903474087325279]}},{"type":"Feature","properties":{"ID":6009,"Elevation":7.255000068,"Name":"Kohomba Tree","Scientific":"Azadirachta indica","Health":"Good","Height_m_":8.7,"Diameter_m":3.0,"Age_Years_":25},"geometry":{"type":"Point","coordinates":[79.86264282531458,6.90345420814079]}},{"type":"Feature","properties":{"ID":6010,"Elevation":7.281999542,"Name":"Na Tree","Scientific":"Mesua ferrea","Health":"Good","Height_m_":6.1,"Diameter_m":3.0,"Age_Years_":25},"geometry":{"type":"Point","coordinates":[79.86265276279276,6.903433914118778]}},{"type":"Feature","properties":{"ID":6011,"Elevation":7.239000233,"Name":"Jack Tree","Scientific":"Artocarpus heterophyllus","Health":"Good","Height_m_":4.8,"Diameter_m":3.0,"Age_Years_":25},"geometry":{"type":"Point","coordinates":[79.86266410403724,6.90341764651778]}},{"type":"Feature","properties":{"ID":6012,"Elevation":7.197999892,"Name":"Na Tree","Scientific":"Mesua ferrea","Health":"Good","Height_m_":11.7,"Diameter_m":3.0,"Age_Years_":25},"geometry":{"type":"Point","coordinates":[79.86280269079981,6.903248814933795]}},{"type":"Feature","properties":{"ID":6013,"Elevation":7.420999457,"Name":"Jack Tree","Scientific":"Artocarpus heterophyllus","Health":"Good","Height_m_":7.9,"Diameter_m":3.0,"Age_Years_":25},"geometry":{"type":"Point","coordinates":[79.86284038704008,6.903195794683701]}},{"type":"Feature","properties":{"ID":6014,"Elevation":6.87199968,"Name":"Jack Tree","Scientific":"Artocarpus heterophyllus","Health":"Good","Height_m_":8.2,"Diameter_m":3.1,"Age_Years_":26},"geometry":{"type":"Point","coordinates":[79.86285535953208,6.903215698792277]}},{"type":"Feature","properties":{"ID":6015,"Elevation":7.342999509,"Name":"Jack Tree","Scientific":"Artocarpus heterophyllus","Health":"Good","Height_m_":13.0,"Diameter_m":3.1,"Age_Years_":26},"geometry":{"type":"Point","coordinates":[79.86288732390145,6.903084810604783]}},{"type":"Feature","properties":{"ID":6016,"Elevation":7.61199944,"Name":"Palmyra Tree","Scientific":"Borassus flabellifer","Health":"Good","Height_m_":14.6,"Diameter_m":3.1,"Age_Years_":26},"geometry":{"type":"Point","coordinates":[79.85982193126586,6.899278474547955]}},{"type":"Feature","properties":{"ID":6017,"Elevation":7.558999944,"Name":"Mango Tree","Scientific":"Mangifera indica","Health":"Good","Height_m_":19.4,"Diameter_m":3.1,"Age_Years_":26},"geometry":{"type":"Point","coordinates":[79.85979863485576,6.8992727106768434]}},{"type":"Feature","properties":{"ID":6018,"Elevation":7.607000279,"Name":"Jack Tree","Scientific":"Artocarpus heterophyllus","Health":"Good","Height_m_":18.6,"Diameter_m":3.1,"Age_Years_":27},"geometry":{"type":"Point","coordinates":[79.8597749505916,6.899266319442904]}},{"type":"Feature","properties":{"ID":6019,"Elevation":7.595999646,"Name":"Na Tree","Scientific":"Mesua ferrea","Health":"Good","Height_m_":15.4,"Diameter_m":3.1,"Age_Years_":27},"geometry":{"type":"Point","coordinates":[79.85975054321038,6.8993254087156455]}},{"type":"Feature","properties":{"ID":6020,"Elevation":7.633000302,"Name":"Na Tree","Scientific":"Mesua ferrea","Health":"Good","Height_m_":12.3,"Diameter_m":3.2,"Age_Years_":27},"geometry":{"type":"Point","coordinates":[79.85970751383206,6.899305225490744]}},{"type":"Feature","properties":{"ID":6021,"Elevation":7.619999814,"Name":"Kohomba Tree","Scientific":"Azadirachta indica","Health":"Good","Height_m_":13.1,"Diameter_m":3.2,"Age_Years_":27},"geometry":{"type":"Point","coordinates":[79.85972620644631,6.8992537097455635]}},{"type":"Feature","properties":{"ID":6022,"Elevation":7.630999494,"Name":"Mango Tree","Scientific":"Mangifera indica","Health":"Good","Height_m_":13.6,"Diameter_m":3.2,"Age_Years_":27},"geometry":{"type":"Point","coordinates":[79.85968716509998,6.899295772679993]}},{"type":"Feature","properties":{"ID":6023,"Elevation":7.67199986,"Name":"Kottamba Tree","Scientific":"Azadirachta indica","Health":"Good","Height_m_":15.6,"Diameter_m":3.2,"Age_Years_":28},"geometry":{"type":"Point","coordinates":[79.85970201556783,6.8992472831750735]}},{"type":"Feature","properties":{"ID":6024,"Elevation":7.633000252,"Name":"Kottamba Tree","Scientific":"Azadirachta indica","Health":"Good","Height_m_":17.1,"Diameter_m":3.2,"Age_Years_":28},"geometry":{"type":"Point","coordinates":[79.85987356823713,6.899287690871658]}},{"type":"Feature","properties":{"ID":6025,"Elevation":7.600999755,"Name":"Mango Tree","Scientific":"Mangifera indica","Health":"Good","Height_m_":15.1,"Diameter_m":3.2,"Age_Years_":28},"geometry":{"type":"Point","coordinates":[79.85997268305853,6.89936576707726]}},{"type":"Feature","properties":{"ID":6026,"Elevation":7.841999954,"Name":"Na Tree","Scientific":"Mesua ferrea","Health":"Good","Height_m_":22.4,"Diameter_m":3.2,"Age_Years_":28},"geometry":{"type":"Point","coordinates":[79.85989865915622,6.899484772498859]}},{"type":"Feature","properties":{"ID":6027,"Elevation":7.498000103,"Name":"Mango Tree","Scientific":"Mangifera indica","Health":"Good","Height_m_":0.0,"Diameter_m":3.3,"Age_Years_":28},"geometry":{"type":"Point","coordinates":[79.86265028558984,6.904376019549855]}},{"type":"Feature","properties":{"ID":6028,"Elevation":7.564000098,"Name":"Mango Tree","Scientific":"Mangifera indica","Health":"Good","Height_m_":19.4,"Diameter_m":3.3,"Age_Years_":29},"geometry":{"type":"Point","coordinates":[79.86269815586968,6.904646326103189]}},{"type":"Feature","properties":{"ID":6029,"Elevation":7.147000253,"Name":"Kohomba Tree","Scientific":"Azadirachta indica","Health":"Good","Height_m_":19.7,"Diameter_m":3.3,"Age_Years_":29},"geometry":{"type":"Point","coordinates":[79.86246353352034,6.90296179475734]}},{"type":"Feature","properties":{"ID":6030,"Elevation":6.984999617,"Name":"Mango Tree","Scientific":"Mangifera indica","Health":"Good","Height_m_":12.9,"Diameter_m":3.3,"Age_Years_":29},"geometry":{"type":"Point","coordinates":[79.86253055453759,6.902993579557579]}},{"type":"Feature","properties":{"ID":6031,"Elevation":7.045999447,"Name":"Jack Tree","Scientific":"Artocarpus heterophyllus","Health":"Good","Height_m_":16.2,"Diameter_m":3.3,"Age_Years_":29},"geometry":{"type":"Point","coordinates":[79.86262501113914,6.9030903572342295]}},{"type":"Feature","properties":{"ID":6032,"Elevation":7.024999529,"Name":"Jack Tree","Scientific":"Artocarpus heterophyllus","Health":"Good","Height_m_":20.5,"Diameter_m":3.3,"Age_Years_":29},"geometry":{"type":"Point","coordinates":[79.86282040289547,6.902920672388597]}},{"type":"Feature","properties":{"ID":6033,"Elevation":6.958000107,"Name":"Na Tree","Scientific":"Mesua ferrea","Health":"Good","Height_m_":18.2,"Diameter_m":3.4,"Age_Years_":30},"geometry":{"type":"Point","coordinates":[79.86278604157857,6.9028813439841255]}},{"type":"Feature","properties":{"ID":6034,"Elevation":7.078000007,"Name":"Mango Tree","Scientific":"Mangifera indica","Health":"Good","Height_m_":20.9,"Diameter_m":3.4,"Age_Years_":30},"geometry":{"type":"Point","coordinates":[79.86283388217433,6.902884116608671]}},{"type":"Feature","properties":{"ID":6035,"Elevation":7.263999852,"Name":"Kohomba Tree","Scientific":"Azadirachta indica","Health":"Good","Height_m_":18.3,"Diameter_m":3.4,"Age_Years_":30},"geometry":{"type":"Point","coordinates":[79.86271115828016,6.902924789749924]}},{"type":"Feature","properties":{"ID":6036,"Elevation":7.003000274,"Name":"Kohomba Tree","Scientific":"Azadirachta indica","Health":"Good","Height_m_":22.2,"Diameter_m":3.4,"Age_Years_":30},"geometry":{"type":"Point","coordinates":[79.86279172740508,6.902950185104898]}},{"type":"Feature","properties":{"ID":6037,"Elevation":7.102000146,"Name":"Kohomba Tree","Scientific":"Azadirachta indica","Health":"Good","Height_m_":18.9,"Diameter_m":3.4,"Age_Years_":30},"geometry":{"type":"Point","coordinates":[79.86270117907722,6.903080037850154]}},{"type":"Feature","properties":{"ID":6038,"Elevation":6.635000114,"Name":"Kohomba Tree","Scientific":"Azadirachta indica","Health":"Good","Height_m_":12.2,"Diameter_m":3.4,"Age_Years_":31},"geometry":{"type":"Point","coordinates":[79.86210446185213,6.902641848314175]}},{"type":"Feature","properties":{"ID":6039,"Elevation":6.635999565,"Name":"Kohomba Tree","Scientific":"Azadirachta indica","Health":"Good","Height_m_":13.9,"Diameter_m":3.5,"Age_Years_":31},"geometry":{"type":"Point","coordinates":[79.86212009964834,6.902678081926217]}},{"type":"Feature","properties":{"ID":6040,"Elevation":6.607999687,"Name":"Jack Tree","Scientific":"Artocarpus heterophyllus","Health":"Good","Height_m_":13.2,"Diameter_m":3.5,"Age_Years_":31},"geometry":{"type":"Point","coordinates":[79.86208855111742,6.902601682676831]}},{"type":"Feature","properties":{"ID":6041,"Elevation":6.676999962,"Name":"Mango Tree","Scientific":"Mangifera indica","Health":"Good","Height_m_":16.5,"Diameter_m":3.5,"Age_Years_":31},"geometry":{"type":"Point","coordinates":[79.86213342682086,6.9027207915763205]}},{"type":"Feature","properties":{"ID":6042,"Elevation":6.682000077,"Name":"Jack Tree","Scientific":"Artocarpus heterophyllus","Health":"Good","Height_m_":16.9,"Diameter_m":3.5,"Age_Years_":31},"geometry":{"type":"Point","coordinates":[79.86217947425617,6.9028564018264245]}},{"type":"Feature","properties":{"ID":6043,"Elevation":6.673000252,"Name":"Kohomba Tree","Scientific":"Azadirachta indica","Health":"Good","Height_m_":16.7,"Diameter_m":3.5,"Age_Years_":32},"geometry":{"type":"Point","coordinates":[79.86214674163347,6.902755800052338]}},{"type":"Feature","properties":{"ID":6044,"Elevation":6.756999869,"Name":"Mango Tree","Scientific":"Mangifera indica","Health":"Good","Height_m_":15.6,"Diameter_m":3.5,"Age_Years_":32},"geometry":{"type":"Point","coordinates":[79.8622451331087,6.902989750262447]}},{"type":"Feature","properties":{"ID":6045,"Elevation":6.694000144,"Name":"Jack Tree","Scientific":"Artocarpus heterophyllus","Health":"Good","Height_m_":15.9,"Diameter_m":3.6,"Age_Years_":32},"geometry":{"type":"Point","coordinates":[79.86219845741152,6.902908036916964]}},{"type":"Feature","properties":{"ID":6046,"Elevation":6.996000221,"Name":"Kohomba Tree","Scientific":"Azadirachta indica","Health":"Good","Height_m_":25.5,"Diameter_m":3.6,"Age_Years_":32},"geometry":{"type":"Point","coordinates":[79.86237367720518,6.903579646892842]}},{"type":"Feature","properties":{"ID":6047,"Elevation":6.947999808,"Name":"Kohomba Tree","Scientific":"Azadirachta indica","Health":"Good","Height_m_":17.6,"Diameter_m":3.6,"Age_Years_":32},"geometry":{"type":"Point","coordinates":[79.8623161527443,6.903186848489415]}},{"type":"Feature","properties":{"ID":6048,"Elevation":6.692999732,"Name":"Mango Tree","Scientific":"Mangifera indica","Health":"Good","Height_m_":16.8,"Diameter_m":3.6,"Age_Years_":33},"geometry":{"type":"Point","coordinates":[79.86204447128043,6.902449776015097]}},{"type":"Feature","properties":{"ID":6049,"Elevation":6.458000068,"Name":"Jack Tree","Scientific":"Artocarpus heterophyllus","Health":"Good","Height_m_":12.8,"Diameter_m":3.6,"Age_Years_":33},"geometry":{"type":"Point","coordinates":[79.86189413887338,6.902082057855252]}},{"type":"Feature","properties":{"ID":6050,"Elevation":6.517999533,"Name":"Mango Tree","Scientific":"Mangifera indica","Health":"Good","Height_m_":12.1,"Diameter_m":3.6,"Age_Years_":33},"geometry":{"type":"Point","coordinates":[79.86192067995019,6.902169890277757]}},{"type":"Feature","properties":{"ID":6051,"Elevation":6.524000097,"Name":"Kohomba Tree","Scientific":"Azadirachta indica","Health":"Good","Height_m_":9.1,"Diameter_m":3.6,"Age_Years_":33},"geometry":{"type":"Point","coordinates":[79.86194321453283,6.9022143862163325]}},{"type":"Feature","properties":{"ID":6052,"Elevation":6.58699984,"Name":"Mango Tree","Scientific":"Mangifera indica","Health":"Good","Height_m_":10.1,"Diameter_m":3.7,"Age_Years_":33},"geometry":{"type":"Point","coordinates":[79.86197007868533,6.902265901693342]}},{"type":"Feature","properties":{"ID":6053,"Elevation":6.475999785,"Name":"Kohomba Tree","Scientific":"Azadirachta indica","Health":"Good","Height_m_":18.3,"Diameter_m":3.7,"Age_Years_":34},"geometry":{"type":"Point","coordinates":[79.86183897692084,6.9019481743370825]}},{"type":"Feature","properties":{"ID":6054,"Elevation":6.701000163,"Name":"Jack Tree","Scientific":"Artocarpus heterophyllus","Health":"Good","Height_m_":17.5,"Diameter_m":3.7,"Age_Years_":34},"geometry":{"type":"Point","coordinates":[79.86181278846247,6.901879336407545]}},{"type":"Feature","properties":{"ID":6055,"Elevation":6.609999589,"Name":"Araliya Tree","Scientific":"Plumeria spp","Health":"Good","Height_m_":24.7,"Diameter_m":3.7,"Age_Years_":34},"geometry":{"type":"Point","coordinates":[79.86200388717404,6.901857855282163]}},{"type":"Feature","properties":{"ID":6056,"Elevation":6.600999659,"Name":"Mango Tree","Scientific":"Mangifera indica","Health":"Good","Height_m_":24.4,"Diameter_m":3.7,"Age_Years_":34},"geometry":{"type":"Point","coordinates":[79.86201506595734,6.901879074993791]}},{"type":"Feature","properties":{"ID":6057,"Elevation":6.80899996,"Name":"Na Tree","Scientific":"Mesua ferrea","Health":"Good","Height_m_":10.2,"Diameter_m":3.7,"Age_Years_":34},"geometry":{"type":"Point","coordinates":[79.86204015326528,6.901965374702801]}},{"type":"Feature","properties":{"ID":6058,"Elevation":6.574999699,"Name":"Na Tree","Scientific":"Mesua ferrea","Health":"Good","Height_m_":7.2,"Diameter_m":3.8,"Age_Years_":35},"geometry":{"type":"Point","coordinates":[79.86206493586181,6.902012445612518]}},{"type":"Feature","properties":{"ID":6059,"Elevation":6.53800007,"Name":"Na Tree","Scientific":"Mesua ferrea","Health":"Good","Height_m_":9.4,"Diameter_m":3.8,"Age_Years_":35},"geometry":{"type":"Point","coordinates":[79.86207059163952,6.902054465112504]}},{"type":"Feature","properties":{"ID":6060,"Elevation":6.621999667,"Name":"Jack Tree","Scientific":"Artocarpus heterophyllus","Health":"Good","Height_m_":14.3,"Diameter_m":3.8,"Age_Years_":35},"geometry":{"type":"Point","coordinates":[79.86203864263707,6.901936890119463]}},{"type":"Feature","properties":{"ID":6061,"Elevation":6.250999334,"Name":"Mango Tree","Scientific":"Mangifera indica","Health":"Good","Height_m_":9.3,"Diameter_m":3.8,"Age_Years_":35},"geometry":{"type":"Point","coordinates":[79.86212944550047,6.902108079990589]}},{"type":"Feature","properties":{"ID":6062,"Elevation":6.324999541,"Name":"Mango Tree","Scientific":"Mangifera indica","Health":"Good","Height_m_":8.9,"Diameter_m":3.8,"Age_Years_":36},"geometry":{"type":"Point","coordinates":[79.86209624962697,6.902126289524029]}},{"type":"Feature","properties":{"ID":6063,"Elevation":6.362999857,"Name":"Kottamba Tree","Scientific":"Terminalia catappa","Health":"Good","Height_m_":8.3,"Diameter_m":3.8,"Age_Years_":36},"geometry":{"type":"Point","coordinates":[79.86209067683329,6.902107030034634]}},{"type":"Feature","properties":{"ID":6064,"Elevation":6.319000177,"Name":"Mahogani Tree","Scientific":"Swietenia macrophylla","Health":"Good","Height_m_":8.9,"Diameter_m":3.9,"Age_Years_":36},"geometry":{"type":"Point","coordinates":[79.86208073679074,6.902067385817773]}},{"type":"Feature","properties":{"ID":6065,"Elevation":6.635999595,"Name":"Kottamba Tree","Scientific":"Terminalia catappa","Health":"Good","Height_m_":8.8,"Diameter_m":3.9,"Age_Years_":36},"geometry":{"type":"Point","coordinates":[79.86212482913346,6.902203344960472]}},{"type":"Feature","properties":{"ID":6066,"Elevation":6.333999559,"Name":"Kohomba Tree","Scientific":"Azadirachta indica","Health":"Good","Height_m_":9.8,"Diameter_m":3.9,"Age_Years_":36},"geometry":{"type":"Point","coordinates":[79.86210625640783,6.902145306142653]}},{"type":"Feature","properties":{"ID":6067,"Elevation":6.555000214,"Name":"Na Tree","Scientific":"Mesua ferrea","Health":"Good","Height_m_":10.5,"Diameter_m":3.9,"Age_Years_":37},"geometry":{"type":"Point","coordinates":[79.86209353808187,6.902157799636073]}},{"type":"Feature","properties":{"ID":6068,"Elevation":6.822999883,"Name":"Jack Tree","Scientific":"Artocarpus heterophyllus","Health":"Good","Height_m_":4.0,"Diameter_m":3.9,"Age_Years_":37},"geometry":{"type":"Point","coordinates":[79.86216754999639,6.902304326657828]}},{"type":"Feature","properties":{"ID":6069,"Elevation":6.878999646,"Name":"Na Tree","Scientific":"Mesua ferrea","Health":"Good","Height_m_":0.0,"Diameter_m":3.9,"Age_Years_":37},"geometry":{"type":"Point","coordinates":[79.8621742005745,6.902332458505785]}},{"type":"Feature","properties":{"ID":6070,"Elevation":6.850000318,"Name":"Jack Tree","Scientific":"Artocarpus heterophyllus","Health":"Good","Height_m_":13.5,"Diameter_m":4.0,"Age_Years_":37},"geometry":{"type":"Point","coordinates":[79.86218140259002,6.902346703660341]}},{"type":"Feature","properties":{"ID":6071,"Elevation":6.822999891,"Name":"Jack Tree","Scientific":"Artocarpus heterophyllus","Health":"Good","Height_m_":4.1,"Diameter_m":4.0,"Age_Years_":37},"geometry":{"type":"Point","coordinates":[79.86216793050058,6.902304072400155]}},{"type":"Feature","properties":{"ID":6072,"Elevation":6.723999909,"Name":"Jack Tree","Scientific":"Artocarpus heterophyllus","Health":"Good","Height_m_":5.8,"Diameter_m":4.0,"Age_Years_":38},"geometry":{"type":"Point","coordinates":[79.86217141607109,6.902288841346454]}},{"type":"Feature","properties":{"ID":6073,"Elevation":6.82299988,"Name":"Palmyra Tree","Scientific":"Borassus flabellifer","Health":"Good","Height_m_":4.0,"Diameter_m":4.0,"Age_Years_":38},"geometry":{"type":"Point","coordinates":[79.862168002657,6.902304190989882]}},{"type":"Feature","properties":{"ID":6074,"Elevation":6.786999598,"Name":"Mango Tree","Scientific":"Mangifera indica","Health":"Good","Height_m_":15.7,"Diameter_m":4.0,"Age_Years_":38},"geometry":{"type":"Point","coordinates":[79.86223060142804,6.9024526184785975]}},{"type":"Feature","properties":{"ID":6075,"Elevation":6.883999831,"Name":"Jack Tree","Scientific":"Artocarpus heterophyllus","Health":"Good","Height_m_":17.6,"Diameter_m":4.0,"Age_Years_":38},"geometry":{"type":"Point","coordinates":[79.8622670831623,6.902570395655396]}},{"type":"Feature","properties":{"ID":6076,"Elevation":6.762999507,"Name":"Na Tree","Scientific":"Mesua ferrea","Health":"Good","Height_m_":17.8,"Diameter_m":4.1,"Age_Years_":38},"geometry":{"type":"Point","coordinates":[79.8622605083066,6.9025263769957]}},{"type":"Feature","properties":{"ID":6077,"Elevation":6.696999528,"Name":"Na Tree","Scientific":"Mesua ferrea","Health":"Good","Height_m_":17.1,"Diameter_m":4.1,"Age_Years_":39},"geometry":{"type":"Point","coordinates":[79.86230117586561,6.902669507180811]}},{"type":"Feature","properties":{"ID":6078,"Elevation":6.722999416,"Name":"Kohomba Tree","Scientific":"Azadirachta indica","Health":"Good","Height_m_":17.5,"Diameter_m":4.1,"Age_Years_":39},"geometry":{"type":"Point","coordinates":[79.86216881973722,6.9027930153216746]}},{"type":"Feature","properties":{"ID":6079,"Elevation":6.723999864,"Name":"Mango Tree","Scientific":"Mangifera indica","Health":"Good","Height_m_":17.4,"Diameter_m":4.1,"Age_Years_":39},"geometry":{"type":"Point","coordinates":[79.86217275594,6.902806991995958]}},{"type":"Feature","properties":{"ID":6080,"Elevation":6.854999426,"Name":"Kottamba Tree","Scientific":"Azadirachta indica","Health":"Good","Height_m_":16.5,"Diameter_m":4.1,"Age_Years_":39},"geometry":{"type":"Point","coordinates":[79.86240968619403,6.902925415590375]}},{"type":"Feature","properties":{"ID":6081,"Elevation":6.933999908,"Name":"Kottamba Tree","Scientific":"Azadirachta indica","Health":"Good","Height_m_":19.9,"Diameter_m":4.1,"Age_Years_":39},"geometry":{"type":"Point","coordinates":[79.86243522055426,6.902972120821911]}},{"type":"Feature","properties":{"ID":6082,"Elevation":6.772000254,"Name":"Mango Tree","Scientific":"Mangifera indica","Health":"Good","Height_m_":8.0,"Diameter_m":4.1,"Age_Years_":40},"geometry":{"type":"Point","coordinates":[79.86236275280001,6.902817667769683]}},{"type":"Feature","properties":{"ID":6083,"Elevation":6.822999829,"Name":"Na Tree","Scientific":"Mesua ferrea","Health":"Good","Height_m_":8.1,"Diameter_m":4.2,"Age_Years_":40},"geometry":{"type":"Point","coordinates":[79.86238341500521,6.90277703603386]}},{"type":"Feature","properties":{"ID":6084,"Elevation":4.531999389,"Name":"Mango Tree","Scientific":"Mangifera indica","Health":"Good","Height_m_":20.0,"Diameter_m":4.2,"Age_Years_":40},"geometry":{"type":"Point","coordinates":[79.86179045925651,6.901355572903893]}},{"type":"Feature","properties":{"ID":6085,"Elevation":6.623000048,"Name":"Mango Tree","Scientific":"Mangifera indica","Health":"Good","Height_m_":15.3,"Diameter_m":4.2,"Age_Years_":40},"geometry":{"type":"Point","coordinates":[79.86167652892614,6.90154778553597]}},{"type":"Feature","properties":{"ID":6086,"Elevation":6.60399996,"Name":"Kohomba Tree","Scientific":"Azadirachta indica","Health":"Good","Height_m_":15.7,"Diameter_m":4.2,"Age_Years_":40},"geometry":{"type":"Point","coordinates":[79.86163843966469,6.901433253174728]}},{"type":"Feature","properties":{"ID":6087,"Elevation":7.185999808,"Name":"Mango Tree","Scientific":"Mangifera indica","Health":"Good","Height_m_":15.8,"Diameter_m":4.2,"Age_Years_":41},"geometry":{"type":"Point","coordinates":[79.86172729775178,6.901604043321805]}},{"type":"Feature","properties":{"ID":6088,"Elevation":6.682000079,"Name":"Jack Tree","Scientific":"Artocarpus heterophyllus","Health":"Good","Height_m_":20.0,"Diameter_m":4.2,"Age_Years_":41},"geometry":{"type":"Point","coordinates":[79.86192339327998,6.901727407128614]}},{"type":"Feature","properties":{"ID":6089,"Elevation":6.635999577,"Name":"Jack Tree","Scientific":"Artocarpus heterophyllus","Health":"Good","Height_m_":14.3,"Diameter_m":4.3,"Age_Years_":41},"geometry":{"type":"Point","coordinates":[79.86174280762249,6.901240329590297]}},{"type":"Feature","properties":{"ID":6090,"Elevation":6.776999431,"Name":"Na Tree","Scientific":"Mesua ferrea","Health":"Good","Height_m_":15.4,"Diameter_m":4.3,"Age_Years_":41},"geometry":{"type":"Point","coordinates":[79.86158689640158,6.901313833982643]}},{"type":"Feature","properties":{"ID":6091,"Elevation":7.055000297,"Name":"Mango Tree","Scientific":"Mangifera indica","Health":"Good","Height_m_":15.9,"Diameter_m":4.3,"Age_Years_":41},"geometry":{"type":"Point","coordinates":[79.86174068752874,6.90118526913032]}},{"type":"Feature","properties":{"ID":6092,"Elevation":6.885999775,"Name":"Kohomba Tree","Scientific":"Azadirachta indica","Health":"Good","Height_m_":11.4,"Diameter_m":4.3,"Age_Years_":42},"geometry":{"type":"Point","coordinates":[79.86138391413185,6.900418609467218]}},{"type":"Feature","properties":{"ID":6093,"Elevation":6.968999797,"Name":"Kohomba Tree","Scientific":"Azadirachta indica","Health":"Good","Height_m_":6.7,"Diameter_m":4.3,"Age_Years_":42},"geometry":{"type":"Point","coordinates":[79.8613479407345,6.900323697069616]}},{"type":"Feature","properties":{"ID":6094,"Elevation":6.946000041,"Name":"Kohomba Tree","Scientific":"Azadirachta indica","Health":"Good","Height_m_":15.8,"Diameter_m":4.3,"Age_Years_":42},"geometry":{"type":"Point","coordinates":[79.86106408001724,6.9001300315709795]}},{"type":"Feature","properties":{"ID":6095,"Elevation":6.897000222,"Name":"Kohomba Tree","Scientific":"Azadirachta indica","Health":"Good","Height_m_":9.1,"Diameter_m":4.4,"Age_Years_":42},"geometry":{"type":"Point","coordinates":[79.86112639770573,6.900316159595524]}},{"type":"Feature","properties":{"ID":6096,"Elevation":6.973999915,"Name":"Kohomba Tree","Scientific":"Azadirachta indica","Health":"Good","Height_m_":9.5,"Diameter_m":4.4,"Age_Years_":42},"geometry":{"type":"Point","coordinates":[79.86122533117737,6.900498297054386]}},{"type":"Feature","properties":{"ID":6097,"Elevation":6.661999569,"Name":"Jack Tree","Scientific":"Artocarpus heterophyllus","Health":"Good","Height_m_":8.6,"Diameter_m":4.4,"Age_Years_":43},"geometry":{"type":"Point","coordinates":[79.86121288141783,6.900380405897208]}},{"type":"Feature","properties":{"ID":6098,"Elevation":6.982000372,"Name":"Mango Tree","Scientific":"Mangifera indica","Health":"Good","Height_m_":14.1,"Diameter_m":4.4,"Age_Years_":43},"geometry":{"type":"Point","coordinates":[79.86140169139362,6.900447916429729]}},{"type":"Feature","properties":{"ID":6099,"Elevation":6.817000376,"Name":"Jack Tree","Scientific":"Artocarpus heterophyllus","Health":"Good","Height_m_":15.7,"Diameter_m":4.4,"Age_Years_":43},"geometry":{"type":"Point","coordinates":[79.86140711907281,6.90051445131577]}},{"type":"Feature","properties":{"ID":6100,"Elevation":6.782999992,"Name":"Kohomba Tree","Scientific":"Azadirachta indica","Health":"Good","Height_m_":16.1,"Diameter_m":4.4,"Age_Years_":43},"geometry":{"type":"Point","coordinates":[79.86149993462904,6.900688015044823]}},{"type":"Feature","properties":{"ID":6101,"Elevation":7.048999822,"Name":"Mango Tree","Scientific":"Mangifera indica","Health":"Good","Height_m_":23.4,"Diameter_m":4.5,"Age_Years_":43},"geometry":{"type":"Point","coordinates":[79.86087220720002,6.899236183707047]}},{"type":"Feature","properties":{"ID":6102,"Elevation":6.911000006,"Name":"Jack Tree","Scientific":"Artocarpus heterophyllus","Health":"Good","Height_m_":23.8,"Diameter_m":4.5,"Age_Years_":44},"geometry":{"type":"Point","coordinates":[79.86084476586122,6.899212078189761]}},{"type":"Feature","properties":{"ID":6103,"Elevation":6.960000134,"Name":"Kohomba Tree","Scientific":"Azadirachta indica","Health":"Good","Height_m_":23.1,"Diameter_m":4.5,"Age_Years_":44},"geometry":{"type":"Point","coordinates":[79.8608356547129,6.899179044417961]}},{"type":"Feature","properties":{"ID":6104,"Elevation":7.543000146,"Name":"Kohomba Tree","Scientific":"Azadirachta indica","Health":"Good","Height_m_":16.3,"Diameter_m":4.5,"Age_Years_":44},"geometry":{"type":"Point","coordinates":[79.86050595615585,6.898543788091926]}},{"type":"Feature","properties":{"ID":6105,"Elevation":7.314000074,"Name":"Mango Tree","Scientific":"Mangifera indica","Health":"Good","Height_m_":14.7,"Diameter_m":4.5,"Age_Years_":44},"geometry":{"type":"Point","coordinates":[79.86055521811022,6.8989978769398475]}},{"type":"Feature","properties":{"ID":6106,"Elevation":7.545999461,"Name":"Jack Tree","Scientific":"Artocarpus heterophyllus","Health":"Good","Height_m_":21.6,"Diameter_m":4.5,"Age_Years_":44},"geometry":{"type":"Point","coordinates":[79.86021487969144,6.898941534291717]}},{"type":"Feature","properties":{"ID":6107,"Elevation":7.437999716,"Name":"Mango Tree","Scientific":"Mangifera indica","Health":"Good","Height_m_":3.4,"Diameter_m":4.6,"Age_Years_":45},"geometry":{"type":"Point","coordinates":[79.86023116541433,6.898094600275099]}},{"type":"Feature","properties":{"ID":6108,"Elevation":7.411000133,"Name":"Kohomba Tree","Scientific":"Azadirachta indica","Health":"Good","Height_m_":9.1,"Diameter_m":4.6,"Age_Years_":45},"geometry":{"type":"Point","coordinates":[79.8603203838815,6.898213885701852]}},{"type":"Feature","properties":{"ID":6109,"Elevation":7.248000087,"Name":"Mango Tree","Scientific":"Mangifera indica","Health":"Good","Height_m_":16.8,"Diameter_m":4.6,"Age_Years_":45},"geometry":{"type":"Point","coordinates":[79.86021534580303,6.8983084144187385]}},{"type":"Feature","properties":{"ID":6110,"Elevation":7.230999884,"Name":"Kohomba Tree","Scientific":"Azadirachta indica","Health":"Good","Height_m_":14.3,"Diameter_m":4.6,"Age_Years_":45},"geometry":{"type":"Point","coordinates":[79.86019111829881,6.898269285283011]}},{"type":"Feature","properties":{"ID":6111,"Elevation":7.142000111,"Name":"Jack Tree","Scientific":"Artocarpus heterophyllus","Health":"Good","Height_m_":15.4,"Diameter_m":4.6,"Age_Years_":46},"geometry":{"type":"Point","coordinates":[79.86049873238892,6.8982442902556595]}},{"type":"Feature","properties":{"ID":6112,"Elevation":7.282999962,"Name":"Araliya Tree","Scientific":"Plumeria spp","Health":"Good","Height_m_":15.6,"Diameter_m":4.6,"Age_Years_":46},"geometry":{"type":"Point","coordinates":[79.86048250644235,6.898175237223564]}},{"type":"Feature","properties":{"ID":6113,"Elevation":7.265000269,"Name":"Mango Tree","Scientific":"Mangifera indica","Health":"Good","Height_m_":14.0,"Diameter_m":4.6,"Age_Years_":46},"geometry":{"type":"Point","coordinates":[79.8604495434945,6.898110034742555]}},{"type":"Feature","properties":{"ID":6114,"Elevation":7.125999435,"Name":"Na Tree","Scientific":"Mesua ferrea","Health":"Good","Height_m_":13.9,"Diameter_m":4.7,"Age_Years_":46},"geometry":{"type":"Point","coordinates":[79.86038297889641,6.897930637602831]}},{"type":"Feature","properties":{"ID":6115,"Elevation":7.398999992,"Name":"Na Tree","Scientific":"Mesua ferrea","Health":"Good","Height_m_":12.6,"Diameter_m":4.7,"Age_Years_":46},"geometry":{"type":"Point","coordinates":[79.86006410607152,6.898103261951815]}},{"type":"Feature","properties":{"ID":6116,"Elevation":3.037000721,"Name":"Na Tree","Scientific":"Mesua ferrea","Health":"Good","Height_m_":15.2,"Diameter_m":4.7,"Age_Years_":47},"geometry":{"type":"Point","coordinates":[79.86012168895101,6.898163448152466]}},{"type":"Feature","properties":{"ID":6117,"Elevation":7.029999547,"Name":"Jack Tree","Scientific":"Artocarpus heterophyllus","Health":"Good","Height_m_":22.9,"Diameter_m":4.7,"Age_Years_":47},"geometry":{"type":"Point","coordinates":[79.86110946065845,6.899741116119504]}},{"type":"Feature","properties":{"ID":6118,"Elevation":6.895999812,"Name":"Mango Tree","Scientific":"Mangifera indica","Health":"Good","Height_m_":10.9,"Diameter_m":4.7,"Age_Years_":47},"geometry":{"type":"Point","coordinates":[79.8610301008143,6.899548128626327]}},{"type":"Feature","properties":{"ID":6119,"Elevation":7.036000172,"Name":"Mango Tree","Scientific":"Mangifera indica","Health":"Good","Height_m_":16.1,"Diameter_m":4.7,"Age_Years_":47},"geometry":{"type":"Point","coordinates":[79.86086645346592,6.899716151252808]}},{"type":"Feature","properties":{"ID":6120,"Elevation":6.967999325,"Name":"Kottamba Tree","Scientific":"Terminalia catappa","Health":"Good","Height_m_":13.8,"Diameter_m":4.8,"Age_Years_":47},"geometry":{"type":"Point","coordinates":[79.86084361880019,6.899639573374103]}},{"type":"Feature","properties":{"ID":6121,"Elevation":6.97199995,"Name":"Mahogani Tree","Scientific":"Swietenia macrophylla","Health":"Good","Height_m_":13.8,"Diameter_m":4.8,"Age_Years_":48},"geometry":{"type":"Point","coordinates":[79.86083611556491,6.899537263997853]}},{"type":"Feature","properties":{"ID":6122,"Elevation":6.88899994,"Name":"Kottamba Tree","Scientific":"Terminalia catappa","Health":"Good","Height_m_":19.8,"Diameter_m":4.8,"Age_Years_":48},"geometry":{"type":"Point","coordinates":[79.86095412597629,6.899420549968698]}},{"type":"Feature","properties":{"ID":6123,"Elevation":7.093999791,"Name":"Kohomba Tree","Scientific":"Azadirachta indica","Health":"Good","Height_m_":15.9,"Diameter_m":4.8,"Age_Years_":48},"geometry":{"type":"Point","coordinates":[79.86069473709473,6.8992993511917895]}},{"type":"Feature","properties":{"ID":6124,"Elevation":7.102999634,"Name":"Na Tree","Scientific":"Mesua ferrea","Health":"Good","Height_m_":15.5,"Diameter_m":4.8,"Age_Years_":48},"geometry":{"type":"Point","coordinates":[79.86067627986723,6.899256673273157]}},{"type":"Feature","properties":{"ID":6125,"Elevation":7.086999818,"Name":"Jack Tree","Scientific":"Artocarpus heterophyllus","Health":"Good","Height_m_":16.9,"Diameter_m":4.8,"Age_Years_":48},"geometry":{"type":"Point","coordinates":[79.86069545648569,6.89931579018829]}},{"type":"Feature","properties":{"ID":6126,"Elevation":7.032999951,"Name":"Na Tree","Scientific":"Mesua ferrea","Health":"Good","Height_m_":22.5,"Diameter_m":4.9,"Age_Years_":49},"geometry":{"type":"Point","coordinates":[79.86087175704172,6.899145534979172]}},{"type":"Feature","properties":{"ID":6127,"Elevation":7.126999812,"Name":"Jack Tree","Scientific":"Artocarpus heterophyllus","Health":"Good","Height_m_":7.8,"Diameter_m":4.9,"Age_Years_":49},"geometry":{"type":"Point","coordinates":[79.86079464629594,6.898865153646619]}},{"type":"Feature","properties":{"ID":6128,"Elevation":6.664999946,"Name":"Jack Tree","Scientific":"Artocarpus heterophyllus","Health":"Good","Height_m_":9.8,"Diameter_m":4.9,"Age_Years_":49},"geometry":{"type":"Point","coordinates":[79.86081624998033,6.898795959808962]}},{"type":"Feature","properties":{"ID":6129,"Elevation":7.55599971,"Name":"Jack Tree","Scientific":"Artocarpus heterophyllus","Health":"Good","Height_m_":12.2,"Diameter_m":4.9,"Age_Years_":49},"geometry":{"type":"Point","coordinates":[79.86075947604381,6.898620748076425]}},{"type":"Feature","properties":{"ID":6130,"Elevation":7.593999795,"Name":"Palmyra Tree","Scientific":"Borassus flabellifer","Health":"Good","Height_m_":15.7,"Diameter_m":4.9,"Age_Years_":49},"geometry":{"type":"Point","coordinates":[79.86046553389255,6.898457023088259]}},{"type":"Feature","properties":{"ID":6131,"Elevation":7.284999779,"Name":"Mango Tree","Scientific":"Mangifera indica","Health":"Good","Height_m_":15.0,"Diameter_m":4.9,"Age_Years_":50},"geometry":{"type":"Point","coordinates":[79.860260222761,6.898379407733737]}},{"type":"Feature","properties":{"ID":6132,"Elevation":7.161999845,"Name":"Jack Tree","Scientific":"Artocarpus heterophyllus","Health":"Good","Height_m_":5.0,"Diameter_m":5.0,"Age_Years_":50},"geometry":{"type":"Point","coordinates":[79.86054125221335,6.898303611111947]}},{"type":"Feature","properties":{"ID":6133,"Elevation":7.156000246,"Name":"Na Tree","Scientific":"Mesua ferrea","Health":"Good","Height_m_":12.5,"Diameter_m":5.0,"Age_Years_":50},"geometry":{"type":"Point","coordinates":[79.86047497990042,6.899040818438301]}},{"type":"Feature","properties":{"ID":6134,"Elevation":7.66899921,"Name":"Na Tree","Scientific":"Mesua ferrea","Health":"Good","Height_m_":21.5,"Diameter_m":5.0,"Age_Years_":50},"geometry":{"type":"Point","coordinates":[79.85997612057203,6.899135588326994]}},{"type":"Feature","properties":{"ID":6135,"Elevation":7.765999713,"Name":"Kohomba Tree","Scientific":"Azadirachta indica","Health":"Good","Height_m_":20.1,"Diameter_m":5.0,"Age_Years_":50},"geometry":{"type":"Point","coordinates":[79.8599232344676,6.899474795642975]}},{"type":"Feature","properties":{"ID":6136,"Elevation":7.885000177,"Name":"Mango Tree","Scientific":"Mangifera indica","Health":"Good","Height_m_":19.7,"Diameter_m":5.0,"Age_Years_":51},"geometry":{"type":"Point","coordinates":[79.85983681884461,6.899615242261832]}},{"type":"Feature","properties":{"ID":6137,"Elevation":7.803999835,"Name":"Kottamba Tree","Scientific":"Azadirachta indica","Health":"Good","Height_m_":23.6,"Diameter_m":5.0,"Age_Years_":51},"geometry":{"type":"Point","coordinates":[79.85977341419749,6.899439450775887]}},{"type":"Feature","properties":{"ID":6138,"Elevation":7.805999777,"Name":"Kottamba Tree","Scientific":"Azadirachta indica","Health":"Good","Height_m_":21.2,"Diameter_m":5.0,"Age_Years_":51},"geometry":{"type":"Point","coordinates":[79.8597604373588,6.899859158661417]}},{"type":"Feature","properties":{"ID":6139,"Elevation":7.876999739,"Name":"Mango Tree","Scientific":"Mangifera indica","Health":"Good","Height_m_":15.8,"Diameter_m":5.1,"Age_Years_":51},"geometry":{"type":"Point","coordinates":[79.85970743966156,6.9000163602307065]}},{"type":"Feature","properties":{"ID":6140,"Elevation":6.647999815,"Name":"Na Tree","Scientific":"Mesua ferrea","Health":"Good","Height_m_":11.7,"Diameter_m":5.1,"Age_Years_":51},"geometry":{"type":"Point","coordinates":[79.86150475134325,6.901143391253014]}},{"type":"Feature","properties":{"ID":6141,"Elevation":6.883000261,"Name":"Mango Tree","Scientific":"Mangifera indica","Health":"Good","Height_m_":12.3,"Diameter_m":5.1,"Age_Years_":52},"geometry":{"type":"Point","coordinates":[79.86144806984304,6.9010470303824025]}},{"type":"Feature","properties":{"ID":6142,"Elevation":6.62399962,"Name":"Mango Tree","Scientific":"Mangifera indica","Health":"Good","Height_m_":10.2,"Diameter_m":5.1,"Age_Years_":52},"geometry":{"type":"Point","coordinates":[79.86152617426255,6.901224895255082]}},{"type":"Feature","properties":{"ID":6143,"Elevation":6.814999455,"Name":"Kohomba Tree","Scientific":"Azadirachta indica","Health":"Good","Height_m_":16.0,"Diameter_m":5.1,"Age_Years_":52},"geometry":{"type":"Point","coordinates":[79.86166190347832,6.901040887654978]}},{"type":"Feature","properties":{"ID":6144,"Elevation":6.857000373,"Name":"Mango Tree","Scientific":"Mangifera indica","Health":"Good","Height_m_":12.8,"Diameter_m":5.1,"Age_Years_":52},"geometry":{"type":"Point","coordinates":[79.86173256514573,6.90106132806651]}},{"type":"Feature","properties":{"ID":6145,"Elevation":7.598061615,"Name":"Jack Tree","Scientific":"Artocarpus heterophyllus","Health":"Good","Height_m_":21.6,"Diameter_m":5.2,"Age_Years_":52},"geometry":{"type":"Point","coordinates":[79.86291734450862,6.905528456910832]}},{"type":"Feature","properties":{"ID":6146,"Elevation":7.262000015,"Name":"Jack Tree","Scientific":"Artocarpus heterophyllus","Health":"Good","Height_m_":18.5,"Diameter_m":5.2,"Age_Years_":53},"geometry":{"type":"Point","coordinates":[79.86280513814481,6.9055055471499225]}},{"type":"Feature","properties":{"ID":6147,"Elevation":7.026999431,"Name":"Na Tree","Scientific":"Mesua ferrea","Health":"Good","Height_m_":20.9,"Diameter_m":5.2,"Age_Years_":53},"geometry":{"type":"Point","coordinates":[79.86268791084488,6.905482258823662]}},{"type":"Feature","properties":{"ID":6148,"Elevation":7.357000294,"Name":"Mango Tree","Scientific":"Mangifera indica","Health":"Good","Height_m_":12.8,"Diameter_m":5.2,"Age_Years_":53},"geometry":{"type":"Point","coordinates":[79.86255921452346,6.904999649963256]}},{"type":"Feature","properties":{"ID":6149,"Elevation":7.310999813,"Name":"Kohomba Tree","Scientific":"Azadirachta indica","Health":"Good","Height_m_":11.2,"Diameter_m":5.2,"Age_Years_":53},"geometry":{"type":"Point","coordinates":[79.86255797298138,6.905057243001763]}},{"type":"Feature","properties":{"ID":6150,"Elevation":7.262000027,"Name":"Kohomba Tree","Scientific":"Azadirachta indica","Health":"Good","Height_m_":14.3,"Diameter_m":5.2,"Age_Years_":53},"geometry":{"type":"Point","coordinates":[79.86253707455437,6.905112466406865]}},{"type":"Feature","properties":{"ID":6151,"Elevation":7.281999531,"Name":"Kohomba Tree","Scientific":"Azadirachta indica","Health":"Good","Height_m_":14.1,"Diameter_m":5.3,"Age_Years_":54},"geometry":{"type":"Point","coordinates":[79.86251064766925,6.905163021631213]}},{"type":"Feature","properties":{"ID":6152,"Elevation":7.309999409,"Name":"Kohomba Tree","Scientific":"Azadirachta indica","Health":"Good","Height_m_":13.6,"Diameter_m":5.3,"Age_Years_":54},"geometry":{"type":"Point","coordinates":[79.86255816160642,6.905062678565245]}},{"type":"Feature","properties":{"ID":6153,"Elevation":7.453999462,"Name":"Kohomba Tree","Scientific":"Azadirachta indica","Health":"Good","Height_m_":14.5,"Diameter_m":5.3,"Age_Years_":54},"geometry":{"type":"Point","coordinates":[79.86254612552754,6.904884659187075]}},{"type":"Feature","properties":{"ID":6154,"Elevation":7.483254899,"Name":"Jack Tree","Scientific":"Artocarpus heterophyllus","Health":"Good","Height_m_":12.3,"Diameter_m":5.3,"Age_Years_":54},"geometry":{"type":"Point","coordinates":[79.86246755507582,6.9054346918814815]}},{"type":"Feature","properties":{"ID":6155,"Elevation":7.145999733,"Name":"Mango Tree","Scientific":"Mangifera indica","Health":"Good","Height_m_":19.6,"Diameter_m":5.3,"Age_Years_":54},"geometry":{"type":"Point","coordinates":[79.86244073875228,6.903976950261326]}},{"type":"Feature","properties":{"ID":6156,"Elevation":7.21599954,"Name":"Jack Tree","Scientific":"Artocarpus heterophyllus","Health":"Good","Height_m_":20.6,"Diameter_m":5.3,"Age_Years_":55},"geometry":{"type":"Point","coordinates":[79.86243620642566,6.904122711865137]}},{"type":"Feature","properties":{"ID":6157,"Elevation":7.220000222,"Name":"Kohomba Tree","Scientific":"Azadirachta indica","Health":"Good","Height_m_":22.3,"Diameter_m":5.4,"Age_Years_":55},"geometry":{"type":"Point","coordinates":[79.86242280778359,6.904051212961204]}},{"type":"Feature","properties":{"ID":6158,"Elevation":7.196000153,"Name":"Mango Tree","Scientific":"Mangifera indica","Health":"Good","Height_m_":12.8,"Diameter_m":5.4,"Age_Years_":55},"geometry":{"type":"Point","coordinates":[79.86244483797846,6.904212429586671]}},{"type":"Feature","properties":{"ID":6159,"Elevation":7.244999838,"Name":"Jack Tree","Scientific":"Artocarpus heterophyllus","Health":"Good","Height_m_":13.2,"Diameter_m":5.4,"Age_Years_":55},"geometry":{"type":"Point","coordinates":[79.86244981336709,6.904307255412078]}},{"type":"Feature","properties":{"ID":6160,"Elevation":7.248999599,"Name":"Kohomba Tree","Scientific":"Azadirachta indica","Health":"Good","Height_m_":13.1,"Diameter_m":5.4,"Age_Years_":56},"geometry":{"type":"Point","coordinates":[79.86245309348823,6.904356648705601]}},{"type":"Feature","properties":{"ID":6161,"Elevation":7.413000072,"Name":"Kohomba Tree","Scientific":"Azadirachta indica","Health":"Good","Height_m_":15.7,"Diameter_m":5.4,"Age_Years_":56},"geometry":{"type":"Point","coordinates":[79.86249866503388,6.90446688140236]}},{"type":"Feature","properties":{"ID":6162,"Elevation":7.484999564,"Name":"Mango Tree","Scientific":"Mangifera indica","Health":"Good","Height_m_":13.2,"Diameter_m":5.4,"Age_Years_":56},"geometry":{"type":"Point","coordinates":[79.86251709660819,6.904655094435851]}},{"type":"Feature","properties":{"ID":6163,"Elevation":7.454999884,"Name":"Jack Tree","Scientific":"Artocarpus heterophyllus","Health":"Good","Height_m_":14.5,"Diameter_m":5.5,"Age_Years_":56},"geometry":{"type":"Point","coordinates":[79.86253088443168,6.904768973470004]}},{"type":"Feature","properties":{"ID":6164,"Elevation":7.406999577,"Name":"Mango Tree","Scientific":"Mangifera indica","Health":"Good","Height_m_":0.0,"Diameter_m":5.5,"Age_Years_":56},"geometry":{"type":"Point","coordinates":[79.86250311796468,6.904560497298739]}},{"type":"Feature","properties":{"ID":6165,"Elevation":7.366999535,"Name":"Kohomba Tree","Scientific":"Azadirachta indica","Health":"Good","Height_m_":9.9,"Diameter_m":5.5,"Age_Years_":57},"geometry":{"type":"Point","coordinates":[79.86248783276174,6.905028790531856]}},{"type":"Feature","properties":{"ID":6166,"Elevation":7.369999836,"Name":"Mango Tree","Scientific":"Mangifera indica","Health":"Good","Height_m_":6.5,"Diameter_m":5.5,"Age_Years_":57},"geometry":{"type":"Point","coordinates":[79.86249593448298,6.904951431970979]}},{"type":"Feature","properties":{"ID":6167,"Elevation":6.810999873,"Name":"Kohomba Tree","Scientific":"Azadirachta indica","Health":"Good","Height_m_":13.3,"Diameter_m":5.5,"Age_Years_":57},"geometry":{"type":"Point","coordinates":[79.86133763262906,6.9007489874400845]}},{"type":"Feature","properties":{"ID":6168,"Elevation":6.942999768,"Name":"Jack Tree","Scientific":"Artocarpus heterophyllus","Health":"Good","Height_m_":7.7,"Diameter_m":5.5,"Age_Years_":57},"geometry":{"type":"Point","coordinates":[79.86124397493725,6.900552249903508]}},{"type":"Feature","properties":{"ID":6169,"Elevation":6.909999796,"Name":"Araliya Tree","Scientific":"Plumeria spp","Health":"Good","Height_m_":10.8,"Diameter_m":5.5,"Age_Years_":57},"geometry":{"type":"Point","coordinates":[79.86126786658492,6.900592038436764]}},{"type":"Feature","properties":{"ID":6170,"Elevation":6.949999753,"Name":"Mango Tree","Scientific":"Mangifera indica","Health":"Good","Height_m_":7.8,"Diameter_m":5.6,"Age_Years_":58},"geometry":{"type":"Point","coordinates":[79.86121012561028,6.900472627227834]}},{"type":"Feature","properties":{"ID":6171,"Elevation":6.960999421,"Name":"Na Tree","Scientific":"Mesua ferrea","Health":"Good","Height_m_":6.2,"Diameter_m":5.6,"Age_Years_":58},"geometry":{"type":"Point","coordinates":[79.86119341221314,6.900426460608993]}},{"type":"Feature","properties":{"ID":6172,"Elevation":6.930000241,"Name":"Na Tree","Scientific":"Mesua ferrea","Health":"Good","Height_m_":9.2,"Diameter_m":5.6,"Age_Years_":58},"geometry":{"type":"Point","coordinates":[79.8611721391656,6.90037531209278]}},{"type":"Feature","properties":{"ID":6173,"Elevation":6.951999581,"Name":"Na Tree","Scientific":"Mesua ferrea","Health":"Good","Height_m_":8.8,"Diameter_m":5.6,"Age_Years_":58},"geometry":{"type":"Point","coordinates":[79.86115551541195,6.900376687151565]}},{"type":"Feature","properties":{"ID":6174,"Elevation":6.991000096,"Name":"Jack Tree","Scientific":"Artocarpus heterophyllus","Health":"Good","Height_m_":14.1,"Diameter_m":5.6,"Age_Years_":58},"geometry":{"type":"Point","coordinates":[79.86108945254547,6.900194907518964]}},{"type":"Feature","properties":{"ID":6175,"Elevation":6.939000073,"Name":"Mango Tree","Scientific":"Mangifera indica","Health":"Good","Height_m_":12.7,"Diameter_m":5.6,"Age_Years_":59},"geometry":{"type":"Point","coordinates":[79.86110784188831,6.900235276853408]}},{"type":"Feature","properties":{"ID":6176,"Elevation":6.939999494,"Name":"Mango Tree","Scientific":"Mangifera indica","Health":"Good","Height_m_":10.4,"Diameter_m":5.7,"Age_Years_":59},"geometry":{"type":"Point","coordinates":[79.86112323692245,6.900265931950023]}},{"type":"Feature","properties":{"ID":6177,"Elevation":6.909999792,"Name":"Kottamba Tree","Scientific":"Terminalia catappa","Health":"Good","Height_m_":10.2,"Diameter_m":5.7,"Age_Years_":59},"geometry":{"type":"Point","coordinates":[79.86100149826622,6.900001312175258]}},{"type":"Feature","properties":{"ID":6178,"Elevation":7.236000002,"Name":"Mahogani Tree","Scientific":"Swietenia macrophylla","Health":"Good","Height_m_":16.9,"Diameter_m":5.7,"Age_Years_":59},"geometry":{"type":"Point","coordinates":[79.86112258630813,6.899747352310896]}},{"type":"Feature","properties":{"ID":6179,"Elevation":7.114000286,"Name":"Kottamba Tree","Scientific":"Terminalia catappa","Health":"Good","Height_m_":16.9,"Diameter_m":5.7,"Age_Years_":59},"geometry":{"type":"Point","coordinates":[79.86114521334027,6.899819000940185]}},{"type":"Feature","properties":{"ID":6180,"Elevation":7.286999614,"Name":"Kohomba Tree","Scientific":"Azadirachta indica","Health":"Good","Height_m_":15.9,"Diameter_m":5.7,"Age_Years_":60},"geometry":{"type":"Point","coordinates":[79.86121558638935,6.899999028336334]}},{"type":"Feature","properties":{"ID":6181,"Elevation":6.984000127,"Name":"Na Tree","Scientific":"Mesua ferrea","Health":"Good","Height_m_":13.8,"Diameter_m":5.7,"Age_Years_":60},"geometry":{"type":"Point","coordinates":[79.8612509914455,6.900140152873172]}},{"type":"Feature","properties":{"ID":6182,"Elevation":6.939999493,"Name":"Jack Tree","Scientific":"Artocarpus heterophyllus","Health":"Good","Height_m_":19.4,"Diameter_m":5.8,"Age_Years_":60},"geometry":{"type":"Point","coordinates":[79.86094251304763,6.899427557009947]}},{"type":"Feature","properties":{"ID":6183,"Elevation":7.031999535,"Name":"Na Tree","Scientific":"Mesua ferrea","Health":"Good","Height_m_":15.7,"Diameter_m":5.8,"Age_Years_":60},"geometry":{"type":"Point","coordinates":[79.86074360446705,6.899332611356595]}},{"type":"Feature","properties":{"ID":6184,"Elevation":7.11499971,"Name":"Jack Tree","Scientific":"Artocarpus heterophyllus","Health":"Good","Height_m_":13.3,"Diameter_m":5.8,"Age_Years_":60},"geometry":{"type":"Point","coordinates":[79.86062384380264,6.899093563647525]}},{"type":"Feature","properties":{"ID":6185,"Elevation":6.96300024,"Name":"Jack Tree","Scientific":"Artocarpus heterophyllus","Health":"Good","Height_m_":17.1,"Diameter_m":5.8,"Age_Years_":61},"geometry":{"type":"Point","coordinates":[79.86081185101139,6.899074691899246]}},{"type":"Feature","properties":{"ID":6186,"Elevation":7.242999966,"Name":"Jack Tree","Scientific":"Artocarpus heterophyllus","Health":"Good","Height_m_":0.0,"Diameter_m":5.8,"Age_Years_":61},"geometry":{"type":"Point","coordinates":[79.86061698925664,6.8986348597207945]}},{"type":"Feature","properties":{"ID":6187,"Elevation":7.22700019,"Name":"Palmyra Tree","Scientific":"Borassus flabellifer","Health":"Good","Height_m_":14.1,"Diameter_m":5.8,"Age_Years_":61},"geometry":{"type":"Point","coordinates":[79.8605931053742,6.898412170495647]}},{"type":"Feature","properties":{"ID":6188,"Elevation":7.267000108,"Name":"Mango Tree","Scientific":"Mangifera indica","Health":"Good","Height_m_":12.8,"Diameter_m":5.9,"Age_Years_":61},"geometry":{"type":"Point","coordinates":[79.86068542470028,6.8986317675415085]}},{"type":"Feature","properties":{"ID":6189,"Elevation":7.170999471,"Name":"Jack Tree","Scientific":"Artocarpus heterophyllus","Health":"Good","Height_m_":15.1,"Diameter_m":5.9,"Age_Years_":61},"geometry":{"type":"Point","coordinates":[79.8603498884347,6.898586153632843]}},{"type":"Feature","properties":{"ID":6190,"Elevation":7.204999811,"Name":"Na Tree","Scientific":"Mesua ferrea","Health":"Good","Height_m_":11.8,"Diameter_m":5.9,"Age_Years_":62},"geometry":{"type":"Point","coordinates":[79.86042425451448,6.898072391907935]}},{"type":"Feature","properties":{"ID":6191,"Elevation":7.102000183,"Name":"Na Tree","Scientific":"Mesua ferrea","Health":"Good","Height_m_":5.1,"Diameter_m":5.9,"Age_Years_":62},"geometry":{"type":"Point","coordinates":[79.86040378871924,6.898020291889886]}},{"type":"Feature","properties":{"ID":6192,"Elevation":1.004999313,"Name":"Kohomba Tree","Scientific":"Azadirachta indica","Health":"Good","Height_m_":20.2,"Diameter_m":5.9,"Age_Years_":62},"geometry":{"type":"Point","coordinates":[79.8601774745752,6.897953645860568]}}]}